chain,text,engagement,date,source
walmart,"Walmart in texas lol Images:
	https://preview.redd.it/6rf06zf7su0f1.jpeg?auto=webp&amp;s=c785e568b9644ca3e1166885e71beec15d1ffcde",8688,2025-05-15T02:01:53.000Z,reddit
walmart,I saw a sign in Georgia that said “No Sock or Tiddy Money”!,566,2025-05-15T02:20:26.000Z,reddit
walmart,Respect for using the double-d spelling variation.,177,2025-05-15T03:13:42.000Z,reddit
walmart,Same for Missouri. My local Dollar store has it on the counter.,58,2025-05-15T04:30:58.000Z,reddit
walmart,"“cuz come on, that’s nasty”",19,2025-05-16T01:35:13.000Z,reddit
walmart,I work in a grocery store and want to hang up this sign so badly,9,2025-05-18T01:07:41.000Z,reddit
walmart,"Worked cashier at Walmart for a bit.

More then once I had CSM (customer service representative)  handle boob, sock transactions because I refused to touch that shit.

Of course, ymmv, I had another job, one that scheduled and produced every certificate they needed to open every day. You all know the wall. The Wall with all the licenses and tax certs and health dept scores needed displayed 24x7.

Hate to see that delayed, or misplaced for a week or 2.

That gave me a bit of leverage, but, where was I?  Oh yea boob money, yea not in my line and managers not wanting to lose a week of buisness meant I didn't have to deal with idiots.",6,2025-05-19T14:41:15.000Z,reddit
walmart,Ane no licking your fingers before touching your bills that you hand to us!,199,2025-05-15T02:26:08.000Z,reddit
walmart,"I once watched a guy full on tongue out lick his debit card when it didn’t read in the chip reader, it was a nauseating experience",125,2025-05-15T02:31:33.000Z,reddit
walmart,But did it work?,12,2025-05-15T21:10:07.000Z,reddit
walmart,"Unfortunately yes, so that means he will continue to go around traumatizing poor cashiers with his card licking skills 😭",50,2025-05-15T21:12:07.000Z,reddit
walmart,Works 60 percent of the time......everytime.,6,2025-05-18T22:46:48.000Z,reddit
walmart,Never gets old like having to blow the cartridge,4,2025-05-17T02:13:58.000Z,reddit
walmart,I remember doing that to my Gameboy and DS games and it worked everytime.,1,2025-06-02T01:03:48.000Z,reddit
walmart,Never let them know your next move I guess because what the hell,4,2025-05-18T22:48:05.000Z,reddit
trader_joes,"Outkast Fans in the TJ Crew??? Images:
	https://preview.redd.it/6gyzgudm09pg1.jpeg?auto=webp&amp;s=8d02e62d5da4f46019798a41120fa927851cc9ad",8107,2026-03-15T18:02:03.000Z,reddit
trader_joes,"Posts that don't follow r/traderjoes subreddit rules may be subject to removal. 

**Friendly reminder: No vague or non-descriptive post titles, this includes questions.**


Choosing descriptive post titles with product names, descriptions and/or exact question mentioned is preferred as not everybody is able to view image captions, it also yields better subreddit search results and helps blind and visually impaired Redditors who use Screen Reader Software or Text-to-Speech apps. to access Reddit. Thank you.

IF THIS MESSAGE DOES NOT APPLY TO YOUR POST, PLEASE IGNORE.


*I am a bot, and this action was performed automatically. Please [contact the moderators of this subreddit](/message/compose/?to=/r/traderjoes) if you have any questions or concerns.*",1,2026-03-15T18:02:04.000Z,reddit
trader_joes,"omg this rules

I’m a crew member and I wish our art team was allowed to do creative stuff like this!",4,2026-04-09T04:39:13.000Z,reddit
trader_joes,LOL I actually just heard hey ya when I went to Trader Joe’s today.,1,2026-04-06T22:25:19.000Z,reddit
trader_joes,Worlds are colliding.,3,2026-04-04T10:18:26.000Z,reddit
trader_joes,Cool! Sadly we were told no more people on signs in our region,13,2026-03-19T02:18:49.000Z,reddit
trader_joes,"Yea, copyright issue",2,2026-04-03T17:28:43.000Z,reddit
trader_joes,Alright alright alright alright alright alright alright alright.,24,2026-03-18T22:31:32.000Z,reddit
trader_joes,Who made this? I think I just found my NEW BESTIE!,20,2026-03-17T06:34:38.000Z,reddit
trader_joes,Get your Polaroid out! 📷,21,2026-03-17T00:03:03.000Z,reddit
trader_joes,Shake. Shake. Shake it.,8,2026-03-18T07:08:59.000Z,reddit
trader_joes,Love it!!,12,2026-03-16T21:24:52.000Z,reddit
trader_joes,"I love it !

***ICE COLD !***

Alright, alright, alright, alright, alright, alright, now ladies!",65,2026-03-16T18:27:28.000Z,reddit
walmart,Don't do it! I came in on my regular day off to cover for an associate that called in. Thinking I was getting OT they took one of my regular scheduled days. That was the last time. Don't let them play you. Stick to the schedule unless you are getting extra hours. Please come to r/UnionWalmartSamsClub have a great day everyone.,7663,2025-05-05T14:15:24.000Z,reddit
walmart,They never ask anyone to leave early at my store. It's always a longer lunch break,821,2025-05-05T14:32:08.000Z,reddit
walmart,"That's because a longer lunch break doesn't show up as a show up as a discrepancy. Clocking in or out early/late does.

It covers up their ass with the bosses.",455,2025-05-05T14:55:47.000Z,reddit
walmart,"So that's why they hate me, makes sense. I absolutely refuse to kill time on lunch, I will always come in late or leave early. It doesn't matter how you spread it, 40 hours a week is 40 hours a week. Why would anyone kill time at work and not at home?",181,2025-05-05T16:57:13.000Z,reddit
walmart,"Some people enjoy the company of those they work with. Not on Reddit so much, but in the real world, it happens.

Being off at 6 and lingering until 10 or 20 after was not unheard of at previous jobs I’ve held. It only stopped because I work remotely now, so there’s no one to harass after hours. And also I’m already home.",54,2025-05-05T17:13:14.000Z,reddit
walmart,If I liked you enough we'd spend time outside of work. Why do I want to waste my time at work that could be better spent elsewhere? It has nothing to do with my coworkers,56,2025-05-05T21:36:18.000Z,reddit
walmart,I like some of them enough to bullshit with for an extra hour but not enough to make out of work commitments with,21,2025-05-06T00:37:38.000Z,reddit
walmart,"You need to find one of those places that you have a ""work"" bar like 200 ft out of the parking lot.

Makes such a great place to convince everyone that. Oh, we should leave early on Friday and have a group bonding exercise.",1,2025-05-09T20:30:43.000Z,reddit
walmart,Ease of access. The people someone might like are right there stuck with them.,3,2025-05-06T23:41:43.000Z,reddit
walmart,Nah that’s crazy talk. Seen them enough after 8 hours. No hanging around,18,2025-05-05T22:12:54.000Z,reddit
walmart,"I am an introvert and always hated those people who wanted to talk after work to the point they would follow you out to your car.  

(Not saying that’s what you did)",10,2025-05-05T23:58:26.000Z,reddit
walmart,Same. And they can’t read body language or take a damn hint I do NOT care to talk and wanna go home!!,9,2025-05-06T05:18:54.000Z,reddit
walmart,That is not introvert you just don't like them,1,2025-05-08T02:42:32.000Z,reddit
walmart,"By the end of a long day of work, my social energy meter was always on zero.",1,2025-05-08T03:01:55.000Z,reddit
walmart,"&gt;Some people enjoy the company of those they work with. Not on Reddit so much, but in the real world, it happens.


This I like the peeps I work with and love coming in at 1145. Shift starts at 1230",7,2025-05-05T19:49:54.000Z,reddit
walmart,"I understand why they do that but if you're a manager, you need to learn to take the hit. Have your associates leave early and you explain it, or actually pay overtime",122,2025-05-05T14:57:45.000Z,reddit
trader_joes,"Just another reason to love TJ’s. I’m a stay at home mom and I have a 3 month old, which means my baby runs all my chores with me. Ordinarily I wear her in her little carrier and she falls right to sleep like the little angel that she is. My last grocery run, this was not the case. I put her on and she didn’t immediately fall asleep but I figured she would eventually and went inside. She discovered her big girl voice in the produce section. I could not console her and started panicking because I didn’t want to be that person. A crew member came over to me (likely because of the stress on my face) and asked if my baby was hungry because she had a quiet, private place I could feed her. I always feed her right before errands so I knew she wasn’t hungry. I told this to the gal and thanked her anyway. She responded with, “Well, give me your grocery list. I’ll help you shop.” I darn near started crying because of this act of kindness. Tell me any other grocery store that would offer to do that. Their crew members are literally the salt of the earth. 

Also my baby stopped crying and fell asleep a few minutes later. 🙃",7810,2025-10-17T22:52:35.000Z,reddit
trader_joes,"Thank you for sharing! 

Please be sure to share your local experience with Trader Joe’s online here - https://www.traderjoes.com/home/contact-us/local-tjs-feedback

You can mention your store’s location there.

“Share an experience you had or ask a question about the store where you shop. We sincerely value your comments and read every message you send us. With 99% of our people out in the stores or traveling the world searching for amazing products, it may take some time for us to get back to you. Thank you for your patience.”",1,2025-10-17T23:25:04.000Z,reddit
trader_joes,I think Trader Joe’s is able to do this because all of the locations have a full crew on site,38,2025-10-23T16:45:45.000Z,reddit
trader_joes,They have a full crew it's because they treat their employees decently.,31,2025-10-29T20:21:17.000Z,reddit
trader_joes,"This warms my heart! I am so glad you had this good experience with your lil bubb, I have been there myself mama, so happy to hear helping hands and a big heart showed up for you both ♥️",19,2025-10-21T21:37:19.000Z,reddit
trader_joes,"Awh! I have tears in my eyes. Thank you for posting.  Its so easy to overlook the good things in life and only focus on the stressful ones.  This is wonderful, I'm so glad you found support where you weren't even looking@",15,2025-10-21T20:45:25.000Z,reddit
trader_joes,This cheered me up! And we need good stories like this,5,2025-10-22T17:24:15.000Z,reddit
trader_joes,I absolutely agree!! 😁,5,2025-10-22T19:22:25.000Z,reddit
trader_joes,TJs is the best! Kindest employees and good products. My late cousins wife works for them and they were amazing to her and her family as she dealt with his long cancer battle.,14,2025-10-21T00:21:20.000Z,reddit
trader_joes,Very nice work and good of you to tell us ♥️,8,2025-10-20T23:09:54.000Z,reddit
trader_joes,Big believer in take care of your employees and they take care of your business. This is the way!,17,2025-10-20T20:56:11.000Z,reddit
trader_joes,I’m in CO and I don’t even get grocery bags anymore 😂😭,-2,2025-10-20T22:07:49.000Z,reddit
trader_joes,meanwhile i cant even get someone to bag my groceries at a normal grocery store,10,2025-10-20T19:19:18.000Z,reddit
trader_joes,I recently saw a TJs employee helping a customer with visual impairment shop and it warmed my heart,20,2025-10-20T04:27:37.000Z,reddit
trader_joes,that is awesome,7,2025-10-20T05:56:09.000Z,reddit
trader_joes,One time I got way more stuff than anticipated (which of course happens fairly often) and I said I was so sorry but just needed to grab another bag and he could take the next person in line. He said “here you go!” and gave me a reusable bag no charge (we’re in NJ). It was just so nice. I’ve also had an employee offer to help me pick out flowers for a bouquet.,22,2025-10-20T01:46:48.000Z,reddit
walmart,"This guy really expected Walmart to ""Eat the tariffs""? Images:
	https://preview.redd.it/zuem30qzzc1f1.jpeg?auto=webp&amp;s=457b13b7e3305be5360562b1a8fcf569ace2d0d7",6834,2025-05-17T15:18:03.000Z,reddit
walmart,"Wait, I thought he said China was supposed to be footing the bill? Why does he expect Walmart, a US company, to eat the tariffs? 🤔🤔🤔

Edit: 4 days later and I'm still getting Republicans in my responses, so I'm adding their default replies so I can hopefully stop getting useless notifications.

1: ""REEEE Walmart made BILLIONS! With a B! I just learned about this letter yesterday! Why are you defending Walmart!""

1 response: I don't care if Walmart has to pay more taxes. If the goal was to make corporations pay more taxes, they should've just raised corporate taxes and I would've applauded the move. Instead, Trump tanked the economy by throwing massive tariffs at China while lying to the American people by claiming ""China will pay for it."" (Much like how he said Mexico would pay for the wall...) Now China isn't paying the tariff because that's not how tariffs work and he is using Walmart as a scapegoat. He wants the American public to blame Walmart for their higher grocery bill because Walmart makes a lot of money, when in reality it is Trump's fault because he tanked the economy with his tariffs. Also, retail profit margins are pretty slim. Nowhere near enough for Walmart to just absorb a 150% price increase and stay in business. I suppose with how many times Trump has files bankruptcy, it makes sense that he thinks retailers can just operate in the negative indefinitely.

2: ""UHHHH TRUMP NEVER SAID CHINA WOULD PAY!""

2 response: here is his [interview](https://x.com/ABC/status/1917318025168007247) on ABC where he said China would probably eat the tariffs. Here's an [article](https://www.nbcnews.com/politics/donald-trump/fact-check-trump-says-china-paying-his-tariffs-he-s-n1038751) from 2019 where he claimed the same thing would happen on his previous tariffs. It is VERY well documented the he told everyone China would pay the tariffs. He said that about everyone, hence why he wanted to tariff every country because ""we were getting a bad deal."" 

3: ""Trump is just trying to say Walmart should pay their fair share because they made so much money during Covid!"" (Or some other imaginary message inserted into Trump's post)

3 response: no, he is not. He wants a scapegoat, so he is blaming Walmart for increasing prices so people won't blame him for raising prices through tariffs. There is no hidden message, his post is incredibly clear. He wants Walmart to pay the tariff that he said China would pay because Walmart makes money. There is no hidden rationale to be read from the post.",1495,2025-05-17T15:32:37.000Z,reddit
walmart,Like mexico paying for the wall 🤣🤣,657,2025-05-17T16:17:35.000Z,reddit
walmart,Boomers love to forget about that,216,2025-05-17T18:18:57.000Z,reddit
walmart,"A lot of boomers voted for Harris, and a lot Gen Z men voted for Trump.",109,2025-05-17T20:50:21.000Z,reddit
walmart,"I know man, I know. It's just that, the demographic for Trump worshippers is seemingly mostly old people. At least, that's how it is in Oregon. You're right though, I've met people in all age ranges that have voted for a party you wouldn't expect",66,2025-05-17T20:58:53.000Z,reddit
walmart,"My grandmother, may she rest peacefully, repeatedly referred to Donald Trump as “the dumbest cocksucker to ever walk this planet.” She passed away just over six years ago now and was 95. 


Plenty of older people definitely support him but unfortunately his messaging did resonate with enough people and the Democratic Party has not done much these last three election cycles to really crush his messaging.",49,2025-05-18T00:27:41.000Z,reddit
walmart,your grandmother was a smart person 👍,16,2025-05-18T16:13:37.000Z,reddit
walmart,My dad (79) calls him “the orange turd”. 😂,13,2025-05-18T20:04:34.000Z,reddit
walmart,Shout out to your BASED ass pops. 🫡,7,2025-05-18T20:40:44.000Z,reddit
walmart,"Share this one with your dad: 🍊 💩 ler (unless it'll offend him, then don't. But it is step further on the same naming convention. 🤭)",2,2025-05-21T02:25:38.000Z,reddit
walmart,"&gt;My grandmother, may she rest peacefully, repeatedly referred to Donald Trump as “the dumbest cocksucker to ever walk this planet.

they didnt call them the greatest generation for nothing.

also 95 is too old to be boomers. These are people that remember the Great Depression and the Democrats under FDR were the ones to get us out and rebuild the economy and give us the social safety net that MAGA are ripping out while they drive us head first into a economic depression using tariffs just like they did before with the Smoot–Hawley Tariff last go around.",8,2025-05-18T08:44:58.000Z,reddit
walmart,"Holy shit, what a stunner of a name your grandmother came up with for him. I’ll be remembering and using that one from now on. She sounds like she was one kickass woman",8,2025-05-18T06:30:57.000Z,reddit
walmart,Absolutely NOT. Lots of 20’s people support Trump where I live. It’s not a boomer thing. Please stop insulting an entire generation of people as if they all believe the same thing. No generation has one belief.,47,2025-05-17T22:10:38.000Z,reddit
walmart,significantly more older people then young voted for trump,15,2025-05-18T05:46:24.000Z,reddit
walmart,Young people don't vote.,5,2025-05-18T11:56:02.000Z,reddit
walmart,"Why would people buy this? Images:
	https://preview.redd.it/uy3ne9qjhc4f1.png?auto=webp&amp;s=2daac1dcfa9674464c6bc6bf8b5356899c51f427",5691,2025-06-01T16:46:38.000Z,reddit
walmart,"A Walmart trucker that's been there his whole career? Lol 

People are weird and they'll be bought",1475,2025-06-01T16:52:34.000Z,reddit
walmart,Yeah truckers buy their kids and grandkids truck toys because they want them to think of them.,695,2025-06-01T17:08:14.000Z,reddit
walmart,"I went to a girlfriends place once in high-school and her dad showed me his truck collection. I have zero clue what that stuff is worth, but he seemed convinced he had around $200k worth of toy trucks. Mostly because many were rare or limited editions of specific companies. 

Seems crazy to me.",206,2025-06-01T19:03:52.000Z,reddit
walmart,"I'm no expert either but i could imagine some toy truck that's worth a grand. If he had 200 such trucks, Bob's your uncle.",121,2025-06-01T19:50:07.000Z,reddit
walmart,Damn if his gf’s dad is his uncle…,53,2025-06-01T20:14:53.000Z,reddit
walmart,Keeping it in the family,35,2025-06-01T21:46:56.000Z,reddit
walmart,[ Removed by Reddit ],3,2025-06-02T20:05:04.000Z,reddit
walmart,"Now there's a man who knows how to date his cousin. 

I tweaked it from Community but the message still sends.",5,2025-06-02T12:58:47.000Z,reddit
walmart,Such a good toast,2,2025-06-02T23:30:36.000Z,reddit
walmart,My collection of legos got me the down payment on my house some of my sets that were 5.99 went for over $100... To be fair legos beat the stock market on return,3,2025-06-02T11:14:00.000Z,reddit
trader_joes,South Park Cream Fraiche Display Saw this post on Facebook about Cream Fraiche being displayed at a local Trader Joe's store with Randy Marsh,6640,2025-08-25T21:26:11.000Z,reddit
trader_joes,"Posts that don't follow r/traderjoes subreddit rules may be subject to removal. 

**Friendly reminder: No vague or non-descriptive post titles, this includes questions.**


Choosing descriptive post titles with product names, descriptions and/or exact question mentioned is preferred as not everybody is able to view image captions, it also yields better subreddit search results and helps blind and visually impaired Redditors who use Screen Reader Software or Text-to-Speech apps. to access Reddit. Thank you.

IF THIS MESSAGE DOES NOT APPLY TO YOUR POST, PLEASE IGNORE.


*I am a bot, and this action was performed automatically. Please [contact the moderators of this subreddit](/message/compose/?to=/r/traderjoes) if you have any questions or concerns.*",1,2025-08-25T21:26:12.000Z,reddit
trader_joes,"As someone who hasn't seen the episode (or very much South Park in general), please enlighten me. ✨️",16,2025-08-27T10:40:17.000Z,reddit
trader_joes,Randy gets real into fancy cooking and adds crème fraîche to everything. He also says it in a very affected way which makes the bit funnier. Worth watching the episode.,48,2025-08-27T17:27:45.000Z,reddit
walmart,"This is insane Images:
	https://preview.redd.it/klbpckpikvdf1.jpeg?auto=webp&amp;s=01a3acd7c40faef26689f394c8acfa40bb47a87a",5688,2025-07-19T18:34:23.000Z,reddit
walmart,Cream freesh! My boyfriend refuses to pronounce it any other way lol,14,2025-08-27T17:38:33.000Z,reddit
walmart,"it's the start of shrimp season, and they've doubled it. doesn't send a good message of the upcoming season. It's still $3-5/lb on the docks, though.",588,2025-07-19T19:08:40.000Z,reddit
walmart,Please savor every drop of his crème fraîche.,2,2025-09-25T03:15:04.000Z,reddit
walmart,"You don’t have to buy it if you think the price is too high. If there ends up not being enough people willing to dish out at the higher price, it will force the price back down in time. Markets worked this way long before any corporations existed. It’s the natural ebb and flow of supply and demand.",44,2025-07-20T08:04:04.000Z,reddit
walmart,He shouldn’t,1,2025-08-31T23:19:29.000Z,reddit
walmart,"That's utter bollocks. The idea that the market is ""free"" is an illusion when the regular person doesn't have the same access to the market, forced to buy through supermarkets.",67,2025-07-20T09:21:47.000Z,reddit
walmart,This is the only thing I think of when I see crème fraiche,43,2025-08-27T00:22:42.000Z,reddit
trader_joes,"My Trader Joe’s has their crew pets posted on a board 🥹 Images:
	https://preview.redd.it/4jmtuzwvzmkf1.jpeg?auto=webp&amp;s=71a5e65d42971eef69cae1064eaafd1e4095e371",6316,2025-08-22T21:13:24.000Z,reddit
trader_joes,This is actually so funnny,47,2025-08-26T16:39:42.000Z,reddit
trader_joes,awww that is amazing,1,2026-02-17T00:48:12.000Z,reddit
trader_joes,"Read “Money, Markets, and Morals” by Michael Sandel. It covers this topic nicely.",8,2025-07-21T04:57:55.000Z,reddit
trader_joes,Cute but why so few pit bulls? That is concerning.,1,2025-08-31T21:26:51.000Z,reddit
trader_joes,"Do you mean “What Money Can’t Buy: The Moral Limits of Markets”?
“Money, Markets, and Morals” is a Harvard EdX course he teaches (which I should take).",2,2025-07-23T17:05:55.000Z,reddit
trader_joes,"I mean, this is less than 40 people at one store. By that logic you could argue why so few German shepherds",5,2025-09-01T20:21:10.000Z,reddit
trader_joes,And all the ingredients that are grown here in the United States are forced on to the farmers as GMO seeds. They can’t even buy the seeds they want. They have to plant with the government tells them to.,4,2025-07-20T23:50:58.000Z,reddit
trader_joes,Tegridy Farms,45,2025-08-26T16:09:50.000Z,reddit
trader_joes,"True, but German shepherds aren’t as good of dogs as pit bulls.",-1,2025-09-02T20:08:49.000Z,reddit
trader_joes,They’re not even allowed to harvest the seed and keep it for next year to plant they make them buy new seed every year,3,2025-07-20T23:51:27.000Z,reddit
trader_joes,That's clearly Lonny Laloush,6,2025-08-26T15:45:55.000Z,reddit
trader_joes,you're genuinely an unhinged person lol,1,2025-12-09T08:24:53.000Z,reddit
trader_joes,"I cooked, you clean!",36,2025-08-26T05:51:55.000Z,reddit
trader_joes,Hahahahah wrong,3,2025-09-02T20:35:06.000Z,reddit
trader_joes,Also when corporations essentially collude to keep prices high.,3,2025-07-21T01:59:15.000Z,reddit
trader_joes,I think of this reference any time I see crème fraîche,100,2025-08-26T05:07:13.000Z,reddit
trader_joes,Hahahaha right,0,2025-09-02T20:47:53.000Z,reddit
trader_joes,Let me go run to the Lake Michigan market for some shrimp 🤣🤣🤣 you know how nasty that lake is?!?!,5,2025-07-20T12:50:43.000Z,reddit
trader_joes,Every time I buy this from Trader Joe’s I say it in Randy’s voice too 😂,7,2025-08-26T21:09:09.000Z,reddit
trader_joes,you’re actually wrong and wildly ignorant,3,2025-09-02T21:11:31.000Z,reddit
trader_joes,I hear crème fraîche in Randy's voice lol,38,2025-08-26T06:55:31.000Z,reddit
trader_joes,The feeling is mutual 😘,0,2025-09-02T21:31:26.000Z,reddit
trader_joes,I don't think pollutants are the issue with Lake Michigan shrimp.,3,2025-07-20T23:17:35.000Z,reddit
trader_joes,this is a 11 day old comment but i just want to say that pit bulls fucking suck,6,2025-09-13T09:35:30.000Z,reddit
trader_joes,The point is you're not forced to buy anything. Shrimp is not a need.,6,2025-07-20T11:45:57.000Z,reddit
trader_joes,"""Food is not a need"" yeah okay buddy",10,2025-07-20T15:48:24.000Z,reddit
trader_joes,hello Allegra,6,2025-08-26T05:18:49.000Z,reddit
trader_joes,"Boy, howdy is Cupcake ever Done. With. All. Of this.",10,2025-08-26T05:34:15.000Z,reddit
trader_joes,Do you allow pets in the store?,-3,2025-08-25T22:14:57.000Z,reddit
trader_joes,"Most Trader Joe’s don’t allow Pets of any kind. But service animals are required to be accepted by law. I can see how having this wall of beautiful fur babies could mix that signal though. 
No need to be rude. If OP is too insecure to say they don’t know, say nothing. “Go touch Grass and stay away from my dog.”",5,2025-08-25T23:06:58.000Z,reddit
trader_joes,"Now I could see if you weee talking grains and talking food , but saying the cockroach of the sea is food item ,  yeah",7,2025-07-20T21:12:42.000Z,reddit
trader_joes,You can only eat shrimp and you're allergic to everything else?,4,2025-07-20T22:19:31.000Z,reddit
trader_joes,"My mother is dead, and I am a curious person. I hope your life gets better.",0,2025-08-25T22:35:07.000Z,reddit
walmart,"A picture is worth more than a million words Images:
	https://preview.redd.it/i31zht1a4jze1.jpeg?auto=webp&amp;s=f7027b4313f7248b152717ac21858602749fdb98",5314,2025-05-08T09:44:03.000Z,reddit
walmart,"Yep, and with how they are trying to push people faster and faster, we are all going to be like that",573,2025-05-08T09:55:59.000Z,reddit
walmart,"She doesn’t look happy, Look at her face.",192,2025-05-08T17:58:16.000Z,reddit
walmart,I like how they had to be in her celebration picture .. like it's about them,135,2025-05-08T20:45:14.000Z,reddit
walmart,I mean they let her work for 10 years. They the real mvps xD,62,2025-05-08T23:48:44.000Z,reddit
walmart,I doubt either of them where there when she started,23,2025-05-09T19:53:16.000Z,reddit
walmart,That one on the left was but the one on the right was still in middle school,8,2025-05-09T23:58:48.000Z,reddit
walmart,I worked with them both around 9 or 10 years ago. The guy is chill but the woman to the left is a hag. Also pretty sure she was in trouble for embezzlement but it's been a while so I don't quite remember.,5,2025-05-10T10:48:32.000Z,reddit
walmart,"Nope. That's why Chuck is smiling so hard. He's only been there 15 months and been promoted twice. He'll keep getting a nice, substantial pay bump with each promotion, while here pay won't even keep up with inflation.",2,2025-05-10T12:57:55.000Z,reddit
walmart,It's nothing if not performative.,9,2025-05-09T19:54:16.000Z,reddit
walmart,If narcissism was a company,6,2025-05-09T23:04:36.000Z,reddit
walmart,I bet she didn't want a picture taken and be posted on the internet.,9,2025-05-09T20:51:38.000Z,reddit
walmart,She got a $2 shitty cake,27,2025-05-09T01:56:28.000Z,reddit
walmart,They just let her hold it for the picture.,18,2025-05-09T19:52:53.000Z,reddit
walmart,She didn’t even get the 9x13 one,6,2025-05-10T00:49:28.000Z,reddit
walmart,They probably made her pay for the cake!,9,2025-05-09T20:15:57.000Z,reddit
trader_joes,"Sometimes you just need to buy yourself a Trader Joe’s pumpkin spice mini sheet cake and eat it in the car. I regret nothing. Images:
	https://preview.redd.it/dscnilg1fymf1.jpeg?auto=webp&amp;s=e77c0db6cf8905010d1edbb6e546f98d22a3295c",5231,2025-09-03T13:46:10.000Z,reddit
trader_joes,From far away without any context I thought you were scraping off a cabin air filter!,1,2025-11-18T05:17:43.000Z,reddit
trader_joes,Don’t tempt me stink😩😅,2,2025-09-30T01:21:20.000Z,reddit
trader_joes,The carrot one was soooo insanely good,3,2025-09-29T21:40:25.000Z,reddit
trader_joes,One of those days for sure 🥺,1,2025-09-22T18:53:05.000Z,reddit
trader_joes,Ok went to TJ's today and ran into someone also looking for this - and they said they sell out before lunch.  So now gotta get there in the morning.  Hope no one is out camping out waiting in line.....,5,2025-09-15T05:23:58.000Z,reddit
trader_joes,Homemade guava cheese poptarts with guava fruit spread! Thumbnail: https://b.thumbs.redditmedia.com/UgewltFES6QJtwXDJ7Bz2OeILYo-XjY2WcwCo2wNh6M.jpg,5570,2025-06-09T00:37:51.000Z,reddit
trader_joes,"Posts that don't follow r/traderjoes subreddit rules may be subject to removal. 

**Friendly reminder: No vague or non-descriptive post titles, this includes questions.**


Choosing descriptive post titles with product names, descriptions and/or exact question mentioned is preferred as not everybody is able to view image captions, it also yields better subreddit search results and helps blind and visually impaired Redditors who use Screen Reader Software or Text-to-Speech apps. to access Reddit. Thank you.

IF THIS MESSAGE DOES NOT APPLY TO YOUR POST, PLEASE IGNORE.


*I am a bot, and this action was performed automatically. Please [contact the moderators of this subreddit](/message/compose/?to=/r/traderjoes) if you have any questions or concerns.*",1,2025-06-09T00:37:52.000Z,reddit
walmart,"Truth ... Images:
	https://preview.redd.it/y7869wlh5i9f1.jpeg?auto=webp&amp;s=5e8cae82d85dacbbc29da456dd7860c771e206bc",4296,2025-06-27T17:10:23.000Z,reddit
walmart,What is the season for the carrot cake?,1,2025-09-27T00:35:31.000Z,reddit
walmart,"Saw this on Facebook and it made me chuckle. Figured I'd post it here. Images:
	https://preview.redd.it/syzs0eeznfjf1.jpeg?auto=webp&amp;s=0df22e34c429ca69290951ea5d93e5a593c4fbe6",4540,2025-08-16T19:30:11.000Z,reddit
walmart,This looks AMAZING,6,2025-07-05T09:14:06.000Z,reddit
walmart,Is there now! Just got one Sunday,2,2025-09-29T21:40:52.000Z,reddit
walmart,I always responded with “do you pump your own gas?” And they went dead silent. Every single time.,446,2025-08-17T02:08:57.000Z,reddit
walmart,Can you please elaborate on the exact ingredients you used so we can also make it?what kind of cheese is this? What kind of dough is this? Can I use it at trader joes? How long do I took it for and at what temperature?,5,2025-06-28T13:25:28.000Z,reddit
walmart,"It used to be that you didn't need to sign into your app to do the AES surveys. I know know it's suppose to be confidential, but I don't completely trust that on a survey done on your phone under your login.",275,2025-06-27T17:16:48.000Z,reddit
walmart,https://www.reddit.com/r/traderjoes/s/eFD66TMLEA,1,2025-06-28T14:06:55.000Z,reddit
walmart,"I bought one today. Proud to say I cut it into six slices. Could I eat it in a sitting, heck yes.",10,2025-09-08T01:40:11.000Z,reddit
walmart,"They changed this so we can see your department.  When the AES asks you about your supervisor, it's not talking about management. For associates, it's aiming at your lead. For leads, it's aiming at their direct manager, etc.",121,2025-06-27T17:32:26.000Z,reddit
walmart,NJ RESIDENTS ARE SHAKING RN,221,2025-08-17T03:03:54.000Z,reddit
walmart,"I did a couple years of starting with ""Hello SM's name"" and just go off about each thing the coaches I was dealing with would do wrong. I would try and find good things to add, But that was the hard part. The bad just flows out better when its so fucking abundant.

Ended my last one with ""Your store is a Joke and I ain't laughing""

I don't type out anything in those now. I just make a ""**=(**""  and that it",79,2025-06-27T17:54:35.000Z,reddit
walmart,😭😭😭 there is deff shame after lol,4,2025-09-07T23:43:56.000Z,reddit
walmart,Thank you!!!,1,2025-06-28T14:08:43.000Z,reddit
walmart,That was the part I hated about jersey the most.,80,2025-08-17T03:31:28.000Z,reddit
walmart,"Where are these kept in the store? i've never seen anything like it. 



eta: are they by the breads? or kept cold",1,2025-09-07T23:32:07.000Z,reddit
walmart,Recipe/instruction,11,2025-06-16T22:16:36.000Z,reddit
walmart,"See it should ask about your coach also since my TL does their best to support us, but our Coach rather just stay in the office all day or spend time with their significant other",29,2025-06-27T19:08:31.000Z,reddit
walmart,That’s why I never visited Oregon. I’m pumping my own gas.,5,2025-08-17T23:20:16.000Z,reddit
walmart,Usually always near the breads! Which are usually near the baked/dry desserts,2,2025-09-10T01:04:59.000Z,reddit
walmart,Ermagerd. I still have a box of frozen puff pastry in the freezer that I bought late last year. I've gotta try this.,2,2025-06-16T21:46:59.000Z,reddit
walmart,"Keeping in mind that the ""most agree/least agree"" quiz is direct supervisor, the comment box is for whatever you want to say.  You can include names.

Stuff like ""Mark does the best he possibly can to support our department, but he is not given any support from Chase who spends all of his time in the office.""

I promise you, your CM is going to read every one of these.",32,2025-06-27T19:40:24.000Z,reddit
walmart,They’re usually right next to breads in my tj’s! Usually next to the brownies and other small desserts :),1,2025-09-08T07:45:52.000Z,reddit
walmart,Thats a thing? Ive definitely pumped my own gas in Oregon,6,2025-08-18T03:37:22.000Z,reddit
walmart,Are the puff pastries back at TJs? I thought they were seasonal?!,1,2025-06-12T06:10:06.000Z,reddit
walmart,"I wanted to buy this the other day and decided not to, and now I regret not buying it 😭",3,2025-09-07T19:40:08.000Z,reddit
walmart,"It only became legal to pump your own gas August of 2023, in 16 more populated counties, they still have to have attended service, with no more than 50% of the pumps designated for self service. 20 rural counties, gas stations can offer self service 24/7, at ALL pumps.",9,2025-08-18T03:42:03.000Z,reddit
walmart,Yeah they had to make it require LOG IN because managers would go in afterwards and fill out the survey over over to boost scores. Blame them.,22,2025-06-27T18:04:25.000Z,reddit
walmart,"I was last there in April of 23, maybe I just happened to stop at a place that didn't care",2,2025-08-18T03:44:46.000Z,reddit
walmart,"I haven't eaten it in the car, but I like that cake very much.",1,2025-09-07T17:14:43.000Z,reddit
walmart,It’s homemade pie crust,11,2025-06-12T06:11:41.000Z,reddit
walmart,The way it was explained to me is that the survey is linked to your name but no one will look at that except at corporate and they will only look if the answers contain threats of some kind.  Otherwise corporate sees it by site and department and they don't look at or see individual results or share individual results with anyone.,4,2025-06-27T19:16:43.000Z,reddit
walmart,"Out of state visitors have always been exempt, they probably just saw your _non-Oregonian_ license plate and was like ""oh, alright"".",1,2025-08-19T05:45:40.000Z,reddit
walmart,Oh my gosh that looks fantastic!,3,2025-06-12T02:32:33.000Z,reddit
walmart,"Jersey (along with Staten Island) is “conservative NYC”… at least before all the boomer retirees moved to Florida.

It’s where all NYC’s assholes come from, I swear. Hahaha

I know there will be plenty of people that will say I’m wrong, but I swear up and down that it’s true. lol",4,2025-08-18T16:13:19.000Z,reddit
walmart,This reminds me of Porto’s guava cheese rolls (LA natives know what I mean lol),14,2025-06-11T18:52:40.000Z,reddit
walmart,A member of AP said something verbatim back to me I put in the survey . Zero chance that survey is anonymous lol .,2,2025-07-09T16:22:37.000Z,reddit
walmart,New Jersey must not have been that bad if that's what you hated the most about it. Pumping gas is one of the easiest things to do.,19,2025-08-17T12:56:35.000Z,reddit
walmart,Da bomb,1,2025-06-30T01:23:48.000Z,reddit
walmart,"yes which is why i imagine its annoying to be legally prohibited from doing so yourself within the state, and having to wait for the attendant to perform such a trivial task",41,2025-08-17T13:07:05.000Z,reddit
walmart,Best day in the teachers lounge is when a parent brings in Porto’s as a treat!,4,2025-06-12T04:52:36.000Z,reddit
walmart,Had one break half the fuel door off my car and didn't tell me. Didn't notice until I went to pump gas in Connecticut.  🤬,4,2025-08-18T15:59:24.000Z,reddit
walmart,"Not putting Walmart on my phone was probably my best move. I like drinking vodka coolers and smoking cigs while seated in the parking lot during my break. They tell you the sky is the limit, but I just see it all as an hour-counter. Maybe I'll earn enough to afford to eat properly.",1,2025-07-04T01:44:47.000Z,reddit
walmart,They look so yummy,3,2025-06-11T08:54:47.000Z,reddit
walmart,This is common in Cuba &amp; Puerto Rico. They call them  “”pastelitos de guayaba “  ( plain guava  or guava  &amp; cream cheese with puff pastry ),8,2025-06-11T07:03:15.000Z,reddit
walmart,"same here. had the dude slam the nozzle into my gas port, and he actually did it hard enough to crack the plastic around the ez-fill port. threw a check engine light I was chasing for months. I don't care if its ""against the law"" im pumping my own gas.",1,2025-08-18T17:49:50.000Z,reddit
walmart,Haha I remember when I was in New Jersey and wasn’t aware of this law. I was pumping my own gas and was wondering why everyone was looking at me weird.,1,2025-08-18T13:00:06.000Z,reddit
walmart,"I never hide what i say anyways, everyone knows what im pissed about, I have never lied on a survey and i won't, could care less.",55,2025-06-27T17:54:44.000Z,reddit
walmart,Irs a job at least,4,2025-08-17T15:54:25.000Z,reddit
walmart,fr man. if it’s bad management it’s bad management 🤷‍♀️,12,2025-06-28T02:10:34.000Z,reddit
walmart,"As a manager that has looked at the report every year for the last decade... it is anonymous unless you are stupid.

  
We can see the department you are in and what you said.  That is all.

If you are stupid enough to mention a specific event that common sense would tie you to, then we will know who you are.

Complain all you want, but when you throw in a ""one time 'manager x' told me to do 'x' when they saw me doing 'y'"" you will be known.",117,2025-06-27T17:31:23.000Z,reddit
walmart,Shit I signed the damn thing some years. Fuck it.,54,2025-06-27T18:00:36.000Z,reddit
walmart,this guy..,8,2025-06-27T21:44:39.000Z,reddit
trader_joes,"You may forget, but Trader Joe's remembers As I was walking through my local store this evening, a crew member stopped and said ""You forgot a pita bread on the counter the last time. [Me, thinking ... I remember missing something ... weeks ago?] Just take another one, don't pay,  and tell them &lt;hername&gt; said it's okay.""

This is not the first time I've had a crew member recognize me after weeks, even months, to fix some problem. 

They are *so awesome*!",4700,2025-11-13T07:46:14.000Z,reddit
trader_joes,"Posts that don't follow r/traderjoes subreddit rules may be subject to removal. 

**Friendly reminder: No vague or non-descriptive post titles, this includes questions.**


Choosing descriptive post titles with product names, descriptions and/or exact question mentioned is preferred as not everybody is able to view image captions, it also yields better subreddit search results and helps blind and visually impaired Redditors who use Screen Reader Software or Text-to-Speech apps. to access Reddit. Thank you.

IF THIS MESSAGE DOES NOT APPLY TO YOUR POST, PLEASE IGNORE.


*I am a bot, and this action was performed automatically. Please [contact the moderators of this subreddit](/message/compose/?to=/r/traderjoes) if you have any questions or concerns.*",1,2025-11-13T07:46:15.000Z,reddit
trader_joes,"I kid you not, I truly considered leaving my shiny high paying job for employment at TJ! When I was coming out of a very deep depression, my dream job was working at Trader Joe’s because the people at my local one are the nicest and just seem so wholesome. Always willing to help, chatting with you about your day, helping the houseless man outside, very nice to my kids… There were no openings back then and that was that!",4,2025-12-12T17:53:08.000Z,reddit
trader_joes,"I hope you are doing better now. 

When I lived in Silicon Valley, my local Trader Joe's employed at least one rich retired person, who was there for the vibes. Makes complete sense.",3,2025-12-12T22:34:38.000Z,reddit
trader_joes,lol - they see a customer left something - then check the cameras - print out a photo - put it on the bulletin board like the old days with the bounced checks.  BOLO’s Tj style - not creepy at all right just good ole customer service,4,2025-12-08T23:20:29.000Z,reddit
trader_joes,I love it but I can never sneak through there on a bad day when I’m so shut down.,18,2025-11-22T17:24:17.000Z,reddit
trader_joes,"look for the cashiers that look ""so done"", well get you out fast",5,2025-12-12T22:40:04.000Z,reddit
trader_joes,"A couple of years ago, I went to Trader Joe’s a couple weeks after giving birth to my daughter. I had mentioned to the cashier that it was the first outing on my own with my daughter since giving birth. The cashier rang a bell and whispered something to another employee who then grabbed a small bouquet and gifted it to me. It was the sweetest gesture and something I’ll never forget!",55,2025-11-17T03:17:41.000Z,reddit
trader_joes,"Wow!  And that’s how you make a customer for life.

 Congratulations ❤️",1,2025-12-05T07:25:57.000Z,reddit
trader_joes,They did the same thing for me after my first born!,10,2025-11-18T00:51:34.000Z,reddit
trader_joes,Once I had just gotten a new debit card and it was all I had with me... Well for some reason it wasn't working. I also had a newer phone that I hadn't added my other cards to yet. They were fully willing to let me leave without paying. They encouraged it! I refused and stepped aside to wait while I had my son bring me my wallet so I could pay with another card. I thought that was a really generous thing to do. I'll never forget it.,24,2025-11-16T16:23:06.000Z,reddit
trader_joes,Trader Joe’s: checking your fridge when you’re at work.,18,2025-11-16T14:23:14.000Z,reddit
trader_joes,If only the same could be said of corporate.,17,2025-11-16T01:49:44.000Z,reddit
trader_joes,"Corporate allows the employees to give bouquets of flowers at the store’s discretion for free on a case by case basis. Additionally, if you left something at the store and you paid for it, it’s no issue for you to get it at your next visit.",2,2025-12-08T12:59:45.000Z,reddit
walmart,90’s Walmart 👌 Thumbnail: https://b.thumbs.redditmedia.com/yccWo33DkdBUPPs_NdO6ZgIN0EPpwssmqyfxpRBhNqY.jpg,4031,2025-06-12T04:17:39.000Z,reddit
walmart,"It’s getting serious over here New store manager sucks ass, first day he started working we had to stop wearing an earbud. Nobody’s really taking to that rule tho, so here we are. Made me laugh, but it was sadly removed after a couple hours",4000,2025-07-28T02:44:07.000Z,reddit
trader_joes,"Another example of why you should check your receipt 🤣 FWIW I had bought 4 peppers, we all had a good laugh when I noticed at least!",4638,2025-05-06T22:58:04.000Z,reddit
trader_joes,Planted a small Trader Joe’s basil plant I bought a small fresh basil plant and put it in a pot once it got warm out and I can’t believe how much it’s grown!,4615,2025-07-20T00:49:24.000Z,reddit
trader_joes,I miss the smiley face guy all over the store signage :(,140,2025-06-12T04:55:14.000Z,reddit
trader_joes,"Posts that don't follow r/traderjoes subreddit rules may be subject to removal. 

**Friendly reminder: No vague or non-descriptive post titles, this includes questions.**


Choosing descriptive post titles with product names, descriptions and/or exact question mentioned is preferred as not everybody is able to view image captions, it also yields better subreddit search results and helps blind and visually impaired Redditors who use Screen Reader Software or Text-to-Speech apps. to access Reddit. Thank you.

IF THIS MESSAGE DOES NOT APPLY TO YOUR POST, PLEASE IGNORE.


*I am a bot, and this action was performed automatically. Please [contact the moderators of this subreddit](/message/compose/?to=/r/traderjoes) if you have any questions or concerns.*",1,2025-05-06T22:58:06.000Z,reddit
trader_joes,"Posts that don't follow r/traderjoes subreddit rules may be subject to removal. 

**Friendly reminder: No vague or non-descriptive post titles, this includes questions.**


Choosing descriptive post titles with product names, descriptions and/or exact question mentioned is preferred as not everybody is able to view image captions, it also yields better subreddit search results and helps blind and visually impaired Redditors who use Screen Reader Software or Text-to-Speech apps. to access Reddit. Thank you.

IF THIS MESSAGE DOES NOT APPLY TO YOUR POST, PLEASE IGNORE.


*I am a bot, and this action was performed automatically. Please [contact the moderators of this subreddit](/message/compose/?to=/r/traderjoes) if you have any questions or concerns.*",1,2025-07-20T00:49:24.000Z,reddit
trader_joes,And the smiley face stickers,44,2025-06-12T18:40:05.000Z,reddit
trader_joes,Fresh basil is the BEST,4,2025-08-19T20:05:24.000Z,reddit
trader_joes,"I once typed the zeros in even though our pos did it automatically. Charged a client $10,300 instead of $103. The charge went through and I had to call her and tell her what I’d done 😭",32,2025-05-11T19:03:38.000Z,reddit
trader_joes,We still have those in my store,16,2025-06-12T19:16:30.000Z,reddit
trader_joes,The herb 🪴’s are good? I see the ones at the nurseries and they look like the orchids at costco.,3,2025-08-19T06:02:28.000Z,reddit
trader_joes,"\&gt; $10,300   
\&gt; The charge went through

God that must be nice.",16,2025-06-03T07:36:17.000Z,reddit
trader_joes,Right???,5,2025-06-04T16:30:31.000Z,reddit
trader_joes,"They execute you guys with a gun? Totally unfair, we only have the electric chair at our store.",1194,2025-07-28T03:12:58.000Z,reddit
trader_joes,Exactly bring back the smiley face mascot,9,2025-06-13T01:26:27.000Z,reddit
trader_joes,"You'll get even more if you separate the plants from the original container a little bit, I usually break it into 8 chunks of seedlings and give them a little more space to grow",1,2025-08-16T05:52:04.000Z,reddit
trader_joes,"this happened to me once, but when i was buying the butter chicken",8,2025-05-10T15:55:16.000Z,reddit
trader_joes,And those big bags of popcorn my mom used to get for my sister and me when we went grocery shopping.,5,2025-06-14T01:39:58.000Z,reddit
trader_joes,"Well, that's shocking",465,2025-07-28T03:15:51.000Z,reddit
trader_joes,"This is an inspirational post!!  I bought my TJ's basil about a month and a half ago.  Pinched off new growth and it's been holding strong, despite my using it regularly in cooking.  It greened up more, but the pot was quite full when I bought it.  It didn't even cross my mind to repot it, but this makes me think I should.  It is really overgrown in the pot, and I'm watering it daily &amp; can't keep up.  Only problem with repotting is I'd have to move it off my island.  But looking fantastic there!!  And I will add mine is one of the best tasting basil's I've ever had, in addition to being great value sized.",6,2025-08-13T02:07:45.000Z,reddit
trader_joes,"Not sure I'd need to check the receipt to know my 8 items shouldn't have been $3000. That error would jump out immediately before purchasing. 

Had the same thing happen at a hardware store. Bought a few various pieces of lumber and they rang up several thousand 2x4s at checkout. I didn't need to double check the receipt to notice the $15,000 mistake.",11,2025-05-10T13:00:59.000Z,reddit
trader_joes,Some of the ones up in B.C. still have it!,2,2025-06-14T01:45:38.000Z,reddit
trader_joes,r/angryupvote,113,2025-07-28T04:23:17.000Z,reddit
trader_joes,You are a basil god it seems!,6,2025-08-10T18:47:11.000Z,reddit
trader_joes,"This happened to me once at ikea and I almost got charged like $2,000 for a bag of candy. I couldn’t stop laughing.",24,2025-05-09T03:01:49.000Z,reddit
trader_joes,"I miss the smiley face guy too. With how much of a huge fanbase the smiley face guy has, I am surprised that Walmart hasn't brought him back in recent years.",2,2025-06-16T12:31:48.000Z,reddit
trader_joes,"I've been growing and using my TJ basil plant for over a year now. It's on my kitchen counter, because it gets too hot here to have it outside much. I think I'm ready for a new one this week, as it's gotten pretty woody and it's no longer keeping up with my consumption. 

Best basil I've had in so long. Very strong and fragrant.",14,2025-07-24T12:47:42.000Z,reddit
trader_joes,I'm completely electrified by you're statement.,71,2025-07-28T05:24:34.000Z,reddit
trader_joes,How do you successfully grow one indoors like that?,3,2025-07-26T22:59:59.000Z,reddit
trader_joes,It’s currently the top post.,27,2025-07-28T05:43:31.000Z,reddit
trader_joes,that’s a lotta fajita,15,2025-05-08T23:57:22.000Z,reddit
trader_joes,Both the coke machine and Pepsi machine are the ancient logos lmao,32,2025-06-12T04:30:08.000Z,reddit
trader_joes,"I made this mistake when working as a cashier many years ago. I entered the plu for the next item when I was supposed to enter the quantity. To make it worse, it was an organic item so the plu was five digits, starting with a 9. In my case, the entire register crashed and had to be rebooted.",30,2025-05-08T23:01:56.000Z,reddit
trader_joes,Still is,2,2025-07-29T01:02:11.000Z,reddit
trader_joes,"I keep it next to my kitchen sink, near a sunny window. It has done better there than when I've put it outside.",5,2025-07-27T02:32:06.000Z,reddit
trader_joes,I have not been able to get them to grow inside. I’m going to buy a TJ one.,1,2025-08-16T17:15:55.000Z,reddit
trader_joes,I’m pretty sure I was severely electrocuted because these high-voltage puns have me deader than an iPhone battery after 10 years,2,2025-07-29T01:39:31.000Z,reddit
trader_joes,That definitely looks like what happened here!! Looks like they entered the PLU instead of quantity!!,1,2025-05-11T16:32:27.000Z,reddit
trader_joes,"Could be late 90s, maybe early 00s the Sams cola checks out.

Edit. Haven't seen news paper dispensers like that outside a Walmart in a LONG time.",4,2025-06-12T09:45:19.000Z,reddit
trader_joes,I ate them faster than they grew...,5,2025-07-24T09:02:31.000Z,reddit
trader_joes,"That’s wild. I definitely know what you’re talking about with the plu’s, did that myself a few times thankfully ours required an override for a high quantity so could just cancel it easy and wouldn’t accidentally go through",2,2025-05-09T19:03:20.000Z,reddit
trader_joes,"Costs too much for bullets and walmart is cheap af, they just make u work without water in carts all day until u keel over, replacing u. Rinse n repeat",53,2025-07-28T04:43:00.000Z,reddit
trader_joes,Wow. Nice signage compared to today’s penitentiary signage.,3,2025-06-12T05:16:48.000Z,reddit
trader_joes,"Did you pinch off the new leaves and let it bush out?  Then when using take leaves evenly from around the plant, esp on the bottom??  Mine tends to fill in.  Although I will say I've had basil plants from other stores that started out smaller and didn't thrive like TJ's do!",1,2025-08-13T02:09:56.000Z,reddit
trader_joes,This happened to me! They tried charging me for 19 bags of green beans for $65.,5,2025-05-08T22:48:15.000Z,reddit
trader_joes,"Good eye, machines look like current ones",2,2025-06-12T07:22:21.000Z,reddit
trader_joes,"Nah, they wouldn't replace just put you in a chair at the register and say they have a body to work",25,2025-07-28T07:04:32.000Z,reddit
trader_joes,I had this happen once. It made for an epic photo and great laugh with friends.,16,2025-05-08T15:19:33.000Z,reddit
trader_joes,"If you look at a basal plant, you will likely see new leaves coming up on each stem.  I don't know how to more clearly say pinch them off.  Then, the energy that would grow to those leaves, will cause the plant to become fuller down below.  Plants have a tendency to become stringy if we don't do this.


It's also a good rule of thumb with some house plants like pathos and crawling philadendrum varieties. ( Although you'll need scissors or little plant shears for those... And rather than pinching, you'll want to cut them long enough for you to root them in water).   If I could figure out how to post pictures in this silly app. I would gladly show you, i'm actually about to replant Trader Joe's basil.",1,2025-08-16T21:40:32.000Z,reddit
trader_joes,You think they would let you sit,9,2025-07-28T15:46:02.000Z,reddit
trader_joes,"There seems to be too many American references in these pictures for it to be Canadian. 

I suspect this was one of the holdouts to be remodelled and that these pictures aren’t actually from the 90s, but late 2000s to early 2010s",2,2025-06-12T13:00:13.000Z,reddit
trader_joes,haha! and not a lime in sight!,27,2025-05-08T11:07:26.000Z,reddit
trader_joes,Odds are it probably just closed instead of remodeling,1,2025-06-12T13:06:59.000Z,reddit
trader_joes,"I mean, dead bodies can't stand up so, the chair would have to work, unless they are strapping them to a support beam, lol",7,2025-07-28T16:00:26.000Z,reddit
trader_joes,No I take mine off the top to eat. They are generally the biggest.,1,2025-08-13T07:20:08.000Z,reddit
trader_joes,They'll just cram a pushbroom handle up your ass to hold you upright.,3,2025-07-29T14:10:03.000Z,reddit
trader_joes,But a body would still fall over some how,2,2025-07-29T15:40:30.000Z,reddit
trader_joes,Maybe that's who is really running those robot floor cleaning machines 🤔 The ghosts of past Walmart employees RIP 😪,2,2025-07-30T02:58:51.000Z,reddit
trader_joes,"Y'all got the chair? Damn, they'd make us stand out by the loading dock for guillotine demonstrations. We'll Never forget you Nancy ✊😔",17,2025-07-28T14:03:28.000Z,reddit
walmart,"Our Walmart shopper just delivered double of almost everything from my order This isn't even everything - I checked and I was only charged for 1 of each item, except the bananas (I was charged for two). I'm definitely not complaining, I'm really just wondering how this could've happened and should I add more to their tip?

I tried adding my receipt, but it would only let me add one image.",3263,2025-08-16T19:03:30.000Z,reddit
walmart,"We've had issues in the past where an order gets ""cloned"". If this was an express delivery, the driver is probably a moron, though.",943,2025-08-16T19:12:14.000Z,reddit
walmart,"""Sir 200 thousand units of this order are ready with another million more on the way""",125,2025-08-16T20:45:31.000Z,reddit
walmart,"""Your clones are impressive, you must be proud""",12,2025-08-18T01:45:20.000Z,reddit
walmart,"I had that happen with two cases of seagrams sugar free ginger ale a week and a half ago. got my order on saturday..and then tuesday a duplicate showed up. only got charged for the one. both packages matched my order number.

so, my advice? dont look a gift horse in the mouth. thats one less order ya gotta make this month.",332,2025-08-16T20:24:31.000Z,reddit
walmart,"I ordered a 45 rpm Beach Boys record, with the original 3 color picture sleeve in NM- condition, with the only flaw being writing on the front of the sleeve. It arrived a day early, then I got a notice from Amazon that the order was lost in shipment, then a week later I got another one basically exactly like the first one but different writing on the sleeve. I contacted Amazon and they said both sellers were paid so I could keep both copies. Score.",23,2025-08-17T16:34:21.000Z,reddit
walmart,Amazon shipped us stuff multiple times we did not order and told us to keep it. Last night was a bed frame whom we gifted to someone else.,2,2025-09-09T07:52:58.000Z,reddit
walmart,I had it happen with flea medicine for my dogs and definitely not gonna complain with the price of those things,3,2025-08-19T16:56:44.000Z,reddit
walmart,Had this happen to me recently for diapers! The driver even reported it but they made him shop and redeliver it.,36,2025-08-17T01:01:08.000Z,reddit
walmart,Lol I order 2 of a order of cookies n I got 16 during 2020,18,2025-08-16T23:23:30.000Z,reddit
walmart,So who ends up paying for it? Walmart?,13,2025-08-17T02:04:32.000Z,reddit
walmart,"To my knowledge,  there is no way to pay for the overage,  and returning them, even for free,  will cause them to be tossed - at least at my Walmart. They don't sell returned food for safety reasons. 

When I have returned items via the app because I accidentally purchased them, etc., Walmart refunds the money and tells me to keep the item.",43,2025-08-17T02:41:39.000Z,reddit
walmart,"That actually happened to me with a couple mattresses! I didn't like the first or second one, so I ordered the third they refunded me for the first two. I got to keep them all! It was amazing because I was able to give those two mattresses to a couple of mom's in need. ❤️",3,2025-08-19T20:14:40.000Z,reddit
walmart,"Yeah. they can't resell any food that has touched your doorstep, so even if you returned it they'd have to trash it. A couple of someone else's bags ended up in one of my deliveries so I called and they said welp, congratulations on some free stuff, basically. I still gave a list of the items just so it would be easier for the next person to show what was missing from their order.",17,2025-08-17T02:52:28.000Z,reddit
walmart,"I would say just take the extra and consider it a gift. If you can't store it, maybe give it to neighbors. Either way, don't return food to us because it will go to waste.",10,2025-08-17T15:01:15.000Z,reddit
walmart,"We did, don't worry. Ate what we could and shared with neighbours what we couldn't",3,2025-08-17T21:43:16.000Z,reddit
trader_joes,Bought some Trader Joe's flowers for the first time 😃 My local florists are selling these for $$$!!!! I LOVE that Trader Joe's carries them! Still shook I paid less than $20 for this bouquet 💐,4411,2026-02-01T03:59:25.000Z,reddit
trader_joes,These are so pretty,2,2026-02-26T16:39:39.000Z,reddit
trader_joes,"I guess I wasn’t raised where we would have fresh flowers in the house unless we picked them from outside. I see flowers in like half the peoples shopping cart, is this something most people do.",3,2026-02-22T15:37:09.000Z,reddit
trader_joes,"I don’t know about “most”, but many. I don’t “always” have them but k often have them because I love flowers and they make me happy.",1,2026-02-27T14:08:59.000Z,reddit
trader_joes,No it’s very expensive to always have fresh flowers.,1,2026-02-24T20:42:36.000Z,reddit
trader_joes,"I wasn't raised in a house that would ever buy fresh flowers, which is why I do it now! A small bouquet on my desk while I work brings me joy.",4,2026-02-22T15:51:55.000Z,reddit
trader_joes,Beautiful!!!,1,2026-02-18T00:09:30.000Z,reddit
trader_joes,Oh my gosh so pretty 🥹,3,2026-02-07T20:59:19.000Z,reddit
trader_joes,"I purchased all my flowers for my wedding at trader joes. total was about $300 &amp; my friend did the arrangements, bouquets and boutonnieres.",10,2026-02-05T02:32:52.000Z,reddit
trader_joes,Same!! It was really fun to put them together with some of my bridesmaids (we spray painted them) and made it work with our theme really well. I was stoked!,1,2026-02-22T17:49:57.000Z,reddit
trader_joes,Same !,1,2026-02-22T10:03:00.000Z,reddit
trader_joes,"https://preview.redd.it/p39rzzqfqihg1.jpeg?width=4284&amp;format=pjpg&amp;auto=webp&amp;s=cf6457d9f6aa71dcb09db09a57e7c7726a865c7a

Love TJs flowers",9,2026-02-04T18:09:54.000Z,reddit
trader_joes,Please post a picture of whatever you make out of those!!,1,2026-02-04T18:15:20.000Z,reddit
trader_joes,"These were from last week but this is from what I did this week!

https://preview.redd.it/fdz2vf7g4lhg1.jpeg?width=4032&amp;format=pjpg&amp;auto=webp&amp;s=7fb5df63731022d321804ca27e9c98796db17834",5,2026-02-05T02:11:50.000Z,reddit
trader_joes,Stunner 😍,1,2026-02-05T07:17:30.000Z,reddit
trader_joes,The roses that I buy last almost 2 weeks. And they are cheap.,8,2026-02-03T13:47:05.000Z,reddit
trader_joes,"Trader Joe peonies will always be my favorite seasonal product This is my 6th year going out of my way to Trader Joe’s specifically to buy a bouquet of peonies. I suck at putting together fancy bouquets with a variety of flowers, but I like the simplicity of peonies on their own :)

It’s beginning to feel like my emotional support peony because I keep dragging it around with me to different rooms in my home, depending on where I’m hanging out. It smells so good!",4127,2025-05-16T22:35:42.000Z,reddit
trader_joes,Oh I love this color…,2,2025-05-22T04:17:02.000Z,reddit
trader_joes,https://preview.redd.it/rlfw6ryzr02f1.jpeg?width=4284&amp;format=pjpg&amp;auto=webp&amp;s=b8201f5712e7bef987496bd5083b5559a35cbd52,10,2025-05-20T23:15:34.000Z,reddit
trader_joes,Wow those are huge! I love how the color and size can vary so much,2,2025-05-21T00:35:21.000Z,reddit
trader_joes,It was a week long show 💗,2,2025-05-23T02:55:02.000Z,reddit
trader_joes,"https://preview.redd.it/9xvojs3aos1f1.jpeg?width=2268&amp;format=pjpg&amp;auto=webp&amp;s=669039ecd37998790a9bab63eb3f125445f187c4

Every year I forget just how gorgeous they are",9,2025-05-19T20:00:47.000Z,reddit
trader_joes,* *adds to shopping list!* *,3,2025-05-19T07:46:43.000Z,reddit
trader_joes,Beautiful pic. This made my day a bit brighter,3,2025-05-18T21:20:29.000Z,reddit
trader_joes,When do they have them usually? I never seem to be lucky 🥹,5,2025-05-18T18:54:50.000Z,reddit
trader_joes,I’ve only been lucky enough once. 😭😭😭,2,2025-05-19T13:07:58.000Z,reddit
trader_joes,hell yeah and i gotta make a TJ run today!!!,1,2025-05-18T15:59:42.000Z,reddit
walmart,What in the Walmart crap is this? So now Walmart wants to send work calls to my personal phone? Screw that! Fix your internal phone system because the first customer call i get on my personal phone I'm uninstalling the app.,3241,2025-06-05T08:27:14.000Z,reddit
trader_joes,"Please enjoy Maple, our Trader Joe’s kitty Thumbnail: https://b.thumbs.redditmedia.com/x5JAhUQLT-TPFazM_wCZvIbV3OxhQX3QAfqDz-aglqc.jpg",4096,2025-10-24T16:14:41.000Z,reddit
walmart,"You cant make this up For context: I tried to refund a Walmart+ subscription, and the agent talked me out of it in exchange for 2 free months. After the chat ended, the ""unsubscribe"" option (that i used 10 minutes prior) completely disappeared from the Walmart app. The photo is the second agent.",3191,2025-08-23T00:24:26.000Z,reddit
trader_joes,Apple Shortbread box —&gt; gift tags! Almost threw this box in the recycling bin when I realized it might make beautiful gift tags! Now I have a reason to buy the apricot ones.,3827,2025-08-30T03:54:56.000Z,reddit
trader_joes,MY HEART 😭 oh how I love black cats 🖤,1,2025-11-18T07:29:28.000Z,reddit
trader_joes,Trader Joe’s is like the only place near me that has ever sold peonies 🤞,6,2025-05-18T09:48:19.000Z,reddit
trader_joes,This looks pretty much exactly like what my target uses around the store. A lot of called just end up routing back to customer service and then get called out on a radio for like 5-10 minutes til either someone in the department answers or a manager takes the call. Doesn’t work very well.,526,2025-06-05T08:51:08.000Z,reddit
walmart,"No, bitch Images:
	https://preview.redd.it/61aiofp4ky8f1.jpeg?auto=webp&amp;s=1aca03b48aca4e982f077a3c5e5dc3c253b07a4e",3107,2025-06-24T23:16:50.000Z,reddit
walmart,Hilarious. This timeline is fucked.,431,2025-08-23T00:32:26.000Z,reddit
walmart,"Posts that don't follow r/traderjoes subreddit rules may be subject to removal. 

**Friendly reminder: No vague or non-descriptive post titles, this includes questions.**


Choosing descriptive post titles with product names, descriptions and/or exact question mentioned is preferred as not everybody is able to view image captions, it also yields better subreddit search results and helps blind and visually impaired Redditors who use Screen Reader Software or Text-to-Speech apps. to access Reddit. Thank you.

IF THIS MESSAGE DOES NOT APPLY TO YOUR POST, PLEASE IGNORE.


*I am a bot, and this action was performed automatically. Please [contact the moderators of this subreddit](/message/compose/?to=/r/traderjoes) if you have any questions or concerns.*",1,2025-08-30T03:54:59.000Z,reddit
walmart,"Target basically has a pop-up over whatever you're doing and since you're pretty much always doing something even if it takes 3 seconds to finish it, you have to decline the call before you can do it.  

Target also barcodes every backroom shelf (bin) location (position), and every each has to be counted and scanned in, so if you're anywhere in that process, you can't answer.

Target also has an issue where you frequently don't get connected to your department when you clock in and a lot of 1 person departments, so it's normal for it to just not ring for half a shift until you go ""it's awfully quiet today"" or someone calls ""parked call for [department on 201] or...never if the only Team Lead in the building is Engagement &amp; Experience and they're running the cash office.

The system is almost *designed* to make it impossible to answer the call, but there's probably no mechanism in the OS to have it work better.

I already need a second phone some of the time to do mod things on one phone and UPC scanning on another since for whatever reason we can't have separate apps.",111,2025-06-05T11:32:41.000Z,reddit
walmart,black kitties are the best!!,6,2025-10-31T21:04:35.000Z,reddit
walmart,"“I’m afraid I can’t do that, Dave.”",344,2025-08-23T01:21:13.000Z,reddit
walmart,"If I could look one more time, I wouldn’t have nil picked it in the first place",856,2025-06-24T23:20:55.000Z,reddit
walmart,"my fiancé destroyed these in a day, we’re going back tomorrow. should’ve financed a Prius",7,2025-09-24T02:22:14.000Z,reddit
walmart,which costco??!,1,2025-06-04T15:37:24.000Z,reddit
walmart,"Daisy, Daisy, give me…",50,2025-08-23T03:05:01.000Z,reddit
walmart,"I mean, you could look until your eyes bleed. You're just not going to find it.",260,2025-06-25T00:01:46.000Z,reddit
walmart,Target did have this when I worked there but target also had there own work phones that we would grab and put back every day. I honestly think that’s way better then forcing your workers to use they’re own phones I think Walmart is being super cheap,57,2025-06-05T15:45:39.000Z,reddit
walmart,Does anyone know which variety of peony that specific color is? I used to get them at Trader Joe’s but I moved away years ago and never found out.,13,2025-05-18T03:35:07.000Z,reddit
walmart,So crafty. Love it 😀,5,2025-09-04T16:53:51.000Z,reddit
walmart,Did you look with your special eyes?,90,2025-06-25T04:48:21.000Z,reddit
walmart,SHEEEEEEEEILAAAAAA NOOOOOOOOO!!!,4,2025-08-24T09:58:16.000Z,reddit
walmart,"Walmart issuing phones varies from store-to-store and when you do get a phone, it's only your so you don't have to worry about if someone took it into the employee bathroom and left it on the floor on the last shift, but you need 3x the phones. 


The thing about Targets Zebras was always I'm talking on the computer I need to look up the answer your question, so you end up putting people on hold or on speaker.  Neither of which is great.",19,2025-06-05T16:00:58.000Z,reddit
walmart,Beautiful cat! 🥰🥰🥰,5,2025-10-30T20:00:13.000Z,reddit
walmart,"Agree with previous commenter that these look like Coral Charm, Coral Sunset, Pink Hawaiian Coral (these bud redder than a lot of corals) or Coral &amp; Gold. If you’re on the upper west coast, they’ve peaked early this year (last week, May 10th or so), but not sure about other climates. Corals are usually early season for bloom…a beautiful variety!",3,2025-05-18T23:59:56.000Z,reddit
walmart,Great idea! How were the cookies?,2,2025-09-03T00:16:33.000Z,reddit
walmart,Sheila! Sheila! Wait.. who’s Sheila?,3,2025-08-24T14:59:55.000Z,reddit
walmart,My brand!,57,2025-06-25T04:53:45.000Z,reddit
walmart,"Ew target used their zebras as phones too? I worked at Kohl's and they had the zebra system too, I would have quit the second they tried to make me use one as a phone. Those things were disgusting.

I'm also someone that takes my case off and cleans my phone every day so I guess take it as you will.",2,2025-06-07T23:22:33.000Z,reddit
walmart,"I love these cookies -are they back? Also, great hack. The box is a work of art!",2,2025-09-02T04:14:30.000Z,reddit
walmart,How beautiful!,2,2025-10-29T06:40:13.000Z,reddit
walmart,"In my state it's illegal to use your personal phone even if you want to. When I worked there, they gave everybody Samsung XCovers or whatever they're called. I threw one under the freezers, then broke one and they went back to letting me use the OG scanners (the ones that actually work to scan things, the phones can't read plastic/not perfectly flat and matte finish barcodes)",13,2025-06-05T20:40:34.000Z,reddit
walmart,They will be soon :)),3,2025-09-03T04:01:29.000Z,reddit
walmart,"this is a vocal stim for me and all of my coworkers are too young to get it, I almost felt crazy for remembering the commercial 😆 I love you for this

Also, exception shopping is the bane of my existence.",19,2025-06-25T08:24:52.000Z,reddit
walmart,Is this a new or returning fall item?,14,2025-10-28T00:18:26.000Z,reddit
walmart,"Pro tip here from someone who prints packaging. 
Light interferes with bar code reading, sometimes holding a shadow with your hand over it will allow a better reading.",4,2025-06-06T04:10:15.000Z,reddit
walmart,Genius… idea stolen.,8,2025-09-02T03:29:28.000Z,reddit
walmart,That’s almost as bad as not knowing what to do with an annuity and you need cash now,14,2025-06-25T12:46:39.000Z,reddit
walmart,Awwww my cat loves the Trader Joe’s bags too!!,6,2025-10-27T19:55:41.000Z,reddit
walmart,"It worked sometimes, but a lot of the frozen stuff wouldn't ever scan, a lot of dairy had issues too if I remember correctly. The lasers just worked better, idek know how they read some of the ones they did",2,2025-06-06T04:32:59.000Z,reddit
walmart,LOVE these,11,2025-08-31T23:50:48.000Z,reddit
walmart,"CALL J.G. WENTWORTH!
877-CASH-NOW!",10,2025-06-25T14:19:06.000Z,reddit
walmart,A tank,3,2025-08-24T18:13:01.000Z,reddit
walmart,She was my friend...,2,2025-08-24T18:42:48.000Z,reddit
walmart,She is adorable!!!,6,2025-10-27T01:05:42.000Z,reddit
walmart,"As someone who helped set up a new Target store, can confirm. Everything is super complex.",8,2025-06-05T20:22:19.000Z,reddit
walmart,r/zerowaste,47,2025-08-31T14:16:38.000Z,reddit
walmart,What about a structured settlement?,7,2025-06-25T14:38:58.000Z,reddit
walmart,Omg this is brilliant ♻️,33,2025-08-31T06:54:37.000Z,reddit
walmart,"It’s your money, use it when you need it",5,2025-06-26T04:08:26.000Z,reddit
walmart,What aisle did you find her in?,6,2025-10-27T11:26:11.000Z,reddit
walmart,eek are these back?!,18,2025-08-31T06:42:03.000Z,reddit
walmart,Ya a lot of retailers are moving towards that. My old job at best buy just straight up stopped taking calls all together everything routes through the 1800 number now even if you call the local number on Google.,4,2025-06-05T19:27:41.000Z,reddit
walmart,I'm now extremely happy that associates get Walmart + for free,246,2025-08-23T01:09:58.000Z,reddit
walmart,What aisle are these on?? 😻,9,2025-10-26T20:08:21.000Z,reddit
walmart,My wife didn’t get it either when I said it. Had to show her the OG video and then the Mass Effect one.,7,2025-06-25T10:23:30.000Z,reddit
walmart,This is fantastic! Thank you for sharing!,11,2025-08-31T04:43:36.000Z,reddit
walmart,Beautiful void 😻,8,2025-10-26T13:23:17.000Z,reddit
walmart,"Wait, do you have to use your personal cell phone for routine work?",3,2025-06-07T19:40:14.000Z,reddit
walmart,Stop spending your money at a company that underpants and treats you poorly. Go to aldis,70,2025-08-23T09:54:13.000Z,reddit
walmart,The people who post on Reddit are not the same people this is directed at. I've seen people nil pick things there were sitting in the shelf plugged one item over or one item was plugged in front of it. People need to pay more attention.,53,2025-06-25T02:21:26.000Z,reddit
walmart,This is such a cleaver sustainability hack!,29,2025-08-31T02:52:22.000Z,reddit
walmart,This is the point so ppl will just hang up,11,2025-06-05T18:05:05.000Z,reddit
walmart,"Oh gosh, that's just too cute!",3,2025-10-26T08:43:37.000Z,reddit
walmart,"I've seen them nil pick items that were in the correct location, and there was plenty of them.",31,2025-06-25T03:50:40.000Z,reddit
walmart,Can confirm. It was funny this sub was recommended to me because Reddit said I subbed to Target lol,2,2025-06-05T23:24:55.000Z,reddit
walmart,Those watercolor boxes are beautiful,25,2025-08-31T00:47:20.000Z,reddit
walmart,I hate being underpantsed,184,2025-08-23T10:40:45.000Z,reddit
walmart,The void is leaking out of the bag,6,2025-10-26T08:32:05.000Z,reddit
walmart,But if you wanna move up....,18,2025-08-23T17:49:57.000Z,reddit
walmart,I genuinely believe the ogp don’t get things if they’re across the store. Sometimes I’ll order a random fishing or hardware item and it never ever is in the bag or reported as that I’m not getting it,15,2025-06-25T06:05:20.000Z,reddit
walmart,So happy to see these cookies back! I really enjoyed the apricot ones they released during summer.,13,2025-08-30T23:10:32.000Z,reddit
walmart,Oh yeah? You kinky?,11,2025-08-23T17:40:29.000Z,reddit
walmart,"https://preview.redd.it/i6w4pigddexf1.jpeg?width=3024&amp;format=pjpg&amp;auto=webp&amp;s=e24b9afb5acf7968cfee90f568a9d21c9b1fc759

Oliver loves TJ bags!!",17,2025-10-26T06:06:56.000Z,reddit
walmart,"Target has a similar system that rings every phone in the department.  

Literally everyone pushes ""decline"" on the calls and it just rings forever for the caller.  

It's probably cheaper than having a Front-end person to answer the phone, but it's more expensive and basically equivalent to just not having a phone.

My first week there, my TL made it pretty clear answering it was frowned upon and I was being annoying asking for help for people's weird problems on the line.  ~~Customers~~ ""Guests"" also all know this and just dial random departments until a person answers and ask someone in electronics a question about a drive up return issue or something similar.  There's no KPI for answering the phone (or subsequently solving a guest's issue); there's tons of KPI for getting freight the hell out of the backroom.",241,2025-06-05T11:15:05.000Z,reddit
walmart,"I had to cancel an order for an AC, and send it in again a day or two ago, because who ever was doing picking for first order was being lazy. I seen it sitting on the shelf when in store after it was cancelled, but it was 20$ cheaper when ordering online.

2nd time I sent as a delivery order though, cause I wasn't about to drive back out for it in this heat when my car doesn't have AC.",5,2025-06-25T07:06:02.000Z,reddit
walmart,i giggled at this 😭,2,2025-08-24T18:52:27.000Z,reddit
walmart,Excuse me it seems your syrup is burnt,3,2025-10-26T03:31:00.000Z,reddit
walmart,LMFAO THATS WILD,1,2025-08-30T16:36:49.000Z,reddit
walmart,"My cat's favorite game when he was much smaller was to be picked up in the Trader Joe's bag and carried around the apartment.  We called it baguette time, because he looked like a little orange bread stick peeking out of the top!",10,2025-10-26T01:21:52.000Z,reddit
walmart,"Eh.

ACs in summer can sell extremely fast on hot days. I've seen entire pallets go in a few hours. Often management will have someone will stock them the second they are off the truck instead of waiting for overnights.",1,2025-06-25T21:36:47.000Z,reddit
walmart,BEST comment ever!,19,2025-08-23T14:11:39.000Z,reddit
trader_joes,"I couldn’t believe my eyes - Fresh lychees at Trader Joe’s As the title states, fresh lychees at TJ and thr prove is good. I bought 2 boxes and I hope they are good. Has anyone had them?",3661,2025-06-13T23:21:31.000Z,reddit
trader_joes,"Posts that don't follow r/traderjoes subreddit rules may be subject to removal. 

**Friendly reminder: No vague or non-descriptive post titles, this includes questions.**


Choosing descriptive post titles with product names, descriptions and/or exact question mentioned is preferred as not everybody is able to view image captions, it also yields better subreddit search results and helps blind and visually impaired Redditors who use Screen Reader Software or Text-to-Speech apps. to access Reddit. Thank you.

IF THIS MESSAGE DOES NOT APPLY TO YOUR POST, PLEASE IGNORE.


*I am a bot, and this action was performed automatically. Please [contact the moderators of this subreddit](/message/compose/?to=/r/traderjoes) if you have any questions or concerns.*",1,2025-06-13T23:21:32.000Z,reddit
trader_joes,Amazing!  haven't seen these in a while in ATL,1,2025-07-13T00:09:44.000Z,reddit
trader_joes,We get them every year,5,2025-06-20T22:24:28.000Z,reddit
trader_joes,That's obscurely cheap! Are they ripe?,8,2025-06-18T05:06:41.000Z,reddit
trader_joes,They are ripe and taste very good.,5,2025-06-18T12:01:07.000Z,reddit
trader_joes,"I guess it has been a few years, but we had them on demo.The other day.They're pretty good.The pits taste a lot like the center of an acorn though",3,2025-06-17T20:22:39.000Z,reddit
trader_joes,I don’t think you’re supposed to eat the pits…,6,2025-06-24T15:05:31.000Z,reddit
trader_joes,😆 truuuuuuue,1,2025-06-24T21:14:52.000Z,reddit
trader_joes,"I always get them at Asian markets, but I like that TJ's has them as well. Less trips for me.",3,2025-06-16T18:35:28.000Z,reddit
trader_joes,These were soo good!! My bf and I killed the whole pack,7,2025-06-15T21:54:32.000Z,reddit
trader_joes,We get ours at Costco,3,2025-06-15T18:28:12.000Z,reddit
trader_joes,"Good lookin’! 
I knew I was gonna have to go to TJ’s this morning!
Happy Father’s Day!",7,2025-06-15T14:52:40.000Z,reddit
trader_joes,Oh wow. I've only ever had fresh from HMart. I love lychee 💗,6,2025-06-15T07:58:18.000Z,reddit
walmart,"UPDATE on my ex writing things in the bathroom at my store First, since a ton of people keep asking, no I don't have HIV. I get tested regularly and of course I got retested Incase he was trying to tell me he gave me something. I am negative for everything and will keep getting tested regularly. 


I talked to the two coaches again and they still say they can't ban/trespass my ex unless I was to bring them some sort of proof. I have a letter he wrote and left on m car with his signature but this doesn't help. The police say they can't do anything about the graffiti still also. My coaches said the store manager said they can't trespass him unless he was trying to talk to me in the store with my temporary protection order. I really don't think there is anything else I can do that won't get me fired.

I have my next court date on September 12th for going forward with the protection order. Hopefully they can actually find and serve him before then this time. I will keep reporting each new instance of graffiti but I know it won't do much. 

Some people asked this also, I am 20 and my ex is 46. I have what was previously called Asperger's or high-functioning autism. I live independently but I do still struggle with things like self advocacy and doing new things and going new places. When people are saying things like ""sue him,"" I know they probably mean well but those words mean like nothing to me because what are even the steps. Also, I don't have money?? I work a lot a Walmart and support myself lol.

I had to go get graffiti removed from a convenience store yesterday morning after I got out of work because I got another text from some guy looking for a prostitute. He at least told me where the graffiti was instead of being rude when I told him I'm not a prostitute, I'm just being harassed by my ex. 

Thank you to everyone who tried to help. Sorry the situation and I are doomed lol.",3068,2025-08-12T05:43:28.000Z,reddit
walmart,46 year old acting like a kid…,614,2025-08-12T06:08:51.000Z,reddit
walmart,A psychotic one.,175,2025-08-12T07:36:25.000Z,reddit
walmart,My dad is almost 60 and he still acts this way as well.,74,2025-08-12T16:00:56.000Z,reddit
walmart,Dude is old enough to be the dad and immature enough to be the son 💀,230,2025-08-12T11:00:23.000Z,reddit
walmart,Im 21 and my dad is 44 so this makes me feel very much creeped out 😭,82,2025-08-12T18:11:35.000Z,reddit
walmart,I do not miss my 46 year old unemployed toddler lmao,101,2025-08-12T12:27:00.000Z,reddit
trader_joes,Thank you schoolhouse cookies for saving me from having to pipe letters! Very much a beginner cake decorator… the cinnamon cookies saved me from having to pipe lettering. I think it turned out pretty cute!,3164,2025-11-01T18:58:39.000Z,reddit
trader_joes,Were you financially helping him? I am so sorry. Absolutely stand up for yourself and advocate repeatedly until you get the help you need. Ask for resources from the police officer also that you might be interested in for your diagnosis.,24,2025-08-12T13:45:11.000Z,reddit
trader_joes,He moved in with me even though I didn't want him do an repeatedly told him I didn't want him to. He was homeless so he would guilt me when I tried to kick him out.,42,2025-08-12T14:27:55.000Z,reddit
trader_joes,"Posts that don't follow r/traderjoes subreddit rules may be subject to removal. 

**Friendly reminder: No vague or non-descriptive post titles, this includes questions.**


Choosing descriptive post titles with product names, descriptions and/or exact question mentioned is preferred as not everybody is able to view image captions, it also yields better subreddit search results and helps blind and visually impaired Redditors who use Screen Reader Software or Text-to-Speech apps. to access Reddit. Thank you.

IF THIS MESSAGE DOES NOT APPLY TO YOUR POST, PLEASE IGNORE.


*I am a bot, and this action was performed automatically. Please [contact the moderators of this subreddit](/message/compose/?to=/r/traderjoes) if you have any questions or concerns.*",1,2025-11-01T18:58:45.000Z,reddit
trader_joes,genius! I love it,3,2025-11-25T03:03:32.000Z,reddit
trader_joes,"If this ever happens again, you call the police immediately and tell them a person is refusing to leave your home! Whether it’s your ex or someone new. Never let anyone take advantage of your good heart ever again! Sick and desperate people see our kindness as weakness and target us specifically because they think it will be easy to manipulate us into doing what they want and sucking the life out of us! My ex kept saying he would kill himself if I left. So glad we both found the strength to leave! Be good to yourself and start making you your priority. Prayers for you!",51,2025-08-12T14:57:41.000Z,reddit
trader_joes,The sign for Fresh Corn referencing the “It’s corn!” meme video made me laugh in the store Found a couple weeks ago in the Oakland-Rockridge Trader Joe’s. My whole family loves the video and repeats it every time we see corn. Glad to see my local TJs get in on the humor!,3425,2025-09-29T23:26:47.000Z,reddit
trader_joes,Brilliant!,7,2025-11-07T12:51:06.000Z,reddit
walmart,"Power went out. Over 300k dollars worth of food thrown away So the other day at our Wally World, the power went out at 7:30pm and store then ran on a generator and then the generator went out at 10:30 and all of the frozen and chilled foods sat for over 5 hours. When a second generator was used, the store ran on it until someone could come in and fix the power but until then, we stayed closed from customers (except the pharmacy) and all orders from OPD were canceled along with the automotive department (except emergencies such as a nail in the tire, so I’ve heard). Nevertheless, it was all hands on deck to get everything out. From ice cream, chicken, all the meats, everything in the freezer in the deli and bakery, live bait, and the chilled dog food. We opened the store at 3 when the marketing director came in and said that we had to open the store, cause we were initially gonna stay closed the whole day. Wild",3017,2025-06-20T15:51:50.000Z,reddit
walmart,"Want to second this and reinforce that you are NEVER responsible for other people's actions or threats of harm to themselves or others. You can always call a help line if you suspect potential harm and have the emotional bandwidth to call, but beyond that, focusing on keeping yourself safe (in every way it can apply) should always be your first and foremost priority 💜",7,2025-08-13T17:39:31.000Z,reddit
walmart,"Homeless but just got a job (meat/produce) wish me luck I just wanna be inside an house soon Images:
	https://preview.redd.it/p00txqs61cbg1.png?auto=webp&amp;s=f4e85a367804671e2a4d1be958fd20e91cc8114a",3063,2026-01-04T13:13:58.000Z,reddit
walmart,"Posts that don't follow r/traderjoes subreddit rules may be subject to removal. 

**Friendly reminder: No vague or non-descriptive post titles, this includes questions.**


Choosing descriptive post titles with product names, descriptions and/or exact question mentioned is preferred as not everybody is able to view image captions, it also yields better subreddit search results and helps blind and visually impaired Redditors who use Screen Reader Software or Text-to-Speech apps. to access Reddit. Thank you.

IF THIS MESSAGE DOES NOT APPLY TO YOUR POST, PLEASE IGNORE.


*I am a bot, and this action was performed automatically. Please [contact the moderators of this subreddit](/message/compose/?to=/r/traderjoes) if you have any questions or concerns.*",1,2025-09-29T23:26:50.000Z,reddit
walmart,Love it!!,1,2025-11-05T14:40:27.000Z,reddit
walmart,"When the power went out, why didn’t your management get refrigerated trailers ordered? That’s what I used to do lol",1094,2025-06-20T15:55:44.000Z,reddit
walmart,"Sorry, you said you’re 20 and he’s 46? How old were you when you met him? It almost sounds like he started dating you while you were still underage? Yikes!

Either way, this whole situation is awful, he’s clearly a predator, and you should definitely get any evidence you can. Some lawyers will also take cases with the understanding that they only get paid if they win, so I recommend looking into that. They might not sue him, but they can use any evidence you have to argue for a better order of protection. 

I recommend transferring to another store as well. If your managers are making excuses not to ban him for violating a temporary protection order, I doubt they’ll be willing to ban him when/if he violates the permanent protection order.

Also, you should look up domestic violence survivor resources in your area. They should be able to help you, and they’ll also be able to offer more specific advice for your situation. Remember, you deserve to feel safe in your own home, and it’s not selfish to be your own first priority.",3,2025-08-16T16:13:26.000Z,reddit
walmart,I would have died laughing if I saw this. Makes me love TJ's even more now. :),3,2025-10-24T17:02:16.000Z,reddit
walmart,Good luck to you and congrats. I hope you thrive 🌺🌺💜💜,467,2026-01-04T13:17:04.000Z,reddit
walmart,This is adorable….,6,2025-11-03T20:37:42.000Z,reddit
walmart,I've done that and just not gotten assistance getting them in a timely manner far too many times.,455,2025-06-20T16:06:20.000Z,reddit
walmart,Ugh this was such a stim for me lol,1,2025-10-23T10:50:03.000Z,reddit
walmart,"I want to add do NOT EVER let someone in that situation use your address to receive mail. They can then use that as evidence why they can't be kicked out. No mail. At all. Then if it comes down to needing to remove them, the cops can actually remove them. If they get mail there, they can't.",3,2025-08-17T01:27:02.000Z,reddit
walmart,"That is such a great idea! It looks adorable. My son is almost 15. He has always loved the ""letter cookies."" 😊",85,2025-11-02T16:45:14.000Z,reddit
walmart,Thank you,132,2026-01-04T13:24:19.000Z,reddit
walmart,"It’s better if you can get them to outsource it, might cost more but it’s cheaper than losing 300k",242,2025-06-20T16:11:20.000Z,reddit
walmart,I can hear it now,1,2025-10-20T13:07:24.000Z,reddit
walmart,"If it's any consolation, I was homeless when I got a job at Walmart.  That was nine years ago.  I have been in management 7 1/2 years of my nine years there.  You can do it!",148,2026-01-04T21:35:13.000Z,reddit
walmart,The birthday girl calls them “leller cookies” and I hope she never outgrows that 🥰,31,2025-11-02T17:16:49.000Z,reddit
walmart,"Yikes I’m so sorry he took advantage of you. Please don’t ever date a man that much older than you ever again. Don’t even go for 30s. You’re not even a full year into adulthood and guys much older who can relate to people way younger always have something wrong with them. 

Read this book before you date again, it helped me a lot: https://ia801407.us.archive.org/6/items/LundyWhyDoesHeDoThat/Lundy_Why-does-he-do-that.pdf",2,2025-08-16T06:58:48.000Z,reddit
walmart,"Hey, yo' That's amazing 👏!!! Congrats on that huge accomplishment. Keep going. 🎉",42,2026-01-05T01:48:32.000Z,reddit
walmart,"For Walmart it isn't. 

They'll just file an insurance claim. When I busted a fire sprinkler in one of our freezers, our *goal* was to hit the magic $50K damages number so that we could file a claim and it wouldn't impact our Sam$hare yearly bonus. 

If it's under $50K in damages, Walmart self insures and eats it out of our bonus. 

Luckily no drugs in my system then (not like it would of mattered) and since I was well liked, no write up either. Just a 30 day forklift ban and retrain.",236,2025-06-20T16:37:04.000Z,reddit
walmart,Gluten Free!,3,2025-10-03T16:55:20.000Z,reddit
walmart,Aw that's adorable. 😍,2,2025-11-02T17:29:45.000Z,reddit
walmart,20 and 46 💀,979,2025-08-12T05:45:17.000Z,reddit
walmart,"Much luck and love to you, you've got this!",7,2026-01-05T17:45:34.000Z,reddit
walmart,Forklift in the freezer?,85,2025-06-20T17:00:49.000Z,reddit
walmart,This is ADORABLE 🩷,10,2025-11-02T15:09:58.000Z,reddit
walmart,Talk to your coach about applying for the ACNT program. Associate critical need trust. They can pay you up to $1500 if you are facing a hardship like homelessness.,364,2026-01-04T13:32:46.000Z,reddit
walmart,"Yes. 

If you ever been in a Costco, Sam's Club or other warehouse clubs, their freezers are large rooms with doors around the parameter for members to shop products placed on steel like you'd see on the salesfloor but we load pallets for frozen food storage (ideally) on top of the member area. I'd guess the ceilings are about 20-30ft high.

In reality it's a mix of shit on the floor not wrapped or half passed wrapped that needs to be moved at closing to restock and access anything which is easier with a lift. And the pallet you always need in the steel is buried from all the shit on the floor in the way.",78,2025-06-20T17:11:37.000Z,reddit
walmart,No fr. A 46 yo man is fr acting like a high schooler leaving notes in the bathroom. What a joke of a human.,772,2025-08-12T05:47:25.000Z,reddit
walmart,You have to wait 90 days right ? Or are there any exceptions,130,2026-01-04T13:34:13.000Z,reddit
walmart,"Unsure if it hit the minimum claim, but a guy I worked with at Sam's hit a sprinkler head over all the TVs and laptops on display.  That was a thing.",9,2025-06-21T16:32:51.000Z,reddit
walmart,Awww… my Sophie will be 22 soon.  It goes by fast…,70,2025-11-02T03:58:28.000Z,reddit
walmart,"Even getting the paperwork started, or the pathways shown to you now wont hurt. And who knows, someone might be able to pull some strings",151,2026-01-04T14:36:45.000Z,reddit
walmart,Forklifts operate in freezers all the time.  They have racking like any other section of the warehouse.  I've worked in 3 of them.,5,2025-06-21T12:55:41.000Z,reddit
walmart,Wholesome,3,2025-10-03T00:36:18.000Z,reddit
walmart,aww!!!,7,2025-11-02T07:10:32.000Z,reddit
walmart,"I’ve worked in a Walmart Grocery warehouse before, why is this a surprise, exactly?

We had order pickers driving pallet trucks to get freight and there would be one Forklift driver assigned to replenish pallets in there for the order pickers.",3,2025-06-21T14:00:00.000Z,reddit
walmart,"This what it says when I try to apply ""You have not been employed at the company long enough.You will be eligible when you have been at the company for 90 days. You have currently been at the company for 3 days. Your available ACNT balance will be above $0 on Wed Apr 01 18:00:00 CDT 2026""",77,2026-01-04T14:42:36.000Z,reddit
costco,Sometimes you get lucky at the pump Apparently diesel fuel got mixed in with unleaded fuel around some stations in town. My Costco was affected. So they are offering premium for the price of unleaded for the inconvenience while they clean the unleaded tanks 🙂,64585,2026-01-09T22:51:57.000Z,reddit
costco,"Posts that do not follow r/Costco subreddit rules **MAY** be subject to removal. 

**Reminder: No vague non-descriptive post titles or availability questions.**

When applicable, please make sure that you're using a descriptive post title with product name(s) and/or exact question mentioned as it yields better subreddit search results. 

**Including item number, price, and approximate location or region where found is also helpful since product availability can vary.**


*I am a bot, and this action was performed automatically. Please [contact the moderators of this subreddit](/message/compose/?to=/r/Costco) if you have any questions or concerns.*",1,2026-01-09T22:51:59.000Z,reddit
costco,This is happening to us in the Denver metro area. It's because Costco was delivered diesel fuel by mistake and they had to shut down the regular fuel lines.,3102,2026-01-09T23:00:37.000Z,reddit
costco,And Murphy’s and King Soopers. A lot of people’s cars are about to be all messed up.,858,2026-01-09T23:06:33.000Z,reddit
costco,"That’s gotta be a free engine rebuild or car from Costco, right?",284,2026-01-10T00:41:27.000Z,reddit
costco,When I was a tech at the dealer this same exact scenario happened at the Costco near me. We just dropped and cleaned the fuel tanks and sent them on their way. Diesel in a gasser isn't nearly as detrimental as gas in a diesel.,712,2026-01-10T00:57:22.000Z,reddit
costco,"I didn’t know that. Interesting, thanks",193,2026-01-10T01:04:22.000Z,reddit
costco,I have seen people successfully dilute the diesel and just run it through.,106,2026-01-10T01:14:06.000Z,reddit
costco,Lil smoky but fine,61,2026-01-10T02:04:07.000Z,reddit
costco,Running that E75 lol,65,2026-01-10T02:35:49.000Z,reddit
costco,hey I mean some cars can run E85 just fine,30,2026-01-10T03:42:08.000Z,reddit
costco,Any car can run on e85.....for a while,30,2026-01-10T03:54:39.000Z,reddit
costco,"It's a bit hard on the catalytic converters and will probably throw a code, but a little diesel in gasoline usually won't do any permanent damage.",15,2026-01-10T04:13:04.000Z,reddit
costco,Like mezcal,15,2026-01-10T09:19:12.000Z,reddit
costco,"that's right, you don't necessarily NEED to flush the fuel lines. while it's going by the wayside in a lot of new cars, in a lot of cars on the road now, fuel circulates: 
from the pump, up the supply line, to the engine, where a pressure regulator controls fuel pressure by relieving overpressure into a return line which goes back to the tank. 

Accordingly, even if you have filled the fuel system with diesel, you can drain the diesel from the tank, replace it with unleaded, and crank till she splutters to life.",29,2026-01-10T02:40:21.000Z,reddit
costco,Almost all the vehicles on the road are returnless high pressure systems now.,16,2026-01-10T03:48:45.000Z,reddit
costco,"The one thing our grandpa wanted for his 100th birthday Images:
	https://preview.redd.it/e9p1g6nn3alg1.jpeg?auto=webp&amp;s=314d8203df10a00d1905b63297da309152261ced",53883,2026-02-23T17:24:19.000Z,reddit
costco,"Posts that do not follow r/Costco subreddit rules **MAY** be subject to removal. 

**Reminder: No vague non-descriptive post titles or availability questions.**

When applicable, please make sure that you're using a descriptive post title with product name(s) and/or exact question mentioned as it yields better subreddit search results. 

**Including item number, price, and approximate location or region where found is also helpful since product availability can vary.**


*I am a bot, and this action was performed automatically. Please [contact the moderators of this subreddit](/message/compose/?to=/r/Costco) if you have any questions or concerns.*",1,2026-02-23T17:24:22.000Z,reddit
costco,Happy 100th birthday! I hope Costco will be around in 34 years when I celebrate my 100th too!,586,2026-02-23T17:32:55.000Z,reddit
costco,Me too but in 79 years,77,2026-02-23T22:08:25.000Z,reddit
costco,"Me too. At 35, feeling like 100. 
Broke …",29,2026-02-24T01:14:02.000Z,reddit
costco,And it'll still be $1.50 with a drink,24,2026-02-24T02:06:28.000Z,reddit
costco,36 for me. We just got a second Costco. I went in to check it out and it overwhelmed me. I’m getting old.,8,2026-02-23T23:46:25.000Z,reddit
costco,I'm 21 and I'm an executive member,14,2026-02-24T00:47:17.000Z,reddit
costco,"Geez, I don't even hope I'm around for my 100th.",6,2026-02-24T08:16:55.000Z,reddit
costco,Very smart man.  Hope he enjoyed his dog!  HAPPY BIRTHDAY TO YOU!,856,2026-02-23T17:27:40.000Z,reddit
costco,"At 100 years old, he knows exactly what’s worth celebrating. Truly a legendary move.",200,2026-02-23T17:57:00.000Z,reddit
costco,Hotdog still a nickle after all these years,29,2026-02-23T21:48:55.000Z,reddit
costco,"""I remember when frankfurters only cost a nickel.""",10,2026-02-24T00:56:05.000Z,reddit
costco,Enjoy that glizzy,8,2026-02-23T22:55:55.000Z,reddit
costco,"I was a Costco butcher for Halloween, handing out “ground werewolf” rice crispy treats to the kids. Images:
	https://preview.redd.it/v43jxe08evyf1.jpeg?auto=webp&amp;s=686a4284d202a45833ea6cb8631941b61ba6fb62",49105,2025-11-02T16:25:51.000Z,reddit
costco,"It’s beyond me how any of you could report this post to try to get Reddit’s overly sensitive Automod to pull it. Shame on you. 

We got you, OP.

Edit: Sending Reddit Cares after me is priceless.",1,2025-11-02T21:05:49.000Z,reddit
costco,I like the attention to detail. Including the font used for the price/description sheet.,3534,2025-11-02T17:36:11.000Z,reddit
costco,"&gt; Including the font used

This website can identify fonts for you:

https://www.myfonts.com/pages/whatthefont",840,2025-11-02T17:57:00.000Z,reddit
costco,"This is so helpful, thank you!! I just emailed this to myself at work, along with a couple co-workers.",189,2025-11-02T18:59:53.000Z,reddit
costco,Matcherator and adobe fonts might also be helpful for you!,40,2025-11-02T23:03:42.000Z,reddit
costco,I must see a close up of your rice crispy treats!,1999,2025-11-02T17:37:24.000Z,reddit
costco,https://preview.redd.it/lybgexmhuvyf1.jpeg?width=1320&amp;format=pjpg&amp;auto=webp&amp;s=a67b5b4d7b5584aa3195129da659e357ec69a8eb,4399,2025-11-02T17:57:03.000Z,reddit
costco,"This is precisely the kind of detail oriented Halloween setup I love! Great job on everything! I know if I was a kid, I’d definitely be afraid of eating these 😭",338,2025-11-02T18:28:58.000Z,reddit
costco,[video of my set up](https://www.instagram.com/reel/DQfmxsCjVpc/?igsh=dzllc201YzFvb2dj),885,2025-11-02T18:01:52.000Z,reddit
costco,Wish i could do something like this... but there are just too many kids that show up.,398,2025-11-02T20:02:17.000Z,reddit
costco,I get about 140,368,2025-11-02T20:33:56.000Z,reddit
costco,"Over 700 here. 5 bags of costco candy, all gone. Constant stream of kids from 5-9 or until we run out.",343,2025-11-02T20:37:04.000Z,reddit
costco,"Damn, that actually sounds exhausting! If you don’t mind me asking, how much money do you usually spend on candy/treats for halloween?",155,2025-11-02T20:46:30.000Z,reddit
costco,"I get the bags from costco. So 100 bucks now.

Not that long ago it was half the price.",170,2025-11-02T21:00:24.000Z,reddit
costco,So were most things friend.,136,2025-11-02T21:45:21.000Z,reddit
costco,My ode to the unbeatable $1.50 Hot Dog Deal in stained glass I was halfway through the project when they switched the soda choices on me but the blue is lovely anyways. No AI was used in the making of this piece at any stage!,39844,2025-10-05T21:12:39.000Z,reddit
costco,This is great! Nicely done!,1010,2025-10-05T21:27:41.000Z,reddit
costco,Beautiful! Did you take a class or just watch some tutorials online?,193,2025-10-05T21:50:16.000Z,reddit
costco,I took a class from my local studio in July and got hooked. Ended up buying some equipment off of a guy closing his stained glass shop locally and then entirely too much glass from my local craft store. It definitely has a price tag to get in it but feels well worth it when a project is completed.,484,2025-10-05T21:56:13.000Z,reddit
costco,"Did you have no experience prior to July? That's super cool for a newly picked up skill, I might have to give stained glass a go! It looks great",83,2025-10-06T00:37:40.000Z,reddit
costco,I did not actually! Always been creative but never “touched glass” until July. It was easier than I thought but it’s also slower than I thought. Takes a lot of time to trace then cut then grind then foil then solder then patina but it’s also incredibly therapeutic. I really hit my stride when I broke my ankle in August and spent a ton of time sitting. Definitely try a class and I couldn’t recommend it higher!!,178,2025-10-06T00:47:26.000Z,reddit
costco,"lmfao, ""touch glass""

thanks for the winter hobby inspo!",107,2025-10-06T00:50:42.000Z,reddit
costco,"&gt;hit my stride when I broke my ankle

Ok.  If that wasn’t intentional then I’m doubly impressed. lol",13,2025-10-06T05:07:00.000Z,reddit
costco,"Please tell me you want to make another one and sell it to me,",34,2025-10-06T01:49:59.000Z,reddit
costco,"Don't go there, the Costco Sign Police will be a'knockin',  babbling about Copyright infringement, with a Cease &amp; Desist order...",15,2025-10-06T02:43:27.000Z,reddit
costco,"Change the next one to say ""Korkland"" and they'll never notice!",20,2025-10-06T03:21:05.000Z,reddit
costco,Problem solved  Awesome !,5,2025-10-06T03:25:09.000Z,reddit
costco,This is so cool! Makes me want to give it a shot. When I was a kid my elderly aunt had a stained glass studio in her basement. I remember being so fascinated by the fractals and patterns and colors whenever we’d make the long road trip to visit every couple years. Ive always regretted that we lived so far and I wasn’t able to really get into it with her before she passed because I was so young. Thanks for sharing how you got started!,5,2025-10-07T17:06:13.000Z,reddit
costco,"I broke my ankle end of July and nothing to show for it!
Good job using your down time wisely",2,2025-10-08T01:38:17.000Z,reddit
costco,I think this should end up in the Costco magazine- you should reach out to them!,561,2025-10-05T21:52:53.000Z,reddit
costco,I’d love if it made its way there! Didn’t know they had a magazine so cool!!,218,2025-10-05T21:59:27.000Z,reddit
costco,"Costco manager saved my dad's life My 79 year old dad had a massive stroke in the Winston-Salem, NC, Costco on Tuesday, July 22nd. He had stopped for a watermelon and some grill stuff and then bought a hot dog and soda as he was leaving. 

He went to grab the soda cup and his right foot tripped over his left leg as it was paralyzed. A manager saw his face was drooping and yelled for a wheelchair and called a trauma team and an ambulance. They kept him calm until the ambulance got there. 

The doctor said only 2 out of 10 people survive this kind of stroke and that it would be a different outcome had the store not acted so quickly. Now my dad is home with no stroke side effects and he made some galbi on the grill last night. The well-trained Costco manager saved my dad's life 😭

UPDATE: Costco responded to the email and had also seen this post. They are going to recognize the employees and share my email with them. My dad has been too tired to leave the house, but we're going to try and get to Costco tomorrow for his watermelon and to thank them in person.",43470,2025-07-27T23:52:14.000Z,reddit
costco,"Posts that do not follow r/Costco subreddit rules **MAY** be subject to removal. 

**Reminder: No vague non-descriptive post titles or availability questions.**

When applicable, please make sure that you're using a descriptive post title with product name(s) and/or exact question mentioned as it yields better subreddit search results. 

**Including item number, price, and approximate location or region where found is also helpful since product availability can vary.**


*I am a bot, and this action was performed automatically. Please [contact the moderators of this subreddit](/message/compose/?to=/r/Costco) if you have any questions or concerns.*",1,2025-07-27T23:52:14.000Z,reddit
costco,"please share with corporate,  they have a special recognition for employees! its the president's award.  very prestigious and hard to get recognized.  usually its from saving a life!  please speak up so the manager and employees involved get recognition!   email corporate,  they can also review camera feed to help identify employees, if you dont have their names!",4246,2025-07-28T00:08:05.000Z,reddit
costco,That's awesome. One more reason to like Costco,813,2025-07-28T02:32:27.000Z,reddit
costco,I wish they had a Costco hospital where the Costco doctor could treat their Costco patients as recommended by the Costco manager while shopping at the Costco store.,571,2025-07-28T13:49:20.000Z,reddit
costco,Welcome to Costco. I love you.,252,2025-07-28T14:59:46.000Z,reddit
costco,"""Yah I know this place pretty good, I went to law school here.""",137,2025-07-28T15:04:02.000Z,reddit
costco,“It’s a 2 day walk from here”,24,2025-07-28T17:18:00.000Z,reddit
costco,Buy ten X-Rays and save,52,2025-07-28T16:33:44.000Z,reddit
costco,Can’t say no to affordable healthcare!,43,2025-07-28T14:37:50.000Z,reddit
costco,Honestly: their pharmacy is excellent.,42,2025-07-28T18:03:57.000Z,reddit
costco,"I know we are currently living in a dystopia, but that sounds like the actual setting of a cyberpunk novel.",30,2025-07-28T15:08:22.000Z,reddit
costco,Pretty sure that’s the actual setting of *Idiocracy*.,18,2025-07-28T19:13:57.000Z,reddit
costco,With their Costco pharmaceuticals,9,2025-07-28T16:51:20.000Z,reddit
costco,LieutenantButthole is right once again!,7,2025-07-28T16:13:45.000Z,reddit
costco,"Oh, you mean a Costpital?",7,2025-07-28T17:44:47.000Z,reddit
publix,"Pub Sub in Japan Images:
	https://preview.redd.it/dun2js4131ug1.jpeg?auto=webp&amp;s=550837962219d9a1c54b6328761429c5b42989dd",7388,2026-04-08T20:41:58.000Z,reddit
publix,Does not compute,424,2026-04-08T20:49:43.000Z,reddit
publix,"Bro I literally did this meme when I saw the post:

![gif](giphy|RILsqUte1MME7TzQJ9)",87,2026-04-09T05:56:51.000Z,reddit
publix,Me too! Lol.,6,2026-04-09T15:19:20.000Z,reddit
publix,But….why,310,2026-04-08T20:53:20.000Z,reddit
publix,Mental illness,202,2026-04-08T21:06:27.000Z,reddit
publix,https://preview.redd.it/xei5nov481ug1.jpeg?width=552&amp;format=pjpg&amp;auto=webp&amp;s=a32f227b5bb49d1e20b4b2baa57a96157c922e5c,127,2026-04-08T21:10:37.000Z,reddit
publix,I imagine if you’re there for long enough and crave a staple meal from back home… this would fit the bill,20,2026-04-09T00:51:27.000Z,reddit
publix,"My brother-in-law brought one on a cruise and ate it a few days in. Naturally he got really sick because it had just been sitting in his suitcase for the first 2 days. 

It was HILARIOUS!",10,2026-04-10T20:36:11.000Z,reddit
publix,Yeah for you. But not for his butthole,5,2026-04-10T22:54:08.000Z,reddit
publix,So basically not the hot Cuban that you want on a cruise but the one you deserve,3,2026-04-11T23:38:30.000Z,reddit
publix,"Imagine doing all this and realizing you added ""mayo both sides"" and now you cant eat it lol",9,2026-04-10T02:51:27.000Z,reddit
publix,To bring Publix to Japan!,3,2026-04-10T07:23:03.000Z,reddit
publix,What! Question would be why not?,5,2026-04-09T00:47:12.000Z,reddit
publix,How Is that thing even still edible at this point?,177,2026-04-08T21:01:34.000Z,reddit
publix,"It’s not, it’s like six months old

That said there’s a company near me in South Florida called Russo’s subs that will overnight subs worldwide. They started doing it to send subs to service members during desert shield/desert storm and they’ve kept doing it ever since.",185,2026-04-08T21:49:08.000Z,reddit
costco,Guillermo from Jimmy Kimmel visited my location to demo and promote his salsa! Recently had the pleasure of meeting Guillermo Rodriguez! Comedian and cohost of Jimmy’s Kimmel’s show and he was super nice! He was demoing his salsa brand at my location the other day. I said hi and told him I didn’t want to bother him but that my girlfriend and I were huge fans. He asked if I wanted a picture and I was ecstatic. The salsa was really good and tasted fresh and will definitely be a buy this upcoming weekend. Dreams do come true,29393,2026-02-05T02:16:50.000Z,reddit
publix,Publix for the win (reposted from NextDoor),6905,2026-03-12T18:00:12.000Z,reddit
publix,"Posts that do not follow r/Costco subreddit rules **MAY** be subject to removal. 

**Reminder: No vague non-descriptive post titles or availability questions.**

When applicable, please make sure that you're using a descriptive post title with product name(s) and/or exact question mentioned as it yields better subreddit search results. 

**Including item number, price, and approximate location or region where found is also helpful since product availability can vary.**


*I am a bot, and this action was performed automatically. Please [contact the moderators of this subreddit](/message/compose/?to=/r/Costco) if you have any questions or concerns.*",1,2026-02-05T02:16:53.000Z,reddit
publix,Publix is also more expensive than Whole Foods 😂😂😂😂,496,2026-03-12T18:33:37.000Z,reddit
publix,Love that dude. And not at all surprised to hear he’s a good guy,1098,2026-02-05T02:19:47.000Z,reddit
publix,"Every story about him just sounds wholesome, funny, and genuinely kind.",262,2026-02-05T03:01:54.000Z,reddit
publix,"I liked it when Guillermo del Toro was a guest and I think he hugged Guillermo and went ""My brother!""",114,2026-02-05T07:51:34.000Z,reddit
publix,I swear if ICE fuvks with him....,54,2026-02-05T04:55:03.000Z,reddit
publix,They already re haven’t you seen how they are readying his brothers and sisters? We all in this together. Thats what they don’t understand,11,2026-02-05T19:07:28.000Z,reddit
publix,"I just said the same thing to my father, we drive 25 minutes to go to whole foods now.",114,2026-03-12T20:02:46.000Z,reddit
publix,Guillermo is absolutely as authentic and nice as you can imagine. My wife and I ran into him and his wife a year ago in Hawai’i and they talked to us for like 20 min about what attractions and activities they should check out around the resort. Just incredibly genuine and kind people.,35,2026-02-05T19:53:12.000Z,reddit
publix,His whole thing is being a good guy.,11,2026-02-05T15:28:37.000Z,reddit
publix,I said this in the sub a few months back and got 2k plus downvotes.,142,2026-03-12T21:07:25.000Z,reddit
publix,could not agree more!,1,2026-02-06T00:00:48.000Z,reddit
publix,He’s like Jimmy may get canned again I gotta get hustling,654,2026-02-05T02:20:30.000Z,reddit
publix,"![gif](giphy|26DNioenMF55ocuWY)

HES BACK FOR MORE!!! SEIZE HIM!!",113,2026-03-12T21:31:35.000Z,reddit
publix,"https://i.redd.it/0opgn6rc5rog1.gif

/s",41,2026-03-13T05:56:32.000Z,reddit
publix,![gif](giphy|hrEw3hdISgH1KtYOEJ),13,2026-03-13T13:07:08.000Z,reddit
publix,Selena sells salsa down by...la biblioteca?,15,2026-02-05T07:13:58.000Z,reddit
publix,"Uno salsa, por fovor",3,2026-02-05T11:51:27.000Z,reddit
publix,I won't buy until I see a salsa dancing class with Guillermo on youtube,3,2026-02-05T07:14:00.000Z,reddit
publix,"I’ve done math, publix is 100% more expensive than Whole Foods. Compare 1lb of Salmon between Whole Foods, Trader Joe’s, Aldi, Sprouts, Walmart, etc and Publix will be the highest.",38,2026-03-12T21:51:26.000Z,reddit
publix,"I remember when I realized how expensive Publix is compared to other stores.

The price they charge on produce is insane. ""You want an onion? That'll be $3""

Meanwhile I can go to Aldi or other grocery stores and get 3 times as much for around the same price. 

Publix is a nice place to shop, but damn it's expensive. Especially now.",25,2026-03-13T03:10:34.000Z,reddit
publix,"I go to Publix for 2 main reasons

-Prepared food
-Convenience

And even prepared food I have to be intentional about. Wings, subs, and fried chicken are a better deal than a restaurant, but rotisserie chicken is as much if not more than almost every other grocer.",12,2026-03-13T09:36:04.000Z,reddit
publix,I only go if they got the meat on bogo 🤣everything else too damn expensive.,11,2026-03-13T17:02:38.000Z,reddit
publix,"from what people are describing, its seems like with the bogo you’d be getting the same amount of meat you’d get at the other stores lol. like if its twice as much at normal price at public compared to other grocery stores, your bogo would equal what it’d be to just buy the two neats out right no sale at the other stores right? like if ground beef is $8 a pound at publix and theres a bogo you can get two pounds for $8. but say walmart of whole foods its $4 a pound normal price you can get two lbs without there even being a sale lol (i’ve never been to a publix theres never been one in the states i’ve lived till now) and obviously these numbers are random",2,2026-03-14T06:37:10.000Z,reddit
publix,Since I work there and need to pick a few things up I do it. But always regret it each time. 4 items and it might be 30$ or under if i'm lucky.,4,2026-03-14T10:36:33.000Z,reddit
publix,I go for bogos. Very rarely will I buy something if it’s not buy-one-get-one.,3,2026-03-14T03:31:29.000Z,reddit
publix,"The prepared food at Whole Foods is on another level. I picked up a family tray that contained 4 big pieces of salmon, string beans, and sweet potatoes. It was $30 and that was my lunch for 4 days! At $7.50 per serving eating grilled salmon with high quality sides man I’m never going back to cooking!",3,2026-03-14T14:03:50.000Z,reddit
publix,"Took this by happen chance. Turned out insanely metal. Images:
	https://preview.redd.it/qfl3g49xmh3f1.jpeg?auto=webp&amp;s=435690f5ab9a6830206d5ba00f5015bd2f86d60c",6377,2025-05-28T09:01:35.000Z,reddit
publix,"*happenstance

And yes, very cool",110,2025-05-28T13:03:05.000Z,reddit
publix,Fuck no you right why did I write chance???,42,2025-05-28T13:32:30.000Z,reddit
publix,Post it to their X account! Great Pic!,7,2025-05-28T15:28:58.000Z,reddit
publix,I did!,2,2025-05-30T18:34:33.000Z,reddit
publix,Yours is right too too though.  Words are just sounds that mean ideas.  Your ideas work perfectly here,-4,2025-05-29T15:10:50.000Z,reddit
publix,This should be one of the images on the training computer's screensaver.,79,2025-05-28T14:57:40.000Z,reddit
publix,Me when I'm at the Evils Publix,79,2025-05-28T13:20:32.000Z,reddit
publix,"Publix has lost their minds. Had to do a stop, drop, and roll when I saw this today.

$20 for a tub of coffee. These were less than $8 before covid. The Walmart down the street sells these for 11.98.   

How does Publix justify being almost double the cost of competitors? I worked in the warehouse for 5 years and we definitely did not get treated good enough to justify these prices.",6595,2025-05-17T22:11:05.000Z,reddit
publix,"Evil Publix: Where shopping is a Displeasure 

Buy one get none free

Sub pubs

5 dollar sushi is on Tuesday",15,2025-05-29T17:08:05.000Z,reddit
publix,"Because people buy it, simple as that",640,2025-05-17T22:15:21.000Z,reddit
publix,Publix of doom and despair,20,2025-05-28T21:03:43.000Z,reddit
publix,"This is a boomer staple.  Those folks would pay any price because that's their coffee.

edit-  obviously I'm generalizing here.  I've worked in restaurants and grocery stores since the 90s.  I'm not wrong that the age group that drinks this the most is older people.",322,2025-05-17T22:26:54.000Z,reddit
publix,Just like the people who pay $10 for something at Starbucks .,170,2025-05-17T22:40:19.000Z,reddit
publix,Abandon hope all ye who enter here,16,2025-05-28T22:25:31.000Z,reddit
publix,"If you think about it, no matter which way you put it, the boomer still smarter since you can make a whole WHOLE lot of coffee cups off of that, vs Gen Z doofuses(I’m Gen Z) are paying 10-15$ for a single cup of coffee that sounds like a football play rather than an actual coffee😂",88,2025-05-17T22:43:45.000Z,reddit
publix,👏🏼👏🏼👏🏼👏🏼👏🏼,1,2025-05-31T14:34:24.000Z,reddit
publix,Well it’s $11 at Walmart. So the boomers would still be idiots if they grabbed this from Publix. lol you can’t move the goalpost to justify something so over priced,25,2025-05-18T11:16:29.000Z,reddit
publix,any publix with an island deli,3,2025-05-31T16:46:28.000Z,reddit
publix,"My time is worth more than going to Walmart. I don’t drink coffee, but if I did it would be worth $10 not to be at Walmart.",23,2025-05-18T19:03:01.000Z,reddit
publix,"I agree with this logic; sometimes I’ll break if im doing a big order I could just order from Walmart and pickup to go but when its the one or 2 items and im paying $5-$10 more… yeah I prefer Publix. 

I also feel like you pay for the peace of mind of Publix (usually).",10,2025-05-18T20:21:30.000Z,reddit
publix,i gasps! 🙀,1,2025-05-31T16:49:32.000Z,reddit
publix,Post this to the Google images for your store,16,2025-05-28T14:11:10.000Z,reddit
publix,"This is actually the reason behind publix prices. When I worked there, I was told in training that people are “paying for the experience” because they know they’ll always be shopping at a clean, well stocked, well maintained store with kind and helpful associates. 

Take that as you all please",6,2025-05-18T20:17:19.000Z,reddit
publix,Master of Publix is pulling your strinnnnngs,12,2025-05-28T16:08:46.000Z,reddit
publix,Yea but I like to see the critters of wal mart every now and then. U see some amazing sites.,6,2025-05-20T11:53:35.000Z,reddit
publix,"Unrelated: There are always pretty women shopping at Publix. I shop at Publix for food (hot, deli) because it’s closest to my house. Walmart I use for cleaning supplies, toiletries, laundry detergent because the prices are cheaper. That’s just me.",6,2025-05-20T16:54:58.000Z,reddit
publix,I’ll do you one better… get the cvs app and clip the coupons. Also take advantage of the extra bucks.  I pay damn near nothing for those type of products and they pay you to shop there essentially.,2,2025-05-22T01:35:32.000Z,reddit
publix,"One of my first jobs was at a Harris Teeter, and that is exactly why their prices are higher. We were constantly cleaning and straightening aisles, as well as making sure we were prepared to help people find things quickly. People 100% pay for the experience, and for feeling they are buying quality products.",3,2025-05-20T01:38:02.000Z,reddit
publix,"Sometimes their prices are up, sometimes they are down.

It’s a Harris Teeter-totter.



I’ll see myself out.",2,2025-05-20T21:28:57.000Z,reddit
publix,"In my area, the Publix locations all have decent to good produce, while (10+ years ago) the two Walmart locations routinely have produce that is rotting on the shelf or is bad within a day or two. Publix does tend to have higher prices overall than grocery stores like Kroger. But I usually go there for produce and then take advantage of some of the BOGO deals.

Again, I haven't been inside a local Walmart in over 10 years. And as I understand it, Publix employees are treated significantly better.",2,2025-05-20T21:04:03.000Z,reddit
publix,"It's almost like those are the basic requirements for having a business to begin with......so paying extra for ""peice of mind"" is just as stupid and another excuse to over charge someone ...... It's quite literally the bare minimum of their job to have their store stocked cleaned maintained and respectfully staffed... Stop letting people sell yall dirt just because it came from the beach 😂",2,2025-05-20T21:26:37.000Z,reddit
publix,"Publix employees in the 80's Images:
	https://preview.redd.it/hi485ir41sze1.jpeg?auto=webp&amp;s=ae79a5a7daf3bfc97fe2bd237bab7e896faa8313",5543,2025-05-09T15:42:26.000Z,reddit
publix,"I thought this was her arm and I had questions.

https://preview.redd.it/gs8hdiajfsze1.jpeg?width=1179&amp;format=pjpg&amp;auto=webp&amp;s=0c7c0dc8dd7ceed3b85f60f7b53dfa48889331e6",88,2025-05-09T17:03:16.000Z,reddit
publix,Miss those green stamps. Mom would take us to the store and pick out stuff when she had enough books.,34,2025-05-09T17:20:18.000Z,reddit
costco,"I hate lazy ass Mfer who leaves perishables behind. Why do people do this, if you don’t want it put it back and not just throw it anywhere else it doesn’t belong. I mean sure it’s more “justified” if it’s non perishable but come on…this just irks me",24916,2026-01-10T21:06:32.000Z,reddit
costco,I hadn't thought about those things in ages. I remember them laying around the house.,8,2025-05-09T21:51:16.000Z,reddit
costco,"Posts that do not follow r/Costco subreddit rules **MAY** be subject to removal. 

**Reminder: No vague non-descriptive post titles or availability questions.**

When applicable, please make sure that you're using a descriptive post title with product name(s) and/or exact question mentioned as it yields better subreddit search results. 

**Including item number, price, and approximate location or region where found is also helpful since product availability can vary.**


*I am a bot, and this action was performed automatically. Please [contact the moderators of this subreddit](/message/compose/?to=/r/Costco) if you have any questions or concerns.*",1,2026-01-10T21:06:36.000Z,reddit
costco,That's Rhondatron. She's a machine.,9,2025-05-10T05:24:02.000Z,reddit
costco,I don't go to Costco to get a king-sized hatred of mankind but I usually leave with one.,2046,2026-01-10T21:09:48.000Z,reddit
costco,Those 80s shoulder pads. 😂,3,2025-05-13T20:32:08.000Z,reddit
costco,Lemme park my shopping cart perpendicularly here while I take 10 minutes picking through every bunch of bananas,535,2026-01-10T21:16:57.000Z,reddit
costco,"Let’s walk my entire extended family down the aisle, shoulder to shoulder, at the slowest pace possible while completely ignoring all of our surroundings",424,2026-01-10T21:41:21.000Z,reddit
costco,Let's stop 3 carts blocking the entire aisle to wait for the sample lady.,169,2026-01-10T23:08:35.000Z,reddit
costco,"Back when you could support a family of 4 on just a full time, non management wage. I was born a few decades too early lol",87,2025-05-09T17:36:30.000Z,reddit
costco,"You know where I should have a conversation with this acquaintance I just ran into? How about at the end of the aisle, completely blocking anyone from getting in, or out.",98,2026-01-10T23:24:16.000Z,reddit
costco,"You guys crack me up. You could probably scrape by supporting a family of four back then MAYBE on a meat cutter’s wage. Not a cashier or clerk of any kind. Seriously, what do you think the cashiers and clerks were making back then?",25,2025-05-09T17:50:58.000Z,reddit
costco,"Let me commandeer the entire rotisserie chicken area as I repeatedly pick up chicken bag after chicken bag, weigh them in my hands, turn them around to scrutinize them from all angles, decide they are not adequate, put them back on the shelf, and pick up another.",80,2026-01-10T23:57:11.000Z,reddit
costco,"It’s not so much how much they made, as to how much they made in comparison to how much things cost then. An entry level house today is in the high 300’s where I’m at. Rent starts at $2k.",51,2025-05-09T18:04:44.000Z,reddit
costco,"I'm just going to bump your Achilles tendons with my overloaded cart. Oops, so sorry!",48,2026-01-11T13:28:25.000Z,reddit
costco,Explain tariffs to them next!,14,2025-05-10T05:14:43.000Z,reddit
costco,It really is Costco’s and Sam’s Club’s fault. It isn’t designed for anyone to hang out anywhere for long. You’re always in someone else’s way.,15,2026-01-11T17:43:43.000Z,reddit
costco,"Nope.  And they severely limited the number of full timers.  Out of like 150 employees at a store, 25 made a living wage.  I worked part-time through college and topped out at $5.50 an hour.  They were a crappy place unless you were male and the manager liked you.  Meat department did best because they were union.",3,2025-05-10T20:34:17.000Z,reddit
costco,"It may be an instigator, but ultimately people are responsible for their own actions. Parking your cart in the middle of 2 others completely blocking the way so you can wait on a sample while there's a line of people trying to get through is a choice, and not the stores.


There are other places to park your cart.",11,2026-01-11T17:50:53.000Z,reddit
costco,Yeah but we had fewer billionaires and that makes conservatives sad.,2,2025-05-10T16:28:29.000Z,reddit
costco,i know they had the hottest break room tea,82,2025-05-09T17:04:52.000Z,reddit
costco,"Honestly the most aggravating situation in my experience is when two sample carts decide to park across the same isle. It NEVER goes well and they still do it every time. Get like nine people and somehow twelve carts piled up around the nastiest looking food samples 

The one near me consistently does this in the frozen section. Making it a total deadlock consistently.",24,2026-01-10T23:31:55.000Z,reddit
costco,And cigarettes!,28,2025-05-09T17:50:42.000Z,reddit
costco,The Costco near us has employees do sweeps to tell people to keep aisles clear. Some people have been kicked out because they get all aggressive over having to leave a path for other people.,57,2026-01-11T01:20:29.000Z,reddit
costco,👏🏽👏🏽 that is fantastic and I wish to Costco near me had the gumption to do that.,26,2026-01-11T02:54:29.000Z,reddit
costco,My newest hate has been people who shop together. Usually older women with two carts side by side.,3,2026-01-11T16:18:17.000Z,reddit
costco,I took my 84 year old friend there last week and we ended up in a fight. He grabbed the hotdogs and then got a phonecall on the way to the soda fountain and just stopped dead in his tracks. The guy behind him had to stop short so I kept trying to get him to move since he was blocking everyone and he refused. I ended up yelling at him to GTFO of everyone's way. I won't be bringing him back.,101,2026-01-10T21:33:07.000Z,reddit
costco,Costco CEO Ron Vachris eats a hotdog From Costco's Instagram,21944,2026-03-19T15:31:47.000Z,reddit
costco,"It’s very clear he’s wearing clothing purchased exclusively at Costco, too.",5215,2026-03-19T16:29:16.000Z,reddit
costco,He’s Costco through and through. he started out at Costco as a forklift operator.,3701,2026-03-19T16:37:50.000Z,reddit
costco,"Guessing most everything in his house, including the food he eats, furniture and car he drives are through Costco as well.  That's part of what makes Costco so successful.  Not only are they true believers in the products and services being offered, but many of the folks in management (operational) positions started off entry level and worked their way up, so they also understand the employee perspective as well.",1417,2026-03-19T16:55:59.000Z,reddit
costco,"One of the reasons I love em too. 

Look, capitalism is fucked but costco at least kinda does it with some ethics. 

Wild that just treating your employees and customers like human beings is all it takes these days but thats where we're at I guess.",1032,2026-03-19T16:58:14.000Z,reddit
costco,"Welcome to Costco, I love you!",374,2026-03-19T17:43:27.000Z,reddit
costco,Yah I know this place pretty good. I went to law school here.,149,2026-03-19T17:58:24.000Z,reddit
costco,Do you know if the brawndo is still past the Starbucks?,58,2026-03-19T18:44:52.000Z,reddit
costco,Sure is! Just watch out for Upgrayedd; you do NOT want to run into him!,24,2026-03-19T19:04:16.000Z,reddit
costco,With 2 Ds for a double dose of his pimpin’,17,2026-03-19T21:45:14.000Z,reddit
costco,I don’t know if we have time for a hand job.,36,2026-03-19T20:29:57.000Z,reddit
costco,There’s always time for a hand job.,19,2026-03-19T21:04:29.000Z,reddit
costco,"I think what most C\*O executive leaders miss is that broad loyalty to your employees will bring out the best in people, crop up problems on the floor that can lead to efficiency or capabilities and low turnover provides an intangible stability at that level.

I guess my point is is that looking at other metrics other than profit and stock price can more accurately measure success over the long term (and not just quarterly earnings) which provides value to all even stockholders.

So, I'd argue that there's a capitalistic incentive to treating your employees with more respect. It's just that we're not measuring the right things (beyond profits/stock toward employee satisfaction, brand loyalty, etc. instead) at the right time (beyond quarters of a year to quarters of centuries instead).",69,2026-03-19T19:03:52.000Z,reddit
costco,Costco is American Capitalism gone right,93,2026-03-19T18:35:44.000Z,reddit
costco,"Ask the employees. We must maintain our culture. Rewarding shareholders is #5 in line of the code of ethics, however, lately it’s been seeming to be #1. Ahead of members, employees and vendors.",30,2026-03-19T19:24:24.000Z,reddit
costco,"100%.

The pay is definitely better than similar retail, but everything else has been getting worse quickly.",22,2026-03-19T19:41:38.000Z,reddit
costco,"I’m begging you, move out of the way! 😩 If you’re going to bring your *e n t i r e* family to Costco, can you guys PLEASE stop walking side by side shoulder to shoulder making it impossible for others to get by? And while we’re at it, can you also stop leaving your cart in middle of the aisle while you run off to grab something?  Please just have some spatial awareness and be considerate of other shoppers in one of the busiest retail environments known to man. Thank you! Rant over. 

**TLDR  If you’re rolling with a crew, let people through!**",17307,2025-07-11T17:44:13.000Z,reddit
publix,"Saint Pete Beach Publix burns down… comments are ruthless Images:
	https://preview.redd.it/2sp0gmuza01f1.jpeg?auto=webp&amp;s=37504d697de0f3739f9548d70a289ccefe92847e",5398,2025-05-15T20:36:07.000Z,reddit
publix,"Posts that do not follow r/Costco subreddit rules **MAY** be subject to removal. 

**Reminder: No vague non-descriptive post titles or availability questions.**

When applicable, please make sure that you're using a descriptive post title with product name(s) and/or exact question mentioned as it yields better subreddit search results. 

**Including item number, price, and approximate location or region where found is also helpful since product availability can vary.**


*I am a bot, and this action was performed automatically. Please [contact the moderators of this subreddit](/message/compose/?to=/r/Costco) if you have any questions or concerns.*",1,2025-07-18T03:29:08.000Z,reddit
publix,Black smoke…. A new store manager was not chosen…,635,2025-05-16T00:05:24.000Z,reddit
publix,Now do the people who arrange themselves like seagulls around the sample stations.,4216,2025-07-11T17:45:58.000Z,reddit
publix,Hahaha,50,2025-05-16T01:24:13.000Z,reddit
publix,“MINE! MINE! MINE! MINE!”,1815,2025-07-11T17:54:27.000Z,reddit
costco,"Surely I can’t be the only one who does the extra ride home slice. No one is ever the wiser. Also, what’s everyone’s best method for reheating ? My toaster over gets it too crispy.",17033,2026-03-02T22:33:23.000Z,reddit
costco,These people act like they’ve never had food before.,334,2025-07-11T19:19:53.000Z,reddit
costco,![gif](giphy|f8lDluiWJ7yQTtdS3L),44,2025-05-16T01:54:13.000Z,reddit
costco,My Buddy Got An Insane Costco Tattoo... Done by [instagram.com/jillans.ink](http://instagram.com/jillans.ink),17143,2025-05-17T04:23:56.000Z,reddit
costco,"Posts that do not follow r/Costco subreddit rules **MAY** be subject to removal. 

**Reminder: No vague non-descriptive post titles or availability questions.**

When applicable, please make sure that you're using a descriptive post title with product name(s) and/or exact question mentioned as it yields better subreddit search results. 

**Including item number, price, and approximate location or region where found is also helpful since product availability can vary.**


*I am a bot, and this action was performed automatically. Please [contact the moderators of this subreddit](/message/compose/?to=/r/Costco) if you have any questions or concerns.*",1,2026-03-02T22:33:25.000Z,reddit
costco,"No, it means The Others are coming.",6,2025-05-17T04:49:19.000Z,reddit
costco,"My favorite is they then feel like they need to give feedback to the person serving it or others also blocking the way eating it.  Like its some picnic food tasting event.  ""That sauce is delicious and the mouthfeel is on point""... Like, dude...  its a hotpocket ffs get out of the way..",328,2025-07-11T20:27:44.000Z,reddit
publix,"Publix Is Living Off a Reputation It No Longer Deserves Publix is not the company people think it is anymore.
My mother has worked at Publix for over 20 years. After two decades of loyalty, experience, and reliability, she makes $23 and change an hour—and her annual raise is a laughable 15–25 cents.
Publix used to do evaluations every 6 months. Now it’s once a year, and they claim (yes, this is a direct quote) that employees “actually make more money this way.”
Anyone with basic math skills knows that’s complete nonsense.
They also say she’s “maxed out” on pay. Apparently, 20+ years of service has a ceiling—and it’s low.
What really makes my blood boil:
If she works even an hour or two of overtime, management will force her to leave early another day just to avoid paying time-and-a-half. Imagine treating long-term employees like a liability instead of an asset.
I’ve worked at Publix myself. Don’t do it.
This company is not what it used to be.
Back when George Jenkins ran Publix, the philosophy was simple: take care of your employees and customers, and everything else follows. And it worked. Publix earned its reputation.
Then his son took over—and greed took the wheel.
Now:
Stores are chronically understaffed
Employees are doing 2–3x the workload for the same pay
Management claims they “don’t have the hours”
(Reminder: Publix is a billion-dollar company)
The worst part? Customers suffer too. Shelves aren’t stocked, lines are longer, departments are stretched thin—but corporate still pats itself on the back.
And let’s talk prices.
Shopping at Publix is basically volunteering to get ripped off. Almost everything they sell can be found for dollars less at other grocery stores. I genuinely don’t understand how people fill entire carts and don’t notice the markup.
Meat quality has gone down, prices have gone up, and the experience keeps getting worse.
I could list hundreds more reasons why Publix is slowly killing itself, but honestly? I’d rather watch it crash and burn than pretend this is still a “great place to work.”
And before anyone says I’m just being emotional or defending my mom—
She’s been there since I was a kid. Now she’s stuck. Her retirement and healthcare are tied to this company, so walking away isn’t an option.
Publix didn’t just change.
It abandoned the very people who built it.",5260,2025-12-26T18:31:18.000Z,reddit
publix,You are a true scholar,3152,2026-03-02T22:35:13.000Z,reddit
publix,"Posts that do not follow r/Costco subreddit rules **MAY** be subject to removal. 

**Reminder: No vague or non-descriptive post titles or availability questions.**

When applicable, please make sure that you're using a descriptive post title with product name(s) and/or exact question mentioned as it yields better subreddit search results. 

**Including item number, price, and approximate location or region where found is also helpful since product availability can vary.**


*I am a bot, and this action was performed automatically. Please [contact the moderators of this subreddit](/message/compose/?to=/r/Costco) if you have any questions or concerns.*",1,2025-05-17T04:23:58.000Z,reddit
publix,"I'm actually conflicted with this, as I have always thought the same. I always thought the workers were only taking the work that they could get.....and needed the work. So, I just let them be, in order to give them some hassle-free time.

But, as I've worked with aging adults. I've learned that they need the human interactions, to feel valued, and actually talk to people. It's the same for everyone. Otherwise, you become depressed. And that is very easy to do when you feel invisible, unvalued, and never get a chance to talk to anyone.",106,2025-07-12T01:43:02.000Z,reddit
publix,"Wicked, I love that one….",7,2025-05-16T08:39:36.000Z,reddit
publix,"Taking care of your employees used to be a philosophy for a lot of companies but everyone is just profit motivated now. employees are not valued, which is exactly why I feel zero loyalty to any of my employers. I have quit more jobs in the last four years than I have in my 50 years of working because I realize that they’re all about profit and what’s their bottom line. so I’m all about my bottom line. if I find something better I leave. sometimes I give notice and sometimes I don’t.",564,2025-12-26T18:37:30.000Z,reddit
publix,Everyone at work now thinks I'm crazy for laughing by myself. You earned my upvote.,3,2025-05-16T19:39:32.000Z,reddit
publix,Gonna be awkward when they switch to coke products,3004,2025-05-17T04:26:28.000Z,reddit
publix,"I’ve convinced my wife that all pizza places always make pizzas one slice short.

Can’t believe she’s fallen for it for 20 years.",903,2026-03-02T22:46:59.000Z,reddit
publix,"I said thank you for a sample one time and the lady just about started crying, late afternoon, I was the first person all day to say thanks to her.",70,2025-07-12T23:34:43.000Z,reddit
publix,"That’ll only make it more valuable, like a rare edition",1018,2025-05-17T04:30:49.000Z,reddit
publix,That’s not what I meant when I asked for my sub toasted,526,2025-05-15T21:03:20.000Z,reddit
publix,Stakeholder vs Shareholder. Corporations were stakeholder focused until the mid/late 80s when they became shareholder focused. Jack Welch at GE had a lot to do with this as well as executive pay shifting to be more stock heavy. In 1993 they changed the tax code in a way where it became much more beneficial to have stock heavy compensation packages than straight salary. Now the C levels have a ton of stocks which makes it more personally beneficial to worry about the stock price at that moment of time versus the stability of the company.,60,2025-12-26T21:00:23.000Z,reddit
publix,"We have a mouse that lives in both of our cars, depending on who is doing pickup.  We have named him ""Nibbles"" and we frequently comment on that 'lil stinker' when there is obvious food missing after a pickup.  Though it's mostly an issue with pizza, nobody knows about the car fries.",369,2026-03-02T23:11:54.000Z,reddit
publix,I guess you and I are in the minority here.  I always say thank you to the sample folks and it really does make a difference.  But it shocks me how few others don't do this.,67,2025-07-13T00:03:10.000Z,reddit
publix,That lardass Costco kid gonna gnaw his arm off like a feral hyena and his dad is gonna try to ebay that arm like a Pokémon card to afford the family’s Crisco habit.,125,2025-05-17T04:40:47.000Z,reddit
publix,I laughed harder than I should've at this comment. Take my upvote.,63,2025-05-15T23:00:18.000Z,reddit
publix,Thanks. This greed has been building for a long time. I heard someone say we are in the end stages of capitalism.  Seems about right,25,2025-12-26T23:22:50.000Z,reddit
publix,"There's nothing wrong with saying hello or commenting on the food but be quick with it because there's someone standing behind you. You can stop to talk to the CDS people. Just step to the side and let other people get to the samples. Don't block the entire table standing there saying, ""MmmmmMMmmmmMm... man.. this is GOOD. What is it Turkey? It kinda has that smoked aristocratic flavor that goes good with a nice chardonay...""",25,2025-07-13T00:25:43.000Z,reddit
publix,"There’s actually a tattoo museum in Tokyo, with displays of human skins collected by a pathologist (autopsy doctor) who has tattooed individuals donate their skin when they die.

https://cvltnation.com/dead-skin-living-art-the-museum-of-tattooed-skin/",71,2025-05-17T05:54:08.000Z,reddit
publix,"&gt;nobody knows about the car fries.

My wife: ""Wow five guys usually gives us way more fries than this""

Me who hit every red light on the way home:

https://preview.redd.it/eu3a20ve4qmg1.jpeg?width=201&amp;format=pjpg&amp;auto=webp&amp;s=97e510eb0c8fbba41806fefbd483c123e812f10c",423,2026-03-03T00:20:35.000Z,reddit
publix,yeah we want our subs…steamed,37,2025-05-15T22:09:16.000Z,reddit
publix,Right like it’s a tasting event or a social event. 🤣,41,2025-07-11T21:20:10.000Z,reddit
publix,"psychopathologist, maybe.",50,2025-05-17T06:24:44.000Z,reddit
publix,End stages is Foxconn. You’ll live where you work with employer subsidized housing.,14,2025-12-26T23:47:56.000Z,reddit
publix,French fry tax,60,2026-03-03T02:50:12.000Z,reddit
publix,*Claaaarice*,26,2025-05-17T07:43:44.000Z,reddit
publix,going back to company towns,10,2025-12-27T04:40:29.000Z,reddit
publix,"![gif](giphy|9Bpv0NoXnZQ2c)

I thought you said steamed hams",13,2025-05-16T13:28:15.000Z,reddit
publix,Carrying charges.,9,2026-03-03T21:52:35.000Z,reddit
publix,I shouldn’t have clicked that with food in my mouth,11,2025-05-17T14:12:11.000Z,reddit
publix,"Hey, it’s my Saturday night at the 'club'.",29,2025-07-12T00:14:44.000Z,reddit
publix,That is actually in the works,7,2025-12-27T10:14:03.000Z,reddit
publix,They feel guilty because they have no intention of actually buying the product they’re sampling… They just wanna pound three or four samples for free.,7,2025-07-12T11:36:48.000Z,reddit
publix,Doesn't seem that far off.,7,2025-12-26T23:59:06.000Z,reddit
publix,Or when the sample attendant says where it is and the taster feels the need to make an excuse why they're not gonna buy it at that point.,5,2025-07-12T14:38:02.000Z,reddit
publix,I regret it even without food lol,7,2025-05-18T03:22:23.000Z,reddit
publix,"Does anyone remember that old black and white movie about a company town?  Pretty sure it was US based and Hollywood produced, not British.  I watched some of it a long time ago, but it was so dreary and depressing I didn't finish.  I had no idea that there was such a thing and that they existed in the US.  I remember seeing them written about in Victorian literature in the north of England, but somehow don't remember it ever being talked about in any of my history classes in school.",3,2025-12-27T16:08:04.000Z,reddit
publix,Fries lose half their value when you drive off the lot. Must eat them while they're hot!,7,2026-03-04T03:36:44.000Z,reddit
publix,It might have been The Grapes of Wrath.,3,2025-12-27T19:10:58.000Z,reddit
publix,Car fries are the best fries,78,2026-03-03T01:07:28.000Z,reddit
publix,Like Amazon employees,3,2025-12-27T04:44:03.000Z,reddit
publix,Cooler Bucky origin story,2,2025-05-17T13:11:06.000Z,reddit
publix,I know. It’s a snack not a meal. Just take one and move aside.,19,2025-07-12T00:52:18.000Z,reddit
publix,Seymour the Publix is on fire,11,2025-05-16T16:02:10.000Z,reddit
publix,Combines with the Regan era union busting and massively failed econmic policy.,6,2025-12-27T00:46:35.000Z,reddit
publix,"https://preview.redd.it/c1aye4tmlqmg1.jpeg?width=1080&amp;format=pjpg&amp;auto=webp&amp;s=baef3f3f08d5e58e1e020ac5901438c1e72d1b6f

hehehe",205,2026-03-03T01:57:42.000Z,reddit
publix,It's so embarrassing. That's why I don't even stop.,32,2025-07-11T20:58:18.000Z,reddit
publix,Legitimate tears of laughter for having read it in her voice. Take my upvote.,6,2025-05-16T16:07:41.000Z,reddit
publix,"Yeah, until then that patch of flesh would barely be worth harvesting.",3,2025-05-17T12:15:39.000Z,reddit
publix,Reagan or Clinton...... it never fails everything that's gone wrong always traces back to those two 🤦🏾‍♂️😑😒,2,2025-12-28T04:21:56.000Z,reddit
publix,"THIS!

BOTTOMLINE!  

Can’t blame ANYONE but yourself when it comes to being loyal to those who are not loyal to you.",155,2025-12-26T18:43:13.000Z,reddit
publix,Let's assume he's got 2 arms. Back to the tattoo shop!,12,2025-05-17T11:32:21.000Z,reddit
publix,"No Mother, that's just the northern lights",5,2025-05-16T21:44:14.000Z,reddit
publix,I want to be the car fires just so I can look up at this magnificent bweest before i get chomp,15,2026-03-03T03:18:51.000Z,reddit
publix,"""I KNOW MOTHER!""",2,2025-05-16T16:11:32.000Z,reddit
publix,https://preview.redd.it/fbvbdskaz61f1.png?width=1156&amp;format=png&amp;auto=webp&amp;s=a4663fa533a0b1c53db1a7c6e34250be7c4edb95,4,2025-05-16T19:03:05.000Z,reddit
publix,"Bagglers. Stragglers that fall out into the bottom of the bag. Bagglers are fair game for the driver, if they’re bringing you food they get bagglers for their efforts!!",9,2026-03-03T16:13:55.000Z,reddit
publix,Yeah f the 2wks notice they don't give you notice before they let you go,12,2025-12-26T20:27:05.000Z,reddit
publix,Time to shave a butt cheek.,4,2025-05-17T14:04:43.000Z,reddit
publix,"I wish Chick-fil-A fries could make it home, but mine never do.",6,2026-03-03T01:43:40.000Z,reddit
publix,"&gt;Taking care of your employees used to be a philosophy for a lot of companies

I hate to be a buzzkill but this is romanticizing the past and it's just not true. Companies have always taken advantage of their employees for profit. Only government regulation (minimum wage, safe workspaces, requiring companies to pay in dollars instead of company scrip) prevents companies from killing you for profit.",48,2025-12-26T19:43:50.000Z,reddit
publix,Its the devil's bakers dozen.,22,2026-03-02T23:09:56.000Z,reddit
publix,Expansion gap.,21,2026-03-02T22:48:40.000Z,reddit
publix,"Repost: Location in Florida unknown. This would be my last day as a Publix customer, if I saw this.",4124,2025-11-01T18:06:39.000Z,reddit
publix,"Comments are now locked and will stay that way due to multiple breaks of rule two and for several other comments alluding to committing acts of violence against others with guns, which is not tolerated in this sub.",1,2025-11-01T20:06:39.000Z,reddit
publix,"someone like that is just looking for attention, give them none.",813,2025-11-01T18:12:53.000Z,reddit
publix,"He’s definitely the Call of Duty type and drives some ridiculous type of car with nitro and tinted neon.  Born with money and privilege will never see a day of hard work or actual combat in his life.  Possible incel, definitely wants attention and someone to pick a fight with him.   

He’s just looking for an excuse to pull the trigger then claim he’s the victim, hide behind the flag and wait for some right winger with a podcast to swoop up, lawyer up and protect him.",245,2025-11-01T19:08:18.000Z,reddit
publix,Discord nitro or nitrous oxide im thinking the first one no way he'd have the knowledge to install that safely,40,2025-11-01T19:29:43.000Z,reddit
publix,There has been a picture going around of someone on a bike who looks just like him. I wouldn’t be surprised if it’s the same one.,18,2025-11-01T19:37:31.000Z,reddit
publix,Forgive my ignorance - bike as in bicycle or motorcycle (Harley v Crotch Rocket).  And thank you.,10,2025-11-01T19:50:39.000Z,reddit
publix,Motorcycle,9,2025-11-01T19:50:58.000Z,reddit
publix,And start a go fund me for him.,3,2025-11-01T19:24:33.000Z,reddit
publix,He wants to be the next Kyle Rittenhouse.,21,2025-11-01T19:27:58.000Z,reddit
publix,Imagine being so full of fear that you need a gun to go to Publix.,66,2025-11-01T19:40:42.000Z,reddit
publix,I doubt that is done in fear. It is attention seeking.,68,2025-11-01T19:53:44.000Z,reddit
publix,He's clearly compensating,31,2025-11-01T19:05:45.000Z,reddit
publix,Keeping things civil is one of this subs rules. It appears you need a little reminder.,4,2025-11-01T19:53:35.000Z,reddit
publix,"True or False? Images:
	https://preview.redd.it/1fx66dmvmkjf1.jpeg?auto=webp&amp;s=232ebdb784809c1708830f6e1b83be7276f9a1b8",3740,2025-08-17T12:13:13.000Z,reddit
publix,I would change the Publix picture to the oldest person possible,486,2025-08-17T12:20:57.000Z,reddit
publix,Agreed. I would know. I work there 😐,21,2025-08-17T19:51:39.000Z,reddit
publix,You’re not kidding. I had to pop in for few things during the day on a weekday and I felt like the Flash. I’m pretty sure the elderly person I passed in the bakery was just getting to the Deli by the time I hit checkout.,15,2025-08-18T03:20:23.000Z,reddit
publix,"There’s three stores within a couple minutes in my house, I drive past one all the time because it’s one of the smaller stores in the aisles are super tight, it’s impossible to navigate due to all the old people clogging  the aisles. The parking lot it also very cramped and must test fate walking passed all the grand marquis blindly backing out of the handicap spots",7,2025-08-18T11:49:25.000Z,reddit
publix,Taking five hours at the deli meats “ no I said thin!”,5,2025-08-18T11:37:06.000Z,reddit
publix,"I quit Publix in 2012, but I still have nightmares about slicing ham for crazy old ladies",6,2025-08-18T11:56:58.000Z,reddit
publix,"Great band name. 

*Sliced Ham and The Crazy Old Ladies*",5,2025-08-19T02:15:12.000Z,reddit
publix,Not true at my store.  The elderly are not majority age. It’s families with children at my store.,12,2025-08-17T14:45:59.000Z,reddit
publix,"It's funny you say that cause in my area it's rare to even see children at Publix in general, let alone whole families. Definitely lots of elders though",5,2025-08-18T05:15:00.000Z,reddit
publix,"You don't see the kids because regardless of the age, they are sitting in the carts with their tablets.  I swear I think there is an epidemic of children who can't walk.

We saw a buggy with a kid sleeping in it, no one around.  We go over to make sure he's ok, his parents were around the next aisle.  The kid was 8 or 9ish.  I'm not talking about toddlers.",2,2025-08-19T15:52:36.000Z,reddit
publix,I just realized I don’t remember the last time I saw someone at Publix that wasn’t an elderly person or a young professional.,8,2025-08-17T18:53:14.000Z,reddit
publix,"Mostly in the morning, if you go in the afternoon all the elderly are already asleep at their homes...",2,2025-08-18T16:09:30.000Z,reddit
publix,Depends on location. The one I used to work at was *loaded* with 20 something’s women.,1,2025-08-19T17:40:36.000Z,reddit
publix,"I dont know if yall got Ingles down there , but Ingles takes the cake for having the oldest mfs possible shop there",1,2025-08-19T17:53:58.000Z,reddit
costco,"Costco lands victory with Supreme Court ruling against tarrifs Images:
	https://external-preview.redd.it/E1usiavXOrCyZvItRul9sWh6SewrU5-i6CtS6DicIKQ.jpeg?auto=webp&amp;s=f5d42e21d83f7df8a6836d8a988ff152f2801d8e",15525,2026-02-20T15:55:59.000Z,reddit
costco,"Every Costco Parking Lot [Meme] Artist: Matt Shirley

Source: https://www.instagram.com/p/DKP2h_QS3ao/?igsh=Zzliemg1OXBjando",16385,2025-05-29T22:02:44.000Z,reddit
costco,https://preview.redd.it/5qp9nehecpkg1.jpeg?width=3608&amp;format=pjpg&amp;auto=webp&amp;s=d41beeb31f3a58719574b79951a7fc43d1294362,950,2026-02-20T19:36:06.000Z,reddit
costco,"Posts that do not follow r/Costco subreddit rules **MAY** be subject to removal. 

**Reminder: No vague or non-descriptive post titles or availability questions.**

When applicable, please make sure that you're using a descriptive post title with product name(s) and/or exact question mentioned as it yields better subreddit search results. 

**Including item number, price, and approximate location or region where found is also helpful since product availability can vary.**


*I am a bot, and this action was performed automatically. Please [contact the moderators of this subreddit](/message/compose/?to=/r/Costco) if you have any questions or concerns.*",1,2025-05-29T22:02:45.000Z,reddit
costco,feels like buying those in bulk is a very good investment.  stick em in the linen closet until you need em.,266,2026-02-20T19:32:23.000Z,reddit
costco,I usually just park in the back if possible. Way easier than circling for a spot for 10 minutes,1878,2025-05-29T22:10:43.000Z,reddit
costco,"Not with this court, 90% of them are moldy before you open the pack",65,2026-02-20T23:30:42.000Z,reddit
publix,"This is getting out of hand... Almost $7 for 2 slices of wet bread, one slice of cheese, and 2 slices of roast beef? 

Publix, are you okay?",3327,2025-12-05T14:02:34.000Z,reddit
publix,"Agree. And if the back is full, then I probably don't even want to attempt going inside.",739,2025-05-29T22:30:50.000Z,reddit
publix,"We've got a cabinet of boutism, best I can offer",5,2026-02-21T02:36:15.000Z,reddit
publix,I went to Denny’s for the first time in at least 10 years yesterday and a side of toast (2 toasted slices of bread cut in half with butter) was $4.50. Food prices are insane right now.,340,2025-12-05T14:06:38.000Z,reddit
publix,"You could probably make a chart that had ""Available Costco parking spots Monday through Friday,"" which would feature a gradient color scheme that lightened the further away you got from the store's entrance. There's no need for a weekend chart because it would be monochromatic.",177,2025-05-29T22:43:28.000Z,reddit
costco,"I painted one of the Costco guys in watercolor was told you guys might like this. so here it is! Title is ""Piece of Meat""",16017,2025-09-03T12:43:00.000Z,reddit
costco,And there is always that one flavor that nobody wants.,135,2026-02-20T19:38:04.000Z,reddit
costco,Weekends are easy mode. Monday afternoon though? Holyyyyyyy.,44,2025-05-30T01:29:22.000Z,reddit
costco,"Posts that do not follow r/Costco subreddit rules **MAY** be subject to removal. 

**Reminder: No vague non-descriptive post titles or availability questions.**

When applicable, please make sure that you're using a descriptive post title with product name(s) and/or exact question mentioned as it yields better subreddit search results. 

**Including item number, price, and approximate location or region where found is also helpful since product availability can vary.**


*I am a bot, and this action was performed automatically. Please [contact the moderators of this subreddit](/message/compose/?to=/r/Costco) if you have any questions or concerns.*",1,2025-09-03T12:43:02.000Z,reddit
costco,I’d be more partial to Bennys filing dankruptcy,9,2025-12-06T13:47:01.000Z,reddit
costco,Damn jalapeno watermelon cucumber...,82,2026-02-20T20:25:12.000Z,reddit
costco,"I'm sure you took a photo and painted from the photo, but I'd really like to imagine that you rolled up with an easel and parked yourself until he took his lunch break. Don't break my heart and let me live this lie.",1149,2025-09-03T12:55:02.000Z,reddit
costco,I’d be dore bartial to Penny’s miling fankruptcy,6,2025-12-07T04:06:19.000Z,reddit
costco,"I call Tuesday morning ""hangover Costco"". People who work M-F tend to go on the weekends. People with out M-F jobs (like weekend workers or retirees) tend to have Monday off, so they go then. So Tuesday is like the hangover day where almost no one is waiting at the door before they open. Wednesday would work better being the middle of the week, but lots of the retirement communities bring busses in so the aisles are packed with old people just out for a look.",53,2025-05-30T02:19:41.000Z,reddit
costco,That sounds incredibly delicious.,39,2026-02-20T20:51:30.000Z,reddit
costco,The idea of painting plein air in a Costco is so unhinged. Theyd definitely escort me out of the building. I do paint outdoors though,903,2025-09-03T12:57:08.000Z,reddit
costco,Sounds like a great margarita to me!,2,2026-02-23T16:29:56.000Z,reddit
costco,"Well just because they filed for bankruptcy doesn't mean they're closing all stores but it is indicative of the potential for that to happen at some point, unless they already announced that's part of the plan.",5,2025-12-06T02:26:01.000Z,reddit
costco,If you ask first I bet they would allow it.,181,2025-09-03T14:44:09.000Z,reddit
costco,"Yeah Tuesday was the ""back to normal"" restock situation. Could also be parents starting their prepping for kids' summer vacations. 

Who am I kidding, though - my Costco is always slammed. It's not just the only store in my state, but also like 1/8 mile away from our much more populated southern neighbor. They have sales tax and we don't. You could probably guess which store is mine just from that info.",16,2025-05-30T03:57:09.000Z,reddit
costco,I'll take that if you don't want it,11,2026-02-20T22:19:57.000Z,reddit
costco,A giant watercolor mural at the meat section would go hard,175,2025-09-03T16:39:28.000Z,reddit
costco,"Bad news, so did the Bread company… Amazon selling it under cost, as he gains a bigger monopoly on goods by running other folks out of business … watch out medicine!.. Walgreens cvs local pharmacy’s are the target and once there gone, meds go up in price .. watch",2,2025-12-07T07:17:02.000Z,reddit
costco,Could work as a margarita,2,2026-02-21T16:56:27.000Z,reddit
costco,Im submitting that idea to my warehouse,2,2025-09-13T03:50:52.000Z,reddit
costco,"I was going to guess the one Costco in Delaware but it’s not that close to Maryland or Pennsylvania. So I assume based solely on no tax, the only store, and being close to the southern border, it’s NH? 

I also looked up the Costcos in Montana, another no sales tax state and it seems like most are built purposely on the states borders. Curiouser and curiouser.",3,2025-05-30T11:37:11.000Z,reddit
costco,"idk. I honestly think they’d allow it if you asked. 

I feel like as long as you 1) pick a time that isn’t too busy 2) don’t take up too much space and set up in a spot that minimizes being in the way of workers and shoppers 3) don’t make a mess
they might be chill with it.

every time I’m at costco I always see multiple clueless shoppers who randomly stop in the middle of a lane of flowing cart traffic and don’t realize like 4 people have to stop or go around them and then each of those 4 people cause the same effect and so on…. and I can imagine a scenario where you’re less disruptive than that. 

I like the painting. is it just for you or would you consider giving it to your meat man muse?",46,2025-09-03T21:21:46.000Z,reddit
costco,The end is near if you see waffle house filing bankruptcy.,3,2025-12-07T20:32:18.000Z,reddit
costco,Boof that one.,6,2026-02-20T23:14:21.000Z,reddit
costco,Also lots of deals starts on Wednesday.,6,2025-05-30T03:35:30.000Z,reddit
costco,Meat man muse is crazy lol but I dont think I could personally handle being in a grocery store while painting. Its just so much stimulation.,28,2025-09-04T02:33:52.000Z,reddit
costco,"Village inn got me that way. They charged me full price for every fountain drink refill, upcharged me $2 for the 3 chocolate chips that were in my “chocolate chip pancakes” and then another $3 for sprinkling cheese and onions slivers on hashbrowns. They also added in automatic gratuity",26,2025-12-05T15:35:25.000Z,reddit
costco,"Monday evening, everyone who has a weekday job but was out of town for the weekend is there resupplying. If Monday was a holiday, shift this to Tuesday evening but moreso.",5,2025-05-30T03:33:03.000Z,reddit
costco,Sounds like a Thomas to me.,2,2026-02-21T02:38:00.000Z,reddit
costco,Shop like they drive.,4,2025-09-03T23:37:10.000Z,reddit
costco,Exactly. You'll walk out breakfast for two 50.00 or more not careful. It's crazy,18,2025-12-05T18:18:43.000Z,reddit
costco,"It’s hard to explain how much I enjoy this joke. 

I know you can’t see or hear me, but I’m giving you a standing ovation. 

The people around me are grumbling about the clapping.

At least this time I’m wearing pants.",131,2026-02-20T20:04:16.000Z,reddit
costco,"I found the best days were Tuesday and Wednesdays. I'd go to the gym, then hit up Costco and ask my roommates what they needed or they would meet me. My dad is retired and he said the best time is within an hour of open.",3,2025-05-30T05:27:21.000Z,reddit
costco,I bet they would. I might actually go insane if I had to spend that long in a grocery store though,4,2025-09-03T14:45:19.000Z,reddit
costco,"This is true. I'm a tall guy and can eat. Coffee, hashbrowns with cheese and peppers and onions. Corn beef hash a biscuit gravy side plate with bacon and toast. Now include a tip. Comes out around $25-$30. It's kind of crazy. I remember diners giving a full stack plate of biscuits and gravy with coffee for $4. Whole family ate for $20. It sucks now. I miss the 90's.

Edit: spelling",8,2025-12-07T14:48:45.000Z,reddit
costco,Friday afternoons here. We're the closest Costco to the majority of the population of Wyoming and it seems like they all decided that Friday afternoons is when they all come down.,4,2025-05-30T02:54:19.000Z,reddit
costco,Totally unhinged and that's why my imagination likes it. I looked at some of your other posts and it makes me wanna give watercolor a revisit. Your stuff is amazing!,42,2025-09-03T15:45:48.000Z,reddit
costco,Somehow that felt like a haiku,14,2026-02-20T22:06:26.000Z,reddit
costco,$65 after their gratuity,7,2025-12-05T20:58:30.000Z,reddit
costco,Payday is usually Friday. I’ve had the best luck Thursdays because a lot of people are broke waiting for Friday,5,2025-05-30T18:06:47.000Z,reddit
costco,Naw ill just walk out and never come back lol,2,2025-12-06T02:22:47.000Z,reddit
costco,You should! Watercolor is truly the best,18,2025-09-03T16:02:48.000Z,reddit
costco,Am employee. I would walk by without a word and then walk by again in a bit to see what you've got so far. I'd probably ask you to bring it by my department when you're done so I could see the finished product.,41,2025-09-03T16:34:17.000Z,reddit
costco,"Yup. If the back is full, I'll drive the 15 minutes back home.",26,2025-05-30T00:36:26.000Z,reddit
costco,"I used to enjoy Village Inn back in the day, great pies to go.",3,2025-12-05T21:07:12.000Z,reddit
costco,It reminds me of the couple who got married in an ALDI recently...,14,2025-09-03T16:25:13.000Z,reddit
costco,Same with Denny’s. They were called Mother Butler’s Pies. Long gone now. Just a faint memory.,5,2025-12-06T05:52:19.000Z,reddit
costco,I wish the happy couple ALDI best.,32,2025-09-03T17:46:30.000Z,reddit
costco,"Whoa, memory unlocked. In my 20s, drunk and exhausted after a night at the club (alt, not like …. a pop nightclub). We go to Denny’s and every time I remark on how the sign looks like it reads MOTHER BUTLER DIES. 

It was at that Denny’s that my bestie and I could not remember Madame’s human handler. From across the room: “WAYLAND FLOWERS!!!” and a friendship was born.",2,2025-12-07T05:27:46.000Z,reddit
publix,"Just finna leave this here. It warms my heart to know that we all work soooo hard to get this man his salary!. 🥰🤗

I know this a lil late since he isn't CEO anymore, but it shows the insane compensation disparity. This is from 2023.

https://www.tampabay.com/news/business/2022/12/14/these-are-tampa-bays-20-highest-paid-ceos/",3097,2025-05-23T15:05:37.000Z,reddit
publix,"The median salary for full-timers is $45,890? What fantasy world is this?! I’ve been FT grocery since ‘08 &amp; I make $10K less than that - at a busy-ass store.",354,2025-05-23T16:05:06.000Z,reddit
publix,"They probably factor full-time management into that equation.

Edit: I forgot about warehouse and corporate.",184,2025-05-23T16:11:16.000Z,reddit
publix,"That's likely what they're doing. That's $22+ an hour, which is more than most position maxes outside meat cutters in general stores",70,2025-05-23T16:23:49.000Z,reddit
publix,This plus that inflated total rewards number they’re starting to send every year..,21,2025-05-23T16:47:29.000Z,reddit
publix,They’re factoring every corporate position in this too. Publix isn’t just retail workers we have a whole side of corporate workers as well,16,2025-05-23T17:11:34.000Z,reddit
publix,"I would posit that a majority of employees are on the retail side, and most likely part time.",11,2025-05-23T17:12:36.000Z,reddit
publix,"They’re probably counting things like health insurance and other things like stocks, not just the actual gross pay itself.",7,2025-05-23T18:43:17.000Z,reddit
publix,More than likely I’m an assistant bakery manager and they sent me a thing in the mail at the beginning of this year saying I “made 69k with all my stuff combined”. I only make 50k last year,7,2025-05-23T18:48:40.000Z,reddit
publix,Assistant only 50k? Wow I thought you guys made more. Publix execs are really siphoning all profit upward,2,2025-05-23T18:51:58.000Z,reddit
publix,Brother how? I was full time deli last year and made a little over 40k for the year. $18.10 per hour. I know grocery isn't far off from deli pay scale so this is impossible. You should be maxed out if you started in 2009. You're getting screwed hard at your store or you're lying.,18,2025-05-23T18:46:00.000Z,reddit
publix,that’s what i’m saying. 35k a year in 2025 is absolutely nefarious,11,2025-05-24T04:42:36.000Z,reddit
publix,"It probably accounts for corporate positions, as well as management. So if that's the median, exactly half the associates make more and the other half make less.",3,2025-05-23T19:27:40.000Z,reddit
publix,Since '09? Only making $35K? Why are you still there?,5,2025-05-23T19:02:18.000Z,reddit
publix,"You guys don’t make near 46k with stocks and OT?

![gif](giphy|XCmFwjt9wPotobw1xn|downsized)",3,2025-05-23T18:53:46.000Z,reddit
publix,"FT grocery, you should be atleast 17-19/20$ an hr. How are you making 35k a year?",2,2025-05-23T17:27:20.000Z,reddit
costco,Executive Members entering Costco at 9am be like…. Felt great to run in and out so quickly without fighting a crowd!,14759,2025-07-22T20:28:49.000Z,reddit
costco,"Posts that do not follow r/Costco subreddit rules **MAY** be subject to removal. 

**Reminder: No vague non-descriptive post titles or availability questions.**

When applicable, please make sure that you're using a descriptive post title with product name(s) and/or exact question mentioned as it yields better subreddit search results. 

**Including item number, price, and approximate location or region where found is also helpful since product availability can vary.**


*I am a bot, and this action was performed automatically. Please [contact the moderators of this subreddit](/message/compose/?to=/r/Costco) if you have any questions or concerns.*",1,2025-07-22T20:28:52.000Z,reddit
costco,"Hahaha!! I feel seen. 

Seriously, I was shocked at how many of my friends with families  that don't have executive memberships. With the executive memberships 2% back, wrapped in with the Costco Visa's generous percent back, we easily pay for our executive membership and get a fat check every year. Frickin love Costco. The early entry is just a cherry on top!",1093,2025-07-22T20:44:44.000Z,reddit
costco,"We've already pretty much decided we're only shopping during early hours. In the LA area, there's NEVER a time where Costco's aren't crazy busy, but now between 9 - 10AM.. they're actually bearable!",300,2025-07-22T20:54:40.000Z,reddit
costco,"I’m on the other side of the country, but my Costco is empty at 9.  I couldn’t believe it at first.  By 10am, this isle would be packed.  This is a Saturday, BTW.

https://preview.redd.it/3y59dccw2qef1.jpeg?width=1536&amp;format=pjpg&amp;auto=webp&amp;s=5c5612f913023f3f686f2714314a323311df8288",44,2025-07-24T01:10:58.000Z,reddit
costco,"Yup. If we know we just need a few goods, we make the drive to the Business Center in Commerce. We’re between Los Feliz, Alhambra, and Burbank, which are never not insanely packed.",24,2025-07-23T04:27:24.000Z,reddit
costco,"Antelope Valley needs a business center because Lancaster is always a shit show. I don't know when to go when it's NOT busy. I've been literally at 10 a.m. in the middle of the week and nope, still busy AF.",3,2025-07-24T23:13:57.000Z,reddit
publix,"Luck was on my side this weekend Images:
	https://preview.redd.it/ng84trnt5tqg1.jpeg?auto=webp&amp;s=f0c4136b65c507877f5a8ba014a8adb9d885eadd",2956,2026-03-23T14:50:59.000Z,reddit
publix,Someone wasn't paying attention to the scale lol,365,2026-03-23T15:28:16.000Z,reddit
publix,"Same! And it’s easy to get the things that people usually hoard, like rotisserie chicken!",7,2025-07-23T04:27:48.000Z,reddit
publix,"Might have been the sticker that was used to test the printer. 

I did have someone charge me for a single wing once. I even told the cashier but she shrugged and didn't ring it up as 6. I took the win and enjoyed my wings.",9,2026-03-26T06:43:51.000Z,reddit
publix,now if they only refunded the difference in coupon items back to the visa within 30 days automagically? bonus.,73,2025-07-22T20:54:56.000Z,reddit
costco,Never Forget. The Supreme. It's not OK,14496,2025-10-11T14:25:03.000Z,reddit
costco,"I’d imagine Costco is losing money (aka lower profit) when they do complimentary refunds, so I don’t see why they would make it automatic.

For example, if Costco has an agreement with the vendor to have a lower price in July, but you bought it in June, Costco will sacrifice their margins giving you the difference.

Now there’s the whole “return and rebuy” aspect but most people won’t bother to go through the effort.",45,2025-07-22T20:58:49.000Z,reddit
publix,"Why do people do this If you do this….. just know, I have beef with you

Also, if you work at Publix or any grocery store and have gotten carts before, do you also hate when customers do this?",2964,2026-01-31T12:40:11.000Z,reddit
publix,"Am I the only one that feel like they get enough value out of Costco that these tactics are unnecessary? Like maybe on a big ticket item, but saving $4 on a jar of pickles because they went on sale a month after purchase feels dirty.",54,2025-07-22T23:43:59.000Z,reddit
publix,"I would argue that this is a sign. Another cart corral needs to be added somewhere near there. I had this same problem at a Lowe’s and the SM refused to have another added because the lot was already too small a tight… they added one about 3 months after I left and expanded the garden section to take up a whole row of the parking lot

Edit: thanks for the award! 

Edit 2: GUYS. I KNOW PEOPLE ARE LAZY. That’s why I suggest to better design around said laziness. I also understand it’s not full proof, I’ve been to grocery stores myself. But 1 or 2 not correctly placed is better than 7 or 8. It’s the shear number that shows the issue being design, not that cart being out itself.

Edit 3: I do not care about the typos. I’m gonna leave them. I’m human, I make mistakes.",503,2026-01-31T12:47:18.000Z,reddit
publix,"Posts that do not follow r/Costco subreddit rules **MAY** be subject to removal. 

**Reminder: No vague non-descriptive post titles or availability questions.**

When applicable, please make sure that you're using a descriptive post title with product name(s) and/or exact question mentioned as it yields better subreddit search results. 

**Including item number, price, and approximate location or region where found is also helpful since product availability can vary.**


*I am a bot, and this action was performed automatically. Please [contact the moderators of this subreddit](/message/compose/?to=/r/Costco) if you have any questions or concerns.*",1,2025-10-11T14:25:05.000Z,reddit
publix,"Hi External_Shoulder_14, I am the bot of r/publix.  My job is to help weed out spam accounts, but sometimes nab real users in the process. Your account is either less than a week old or is an account with negative/low karma, so the AutoModerator has removed your submission. Please message the Mod team for approval. Confused about karma? [A Guide to Reddit Karma](https://www.reddit.com/r/NewToReddit/comments/cncbt1/a_guide_to_reddit_karma/) for more information

*I am a bot, and this action was performed automatically. Please [contact the moderators of this subreddit](/message/compose/?to=/r/publix) if you have any questions or concerns.*",2,2026-03-24T12:37:41.000Z,reddit
publix,I think that’s why a lot of people don’t bother.,17,2025-07-22T23:50:28.000Z,reddit
publix,We didn’t know what we had until it was gone 😩,492,2025-10-11T14:32:45.000Z,reddit
publix,"Yeah, I always take my carts back. Even if it's a ridiculous chore. But damn there are some cart corral deserts in this world.

The only exception was when I had small children that I couldn't leave for a 200 yard trip haha.",120,2026-01-31T13:22:53.000Z,reddit
publix,We see what they're done for others with the bulgogi pizza,94,2025-10-11T15:40:24.000Z,reddit
publix,"If you see the return line as a disincentive then you're probably the average customer in this regard.

Discount programs that require labor on your part are designed to give the discount only to the most price sensitive of us, such that it gives them a feeling of pride an accomplishment for ""earning"" a deal.  Most smaller stores set it such that the discount's value proposition is actually negative for most people.",15,2025-07-23T00:05:25.000Z,reddit
publix,"I’m one of those people who is obsessive about getting in 10k steps per day, so I have no problem walking the cart back to the store, it triples my steps!",38,2026-01-31T17:08:18.000Z,reddit
publix,the WHAT,19,2025-10-11T16:37:09.000Z,reddit
publix,That’s not 0.01 lbs. of meat,18,2026-03-23T17:19:54.000Z,reddit
publix,"Within 30 days of purchase, you can get a price adjustment if things go on sale. There’s no need to return and rebuy. Just bring the receipt to the special adjustment register that’s off the side of the normal check out lines and wait/ask for an employee to do it. I do consider returning items, especially used, after the 30 day limit with the intention to repurchase to be an unscrupulous hack.",6,2025-07-23T04:55:13.000Z,reddit
publix,"Just wanted to up vote you bc you're absolutely right. I always take my cart back with the exception of when my children were small and I couldn't leave them in the car unattended that long bc they would freak out. It's not simply about convenience, it's sometimes necessary. I used to get annoyed when people left their carts, but I've become a lot softer about it after being forced to myself bc there ain't a cart corral within 150 feet of the available parking spots.",23,2026-01-31T17:32:31.000Z,reddit
publix,[bulgogi pizza.  ](https://www.reddit.com/r/Costco/comments/1o1k29i/yangae_seoul_korea_costco_food_court_bulgogi/)I need this.,25,2025-10-11T19:25:55.000Z,reddit
publix,I hope you bought them all and went through self check out.,231,2026-03-23T15:30:04.000Z,reddit
publix,It's things like this that make you think twice about judging ñothers.,6,2026-02-01T05:22:11.000Z,reddit
publix,"Holy crap didnt know about the 2% and I've bought sheds, sofas, all sorts defo would have paid for itself. 

Balls.",20,2025-07-22T21:14:37.000Z,reddit
publix,Why would it matter? Publix promise states that if it rings up for the wrong price you get it free,195,2026-03-23T15:39:05.000Z,reddit
publix,They need to start opening a world-wide costco in every major city that cycles through the products from costcos all around the world.,3,2025-10-26T01:15:00.000Z,reddit
publix,"I parked next to the cart corral when I had small ones with me. Cart usually available right away, quick and easy cart disposal when you're done.",5,2026-02-01T20:34:33.000Z,reddit
publix,You Costco doesn't automatically enroll you in it when you buy big ticket items? Mine did luckily,6,2025-07-23T05:08:49.000Z,reddit
publix,I miss bulgogi pizza,3,2025-10-12T02:34:15.000Z,reddit
publix,Self checkout keeps the butcher person from getting canned 🤫,247,2026-03-23T15:49:38.000Z,reddit
publix,Bulgogi pizza sounds amazing wheres that at,3,2025-10-11T17:41:30.000Z,reddit
publix,I work for people who are paralyzed and don't always want to walk all the way back and leave them in a running vehicle for too long. I could just see someone jumping in the can and taking off with them,18,2026-01-31T15:57:25.000Z,reddit
publix,Lol fair,30,2026-03-23T15:51:33.000Z,reddit
publix,They would fire him/her over making a mistake on the price of two burgers? jeez.....,25,2026-03-23T16:22:12.000Z,reddit
publix,Jumping in the can? Where are you leaving them?,9,2026-02-01T00:03:43.000Z,reddit
publix,"Korea, probably?",7,2025-10-11T18:05:04.000Z,reddit
publix,The nearest porta-potty,3,2026-02-01T05:46:53.000Z,reddit
publix,Polish dog :'(,11,2025-10-11T20:52:56.000Z,reddit
publix,"I can help it of they is so poor all they can afford is a can on wheels. And yes, I do have to run to catch up with them after I leave them in it with it running",3,2026-02-01T02:19:12.000Z,reddit
publix,They certainly wouldn’t be getting promoted over it,72,2026-03-23T16:24:50.000Z,reddit
publix,Chopped onions and the deli mustard 😭,3,2025-10-12T04:20:50.000Z,reddit
publix,"Also, I’ve seen several reasons why. A mom with a baby in her arms, an elderly man that has trouble walking, someone with a baby they have placed in the car and don’t want to walk away from. It’s not always that people are lazy. These are just examples of things I’ve seen over the years. Just another perspective🙂",3,2026-01-31T18:55:26.000Z,reddit
publix,Funny the down votes. People approving of someone getting fired over a simple mistake. I own 3 vape shops and if a good employee misrings something and it's not habitual I would never think of firing them. This from the company that charges double what most places charge on a lot of items lol. Great company.,48,2026-03-23T16:55:04.000Z,reddit
publix,"Awhile back, a Publix person on here said they can't always have cart corrals in certain spots due to leasing agreements (something like that).  Ours doesn't have corrals anywhere on one side and it's a pain.",28,2026-01-31T13:00:24.000Z,reddit
publix,The Combo!,1026,2025-10-11T14:27:20.000Z,reddit
publix,Why are you overexplaining yourself in response to *downvotes*,5,2026-03-24T17:32:54.000Z,reddit
publix,"When I worked at Publix, none of them had cart corrals because the policy was to take every customer out so there was no need for them.",12,2026-01-31T15:56:47.000Z,reddit
publix,"What is even more upsetting is that the combo calzone exists. They have the ingredients to make it, they just won't.",541,2025-10-11T15:14:35.000Z,reddit
publix,Now they don’t ask.,13,2026-01-31T17:49:20.000Z,reddit
publix,I believe the combo calzones are pre made,178,2025-10-11T15:18:47.000Z,reddit
publix,Those were the days…,6,2026-02-01T01:51:10.000Z,reddit
publix,I mean I get it but at the same time if they used frozen veggies on a combo pizza I wouldn't be mad.,111,2025-10-11T15:57:55.000Z,reddit
publix,Not over explaining myself because of down votes. Probably explaining my stance instead of one sentence.,4,2026-03-24T17:59:32.000Z,reddit
costco,"Enlightenment sold in bulk Saw this on another sub, figured it belongs here",13687,2025-12-18T21:34:29.000Z,reddit
costco,"Posts that do not follow r/Costco subreddit rules **MAY** be subject to removal. 

**Reminder: No vague non-descriptive post titles or availability questions.**

When applicable, please make sure that you're using a descriptive post title with product name(s) and/or exact question mentioned as it yields better subreddit search results. 

**Including item number, price, and approximate location or region where found is also helpful since product availability can vary.**


*I am a bot, and this action was performed automatically. Please [contact the moderators of this subreddit](/message/compose/?to=/r/Costco) if you have any questions or concerns.*",1,2025-12-18T21:34:31.000Z,reddit
costco,I’m enlightened and proud of it. I wear my full-on Costco outfit right in and stand in front of the pile proudly telling everyone who stops how I rate the fit.,1086,2025-12-18T21:40:20.000Z,reddit
costco,Buying clothes and socks at Costco is one level of enlightenment. Buying shoes there is the next level. I wonder how many people buy shoes there like me,301,2025-12-18T22:06:31.000Z,reddit
costco,I just took off my pair of Pumas I got at Costco.,108,2025-12-18T22:20:35.000Z,reddit
costco,I wish Costco stocked New Balance instead.,57,2025-12-19T01:48:37.000Z,reddit
costco,I wear my Hoka’s from Costco 24/7,39,2025-12-19T02:51:01.000Z,reddit
costco,Hoka’s?! I need to upgrade my Adidas from Costco stat.,38,2025-12-19T02:59:20.000Z,reddit
costco,They used to carry the Clifton. It was sold out instantly.,13,2025-12-19T07:16:45.000Z,reddit
costco,Hoka at Costco? Which model? Lead the way sifu,18,2025-12-19T05:47:22.000Z,reddit
costco,"...they have some listed on their website.

[Men's shoes](https://www.costco.com/mens-footwear.html)

[Women's shoes](https://www.costco.com/womens-footwear.html)",13,2025-12-19T07:20:01.000Z,reddit
costco,Your Costco has Hoka’s??!! LUCKY 😤,8,2025-12-19T04:51:11.000Z,reddit
costco,"I've never seen Hoka at Costco. I do see a lot of $30 sneakers that make me feel a bit sus about the quality. Maybe they're good, idk. I've bought some shirts and shorts though, fwiw.",3,2025-12-19T11:00:48.000Z,reddit
costco,"You can order them online! 😀They have a variety of options. Here is one of the options.

https://preview.redd.it/7xiganq2i58g1.jpeg?width=960&amp;format=pjpg&amp;auto=webp&amp;s=e7da5623fcf9ee518c287e8b810f4b375e6e5688",3,2025-12-19T12:02:30.000Z,reddit
costco,I bought the pumas and they the worst shoes I’ve ever owned.,3,2025-12-19T14:00:38.000Z,reddit
costco,"https://preview.redd.it/1iep6ikvud8g1.jpeg?width=554&amp;format=pjpg&amp;auto=webp&amp;s=d08d7e20ffd53a689baef5f0ec2ae6f58efaabac

Predator shoes",2,2025-12-20T16:08:29.000Z,reddit
publix,"Your typical Publix Manager Images:
	https://preview.redd.it/yvenc1majzyf1.jpeg?auto=webp&amp;s=03579dedff777563a93167d95b20354582bd7282",2939,2025-11-03T06:21:24.000Z,reddit
publix,"My old CSM reminded me exactly of this mf too

https://preview.redd.it/q7y6olpcn1zf1.jpeg?width=606&amp;format=pjpg&amp;auto=webp&amp;s=24382b62c77113928c7cc6be19d1a9aff211cd52",136,2025-11-03T13:27:42.000Z,reddit
publix,"This is making the rounds. Legit? Images:
	https://preview.redd.it/xnfvkrxm1h4g1.jpeg?auto=webp&amp;s=31e40f0d7fd0b3ad0696bf00896cd2701462753b",2957,2025-11-30T22:35:10.000Z,reddit
publix,This is how I picture every CSTL in my head.,0,2025-11-06T01:54:42.000Z,reddit
publix,https://preview.redd.it/ekc2cfbq2h4g1.jpeg?width=719&amp;format=pjpg&amp;auto=webp&amp;s=26cd50a933d336b8fcd675f175ad1bd8be69bcca,368,2025-11-30T22:41:19.000Z,reddit
publix,"They either have that or buzz cut, or bald",159,2025-11-03T06:54:12.000Z,reddit
costco,"If only I had the disposable income I would Images:
	https://preview.redd.it/gbnvlcwtbfjf1.jpeg?auto=webp&amp;s=8a10f8f88a46e172b2504c709f7afc0afceeac5a",13477,2025-08-16T18:22:10.000Z,reddit
costco,He should have turned around and proposed to the girl who is celebrating.,97,2025-11-30T22:50:47.000Z,reddit
costco,Sooo like 90% of guys?,31,2025-11-03T23:32:49.000Z,reddit
costco,"Posts that do not follow r/Costco subreddit rules **MAY** be subject to removal. 

**Reminder: No vague non-descriptive post titles or availability questions.**

When applicable, please make sure that you're using a descriptive post title with product name(s) and/or exact question mentioned as it yields better subreddit search results. 

**Including item number, price, and approximate location or region where found is also helpful since product availability can vary.**


*I am a bot, and this action was performed automatically. Please [contact the moderators of this subreddit](/message/compose/?to=/r/Costco) if you have any questions or concerns.*",1,2025-08-16T18:22:14.000Z,reddit
costco,i’m saying. “all the male publix managers look like dudes”,5,2025-11-05T04:01:56.000Z,reddit
costco,That could have been the coolest moment in history. It may have ended entropy as we know it.,19,2025-12-01T00:27:00.000Z,reddit
costco,Opening bid $1.50.,3955,2025-08-16T18:24:49.000Z,reddit
costco,"Bald, as I pulled mine out along the way up",1,2026-02-17T02:53:41.000Z,reddit
costco,You just taught me a new word 🤯🤣,3,2025-12-01T02:13:58.000Z,reddit
costco,"I was at Publix and there was no paper towels by the sink but someone was in the stall. So, I waited and waited and waited and then I noticed the guy in the stall was very tall and he was peeking at me. Well, fuck him I need to blow my nose! So I continued to wait. Oh he had flushed and run the sink btw. So I continue to wait. Long fucking time people. It's awkward cuz I'm just standing there with my nose running. Anyway he finally comes out and it's the Publix store manager. He finally leaves and I blow my nose and split but when I exit the bathroom he's at the end of the hall like waiting for me and as soon as he sees me exit the bathroom he vroom vrooms it on back to whatever he wasn't doing! I don't think I look homeless or like a drug addict but who knows? I think I was wearing a backpack but I can't remember for sure. Anyway, moral of the story is Publix managers are fkn weirdos for sure!",49,2025-11-03T10:40:54.000Z,reddit
costco,Bro looks like Sal Vulcano from impractical jokers,12,2025-11-30T23:56:34.000Z,reddit
costco,"Sorry, increments of $1.50 only.",407,2025-08-16T18:28:30.000Z,reddit
costco,"He prob didn’t want you to know that the store manager was taking a shit. So he waited, and waited, and waited… but you won the awkward war.",61,2025-11-03T12:08:41.000Z,reddit
costco,"""Sal, for your punishment, all you have to do is find the woman with the pink backpack and ask her to marry you.""",11,2025-12-01T00:00:05.000Z,reddit
aldi,"Mosi loves his new couch Images:
	https://preview.redd.it/395agn94xtng1.jpeg?auto=webp&amp;s=329ea26e7b33c2c4658410268810cc1460d98b7d",7363,2026-03-08T14:11:35.000Z,reddit
aldi,"Posts and comments that don't follow r/aldi subreddit rules may be subject to removal. No Ai. Please see rules for more information. Please no false reports. This comment is completely automated.       


*I am a bot, and this action was performed automatically. Please [contact the moderators of this subreddit](/message/compose/?to=/r/aldi) if you have any questions or concerns.*",1,2026-03-08T14:11:37.000Z,reddit
aldi,TY OP. This is also how i sleep on the couch,665,2026-03-08T14:17:30.000Z,reddit
aldi,Thank you for the suggestion to post here!,77,2026-03-08T14:18:02.000Z,reddit
aldi,"Holy crap….I actually won a gift card from the receipt survey! Cannot believe I actually won this, I just saw a post from someone the other day asking if anyone actually wins these and the next day I got one in the mail!  I am honestly shocked",41940,2025-12-22T22:32:57.000Z,reddit
aldi,This would be me on a summer break late afternoon nap then waking up not knowing where I was or what time it was.,50,2026-03-08T14:41:31.000Z,reddit
aldi,is this also how you tug your tail ?,5,2026-03-08T15:10:31.000Z,reddit
aldi,That cat is a unit!!!,286,2026-03-08T14:39:05.000Z,reddit
aldi,r/chonkers,69,2026-03-08T14:46:56.000Z,reddit
aldi,r/dechonkers,33,2026-03-08T14:50:55.000Z,reddit
aldi,There’s always another cat sub 😆,19,2026-03-08T14:52:31.000Z,reddit
aldi,"I thought that was the sub I was looking at, not Aldi",5,2026-03-08T21:50:40.000Z,reddit
aldi,Animal abuse.,4,2026-03-08T15:56:27.000Z,reddit
aldi,"Yep. Underrated comment and no idea why you’re being downvoted. The fact people think overweight animals is ‘so cute’, whilst shortening their life span is wild to me. Yeh.. they really love their animals.",14,2026-03-08T19:01:02.000Z,reddit
aldi,"Stop reporting the post, holy moly. It's not advertising, it's not a spam post. This is the second person who has actually won the survey gift card, proving it's not a bunch of bunk for feedback. The post is staying up.",1,2025-12-23T08:46:32.000Z,reddit
aldi,It infuriated me to see this picture.,2,2026-03-26T04:42:45.000Z,reddit
aldi,Okay people actually win these holy shit. I’m gonna do the survey every time. Congrats!!!,1384,2025-12-22T22:46:15.000Z,reddit
aldi,Oh lawd he coming!,16,2026-03-08T16:26:36.000Z,reddit
aldi,![gif](giphy|ztx5OISHSwlmLvSetd|downsized),254,2025-12-22T23:50:31.000Z,reddit
aldi,Was going to post same r/absoluteunit,11,2026-03-08T15:43:23.000Z,reddit
aldi,My ex won an iPad from a KFC survey once... I always complete those surveys now,172,2025-12-23T00:50:38.000Z,reddit
aldi,"My dad won a fuckin Xbox from Taco Bell. When you turn it on, it does the bell sound from their commercials lol.",378,2025-12-23T00:56:12.000Z,reddit
aldi,omg that’s awesome,94,2025-12-23T01:15:24.000Z,reddit
aldi,"The worst part is this man barely used it, like I think he used it to watch Netflix and occasionally my nephew would game on it whenever he was over at his house... I might have to see if I can steal it from him lol",70,2025-12-23T02:25:52.000Z,reddit
aldi,You definitely should bc that sounds awesome lol its cool it makes the taco bell noise,46,2025-12-23T02:42:56.000Z,reddit
aldi,I feel like a collector would pay extra for that.,39,2025-12-23T03:56:52.000Z,reddit
aldi,"Yes i would, and smile ear to ear. While drinking a baja blast ofc.",28,2025-12-23T08:31:53.000Z,reddit
aldi,"Dude Thats probably super collectible to the right person, might be worth looking into if it’s worth a few thousand sell it and get a new model

Edit: either way though Thats really cool, the bell sound.",9,2025-12-24T18:59:15.000Z,reddit
aldi,"yep i had a friend years ago that won one of those from them.

a few months ago one of my mother's coworkers, her son won like 50k or 100k off a $2 scratch-off ticket from a gas station in our small rural town. so, it happens.",34,2025-12-23T02:34:28.000Z,reddit
aldi,A lady at my job won $50k from Publisher's Clearing House before the pandemic. The prize patrol showed up there with a giant fake check and a camera crew.,30,2025-12-23T02:43:17.000Z,reddit
aldi,holy crap had no idea that was still a thing,22,2025-12-23T03:06:30.000Z,reddit
aldi,"Later on, this all involved fraud, didn't it?",2,2025-12-23T07:15:38.000Z,reddit
aldi,Every day we drift further from god Was out shopping with the significant other when we walked passed this abomination. We laughed about how absurd of a combination it was. Like who thought this was a good idea and how many other people had to pretend it was good for it to end up on the shelves? As a prank we bought it and ate it in one sitting,7214,2026-04-17T19:28:18.000Z,reddit
aldi,"Posts and comments that don't follow r/aldi subreddit rules may be subject to removal. No Ai. Please see rules for more information. Please no false reports. This comment is completely automated. Your post has not been removed. This automated comment appears on all posts.        


*I am a bot, and this action was performed automatically. Please [contact the moderators of this subreddit](/message/compose/?to=/r/aldi) if you have any questions or concerns.*",1,2026-04-17T19:28:21.000Z,reddit
aldi,Adding 7 Up or Sprite to cake mix is a pretty common thing.,3179,2026-04-17T19:32:42.000Z,reddit
aldi,"We had to make sure so we ate it in one sitting. Nothing happened so we got another, then another. Anyways long story short these are delicious and I'm banned from my local Aldi, if anyone can spare a cake or two",1432,2026-04-17T19:58:14.000Z,reddit
aldi,"If you are a cake connoisseur like me and like coconuts, try this

https://www.justapinch.com/recipes/dessert/cake/coconut-creme-better-than-sex-cake-2.html",177,2026-04-17T20:06:50.000Z,reddit
aldi,Coconuts are solid! Just tried making it but I'm not sure it turned out right? https://imgur.com/a/CXjE7HZ,170,2026-04-17T20:19:19.000Z,reddit
aldi,Found on TikTok We need more content like this.,7070,2025-10-27T22:02:26.000Z,reddit
aldi,It looks like you made the 7up cake again,75,2026-04-17T20:31:57.000Z,reddit
aldi,I love these posts. My family suffers from “can’t think of any meal besides the four that we have had on rotation for the past ten years” syndrome,1991,2025-10-27T22:28:45.000Z,reddit
aldi,Check out “recession chef” on TikTok and Instagram. He shows these kind of meals and how to prepare them,318,2025-10-27T23:26:18.000Z,reddit
aldi,You got me,35,2026-04-17T20:32:22.000Z,reddit
aldi,Him and Townsends on some of the Victorian era recession food for some real old school struggle meals.,74,2025-10-27T23:37:26.000Z,reddit
aldi,Lines After Self-Checkout Removal These lines with only 2 cashiers are driving me crazy 😩😩 does anyone know why they removed self-checkout? Too much theft?,6346,2025-10-13T18:07:17.000Z,reddit
aldi,*angrily upvotes*,33,2026-04-17T23:17:42.000Z,reddit
aldi,We discovered Townsends last night with their Forgotten  Hot Drinks of History video and ended up having tea before bed last night 😅 immediate subscribe.,40,2025-10-28T01:10:57.000Z,reddit
aldi,"&gt;  Victorian era recession food

example?",9,2025-10-28T02:43:55.000Z,reddit
aldi,Haaa same,6,2026-04-18T00:04:01.000Z,reddit
aldi,I live in an area where we never got self checkout. The cashiers go so fast and set up the next line to call for backup and the crowds die down rather quickly,2018,2025-10-13T18:20:07.000Z,reddit
aldi,"For example, one kind of big deal is meat and soup/stew. You were able to feed more people nutrients by putting meat into a soup or stew than you were able to by giving cooked meat. This was mostly because you got a broth that had some nutrients in it that could be shared with more people.

Beans, grains, soups, and breads. Even covering the shortage of wheat in England leading to using potatoes and other grains for breads because flour was too expensive. Of course they also used a bit of ash and maybe sawdust too, but yeah.",26,2025-10-28T03:37:39.000Z,reddit
aldi,From my experience aldi cashiers are very fast and efficient.   It’s usually the customers that slow it down.,979,2025-10-13T19:30:31.000Z,reddit
aldi,"Yep, like waiting until the cashier's done ringing everything up to dig around in their wallet or purse for their credit card. Like, you couldn't have had that ready to go?  Or God forbid dig around for their money if they're paying cash.",313,2025-10-13T20:21:21.000Z,reddit
aldi,"Not just ready to go, it can be scanned before the cashier is done.",141,2025-10-13T20:35:43.000Z,reddit
aldi,"Oh, maybe this bread contains alum and chalk,

Or sawdust chopped up very fine,

Or gypsum in powder about which they talk,

Terra alba just out of the mine.

And our faith in the butter is apt to be weak,

For we haven’t a good place to pin it

Annato’s so yellow and beef fat so sleek,

Oh, I wish I could know what is in it?

-government food chemist Harvey Wiley",10,2025-10-28T15:40:32.000Z,reddit
aldi,"Ah the more things change, the more they stay the same.",4,2025-10-28T15:44:51.000Z,reddit
aldi,"when i was a cashier it made me so mad when people did that. now, if i make a mistake it involves a refund rather than just taking it off the computer",66,2025-10-13T21:30:02.000Z,reddit
aldi,"Beans and rice(at least nowadays, back then they didn't know rice was the king of caloric efficiency) are the O-mothafuckin-G of sustenance in poverty.",6,2025-10-28T16:48:13.000Z,reddit
aldi,The cashiers by me tell people to swipe while they’re scanning…,63,2025-10-13T21:36:44.000Z,reddit
aldi,"A big part of that is because you get all the essential amino acids when you mix rice and beans.

Rice is low in the amino acid lysine, while beans are low in the amino acid methionine. The two foods complement each other's amino acid profiles.",3,2025-10-30T13:30:14.000Z,reddit
aldi,Okay I nearly spit my food out laughing 🤣,11,2026-04-18T00:02:19.000Z,reddit
aldi,50% of the customers just stare at you when you tell them that and don’t do it. It’s like there’s a spot on the floor that puts them into sleep mode.,7,2025-10-14T10:56:19.000Z,reddit
aldi,"Yep!

I like stuffed cabbage as a poverty dinner too. Pound of beef, 1/2 cup of rice to stretch it out, diced tomatoes, and some salt and pepper mixed together. Boil a cabbage, trim the stem out, put the mix in the leaf, roll it, and put it in a pan. Pour more diced tomatoes on top and make sure the liquid coats the bottom of the pan, cover, and bake.",2,2025-10-28T16:54:06.000Z,reddit
aldi,Similar to the Polish gołąbki.,2,2025-10-30T13:31:59.000Z,reddit
aldi,"I used to work at blockbuster.   On a Friday night the line was easily 20-30 minutes.  If someone got to the front and had to dig in their purse or flip through their wallet, I would take the next person.   I know you can’t do that at the grocery store, but it rarely happened twice to the same person.",56,2025-10-13T21:47:59.000Z,reddit
aldi,![gif](giphy|wR7LHlfuRUjHW|downsized),2,2026-04-19T01:48:19.000Z,reddit
aldi,It should be roughly the same. My godmother showed me and she's Polish.,2,2025-10-30T14:15:29.000Z,reddit
aldi,And look what your vigilante line justice did to blockbuster..,110,2025-10-14T01:11:22.000Z,reddit
aldi,"I absolutely love Townsends. I found Tasting History through them as well, which is awesome.",3,2025-10-30T13:26:05.000Z,reddit
aldi,"Ha! I found a handwritten copy of my late grandmother’s recipe for this. She did include the pineapples. She was pretty buttoned up so I had to laugh at her writing out “better than sex” - I wonder if she was scandalised, or if she thought it was funny. Thanks for bringing up this memory :)",45,2026-04-17T21:05:38.000Z,reddit
aldi,Hahahaha!!!,28,2025-10-14T01:24:50.000Z,reddit
aldi,"Man same exact thing with my grandma, she made a cook book also and I just found the recipe! She was so nice and tiny but she could cook better than anyone and don’t piss her off cause she was a dead shot on anything under 260 yds lol",16,2026-04-17T22:14:40.000Z,reddit
aldi,Dollar Tree Dinners as well.,35,2025-10-28T00:36:33.000Z,reddit
aldi,I’ll never forgive you 🥲,16,2025-10-14T02:07:21.000Z,reddit
aldi,This just made me so nostalgic. I wish for those days again.,30,2025-10-13T22:44:44.000Z,reddit
aldi,"i use to work at hollywood video, man i wish i worked at blockbuster because they made us wear stupid bow ties and white shirts that were a pain to keep clean.",19,2025-10-13T23:35:40.000Z,reddit
aldi,That’s my greatest fear. Not being ready when it’s my turn in line.,4,2025-10-14T14:00:56.000Z,reddit
aldi,"Not sure of your POS system but most don't required that unless you've tendered it already. If you're still scanning, you cant tender.",11,2025-10-13T22:14:18.000Z,reddit
aldi,"I bought it for my granddaughter… ….but my furry son had to demonstrate it.  

I may have to find another one!",6249,2026-02-22T20:00:00.000Z,reddit
aldi,"Posts and comments that don't follow r/aldi subreddit rules may be subject to removal. No Ai. Please see rules for more information. Please no false reports. This comment is completely automated.       


*I am a bot, and this action was performed automatically. Please [contact the moderators of this subreddit](/message/compose/?to=/r/aldi) if you have any questions or concerns.*",1,2026-02-22T20:00:00.000Z,reddit
aldi,Is your cat the granddaughter?,618,2026-02-22T20:03:22.000Z,reddit
aldi,😂 no He isn’t lol he is my SON 🥹,532,2026-02-22T20:26:05.000Z,reddit
aldi,So you have a kitten in the house? Its for a grand cat?,129,2026-02-22T20:27:18.000Z,reddit
aldi,"No, it’s for the human granddaughter! But Inky seems to think it’s for him.  
The human baby is not walking yet, so she doesn’t mind.",166,2026-02-22T20:34:09.000Z,reddit
aldi,OMG INKY THATS PRESH,15,2026-02-24T09:45:05.000Z,reddit
aldi,"He’s going to recruit the granddaughter. Signs of conversion include meowing, sprouting of tail, destruction of property and a neverending desire for treats.",46,2026-02-22T23:29:31.000Z,reddit
aldi,MeeMeow will keep her eyes open for signs 👀 🔍,26,2026-02-22T23:31:32.000Z,reddit
aldi,At least they’re union though. The Catsters have that good Nine Lives health insurance.,16,2026-02-22T23:32:16.000Z,reddit
aldi,That Always On Your Feet™️ guarantee really gives you peace of mind.,14,2026-02-22T23:35:04.000Z,reddit
aldi,"Found a nice ad from Aldi in the newspaper Images:
	https://preview.redd.it/g5nq3lsnw3sg1.jpeg?auto=webp&amp;s=3699f0056afab920c9a8e93da006ab5bde5c378b",5053,2026-03-30T04:03:21.000Z,reddit
aldi,Paws! Four paws of claws!,10,2026-02-22T23:35:37.000Z,reddit
aldi,"Mods have pinned a [comment](https://reddit.com/r/aldi/comments/1s7g9z2/found_a_nice_ad_from_aldi_in_the_newspaper/od983ar/) by u/enderjaca:

&gt; For those who don't get it, this is a fake ad in The Onion paper which is well known for being satire. 

**Note:** This is marked humor- allowed

^([What is Spotlight?](https://developers.reddit.com/apps/spotlight-app))",1,2026-03-30T15:11:23.000Z,reddit
aldi,Your son is perfect.,23,2026-02-23T01:13:20.000Z,reddit
aldi,"For those who don't get it, this is a fake ad in The Onion paper which is well known for being satire.",1783,2026-03-30T04:23:59.000Z,reddit
aldi,He truly is 🖤,14,2026-02-23T01:30:26.000Z,reddit
aldi,It should be a first glance type of thing. There is 0% chance that Aldi would use that language or tone.,324,2026-03-30T07:41:25.000Z,reddit
aldi,"Dude it took years going from people assuming so much shit to people being hated on for assuming too much shit, and that's good but I don't want to go back to that time where people are simply supposed to assume shit and if they assumed wrong, they're laughed at and ridiculed.

Why can't pics like the OP not at least include the logo of the paper?",60,2026-03-30T12:26:30.000Z,reddit
aldi,Purrfect. Fixed it for you.,6,2026-02-23T17:29:38.000Z,reddit
aldi,Eye spy someone who isn’t supposed to be here Guessing Aldi and Walmart uncrustables are made in the same place! Had to do a double take when Tetrising our groceries in the freezer.,4899,2025-12-13T02:10:55.000Z,reddit
aldi,"Posts and comments that don't follow r/aldi subreddit rules may be subject to removal. Please see rules for more information. This comment is completely automated.       


*I am a bot, and this action was performed automatically. Please [contact the moderators of this subreddit](/message/compose/?to=/r/aldi) if you have any questions or concerns.*",1,2025-12-13T02:10:58.000Z,reddit
aldi,"Yeah, the OP's just trying to be cute by saying 'the newspaper' instead of 'the Onion.' By 'cute' I apparently mean 'deliberately confusing.'",22,2026-03-30T19:57:58.000Z,reddit
aldi,That is your son’s shopping cart now. You must buy another for your granddaughter.,6,2026-02-23T22:39:07.000Z,reddit
aldi,"Yeah why should this ""person"" above me have to read more than a headline or look at more than 1 picture to get the full story! 

If it can't fit in more than 1 sentence or 1 picture then why bother!",-2,2026-03-30T13:53:31.000Z,reddit
aldi,It seemed...out of character for sure,6,2026-03-30T13:58:55.000Z,reddit
aldi,"Yogurt is mostly Chobani. (I'm in the deep South but have used USDA codes to check.)

[https://www.whereismymilkfrom.com/](https://www.whereismymilkfrom.com/)

Anyone can easily check dairy and see who (usually local) is supplying your goods.",407,2025-12-13T02:20:46.000Z,reddit
aldi,Can confirm it's chobani :) Family member works for them.,176,2025-12-13T02:35:29.000Z,reddit
aldi,Actually they do snarky and silly social media posts sometimes,2,2026-03-31T14:33:56.000Z,reddit
aldi,Don’t worry. Someone on Facebook will post their outrage instead of doing the most minimal of research.,87,2026-03-30T08:16:10.000Z,reddit
aldi,Which ones? I've never liked any aldi brand yogurts I've tried but I like chobani.,63,2025-12-13T03:16:37.000Z,reddit
aldi,Erika Kirk is going to try and sue them for slander,43,2026-03-30T11:16:19.000Z,reddit
aldi,"I'll ask for the full list, but I know for sure the plain whole milk  is.

Edit- it's plain and strawberry blended :)",95,2025-12-13T03:18:53.000Z,reddit
aldi,Nice one!,4,2026-03-30T12:37:41.000Z,reddit
aldi,Interesting !!!!,9,2025-12-13T04:41:44.000Z,reddit
aldi,oh boy i can't wait to see a fool and their money part ways some more,1,2026-03-31T05:24:52.000Z,reddit
aldi,You can check via the USDA codes but I've tracked for months and months the whole milk reg Aldi and it's 100% Aldi and I've even done both blind tasting and made my own yogurt from both as starter culture.,7,2025-12-13T05:06:03.000Z,reddit
aldi,"That is hilarious but even if it wasn’t, I wouldn’t be offended because I know Aldi isn’t talking to me 🙂‍↔️ I never mocked them!",6,2026-03-30T18:33:48.000Z,reddit
aldi,More than likely the Specialty Selected yogurts.,3,2025-12-13T04:43:01.000Z,reddit
aldi,Oh I just commented that I suspected this! Aldo yogurt always seemed to have that Chobani quality to me. Cool to have it confirmed.,37,2025-12-13T03:35:13.000Z,reddit
aldi,Their ads have been the best part of the restarted newspaper.,3,2026-03-30T20:24:44.000Z,reddit
aldi,"I got on a kick off checking my milk codes for a few years. It is absolutely interesting to see where it’s coming from, and while traveling seeing who does or doesn’t seem to have their own milk. 

The milk at my ALDI, Walmart and Target are all exactly the same codes. They have the same code as a larger more local and more expensive brand as well. 

The butter codes were all the same as well and included Costco. I haven’t bought butter at Sam’s. But both Sam’s and Costco have milk codes from another state, so I always get milk from elsewhere.",9,2025-12-13T14:22:13.000Z,reddit
aldi,Is it? Because that must mean the onion has permission to use Aldis IP,1,2026-03-31T04:25:37.000Z,reddit
aldi,That's a shame.  [Chobani recently entered a partnership with Ivanka T's company.](https://www.usatoday.com/story/money/food/2025/09/24/chobani-boycott-planet-harvest-controversy/86328106007/),7,2025-12-13T14:48:05.000Z,reddit
aldi,"24/7, 365",2,2025-12-13T19:06:12.000Z,reddit
aldi,Yogurt is mostly from new york iirc,6,2025-12-13T04:18:09.000Z,reddit
aldi,Does this include the moo tubes?,2,2025-12-13T10:21:05.000Z,reddit
aldi,"Feeling grateful Last year I got this quarter keychain at Aldi to keep my quarter in for my weekly shopping trips. I keep it in my car so it is there when I need it. I went shopping on Friday and between putting my cart away and going to my car, I dropped it. Didn't realize until I got home. This morning I went back to the Aldi to see if I could find it. I had no luck and figured I would ask an employee if someone turned it in. Something told me that the type of shopper at Aldi would turn it in. I asked the employee if someone turned in a keychain and after describing it, he went to the cash register and pulled this out. Some kind person turned it in instead of keeping it for themselves. I do not know who turned it in, but I am thankful and it restores my faith in humanity a bit.",4107,2026-02-28T20:18:29.000Z,reddit
aldi,"Posts and comments that don't follow r/aldi subreddit rules may be subject to removal. No Ai. Please see rules for more information. Please no false reports. This comment is completely automated.       


*I am a bot, and this action was performed automatically. Please [contact the moderators of this subreddit](/message/compose/?to=/r/aldi) if you have any questions or concerns.*",1,2026-02-28T20:18:31.000Z,reddit
aldi,"This absolutely tracks. 

Aldi people are definitely the ""oh hey I found this on the ground I should turn it in"" kind of people.",662,2026-02-28T20:26:08.000Z,reddit
aldi,And also the this is my Aldi quarter and it’s lucky kind of people. Which is cute lol,111,2026-02-28T21:26:35.000Z,reddit
aldi,We haven’t been to Aldi yet. Do you get your same quarter back?,14,2026-03-01T02:59:21.000Z,reddit
aldi,"It depends.   At my Aldi, the checkout has an empty cart ready to put your scanned groceries in. When you're done you take the other, filled cart and leave your original, now empty cart behind.  
But you do keep your cart if you opt for self checkout.",23,2026-03-01T03:50:28.000Z,reddit
aldi,Yes it goes into the cart you use so when you take it back it pops your quarter back out.,9,2026-03-01T03:26:12.000Z,reddit
aldi,That’s so cool! Thanks!,6,2026-03-01T03:39:58.000Z,reddit
aldi,Unless you pay it forward to someone who doesn't have a quarter or looks like they're having a rough day :-),22,2026-03-01T05:11:55.000Z,reddit
aldi,"Yes I do this especially if it’s their first time and they don’t know. Or if i’m using the cart and im walking back to put it away but someone else is walking in, they will give me their quarter and i give them my cart lol",14,2026-03-01T06:05:39.000Z,reddit
aldi,Yesss I’m more this type than the lucky quarter type. My partner works at Aldi and has a lot of customers with lucky quarters so I know they’re out there,6,2026-03-01T12:58:12.000Z,reddit
aldi,"&gt;Unless you pay it forward to someone who doesn't have a quarter or looks like they're having a rough day :-)

This is the Aldi people way. 

I've lost a handful of Aldi Quarters this way over the years and I'll keep doing it. A parent with their hands full trying to get kids to a cart without one of them running off, someone who just needs a hand, people who are unfamiliar with the Aldi Quarter ways and don't have one, etc.",6,2026-03-01T16:27:25.000Z,reddit
aldi,This is what I do every time I go. I just leave it in the cart.,4,2026-03-01T13:17:20.000Z,reddit
aldi,It’s my daughter’s favorite when someone “gifts” us a cart.,2,2026-03-06T16:30:08.000Z,reddit
aldi,"I rotate between Aldi, Publix, and my local International market for most of my groceries. Aldi is my absolute favorite. Over the years I've encountered the kindest strangers at Aldi.",13,2026-03-01T02:46:05.000Z,reddit
aldi,Some lady hit my mom with her cart at Aldi lol the type of shopper may be locational.,1,2026-03-05T15:38:01.000Z,reddit
aldi,"I tried an Aldi mango bar and blacked out I grabbed a box of these popsicles from Aldi the other day, thinking they’d just be… fine. You know, something cold to gnaw on while I contemplated why I exist and convince myself this is better than eating Oreos at 11PM. 

I took one bite and immediately had to sit down. It wasn’t just “mango flavored.” No. It was as if Aldi had hired a team of angels to hand press the very concept of joy into frozen form and then said, “Yeah, we’ll sell these for like $3.”

My taste buds went through all five stages of grief in under 30 seconds. Denial (this can’t be that good), anger (why didn’t anyone tell me?), bargaining (I’ll never eat chips again if I can keep these in stock), depression (realizing the box only has four bars), and acceptance (that I now have a new personality centered around Aldi mango bars).

If by the highly likely chance, you see me standing in the frozen aisle at Aldi with a crazed look in my eye and 12 boxes in my cart, mind your business.",4565,2025-09-17T06:49:42.000Z,reddit
aldi,One of the few products left that doesn’t use Stevia or Sucralose. Thanks!,561,2025-09-17T12:46:29.000Z,reddit
aldi,"Thanks, I was wondering about that. So many things I can't eat due to that.",101,2025-09-17T12:51:58.000Z,reddit
aldi,"Same- just found out Liquid IV, even the sugared version also uses stevia.",50,2025-09-17T12:54:03.000Z,reddit
aldi,They are putting it in everything now. Sucks. So many things I can't eat anymore.,41,2025-09-17T14:46:20.000Z,reddit
aldi,"Ugh yep. Allergic to sucrulose and it's in everything. I found dill pickles with that in them, like why??",28,2025-09-17T21:24:12.000Z,reddit
aldi,"Same, it's wild the stuff they put it in. Things that don't even need sweeteners. I found I am ok with Munkfruit in tiny amounts. (by accident of course). But almost everything else, I get hives within an hour.",11,2025-09-17T21:50:11.000Z,reddit
aldi,Even the chili Doritos use it!! Like wtf,2,2025-09-18T13:38:19.000Z,reddit
aldi,"Found that out recently as well, $33 wasted. Found a replacement with sugar only from Skratch Labs, quite refreshingly tasty instead of sickeningly sweet salty vileness.",2,2025-09-18T23:14:25.000Z,reddit
aldi,"Why, whats wrong with stevia?",18,2025-09-17T17:54:35.000Z,reddit
aldi,"Can’t speak to everyone else, but I personally not only hate the taste and can always taste it, but I actually have a sensitivity to it and it actually makes me itchy and nauseous.",64,2025-09-17T19:41:28.000Z,reddit
aldi,"Do you happen to have a ragweed pollen allergy? Stevia is known to be cross-reactive with that, and for that reason it *really* needs to be listed in allergen information but for some reason they've skated by without a required disclosure.",12,2025-09-19T07:07:55.000Z,reddit
aldi,I had no idea about this correlation and am allergic to both. THANK YOU!!🙏,4,2025-09-21T04:50:18.000Z,reddit
aldi,Stevia gives me terrible pressure headaches. I avoid it like the plague.,3,2025-09-20T05:13:33.000Z,reddit
aldi,a lot of people get diarrhea/bloating etc from sweeteners,30,2025-09-17T20:03:46.000Z,reddit
aldi,My body bloats and I have a pretty severe ibs reaction to it and other artificial sweeteners,9,2025-09-17T23:45:21.000Z,reddit
aldi,Pet hats in the Aldi Finds aisle today! He loves his new hat!!,2924,2025-06-22T01:05:21.000Z,reddit
aldi,"https://preview.redd.it/2sw0kifesd8f1.jpeg?width=1170&amp;format=pjpg&amp;auto=webp&amp;s=eceb9f35435d39499dae3c68c76f775a8051ef38

Omg how cute! Here’s my girl with one they had a few years ago. She absolutely hated it 😂",211,2025-06-22T01:26:53.000Z,reddit
aldi,That LOOK!🤣😂,29,2025-06-22T02:30:14.000Z,reddit
aldi,Can't blame her. No one likes anything under their chin.,17,2025-06-22T04:24:13.000Z,reddit
aldi,"I worked 19 years for a real estate development company before I retired.  If I had to wear a suit and tie every work day, it would have felt like 190 years.",11,2025-06-22T05:18:26.000Z,reddit
aldi,"A Message from My 80+ Year Old Dad to Aldi Corporate My boomer parents are ShopRite people. They don't shop Aldi much. But this past week I have been telling them how good the Aldi frozen cooked mussels are. 

Side note, I'm a rabid Aldi fan. I love everything about their no-nonsense business model.

So my dad finally ventured into the Aldi in his part of the state to pick some up. He and my mom reported back with a mostly positive review. They liked the mussels.

Then at Christmas my dad said about his Aldi experience, ""I have never seen people working in a supermarket running around like maniacs the way they do.""

I said yes, I brought our Aldi workers some Christmas cookies because I feel like they probably don't get many treats and they work their butts off.

And my dad said, why do they do that?? and I said because Aldi operates on the bare minimum staff.

He said why! That doesn't seem right, and I said well that's just how they  keep prices low. Employees are timed for productivity and how many sales they ring up.

Then my old Italian father looked at me very seriously and said:

""This is not healthy. Tell them it's not healthy for the people who work there.""

I said, maybe you should write a letter and send it to corporate.

I guess I could try to do that myself. But it would be a pretty big project to try and figure out who send a letter to.

So, I just will tell the internet. 

My 80+ year old dad is now concerned about the health of people who work at Aldi. 

Does the current business model factor in unexpected, everyday chaos? Or can that be padded some way to help the employees endure less stress at the stores?

I doubt that Aldi Corporate folks hang out on Reddit. But if you do, please consider this suggestion.

Perhaps just one more, gopher type employee at each store would help lighten the load for all.",3992,2025-12-25T13:03:46.000Z,reddit
aldi,"Posts and comments that don't follow r/aldi subreddit rules may be subject to removal. Please see rules for more information. This comment is completely automated.       


*I am a bot, and this action was performed automatically. Please [contact the moderators of this subreddit](/message/compose/?to=/r/aldi) if you have any questions or concerns.*",1,2025-12-28T14:44:15.000Z,reddit
aldi,Ohhhhh my goodness!!,1,2025-06-25T23:34:32.000Z,reddit
aldi,"I know the workers are rarely doing nothing but it hasn't been my experience to see them ""running around like maniacs"".",948,2025-12-25T13:19:18.000Z,reddit
aldi,https://preview.redd.it/1zu8kqao2e8f1.jpeg?width=4284&amp;format=pjpg&amp;auto=webp&amp;s=c09816312b0dc9cd98546555a12676bb1484812b,115,2025-06-22T02:23:24.000Z,reddit
aldi,"Aldi worker for over 4 years here, we’re definitely running around like maniacs our entire shift 😴

Bless your dad OP!",1154,2025-12-25T13:41:02.000Z,reddit
aldi,The Cat in a Hat!,23,2025-06-22T02:37:43.000Z,reddit
aldi,"I think some employees are just really good at looking calm under pressure. I've always assumed that y'all are like us nurses - maniac in your head, chill on the outside.",326,2025-12-25T15:06:13.000Z,reddit
aldi,your cat looks so polite,13,2025-06-22T15:04:58.000Z,reddit
aldi,"As a former Aldi employee, I never really felt that way. Once you’re there for a bit, it becomes very routine, which is one of the things I loved about the job.

Ever since I left my weekly steps and activity have plummeted, unfortunately. I lost like 10 pounds working there, but I loved that about the job. Very physical (especially as an opener) and you really do have to keep moving, but it’s the minor efficiencies that add up over time and you can sort of slow down but still get things done on time or faster. 

I don’t think it’s the kind of job for passive people, generally. It’s great for doers and for people who enjoy the manual and physical aspects of labor, and who have a decent bit of common sense. 

They also pay above average for the industry, post everyone’s pay publicly so that it’s kept fair, and give raises to keep up with inflation. By 6 months I was slated for $19/hr after starting at $17.50, *as a part time opener*. That $19/hr was on par with some supervisor positions at other local stores, and the $17.50 surpassed all other starting pay rates locally. 

I know I sound like a shill, but I genuinely enjoyed my time at Aldi and if I were to quit teaching for any reason, I’d go right back to Aldi (and fortunately, I know they’d hire me on the spot).",241,2025-12-25T15:21:07.000Z,reddit
aldi,I need it. My cat will hate it,111,2025-06-22T01:16:22.000Z,reddit
aldi,Truly one of the most cat owner things to say,30,2025-06-22T03:45:48.000Z,reddit
aldi,"I left towards the end of 2021 when it was clear it was going down that path too. That combined with our SM changing (our original SM had been amazing and got offered a flagship store), the leadership structure changing and all shift managers leaving, our then-new SM being incapable of running a busy store, and the two remaining veteran employees trying to keep everything afloat because the newer employees refused to do their share and we had to keep fixing their messes (one guy always took *eight hours* to do freezer and still left half of it not done)... 

That terrible SM did get fired shortly after the two of us left, though, which was great to hear after having our issues ignored (by the DM too) for so long. 🤭",36,2025-12-25T18:33:44.000Z,reddit
aldi,Mine will like it just as much as they like that cat exercise wheel I bought them 2 months ago. Untouched.,5,2025-06-22T16:29:10.000Z,reddit
aldi,"I’m speaking locally, of course, not for every single Aldi in the nation.",11,2025-12-25T20:46:54.000Z,reddit
aldi,"This is me hahahah 

My fiance and I have 2 cats and I think one will at least let me put it on him and be nonchalant, and the other one will probably run away and absolutely hate it 😂😂",2,2025-06-23T19:54:44.000Z,reddit
aldi,When was that. My company pays that much with advancement and bonus opportunities.,6,2025-12-25T16:27:17.000Z,reddit
aldi,Like… September?,4,2025-12-25T20:45:32.000Z,reddit
aldi,"https://preview.redd.it/pzj3wuk8he8f1.jpeg?width=4284&amp;format=pjpg&amp;auto=webp&amp;s=bb0dd591dbf65ea8f7fce51ca2fb971e82f6b928

Radish has some thoughts on her new hat. Mainly that she wishes she wasn’t wearing it for the picture 😂",81,2025-06-22T03:45:23.000Z,reddit
aldi,Or at all.,10,2025-06-22T04:27:41.000Z,reddit
aldi,"I’m in another industry (commercial medical-adjacent) and I’m not making your start pay even after 3+ years in the job.

(I’m in an at-work state with federal-level minimum wage, so not surprising, but still disappointing.)

The Aldi employees in the stores near me are constantly moving, unless they’re seated behind the register. And their checkout times are faster than any other grocery store I’ve ever shopped.",13,2025-12-25T21:49:59.000Z,reddit
aldi,"Good news!! It’s really annoying for me to go to the closest Aldi to me (in Queens), I have to go through a lot of traffic and into a parking garage. So hopefully they are building one closer to meeeee!!",2786,2025-08-12T11:57:46.000Z,reddit
aldi,I would strongly suggest you be very very careful when sleeping!,9,2025-06-22T14:48:24.000Z,reddit
aldi,I never got to cashier but I would’ve rocked that shit. When I worked at Sam’s Club I sucked at selling the credit cards but everyone went to my line because it moved the quickest,8,2025-12-25T23:07:37.000Z,reddit
aldi,"They’re spreading through my area at Dollar General speed &amp; I love this for them &amp; for me (I was able to hit 4 within 20 minutes this weekend). Still, I can’t shake the worry that we’ll hit the usual tipping point that happens to stores where popularity brings higher prices &amp; lower quality. Curious what others think. Am I overthinking this or is this a legit concern?",411,2025-08-12T12:10:42.000Z,reddit
aldi,It’s already happening. They’ve changed some of their product formulations and carry more junk.,199,2025-08-12T13:45:18.000Z,reddit
aldi,"Pay varies based on location. Some stores start at different rates than others. If you're curious, you can verify this by checking job openings in different cities/states.",3,2025-12-26T02:20:33.000Z,reddit
aldi,"In my younger years I worked at a banquet hall.  Before I started they used to have 2 guys restocking the buffet lines per room and a couple people running coffee/water and assisting guests.   

Once I figured out my rhythm I was able to keep 2 buffet lines stocked myself.  I was busy but I made it look calm.   The chef and I developed a shorthand language so I could tell him the next things I needed and he would get them ready for me.   

This freed someone up to assist guests.",26,2025-12-25T15:53:33.000Z,reddit
aldi,"I hate the fact that they’re adding artificial sweetener to a lot of products, and don’t label them when they do. I’m allergic to it so I’ve stopped shopping at Aldi for that reason.",100,2025-08-12T15:47:51.000Z,reddit
aldi,"Complain to corporate. Not the US corporate, German corporate, they might care more. When the CEO of Aldi US was complaining about cashiers being allowed to sit, German corporate told him to shove it.",146,2025-08-12T17:21:18.000Z,reddit
aldi,"I have quite a few Aldi stores within 20min of me. NONE of the employees sit around! I also have a grocery store near me that I absolutely hate because of the high cost, so I specifically drive to Aldi. Thank you Aldi worker, and if corporate reads this, do better by your employees!",34,2025-12-25T17:40:22.000Z,reddit
aldi,"My local aldis just got rid of cashiers.

If there is one, there's only one.",27,2025-08-13T01:00:00.000Z,reddit
aldi,Same where I live,3,2025-08-13T04:53:55.000Z,reddit
aldi,Same with mine,1,2025-08-14T13:00:36.000Z,reddit
aldi,"Oh that f ing sucks. The ones in my area still all have cashiers, but there's one I visited in Maryland that are self check out. F that",1,2025-09-11T19:11:22.000Z,reddit
aldi,I went last week and now half the self check outs are closed. Still at least 1-2 security officers and only one cashier. Really sucks.,1,2025-09-11T19:56:06.000Z,reddit
aldi,Deliberately misleading comment,0,2025-08-13T15:14:08.000Z,reddit
aldi,"I mean, 3 different stores go from 4 cashiers to a bunch of self check outs over the last two years, which is pretty obvious. Replace cashiers with a security officer, who stands at the front, and suddenly, no one is sitting to work.",0,2025-08-13T15:21:22.000Z,reddit
aldi,"I guess the confusion was over ""just got rid of cashiers"".  I don't consider something I did 2 years ago as something that I just did now.  


Im also shocked your stores have a security officer.  0/5 Aldi stores I've been to near me have a security officer, and I haven't heard of any of the others employing one.",1,2025-08-13T15:24:57.000Z,reddit
aldi,"A lot of the grocery stores in my city have security now. Aldi, Kroger, even the Publix in the 'nice area' of town. Way of the world now.",1,2025-08-13T15:31:00.000Z,reddit
aldi,"It doesn’t have to be this way, the US just decided social safety nets aren’t necessary and well… folks gotta eat.",3,2025-08-14T13:44:03.000Z,reddit
aldi,My 8 month pregnant daughter was a victim of pick pocketing in an Aldi’s in Detroit in July. She ran after the guy and the security guard confronted him but the guy got away with my daughter’s wallet and her 250.00 she made that week as a nanny. Sad to say they haven’t caught the guy yet.,1,2025-08-13T15:39:23.000Z,reddit
aldi,"Score at goodwill today!! Images:
	https://preview.redd.it/8vwl3g0iexng1.jpeg?auto=webp&amp;s=41e3ed32f66e6157523fad2328727a3bd3401180",2623,2026-03-09T01:54:19.000Z,reddit
aldi,"Posts and comments that don't follow r/aldi subreddit rules may be subject to removal. No Ai. Please see rules for more information. Please no false reports. This comment is completely automated.       


*I am a bot, and this action was performed automatically. Please [contact the moderators of this subreddit](/message/compose/?to=/r/aldi) if you have any questions or concerns.*",1,2026-03-09T01:54:20.000Z,reddit
aldi,![gif](giphy|twxoPjMpsijwPFBVqs|downsized),223,2026-03-09T02:00:37.000Z,reddit
aldi,![gif](giphy|oYtVHSxngR3lC|downsized),68,2026-03-09T02:02:58.000Z,reddit
aldi,"Delete this. The Internet is full of animals according to the four of five comments already made. Lmao. 


Good luck to your inbox and dope find.",154,2026-03-09T02:06:55.000Z,reddit
aldi,No DM’s yet (and hopefully never 😅) thanks dude! Definitely hyped when i found them especially since I was  finally able to score the Aldi shopping cart last week! Double win!,60,2026-03-09T02:09:57.000Z,reddit
aldi,"W's all around, then. 


Do you mean you got a literal shopping cart? As in of your own, to keep?",8,2026-03-09T02:13:53.000Z,reddit
trader_joes,"As a mom, I say bring me chocolate pistachios, a cute spatula and flowers 🙂",4,,youtube
trader_joes,Forget Trader Joe&#39;s your skin looks fabulous!,0,,youtube
trader_joes,"If you are ever in Detroit, Buddy’s has a gf Detroit style pizza. So good with the crispy edges 🍕❤️",2,,youtube
trader_joes,I got my box of Sees while I was in CA.,2,,youtube
trader_joes,LOVE the Hot Smoked Salmon!,2,,youtube
trader_joes,Grana Padano is similar to parmigiano reggiano just not aged as long.,2,,youtube
trader_joes,I started taking Creatine powder monohydrate 1 scoop a few days ago. It really helped me with recovery from walking with 10lbs weighted vest for 3 miles,1,,youtube
trader_joes,I love lychee. I need to find that drink.,0,,youtube
trader_joes,I make a rye whiskey cocktail with that liqueur. It is awesome!,1,,youtube
trader_joes,Their miso cod is bomb and the ingredients are great.,0,,youtube
trader_joes,"Whooo Detroit in the house🍕Im in! Black Sesame Mochi..the BEST, period. Love love love. <br> Interesting that the Lemon &quot;Pesto&quot; sauce doesnt have garlic, YAY!!! No bueno garlic. Is the cheese flave strong? Dont like sharp cheeses at all. Id love to try. <br>Thank you for your videos, very helpful.",2,,youtube
trader_joes,"We have the salmon in Rhode Island but it&#39;s also a product produced locally and found in every fish market and seafood department. We have different varieties - maple, peppered etc but also bluefish, trout, mackerel, mussels, bay scallops, shrimp, tuna etc. it blows my mind this isn&#39;t common everywhere.😂",1,,youtube
trader_joes,I like the lemon sauce. You reminded me I have a jar in my pantry that I should use next week,0,,youtube
trader_joes,That creatine price is crazy expensive for such a tiny amount. I hate it when TJ’s tries to get greedy. I bought the powdered one at Costco. But man that stuff made me look fat af. I had to quit taking it cuz it was effecting my self esteem and made me feel disgusting. I think it made me a full size bigger. 😂,0,,youtube
trader_joes,Love you Natasha.  Oh my those ingredients in the Lemon pesto sauce are toxic (albeit its yummy).  Shredded cabbage is a great base for egg roll bowls🥣,3,,youtube
trader_joes,"Well, then you should try the other banana which is called plantain. If you fry them up in a little bit of olive oil or vegetable oil, salt them they’re delicious. They almost looked the same, except the color is very different and they’re not sweet at all.",0,,youtube
trader_joes,Gran.pradano (sp) is a type of Parmesan cheese.,2,,youtube
trader_joes,Pissed I didn&#39;t try the sour mushroom gummies in time,1,,youtube
trader_joes,There’s more banana varieties at the Asian markets.,0,,youtube
trader_joes,That Dulce de Leche ice cream looks so good and the black sesame mocha also.  Yummy!,0,,youtube
trader_joes,"Wow! I never thought about certain flowers not getting along well together, I just assumed that some flowers went bad super fast and caused the others to rot. That’s why I try to avoid floral arrangements that contain stock. Stock seems to rot in a day or two but I guess I don’t know how it behaves in a case alone.",0,,youtube
trader_joes,THX for cashew review….definitely taking a pass on these (not a fan of soft cashews and movie theater flavored butter).,1,,youtube
trader_joes,"Its not  pronounced newww orleas.its pronounced  Na,lins.",2,,youtube
trader_joes,Lychee is pronounced &quot;Lie chee&quot;.,2,,youtube
trader_joes,That was a nice breakfast charcuterie you put together at the end🥰,6,,youtube
trader_joes,Store staff are great and will find and reach products for you,0,,youtube
trader_joes,With the freeze dried strawberries I make myself the refreshers just like the kind they have at Starbucks I use a little bit of cranberry juice and a little bit of lemonade and they taste just like the kind at Starbucks for less than half the price 🤗,15,,youtube
trader_joes,"HI Gina, your voice and laugh is very soothing. I enjoy your videos.  thank you.",10,,youtube
trader_joes,Would be nice if the Parmesan tapenade had more olive oil than sunflower oil.,1,,youtube
trader_joes,Thank you for sharing with us❤❤❤❤❤❤❤❤❤❤❤❤❤,3,,youtube
trader_joes,Love your nails 💅,10,,youtube
trader_joes,I like the tangerine juice and the pineapple juice❤️,1,,youtube
trader_joes,Loved the Dubai chocolate!,0,,youtube
trader_joes,Your  breakfast charcuterie layout looked absolutely beautiful and delicious!,2,,youtube
trader_joes,Thanks for trying the food!,5,,youtube
trader_joes,Giving this video a Hype! Loved the charcuterie board at the end ❤.,4,,youtube
trader_joes,"About the steak tips, just saute with onions and mushrooms , if you like that 😊. Serve with mashed potatoes,  rice or noodles 🍜",3,,youtube
trader_joes,"Gina, again another amazing video. I always love your charcuterie boards.   You should make separate videos of all your taste testing and recipes.  Thanks for your honest reviews and delicious recipes.",1,,youtube
trader_joes,"with the salmon &amp; cream cheese, we add capers!!! soo yummy!!",0,,youtube
trader_joes,Thank you for sharing Gina🌸 I want more Turkish products to Trader Joe’s coz they are insanely delicious😋,0,,youtube
trader_joes,"My Trader Joe’s was stocked today with all sorts of new goodies.<br><br>I was so saddened, however, to find out my favorite, piquant popcorn was discontinued 😢",0,,youtube
trader_joes,The Sweet Karoline blackberries are Outstanding!! 💙,2,,youtube
trader_joes,LEMON! 🍋🍋💛,7,,youtube
trader_joes,"Stopped at Trader Joe&#39;s yesterday.  Got to try try the OG cheese, loved it! Saw the gozlemes and thought they would be yummy with a drizzle of honey.",0,,youtube
trader_joes,"I stopped at Trader Joe&#39;s yesterday I saw the best selection of lamb  their meat department so I got me some lamb burger  some hamburger buns, these hamburger, buns were really delicious like little pillows, smaller than regular hamburger buns, but absolutely delicious, I enjoyed my cheeseburgers, cheese from Trader Joe&#39;s also I made cheeseburgers yesterday out of the Lamb it was so wonderful I love Trader Joe&#39;s 😍😋🤤",2,,youtube
trader_joes,"Gina, a cautery bunch, I love the way you think. thank you for an awesome video.  queso fresco!? its taco Tuesday I&#39;m already excited lol. the orange candied slices sound interesting i&#39;ll have to try them.",0,,youtube
trader_joes,"Your brunch looked delicious, Gina! Those vanilla scones are so good!<br>For the citrus juice, we prefer the tangerine. It’s tastes brighter, I think. <br>And for the blackberries, have you tried the Sweet Karoline’s at Trader Joe’s? So good!<br>Thanks for another great video!",0,,youtube
trader_joes,I love the tangerine juice! Have you tried it?  🧡,2,,youtube
trader_joes,"Hi Gina! Have you tried the French Cheese - Port Salut ??? Yummers! TJ offers the best price on this semi soft cheese. Lemon Mini Sheet Cake??? This is new, I hope it’s as good if not better than the mini carrot cake I just adore! Thanks for the tips! 👏🏻👏🏻🪻🌷",0,,youtube
trader_joes,I purchase the  Orange Juice that you showed in your video all the time.  It is my favorite!  I also purchase the Grapefruit Juice too.  I used to buy the unpasteurized Orange juices too but they don’t always have it in stock at my Trader Joe’s.,0,,youtube
trader_joes,Where did you get the corn esquite from?,1,,youtube
trader_joes,I can tell you are an amazing hostess &amp; like to entertain. I also see that you are an amazing Mom. How old is your daughter?,0,,youtube
trader_joes,Try adding capers and a. Sprig of dill to your salmon crostinis. So good!,0,,youtube
trader_joes,❤❤❤❤❤❤❤❤,1,,youtube
trader_joes,Wish Trader Joe’s in NJ sold wine,0,,youtube
trader_joes,I did NOT like the potato cheese sticks from Costco<br>I&#39;m not a mimosa fan and I love OJ with pulp <br>Have you tried the tangerine juice from Costco for a mimosa? I also like the Trader Joe&#39;s tangerine juice,0,,youtube
trader_joes,The Gozlemes weren’t great when I made them. All the cheese melted out all over my pan and then when I ate it there was no cheese inside.,1,,youtube
trader_joes,You were soooo right about the potatoes on a stick. A giant NO from me. 🫤,0,,youtube
trader_joes,"Agreed, the Aged Goat cheese is great of you like those hard, nutty cheese with light crystals. Really enjoyed.  Oh, yup, their whipped cream cheese is good too, and a good price.",0,,youtube
trader_joes,"<a href=""https://www.youtube.com/watch?v=cNY5d4izkXE&amp;t=104"">1:44</a> I got the teeny tiny peaches and they were a hit with my toddler. The pit is small but it’s still not a large fruit - he wanted 2 of them. But they were pretty sweet and juicy for off-seasons peaches and were ripe at time of purchase.",7,,youtube
trader_joes,I love your grocery visits &amp; so appreciate you taking things home &amp; trying them. I value your reviews,5,,youtube
trader_joes,"Great video, after beginning the video I ran down to  2 different Trader Joes and got the purple cooler bags I&#39;ve been waiting for, now I just need the mini ones.",3,,youtube
trader_joes,Your zipper lost it&#39;s zip!😂,6,,youtube
trader_joes,"The thai wheat noodles are my favorite item at TJs.  I need that tote bag,  I was born in 1967, hope we have it here in NJ",2,,youtube
trader_joes,"It all looked so delicious. Tfs, we all appreciate you. Stay well. 🌞⭐💛",1,,youtube
trader_joes,That dish looks good. I just love your idea&#39;s...really needed here since the kids moved out.,1,,youtube
trader_joes,I really enjoy your podcasts.😁,0,,youtube
trader_joes,I love my flex mixer “blade” for my kitchen aid. Life saver.,1,,youtube
trader_joes,Thank you Gina 🙌🏼😄 just picked up my lavender bag and peaches 🍑😃🙌🏼🙏🏼 I love the brighter color .,0,,youtube
trader_joes,All their scones are good. I love everything lemony🍋🍋🍋,5,,youtube
trader_joes,"Thanks for sharing your meal preparations, Gina. You have some great  ideas!",3,,youtube
trader_joes,"I buy the vanilla bean scones everytime I go to TJs. I shouldn&#39;t 😂😂,  but I don&#39;t  get to TJs very often. They are really good. I can&#39;t pass on a good scone.",12,,youtube
trader_joes,love the recipe ideas!!!,0,,youtube
trader_joes,thanks for taking us along....love the coconut amino sauce with balsamic vinegar as a quick and easy salad dressing. TJ has some surprising good items every time I shop there.,0,,youtube
trader_joes,"Another great video, Gina! I love cookies straight from the oven also...looks delicious! 😋",0,,youtube
trader_joes,"Might be time for a trip to TJ&#39;s.  I like some of their spice options, and the roasted sesame oil is fantastic.  The fish nuggets and frozen mac and cheese were also good, but it has been years, so time to try them again.",0,,youtube
trader_joes,Your chicken and broccoli looked so good!,2,,youtube
trader_joes,I have the same thing with the zipper for my bag. I have had many insulated bags over the years though and those ones from Trader Joe&#39;s somehow keep everything colder for longer than other bags I&#39;ve used so I just deal with the zipper because it&#39;s the best bag besides the zipper problem.,0,,youtube
trader_joes,Thanks Gina!❤❤❤,3,,youtube
trader_joes,"Thanks for showing those cookies, I was curious about them. 👍🏼",2,,youtube
trader_joes,I have been to Temecula trader Joe once years ago. I was amazed by their wine selection from local winery. My store doesn’t have that many I can even memorize what they have 😆 and I have a thought about that corn rib. I think they raised price. It was $3 something I thought that was expensive for what you are getting and past couple of times there were black corn in the bag. Not a good quality but then I’m so hooked on it I kept buying lol,0,,youtube
trader_joes,I always make avocado toast as a light dinner. I’m going to try that cheese 👍,0,,youtube
trader_joes,🌼🌼🌿🌼🌼hi Gina!!,2,,youtube
trader_joes,"Your videos help me a lot Gina, than you!",2,,youtube
trader_joes,A simple str-fry always hits the spot.  Those cookies looked great I might have to pick that up for trying. Thanks for another great video.,1,,youtube
trader_joes,"Thank you, Gina! 💕",2,,youtube
trader_joes,First time viewer here - your reviews are so helpful and well done (to me you don&#39;t talk too fast at all:). It’s just the right info and feedback we need. And you have  a beautiful family.,1,,youtube
trader_joes,"I’m from Texas summer heat is brutal <a href=""UCkszU2WH9gy1mb0dV-11UJg/m8MfY4jbFsWJhL0PyouA2Ak""></a><a href=""UCkszU2WH9gy1mb0dV-11UJg/m8MfY4jbFsWJhL0PyouA2Ak""></a>🌵🌵",2,,youtube
trader_joes,Love your TJ taste tests!  Thanks! 😊,3,,youtube
trader_joes,Good Culture comes in organic full fat. IMO its the BEST,3,,youtube
trader_joes,Watermelon Margarita 😋😋😋,0,,youtube
trader_joes,The kiddos are so cute!,0,,youtube
trader_joes,🌷🌼🌼🌼🌷 great taste test🌷,1,,youtube
trader_joes,Lmao not he didn’t think banana purée isn’t real banana 🥴🤦🏾‍♀️😆,0,,youtube
trader_joes,Agreed. I always go for full fat. I feel like they replace the fat taste with chemicals.,0,,youtube
trader_joes,YES IT DOES TOO HAVE PLENTY OF PEPPERONI,0,,youtube
trader_joes,"The tilapia is good for tacos. Easy to top with TJs hot salsa or make your own, plus veg/guac/sour cream. It also makes good version of fish sandwiches with tartar sauce and pickles. 9/10<br>Have you tried the ketchup chips? 8.5/10<br>Spicy candied pecans 9/10",0,,youtube
trader_joes,"I was just at Trader Joe&#39;s, my store was out of the potato cheese sticks. I love Korean corn dogs I&#39;ve had all kinds, so I&#39;ll go back tomorrow early this time ha ha I hope they have them. Also, I love Chunky Monkey, so we&#39;ll see! Thanks for these taste tests! I&#39;m so Trader Joe&#39;s obsessed!",1,,youtube
trader_joes,Look forward to the lychee.,0,,youtube
trader_joes,오늘도 영상 재밌게 잘봤습니다 제가 언제나 항상 구독과 좋아요를 많이 보내드리고 응원하고 칭찬을 많이 해드리도록 하겠습니다 😍🥰❤️✨️🙏,0,,youtube
trader_joes,Can you please stop with the Tadda? It’s really annoying plus in this video you constantly repeat yourself..,0,,youtube
trader_joes,Please don’t talk sooo fast.,0,,youtube
trader_joes,Not Justine coming out as pro Joe Exotic 😂😂😂,4,,youtube
trader_joes,"Hi! Im Vibing hard with this episodes start for the day!<br>Another video idea.. I recommend doing a candy taste test against the sugar free versions! <br>Some seem like totally different products, i.e. werthers!! The sugar free version is more butterscotch than caramel. Pretty fascinating to me",15,,youtube
trader_joes,"<a href=""https://www.youtube.com/watch?v=Nh0Lr7IgraI&amp;t=1491"">24:51</a> does anyone remember Amelia Bedelia and her tea cakes?",16,,youtube
trader_joes,those potato cheese sticks are what we call potato cheese corndogs in asia we love it,5,,youtube
trader_joes,That must&#39;ve been one epic shopping trip at Trader Joe&#39;s!,5,,youtube
trader_joes,"<a href=""https://www.youtube.com/watch?v=Nh0Lr7IgraI&amp;t=213"">3:33</a> food begins",3,,youtube
trader_joes,NEXT EPISODE: JOE-SPORKED,0,,youtube
trader_joes,"My friend used to call it,”Traders Joe” and that’s how I refer to it to this day",0,,youtube
trader_joes,"Holy crap, MUZZY being referenced was not on my unedited taste test bingo card! 😆",5,,youtube
trader_joes,the &quot;spicy spuds&quot; kinda sound like Trader Joe&#39;s&#39; take on patatas bravas,1,,youtube
trader_joes,I love following Trader Joe’s Talia 😊 she has Dallas daily updates of all the goodies at TJ.,0,,youtube
trader_joes,I’ve always put mayonnaise or miracle whip in my homemade honey mustard.,1,,youtube
trader_joes,Indie bookstore day is so cool and I’m sad I missed it this year. I couldn’t imagine how hard it’d be to pick which ones to go to with such a crazy amount of indie bookstores that you have in Chicago!,0,,youtube
trader_joes,"Agree 💯on blondies; they’re delish, and I don’t get all the peeps who say earl grey flavor overpowering…",2,,youtube
trader_joes,"the caramel mochi is sooo delish, the outside feels like you are eating skin , so interesting",0,,youtube
trader_joes,I&#39;d love a mustard ranking! honey or others,1,,youtube
trader_joes,FYI Sweet Baby Ray&#39;s Honey Mustard dipping sauce&#39;s first ingredient is soybean oil. I didn&#39;t realize and it&#39;s a little mayo-ey because of that. I mix it with something bolder to hide that because I don&#39;t want to waste it. Now I&#39;m wary,1,,youtube
trader_joes,Sweet scones without clotted cream and jam is crazy,0,,youtube
trader_joes,"I go to Two Hands for the cheese potato stick, it needs crunched up spicy Cheetos on top and mayo lol",0,,youtube
trader_joes,I love that candy,0,,youtube
trader_joes,Almost all honey mustards use mayonnaise. That&#39;s why most people&#39;s homemade doesn&#39;t turn out the same as from a restaurant,0,,youtube
trader_joes,Justine: &quot;Joe Exotic for president&quot;,0,,youtube
trader_joes,I bought the potato cheese sticks and haven&#39;t tried them yet.  Glad for the review!  I always get a food and life education from you guys! lol,0,,youtube
trader_joes,"Omfg, someone else that grew up with Muzzy!!!",0,,youtube
trader_joes,I love American corny dogs so I was very intrigued when the Korean corn dogs started popping up but that kind of sweetness (versus the sweetness of a cornbread coating on an American corn dog) just doesn&#39;t work for me. The spicy honey mustard dressing at Trader Joes is actually good so the hot honey squeezy mustard (with mystery mayo) seems redundant!,1,,youtube
trader_joes,🔥🔥🔥🔥🔥🔥,1,,youtube
trader_joes,"At HMart, there are korean corn dogs that have fish sausage inside with the cheese and its soooooo good. It is the wildest, craziest looking thing but its amazing. I have a place closish to me called Yas Chicken that first showed me the magic of korean corn dogs and I get one every time. It is a heart attack on a stick but its so damn good I accept it.",0,,youtube
trader_joes,I want gwennyd to have a higher chair.,0,,youtube
trader_joes,"I’m inspired the idea of an earl grey blondie is amazing, also that ina garten recipe sounds delicious",2,,youtube
trader_joes,If something ever happened to Sporked. Rhett and Link please keep Gweneth and Jordan! I already miss their absence from Good Mythical More😢,0,,youtube
trader_joes,Let the tigers tiger 🐅,0,,youtube
trader_joes,Sandwhich is much better warmed up,0,,youtube
trader_joes,"Still good content, still bad audio.",0,,youtube
trader_joes,Too many taste tests in the same day makes for an invalid ranking.,0,,youtube
trader_joes,can y&#39;all just get on with it,0,,youtube
trader_joes,"Sprinkles have all closed. They put out a toothbrush, and birthday cake flavored toothpaste, and closed, forever.",0,,youtube
trader_joes,The spuds are great in taco form.,2,,youtube
trader_joes,Honey mustard of any variety is an abomination.,1,,youtube
trader_joes,Just went to the Trader Joe&#39;s website and the Spicy Spuds are NOT on it!!,0,,youtube
trader_joes,"If I’m going to watch a “new trader Joe’s food” video, I gotta be honest it’s gonna be Kitchen and Jorn. Same unhinged energy but they edit their videos down to about half the length of this one.",1,,youtube
trader_joes,She did it again. She bit the sub on the exact same spot as the other one did.🤮,1,,youtube
trader_joes,"Who else said “egg yolk” out loud and discovered you definitely say, “yolk”?!🫣😂",0,,youtube
trader_joes,"Check out Nourish using the link: <a href=""http://nourish.com/natashaslist"">http://nourish.com/natashaslist</a> and book your first appointment in under 5 minutes!",0,,youtube
trader_joes,"I really like the TJ&#39;s sour kraut! It&#39;s the one I always get, it&#39;s an underrated TJ&#39;s product, I am glad you talked about it.",0,,youtube
trader_joes,Egg salad quick lunch,0,,youtube
trader_joes,Love sauerkraut hot or cold I am from Germany now in calif love it and your videos 💚♥️🧸,1,,youtube
trader_joes,"Another awesome video, Natasha! Brodie did a spectacular job once again 😂",0,,youtube
trader_joes,I always get the grass feed ground beef and the salmon.,0,,youtube
trader_joes,Great job Natasha❤,0,,youtube
trader_joes,Warm sauerkraut on a polish sausage or hot dog is pretty standard for those with an EU preference! Delicious 😊,1,,youtube
trader_joes,So glad you didn&#39;t scrap this video. It was great!,2,,youtube
trader_joes,My make my own bone broth to add to soups and strews,0,,youtube
trader_joes,I didn’t know that TJ’s had sauerkraut! I’ll have to pick some up for my dad! We are going to TJ’s this weekend and hoping the frozen vegetable fried rice will be back 🤞,0,,youtube
trader_joes,Love that your life is so real… just like the rest of us..,1,,youtube
trader_joes,Very fun with the meal ideas and Brody’s funny additions 😂👏🏻,1,,youtube
trader_joes,Loved that you mentioned the easy meal options for this haul. Have a great weekend! 😊,1,,youtube
trader_joes,"This video is helpful and hilarious 😂, thank you for the chuckle",1,,youtube
trader_joes,Great job Brody with all of those additions.,1,,youtube
trader_joes,I’ve never heard of cold sauerkraut. I’ve always had it warm with chunks of sausage in it or on a bratwurst.,2,,youtube
trader_joes,"Hahaha, this was a fun one! I know it was challenging for you, but you pulled through 😊. Brody had a good time w/ you on this one 😂. The ending was too good 😂. Love the ingredient/meal prep ideas, thank you!",1,,youtube
trader_joes,I used to be allergic to egg yolks but whites were fine...tjs sells containers of pour able egg whites,0,,youtube
trader_joes,Pot Pie is hyped about those chia seeds!,1,,youtube
trader_joes,Fantastic insp for the items in your typical TJs haul.  Lots of useful meals rather than the unhealthy sweets they now carry,1,,youtube
trader_joes,"Unless organic, granola:  oats and cherries, high in GMO pesticide",0,,youtube
trader_joes,Great video. I&#39;m in L.A./Westerchester visiting my friends,1,,youtube
trader_joes,"<a href=""https://www.youtube.com/watch?v=xgtr3UDeVM0&amp;t=818"">13:38</a> put the green onion roots in a little glass of water and grow more green onions. Congratulations on making it to the end of the video 😅",1,,youtube
trader_joes,"Very good video.   If you haven’t tried it yet, Trader Joe’s has a Kale Slaw kit that is delicious.",1,,youtube
trader_joes,I&#39;m super lazy so I buy the bagged salads (bigger bags are more cost effective). I make my own salad dressing though.,1,,youtube
trader_joes,Love Sumos too!,1,,youtube
trader_joes,When sauerkraut is heated the probiotics are destroyed. That applies to that which is sold in cans or heated at home.,2,,youtube
trader_joes,"My favorite super easy meal is the bibim-goksu cold noodle salad, to which I add tomato, cilantro, onion, etc., and a protein, such as one of the canned fishes like calamari or smoked oysters. (Sardines would work if you like them.). You toss it all in the delicious gochujang dressing that is provided.",0,,youtube
trader_joes,My husband has been having issues with diet inflammatory problems. Which peptide are you using? Looking for other options.,0,,youtube
trader_joes,"This is amazing creative!,,,",0,,youtube
trader_joes,My tjs moved everything around...ask where they moved the bone broth,0,,youtube
trader_joes,"Ok, The ending though.. lol",5,,youtube
trader_joes,"TJ&#39;S coleslaw with their Thai peanut dressing is delicious. <br>I hope you are not allergic to peanuts, too.<br>New Kitchen? Maybe 😢😢😅",3,,youtube
trader_joes,who is Brody,0,,youtube
trader_joes,"Oh, no. Shrinkflation for the totes?!?",2,,youtube
trader_joes,Any news on the shampoo review?,0,,youtube
trader_joes,"I’m laughing so hard, the only way it could have been better is if the banana costume had made an appearance. Lol seriously lol I love the healthy side of Trader Joe’s, you have so much information on health. Other channels (not mentioning names) focus on all sweets  or another channel try’s all the wines and beers and you can see she and her husband are so drunk I stopped watching both. I only watch you. Thanks😂 ok got to watch this a few more times😂❤😂❤😂 ok back to laughing",4,,youtube
trader_joes,"The Trader Joe’s pasture raised organic eggs never went up in price during that time eggs were super expensive, they stayed $6.99 while Vital Farms went up a few bucks. I feel Trader Joe’s doesn’t really raise their prices that often on most products.",12,,youtube
trader_joes,This is an amazing and super helpful video!! Thanks so much for sharing!🙏🙏,5,,youtube
trader_joes,"super helpful, keep em comin&#39;. Thanks",4,,youtube
trader_joes,Great video thanks,2,,youtube
trader_joes,Very helpful!! Thank you for sharing 😃,0,,youtube
trader_joes,I eat for brain and heart health,0,,youtube
trader_joes,The marinated meats are very high in sodium,0,,youtube
trader_joes,What are the marinated meat marinated in? Canola? Soybean oil? Sugar?,0,,youtube
trader_joes,What!?!  No Ezekiel bread?😢,0,,youtube
trader_joes,Try Transparent Labs or Aloha brand. Much cleaner.. less ingredients,0,,youtube
trader_joes,"Great finds!  You should try the spinach and kale Greek yogurt dip and the cottage cheese ranch dip.  <br><br>I love the cruciferous crunch salad mix for protein bowls.<br><br>They have some great frozen veggies, like Mexican-style cauliflower rice, cauliflower rice stir-fry, fire-roasted peppers and onions, and root vegetable fries.",2,,youtube
trader_joes,Watch out for very high levels of sodium in their products .,0,,youtube
trader_joes,Nothing more than junk and processed crap except for produce.   Go to local farmers and get your eggs and meat or order a subscription box.   Those marinated meats…read the ingredients.,5,,youtube
trader_joes,"Those protein bars have all kinds of bad ingredients like seed oils, sucralose, sugar alcohols and fillers. It’s a candy bar basically. If your going to claim to be a nutritionist, you need more education",0,,youtube
trader_joes,"Why are you suggesting meats and products that are not either pasture raised or organic? I believe that a part of nutrition is eating food that hasn’t been blasted with pesticides, herbicides, and genetically modified! <br><br>Pasture-raised meat is often considered better for several reasons:<br>Animal welfare: Animals raised on pasture typically have more space and can exhibit natural behaviors.<br>Nutrition: Pasture-raised meat often has higher levels of omega-3 fatty acids, CLA (conjugated linoleic acid), and some vitamins (A, E) compared with grain-fed meat.<br>Taste and texture: Many people find pasture-raised meat has a richer, more complex flavor and firmer texture.<br>Environmental impact: Properly managed grazing can improve soil health, increase biodiversity, and sequester carbon, though impacts vary by practice.<br>Fewer antibiotics/promotants: Pasture-raised systems are less likely to rely on routine antibiotics or growth promoters.",4,,youtube
trader_joes,"💖💖💖this, ty! I shop a lot at TJ and buy most of the items you recommend and more🌿🍓🪴",1,,youtube
trader_joes,I appreciate that you show pricing too. You truly are helping on my WW journey,1,,youtube
trader_joes,That heart shaped pizza!😊❤<br><br>I ❤❤ Trader Joe’s.  Great haul!  Thanks so much!<br><br>Romaine lettuce leaves make great bread less BLTs!!,1,,youtube
trader_joes,Hi Nikki and Adam,0,,youtube
trader_joes,Yess... tastefully simple is still around :) im a consultant lol.. i was going to buy those noodles but wasn&#39;t sure how to use it..maybe you can give us the recipe or show us the recipe when you make the sesame noodles.,1,,youtube
trader_joes,"I wish we had a Trader Joe’s by us! I used to shop at one, but it’s not close enough to go there now. Your grocery haul looks great!",1,,youtube
trader_joes,Great haul and info! We recently got a Trader Joe&#39;s fairly close to us!,0,,youtube
trader_joes,cilantro mini wontons for the win!!!!,0,,youtube
trader_joes,Great haul. Would love a video on different things you make using Thai noodles,0,,youtube
trader_joes,Looks like you picked up many of my TJ staples. I love being 12 minutes to TJ’s. It’s my favorite place to shop. I love having that shelled edamame in freezer too.,0,,youtube
trader_joes,Love love love your grocery hauls!,3,,youtube
trader_joes,I need to get back to Trader Joe’s. I’ve been eating from my pantry so I have plenty of space to stock up!,0,,youtube
trader_joes,"I have to drive 90 minutes to go to Trader Joe&#39;s, so I buy a lot when I go.  I love these videos because I will make a list of what I want on the TJ&#39;s site as you discuss each product.  The crispy jalapeno pieces used to be in a canister, love them putting them in your bowl recipes. Hyped!",0,,youtube
trader_joes,"Well, needless to say, I did not find the stuffed pretzels at Aldi’s.  I really wish they would realize people in Southern California are generally pretty dang healthy so if there’s gonna be something  in fat, then we deserve it just as much as anybody else!  I mean, I have to order El Milagros tortillas from the company and have them sent to me or Amazon. God knows how long they’ve sat there!  Trader Joe’s does do a much better job at keeping things more accessible to everyone!  I love my oldies, but I’d love it even more if they’d realize I’m from the Midwest and been living in Southern California for 30 some odd years, but I’m still from the Midwest!🤣🤣🤣",0,,youtube
trader_joes,Great haul,0,,youtube
trader_joes,Nikki good haul,0,,youtube
trader_joes,Great TJ haul. I tried the onion flavored pretzels. They had good onion flavor,0,,youtube
trader_joes,"I LOVE❤❤❤ TJs!!!!! Just wish it wasnt over 3hrs away...when I go to Mt Pleasant, MI every month I hit Lansing for TJs &amp; Whole Foods!! Just wish we would get one closer!! Love ❤❤ the vid as always!! The green godess dressin is also good to use as a marinade on chix breast!!",0,,youtube
trader_joes,Thanks for the haul!  How do the Thai noodles taste when compared to regular spaghetti?  Are they similar?,0,,youtube
trader_joes,Oh my goodness Nikki thank you so kindly for giving us the WW points that takes time and full dedication youre so amazing I appreciate you ❤️ have a fantastic night,0,,youtube
trader_joes,"❤ #21 ❤ Liked &amp; Hyped <a href=""UCzH60ksnMwDrMz3YmDHUJ0w/ll7KZpf9NvSn_9EPqqrIqAM""></a><a href=""UCzH60ksnMwDrMz3YmDHUJ0w/ll7KZpf9NvSn_9EPqqrIqAM""></a><a href=""UCzH60ksnMwDrMz3YmDHUJ0w/ll7KZpf9NvSn_9EPqqrIqAM""></a>",0,,youtube
trader_joes,the crispy jalapenos?? those are perfect for the viral tuna salad by matthew mcconaughey! u need to make it and give us your review! (or make a slightly healthier version),0,,youtube
trader_joes,Breakfast Cookies???? Could you show us how you make them (or link the video if you’ve already done so)?  Thanks!!!,0,,youtube
trader_joes,"Although I’m no longer a WW member, I am currently on a weight loss journey using a GLP1 medication that has been successful for me. All the information I learned on WW still has made an impact on me for a healthy lifestyle. I continue to watch your channel because I always like to see healthy food options and recipes. <br>By the way, the closest Trader Joe’s is an hour away from me, but we make a trip 2 to 3 times a year so thank you the ideas.",0,,youtube
trader_joes,"Nice sweatshirt! I love how you communicate how we all feel about Trader Joe&#39;s when you say &quot;I grabbed the fresh edamame in case they didn&#39;t have it in the frozen section.&quot; I don&#39;t know about your Trader joe&#39;s, but mine is pretty small, it&#39;s only a matter of 50 ft, but I do <b>not</b> like going backwards in that store! I feel like a bull at a time to shop and when people take the whole fam dambly, it&#39;s TOO crowded!😅",0,,youtube
trader_joes,"There were some TJ recalls please check.  information: <br><br>Trader Joe&#39;s Chicken Fried Rice with best by dates from March. 4, 2026 through Feb. 10, 2027. <br>Trader Joe&#39;s Vegetable Fried Rice with best by dates of Feb. 28, 2026 through Nov. 19, 2026<br>Trader Joe&#39;s Japanese Style Fried Rice with best by dates of Feb. 28, 2026 through Nov. 14, 2026<br>Trader Joe&#39;s Chicken Shu Mai with best by dates of March 13, 2026 through Oct. 23, 2026",9,,youtube
trader_joes,"Hello Nikki, Thanks For Sharing Your Trader Joe&#39;s Grocery Haul With All Of Us. You Got Alot Of Really Good Healthy Foods. I Went Out Today And Got Stocked Up Too. It&#39;s Good To Have Good Healthy Foods In To Meal Prep With. God Bless You And Adam and Trevor And Your Fur Babies Too. 🥰👍👍👍🐶🐶🙏🙏🙏😇😇😇😋😋😋😊",0,,youtube
trader_joes,Good evening Nikki just wanted to check in and see how you’re doing today. I hope you’ve had a great day and I love your videos. I was almost asleep and I heard my phone say you posted so I was like I’ve got it at least tell her hello and I’m thinking of her hope to hear from you and hope you have a great week,0,,youtube
trader_joes,Be careful with the birds eye chilli hot sauce it’s usually 10-20% hotter then jalapeno… I love watching ur videos bc it helps me get new ideas I’ve been on WW since august and have been hitting a plateau,0,,youtube
trader_joes,"Good afternoon Nikki I wanted to let you know that Trader Joe’s has had a recall on some of the things that were in your video. I was just there today and they said they’re gonna put out a mass recall list the Mushu rolls or something like that that you got. Is for sure on that list and there is a few other things. I can’t remember off the top of my head, but you might want to check into that and before you eat that stuff.",0,,youtube
trader_joes,"Kids are the best!! My son told me this once while we were laying on my bed looking at each other and talking. First, he grabbed my face with his little hand(he was 6 maybe 7) and said, “mom, one day I want to marry a girl just like you. And I want her to be beautiful just like you.” I literally died. I really needed to hear that and I will never forget it!! He is still such a sweetheart and he is not my little boy anymore. But kids really are the best gift ever!!!!!❤ God bless you and your family.",479,,youtube
trader_joes,I love that you didn’t cut that part out. You’re hilarious and so awesome.,262,,youtube
trader_joes,"Please enjoy the &quot;mommy, u&#39;re my best friend&quot; stage...and remember it fondly when u become &quot;public enemy no.1&quot; for no particular reason at all...!! ❤😊",222,,youtube
trader_joes,I want her grocery budget.,78,,youtube
trader_joes,"Once when my son had been watching Mr. Rogers many many years ago, and Mr. Rogers was talking about marriage. And he looked at me and said mom will you marry me some day.😢 I wish I could freeze that moment in time. But now he’s so happily married to a wonderful young lady and I’m so happy for them!",59,,youtube
trader_joes,"My son had me in tears when he was six, I remember exactly where we were in the car when he turned and looked at me and said &quot;Mama? I know you think I&#39;m smart and I agree with you so please listen to me, I want to marry you&quot; I said Oh my okay well how about I pick out a wife for you that I know that you&#39;re going to love and that&#39;s going to love you too one day when you&#39;re older He said no mama The reason I want to marry is cuz I never want to lose you I want to love you forever and I never want you to forget me.... Well let me tell you the tears poured out and he started crying and I was crying and he was just so happy that I didn&#39;t say no 😂",53,,youtube
trader_joes,"Years ago, I was at work and having a terrible day. During my break, I texted my now ex-husband to lament about how my day was going. He responded to me with what my then three year old son said when my ex told him that it was me on the text. &quot;My best friend Mommy is at work right now.&quot; Girl, when I tell you I cried, I mean ugly cried in my car for the remainder of my break! My whole day, week, year, life changed from that moment on. There is nothing more wonderful than the feeling of knowing that your child loves you and wants to be around you. ❤",161,,youtube
trader_joes,I love the pitter patter in the background of the little ones in this video. Getting the energy out.,127,,youtube
trader_joes,I’m single and I only shop at Costco - their fruits and fresh produce is awesome. Trader Joe’s is expensive. My mom (who recently passed liked TJ’s salt free nuts). My grocery haul now vs when mamma was alive and with me for the last 5 years is sooo different. God I miss my mom ❤.,214,,youtube
trader_joes,"I really enjoy her videos.  She is so honest about stuff but is obviously a phenomenal cook.  No false eyelashes, <br>excessive makeup or fancy dressed to impress stuff and that she enjoys herself is obvious.",77,,youtube
trader_joes,I hear them running!!! <br>😊What a sweet sound!,44,,youtube
trader_joes,"kids are the best, I’m disabled and a little girl came up to me and said ‘you look like my wheelchair Barbie’ I thanked her mum for raising an angel and then  cried bless her! 🥰",52,,youtube
trader_joes,"Cool mama, chef and wife!! ❤️🥰",28,,youtube
trader_joes,I keep my avocados in the refrigerator to slow them down and leave three or so out in a bowl to ripen. If I need them to ripen faster I’ll put them in a brown paper bag. 😊,47,,youtube
trader_joes,I make special trips for their frozen rice. Very good and so convenient!,35,,youtube
trader_joes,"Fav Trader Joe&#39;s  Foods-The Matcha Green Tea Latte &amp; Chai in the cans, Bamba Puffed PB Corn Snacks, Creme Fraiche, Chicken or Veggie Fried Rice, Japanese Rice, Frozen Dumplings /Pot Stickers (Any), Apple Or Pumpkin Butter, Fig Spread, Gingerbread Cookies in the Tub, Gongerbread Ice Cream, Parsnips, Tri-Colored Carrots, Ube Ice Cream, Ube Cookies, ABC Almond Butter Cocoa Bars, Dark Choc. &amp; Dark Choc. Truffle Bars, Potatoes, Sandwiches/Wraps, Italian Orange Soda in bottle, Blood Oranges, Blood Orange Soda in bottle, reg. Beef Broth, Not Bone, Sirloin Tips, Dog Treats in Big Box (my neighbors have dogs. That is all I can think of.😃",18,,youtube
trader_joes,Honestly  -  TJs has the freshest selection of flowers &amp; fillers for arrangements!   Lol - I don&#39;t cook much.  I watch with amazement what you cook!!❤,22,,youtube
trader_joes,"I love their chicken fried rice in the freezer section and their orange chicken, also in the freezer section.  Family favorites!",19,,youtube
trader_joes,Thats when you know you&#39;re doing a great job mama ❤❤,10,,youtube
trader_joes,You are one of the few cooking channels who does not buy a pile of crap when you shop.keep up the healthy,7,,youtube
trader_joes,&quot;It&#39;s growswees&quot; cutest little bubble Kennedy is!!!,6,,youtube
trader_joes,"I don&#39;t live near a Trader Joe&#39;s any more but when I did I loved the triple ginger, ginger snaps and in the fall pumpkin bagels. 🤤",33,,youtube
trader_joes,"TJs is my favorite grocery stop. But, the parking lot is always a challenge in my town.<br>I always pick up a box of their mini ice cream cones...just enough of a little sweet treat...for some reason I need something sweet after eating Italian; mushroom risotto, olive oil,  lemon scones, &amp; their Christmas cookie assortment tin, for a  &quot;just in case&quot; gift.  AND I ❤ their fresh cut flowers...I pick up a bunch each time🌺🌻⚘️",27,,youtube
trader_joes,Tangerine cream bars are a nice summer treat!,20,,youtube
trader_joes,Your interaction with your children (Kennedy) in this video is so precious. She runs to you to tell you something cool❤ I could watch your videos all day.,8,,youtube
trader_joes,Their cinnamon raisin bread. My 3 year old won&#39;t let us leave the parking lot without a slice to eat. 😂😂😂,3,,youtube
trader_joes,Yo... I&#39;m from Brooklyn NY... All I can say is that you are definitely a regular person... I wish all of today&#39;s moms were like you ❤,9,,youtube
trader_joes,The apricot butter cookies r a win!,8,,youtube
trader_joes,I love the best friend comment… my daughter is now 31… any we have always been close! Even in jr high &amp; high school… I knew who was dating who… my daughter was. Cheerleader !!! Now she is expecting our first grandchild… as grand daughter! I cried when I heard this … brought back so many memories… I hope you have the same !!! Thank you for sharing your real life!!!!!❤,6,,youtube
trader_joes,"Girl, the gnocchi with marinara in the freezer section is pretty bomb in a pinch.   Add some cream to tone the acidity of the sauce, add Parmesan or mozzarella, and you have yourself a super yummy meal.  Tastee!",9,,youtube
trader_joes,I found some Roti + Thai Curry Sauce at Trader Joe’s! Let me just say as a Caribbean person it truly surprised me at how good it was 💯…,9,,youtube
trader_joes,All the peanut butter is delicious ❤❤❤❤,15,,youtube
trader_joes,"If I ever had a big gathering of people ever again, I would employe you for that gig. You are amazing.",6,,youtube
trader_joes,She is so smart what a great job your doing at motherhood I truly enjoy your videos,8,,youtube
trader_joes,I’m going for the hot honey popcorn!!😊,19,,youtube
trader_joes,The sunflower crunch salad kit is so good,8,,youtube
trader_joes,"I love that you cried!!! Your baby told you, your her best friend 😊❤",6,,youtube
trader_joes,"Love the Mac and Cheese with green chilies. And I always buy nuts and dried berries (pistachios, pecans, almonds, cranberries, etc).  Also love their soup dumplings and cheese selections. I know you always make your own but their pizza dough is awesome.",14,,youtube
trader_joes,I&#39;m obsessed with how real you all are. The smooshed raspberry ahaha too cute!,10,,youtube
trader_joes,"Enjoy those kids. Mine are just old and give me the side eye of if I don’t know the current trends. 26 and 20, but they still come home when their best friend is making a good roast beef with mashed potatoes! Soak it all up, it goes fast",13,,youtube
trader_joes,"Favorite TJ’s items….. Their lobster bisque soup (I use it as a sauce base) &amp; make it with homemade blackened or garlic sautéed shrimp &amp; whatever kind of pasta). Next, you NEED to try their creamy Toscano cheese soaked in Syrah. <del>Phenomenal!!</del> also, an honorable mention would be both sizzle &amp; drizzle olive oils. The drizzle is so fantastic on salads. A tad bit pricey but well worth it bc it is bangin!! Cheers &amp; have a great day:)",9,,youtube
trader_joes,"Too many to name, BUT love the EVOO and the price!! Hard for me to get to one here!! But just going to Trader Joe&#39;s is a TREAT!! Like your choices!! And, I used to get their Birthday Cards, for variety!! Thanks for your posts... you and Carl are more fun than a TV series!! And the adorable children!! ♡D💖",15,,youtube
trader_joes,The frozen chocolate croissants are really good! Love the spray hand sanitizer!<br> Definitely want to try the hot honey popcorn!,18,,youtube
trader_joes,"I work in quailty at a popcorn manufacturer (in the U.S.). They have contracts for all over the world. Every customer nearly just has its own flavor. Canada hands down has the BEST flavor followed by Asia 😋 🍿 (PS we make Costco popcorn), and yes, i still eat popcorn outside of work.",12,,youtube
trader_joes,"My FAVORITE thing from Joe&#39;s is their gallon size black unsweetened tea at $4.99 a gallon.  I am a tea connoisseur and this premade tea ROCKS!  Next favorite thing is the latkes.  Trader Joe&#39;s Potato Pancakes, a.k.a. latkes, are made according to an old, Eastern European recipe that uses only the best quality ingredients. And they’re fully cooked, so all you have to do is reheat &amp; eat! Air fryer is the quickest method.  They are small but the  latkes are crispy and have onion in them.   YUMMY!  Next all of their different types of chicken salads over in the deli section.  I have tried them all and love them all.  Great for making wraps.  I always try some of their premade meals, sandwiches or wraps - they have never disappointed me. Also their seasonings are well made and the price is great.  Look at their personal hygiene section. I found this acací face scrub it is phenom!  Joe&#39;s is the first place I saw banana &quot;condoms&quot; and Everything bagel seasoning years ago. Lastly another favorite thing is the Trader Joe&#39;s canvas shopping bags - I have 3!",19,,youtube
trader_joes,Whole Foods and TJ are my favorite stores to shop ❤❤❤the hot honey popcorn so good but i got one bag haven’t seen it again on the shelves it never fails … 🤦🏾‍♀️🤦🏾‍♀️,10,,youtube
trader_joes,"It&#39;s a little rare to find, but the <b>best</b> bags of avocados actually contain a small variety of firmness levels, that way you don&#39;t have to eat them all at once.",5,,youtube
trader_joes,I love their Chicken Picatta! Everyone in my house loves it and it’s super easy to make (microwave).,9,,youtube
trader_joes,Their butternut squash soup is awesome!! 😊,4,,youtube
trader_joes,"Traders Joe&#39;s freezer sections is the best 👌🏽, I love their orange chicken, dumplings, and frozen chocolate covered bananas, so delicious 😋! I also like their produce aisle.",7,,youtube
trader_joes,We also LOVE their Cosmic Crisp Apples. I’m not a big Apple fan but the Cosmic Crisps are the best!,17,,youtube
trader_joes,You had me at your 2yr old said you were her best friend ❣️,12,,youtube
trader_joes,Kids know how to get tears out of their mommas 🥹 they say the sweetest things out of left field 🥰,38,,youtube
trader_joes,We need a trader Joe&#39;s here,5,,youtube
trader_joes,68 yr old father here<br>Chocolate Truffles <br>Double Chocolate wafer cookies are Great with your coffee and Greek Gyro meat packs <br>Tzatziki sauce with cucumbers. Make your pita bread add your veggies and ENJOY!!,6,,youtube
trader_joes,"Their raspberry, lemon, strawberry popsicles, their chips that have 3 or 4 different flavors, the frozen orange chicken, and honestly their frozen crushed garlic and ginger cubes. Tastes fresh with no work. And the cubes thaw out quickly! Love it!!!",3,,youtube
trader_joes,I’m so lucky cuz we have TJs all over the place here (in LA). We have 3 within 5 miles of my house. We shop there almost everyday 😊,10,,youtube
trader_joes,Their version of Heath bars!  Above the frozen food section... so good!,5,,youtube
trader_joes,Blue corn chips and their Pineapple salsa (which used to be mango salsa lol),3,,youtube
trader_joes,I love their mini almond biscotti!!!,4,,youtube
trader_joes,The organic coconut aminos. Alternative to soy or teriyaki sauce. Yummy. I LOVE Trader Joe&#39;s. Also..their dark chocolate dipped banana slices in the freezer séction...Yum. Fun fact...when it&#39;s hot..TJ&#39;s will give you frozen water bottles to pack around your food to keep it cold on the drive home. Love.,4,,youtube
trader_joes,"I love when you do different grocery store hauls.<br><br>I love even more the pitter-patter of little feet in the background, racing around the house. 😍",3,,youtube
trader_joes,Looking gorgeous Karissa. Awesome video ❤,10,,youtube
trader_joes,Awww your Mama heart was bursting! Precious baby!,2,,youtube
trader_joes,You will LOVE LOVE LOVE the Mediterranean salad mix AND both dill pickle flavored items you got!!!🎉🎉🎉🎉🎉🎉🎉🎉🎉🎉🎉🎉🎉🎉🎉🎉🎉🎉🎉🎉🎉🎉🎉🎉🎉🎉🎉,3,,youtube
trader_joes,Your daughter is lucky having a mom like you who&#39;s so sweet  and good at cooking too.❤❤❤<br>We don’t have TJ here in my town 	😢,7,,youtube
trader_joes,The milk chocolate covered pretzels are FIRE and the frozen Belgian waffles are bomb as well,3,,youtube
trader_joes,"TRADER JOES HAS THE ABSOLUTE BEST HASH BROWN PATTIES ON THE PLANET, FIGHT ME.<br>Also their overnight proofing almond or chocolate croissants. $5.99 for a box of 4, you lay them out to proof overnight (we stick ours in a cold oven), then bake for 20-25 mins first thing and you have bakery quality FRESH croissants.",2,,youtube
trader_joes,"Favorite TJs haul...kettle chips made with olive oil, sprouted seed bread, unsalted nuts and seeds, and peanut butter pretzels.",3,,youtube
trader_joes,"The sound of little one running by, is the BEST!! ❤",2,,youtube
trader_joes,"Their strawberry sheet cake is INSANELY delicious, so is the vanilla Chantille one. Im obsessed with their southwestern something salad kit (thank me later), they also have this pasta salad with peas and lemon its SO good juat add salt and pepper the salt balances out the sour of the lemon but its SO good.",3,,youtube
trader_joes,The soup dumplings are my absolute favorite!!,2,,youtube
trader_joes,"I make pizza crust and put dill in it, then I use the dill pickle dressing add cheese and dill pickle slices.  I love it!",4,,youtube
trader_joes,We here in Canada don&#39;t have Trader Joe&#39;s but: I absolutely LOVE the dill pickle salad sold at Walmart. SO GOOD!! ❤❤,3,,youtube
trader_joes,"Genovese pesto, peaches and cream cream cheese, fall leaves tortilla chips, little frozen donuts with chocolate hazelnut filling, crumpets with their lemon curd, so much to love at TJ&#39;s.",3,,youtube
trader_joes,"I love Trader Joe’s!!! Some of my favorite TJ items are coffee brownie ice-cream bars, ready to eat pacific salads with chicken (when I want an easy lunch for work), and a red fruit juice called To the Power of 7 Red, Organic Juice Beverage!!! It’s sold in glass jars which is a little inconvenient, but it tastes amazing!!",4,,youtube
trader_joes,"I absolutely love Trader Joe’s. Trader Joe’s and Costco are my main 2 stores that I shop at! <br>       I love trader joes’ seasonings, they have a pickle one that I’m obsessed with! All of their salad kits we use weekly! It’s so much easier than chopping cabbage into little bits! Especially when it’s hot out, and you just wanna eat…It’s just a nice treat! <br>      We also love their jalapeño cheese bread, so yummy! I love a lot of their sauces and dressings too… they have a sesame salad dressing that so delish and a harissa chili pepper sauce that’s amazing as well! <br>     I could keep going but I will just keep it at that! Love to all ❤️🙏🏼💕",3,,youtube
trader_joes,"Mom you truly are the best. We all notice when you&#39;re doing a video and your child says something to you as you&#39;re preoccupied you&#39;ll still acknowledge them, smile and answer them rather than get upset. I hope moms see the proper way to acknowledge your children in such a sweet way. You&#39;re amazing mom reminds me of how mom treated me she never got upset with me as a child she smiled and gave me her attention no matter what as you do.",1,,youtube
trader_joes,Luv this Trader Joes haul!! Try the chocolate chip bunkers and the dark chocolate peanut butter cups!!,5,,youtube
trader_joes,I love THE FIZZ.  It&#39;s really a carbonated pink wine. It is nice for an informal dinner or a brunch. It makes a delicious beverage!!!,2,,youtube
trader_joes,Thanks for sharing ❤,4,,youtube
trader_joes,spring salad mix is so good,2,,youtube
trader_joes,"Karissa, I&#39;m an og from when the first TJ&#39;s (near me) opened in Commack on LI back in the 90&#39;s...  The in-house jokey joke was always, &#39;Hey, where&#39;d you get that Niki, Trader Joe&#39;s?&#39;.  The answer was always yes😅  Ayyyy, simpler times at the salon.  <br>My baby boy was about as old as your adorbs Kennedy back then. He always loved the chocolate chip dunkers..  I&#39;ve loved too many items to mention and the inventory has evolved so much...  <br>Enjoy your babies, they&#39;re lucky to have you with them, every day👶🌻👶💐🍀",3,,youtube
trader_joes,"&quot;It&#39;s groceries&quot;...love, love, love! ❤",1,,youtube
trader_joes,"I love TJ…Their mashed potatoes,are delicious, in a pinch (in the freezer part of store) along with frozen asparagus in their meatballs section, I buy a lot more ❤ avocado toast on sourdough, with goat cheese and their  thinly sliced salmon… sprinkle with everything but the bagel spice.. delicious. (Or whatever spices you like.",12,,youtube
trader_joes,"I just love your channel I enjoy watching you and your family, Karissa you&#39;re cooking looks so superbly delicious 😊❤",3,,youtube
trader_joes,My favorite thing in Trader Joe’s is the large (but not large enough) container of those little crispy chocolate chip cookies!,1,,youtube
trader_joes,"You always make me laugh! For 25+ years I&#39;ve loved traders because their ingredients were often non GMO, organic without corn syrup, dextrose and added chemicals. Somewhere in the last 5 years they&#39;ve compromised. Why?😢 There are still a few items( very few) I would trust.",4,,youtube
trader_joes,Why is hearing your toddlers quick foot action in the background bring so much cheer to me!😅🥰🌺🤙🏾,1,,youtube
trader_joes,Ooo the buffalo ranch popcorn is 🔥!!,3,,youtube
trader_joes,That is so precious that your little one told you that you’re her best friend. I would have been sobbing 😭,1,,youtube
trader_joes,"You are just such a loveable person, can’t get enough of watching!🤩 😍",3,,youtube
trader_joes,"The package of three chocolate bars is much easier to break apart than the giant bars and has a denser texture; I like the 72% cacao dark Belgian. Their peanut butter filled pretzel nuggets are nice, thin crispy coating of pretzel. Nice unsalted canned salmon in water; their albacore tuna is good in water with three levels of salt available.",1,,youtube
trader_joes,We don’t have TJ here in my FL hometown. Love your videos!  Babies sweet babies. 🙏🏻💞🙏🏻🙏🏻🙏🏻,4,,youtube
trader_joes,I enjoy your cooking skills and sweetly you take care of your little ones God bless,2,,youtube
trader_joes,You&#39;re amazing mom and wife I love when you&#39;re up i😮 the middle of the night cooking. ❤,4,,youtube
trader_joes,"We always buy the bags of orange chicken. It&#39;s quick, easy, and comes out perfect every time. That and the frozen garlic naan are trader joes staples in our home. I also buy psyllium for my dog there too. It&#39;s the cheapest I&#39;ve seen there comparatively.",1,,youtube
trader_joes,Really wished we had a trader joes around here. Oh well maybe one day. That hot honey popcorn looks so good. 😊,14,,youtube
trader_joes,"Awwww, so sweet!!",2,,youtube
trader_joes,Love that pasta you had at the end that’s my favorite as well. And I’m excited about trying that hot popcorn keep up the good work. I love your videos and I’m always watching hilarious and I love how your husband always has you on your toes with his mispronunciation of Italian food. 😂😂😂🙏🙏❤️❤️👍👍,3,,youtube
trader_joes,Do a fall Trader Joe’s haul,0,,youtube
trader_joes,Just spent $22 there a few hours ago. I had to stop myself,0,,youtube
trader_joes,"I know it’s a lot of items, but can I ask you a favor please? I just joined what I love to do is just take a screenshot of the good stuff so I can go shop at Trader Joe’s but you go so fast I can’t see what it is I just listen to what you say Just like an extra two seconds would be great thank you thank you!",0,,youtube
trader_joes,"Yes, lady, we know you have nails",1,,youtube
trader_joes,The best part of the video for me was Noah and Enoch walking into the store with  their arms around each other&#39;s back.  Noah is a very loving brother to Enoch.,19,,youtube
trader_joes,"You wonder why her children touch everything. The Mom can’t keep her hands off anything. She touches and gives a monologue on products that’s she’s not even buying. <br>Wasn’t she ever taught to look with your eyes,not your hands.",8,,youtube
trader_joes,Drinking game: Every time Amber says &quot;actually&quot; take a drink... you&#39;ll be drunk in minutes 🤣😂 (just teasing you),4,,youtube
trader_joes,"I just wanted to thank you for sharing your grocery hauls and meals. I know some people say it’s repetitive, but it truly helps so many of us, myself included. Over the past year of following you more closely, I’ve started making more healthy/creative meals for my family, and we eat fast food way less than we used to. I even got my lab results today and I’m no longer prediabetic, and your channel has definitely played a part in that. Please keep doing what you’re doing, there are far more people who appreciate it than those who don’t. I also really enjoy how your family embraces a simple lifestyle. It’s honestly a breath of fresh air compared to most of what’s on social media. Thank you again, and God bless.",4,,youtube
trader_joes,"Amber, One liter plastic bottle of water contains at least 240,000 particles of plastic.  Possibly more because of nano-plastics. Your children are consuming all that plastic which is far worse than red dye or stabilizers. Please buy your kids their own waterbottles and insist they keep track of them. This is just from one mother to another.",33,,youtube
trader_joes,Thanks!   Hey...buy Naomi a SPATULA...to scrape those baking bowls clean...,30,,youtube
trader_joes,Poor Enoch he never gets anything yo himself,42,,youtube
trader_joes,I really enjoy watching you guys shop.I always enjoyed it in NY when the kids got their treats at Trader Joes and seeing what they picked out.,3,,youtube
trader_joes,"That dill pickle salad probably went really well with fried chicken! This was a very fun video, thank you! ❤",6,,youtube
trader_joes,"Food 4 Less is owned by The Kroger Co., operating as a subsidiary and part of the Kroger Family of Companies. Kroger operates these no-frills, warehouse-format stores primarily in Southern California, Illinois, and Indiana. <br>Wikipedia<br>Wikipedia",11,,youtube
trader_joes,"It’s really not food safe to store unrefrigerated milk in your van while you shop. Why can’t you get a cooler and store the milk in there, until you can get it home into the fridge?",25,,youtube
trader_joes,I don’t know if Food4Less does it but at Kroger you can get a free piece of fruit for each kiddo-you just ask the produce person. Sometimes they have a basket marked free fruit for your kiddo/little shopper.,6,,youtube
trader_joes,"Watching you from Serbia! I love your content, especially the kids playing music ❤",4,,youtube
trader_joes,"I’m surprised you don’t can, freeze and preserve some foods. You could also buy a whole pig or cow and freeze it. It would save you so much money and be healthy to buy in bulk and preserve it the way your family likes it. Being in California I’d imagine there’s fresh produce farms.",11,,youtube
trader_joes,Even if u spent another $178 at another store on the same day that would be very responsible food shopping for 10 people....,5,,youtube
trader_joes,"Fred Meyers and Kroger are basically the same company. On the West coast/PNW and Alaska, that store is called Fred Meyers and Kroger is their store brand. There are 7 Fred Meyers stores in the Anchorage area including 1 in Eagle River, 1 in Wasilla and 1 in Palmer. Combined those are in a 55 mile radius. There&#39;s  about 4 more scattered across Alaska.",6,,youtube
trader_joes,"<a href=""https://www.youtube.com/watch?v=xilgtLgvS9c&amp;t=250"">4:10</a> you could always use squashy mangoes for mango milkshakes, we love it here especially during hot summer season <a href=""UCkszU2WH9gy1mb0dV-11UJg/m8MfY4jbFsWJhL0PyouA2Ak""></a>",8,,youtube
trader_joes,"Kroger is an American retail corporation headquartered in Cincinnati, Ohio.] It operates supermarkets and multi-department stores throughout the United States.",6,,youtube
trader_joes,"When comparing prices, look at the unit price, not the price price.",25,,youtube
trader_joes,Greetings family from New Zealand. Love grocery shopping with you all. Fascinating the variety you are lucky enough to choose from. We have to take what we are given down here...limited. Have a fantastic weekend. ❤❤❤❤❤,3,,youtube
trader_joes,"&quot;No<br>No, a standard lollipop is a poor fit for toddlers because hard candy and sticks raise choking and mouth risk. For most families, the plain answer is no. A 2-year-old is still learning how to chew, pause, spit, and stay seated while eating.&quot;",29,,youtube
trader_joes,"Idk why stores think it&#39;s ok to make you jump thru hoops, just to get their discounts. I know older ppl &amp; others really struggle w/things like that. I think you should shop wherever you want to. Netta is really growing &amp; learning &amp; it&#39;s wonderful! So nice of your older daughter to make a treat for everyone! It looked delicious",4,,youtube
trader_joes,"When you find too ripe Mangoes on sale, you can always turn them into homemade Mangoneadas…👏🤗 such a good fresh treat with summer coming up",3,,youtube
trader_joes,Why don&#39;t you use your wagon to bring in groceries? Load it up and less trips. Makes things easier.,21,,youtube
trader_joes,"I tried your Enchiladas Casserole few days ago, delicious 😋. Are you a bit concern about Neta’s speech and language delays?",11,,youtube
trader_joes,Love all your videos. At the end I saw the children dancing around in the garden. Made me think it would be fun to lay flat walking stones throughout the garden on a path so they can walk easily through and harvest all the yummy things you&#39;ll be growing.,4,,youtube
trader_joes,"If you can find a bushel of tomatoes and par boil them, the skins come off and you can make your own sauce.",5,,youtube
trader_joes,Our grocery stores in AZ sell milk in a glass jar. Local dairy. The heavy cream has no added crap to it. Try searching in one of your stores for that,0,,youtube
trader_joes,"Food For Less is under the Kroger parent company. Here  in AZ, ours is Fry&#39;s Food",3,,youtube
trader_joes,In Melbourne we have something called NQR FOR DISCOUNT FOOD. It’s fantastic for freezer food.,3,,youtube
trader_joes,Kroger is a parent company of a lot of brands.,9,,youtube
trader_joes,"🌸Melody looks like she had a growth spurt, so tall🌸",1,,youtube
trader_joes,I love cinnamon and regular life cereal… Noah is onto something… lol <br>I love Costco… eating healthy can be so expensive - have a great week!,5,,youtube
trader_joes,"Amber, has Marc ever applied for a job in a place like Autozone? He seems to know a lot about car repairs etc. There are so many places like Autozone I bet he could apply to and maybe just having a steady job for more than a couple of months would help his resume. Right now, his age and unreliability (meaning not long term employment) are probably working against him in his job search.",10,,youtube
trader_joes,"So..no hate here just asking a quick question.  You show us and tell us about the things you ate and enjoyed when growing up.  Do you ever allow your kids these things…such as ..the Spaghettios, the cupcakes, and other things mentioned before.  Also what do you feed your kids for breakfast and lunch?",14,,youtube
trader_joes,OMG $6.29 for a can of peeled tomatoes 28 oz 😮 crazy expensive $$,8,,youtube
trader_joes,"You cook them the same way as you do to convince.They&#39;re just supposed to be easier to digest an easier on your stomach.Unless gas, they&#39;re being from Peru.When my daughter was having stomach issues, the doctor told her.If you still like to eat beans or want to eat these, is there an excellent source of protein, but they&#39;re good for less gas, they&#39;re easy to digest and very good on your stomach.That&#39;s why a lot of people feed them to their babies",4,,youtube
trader_joes,Here in Maryland we have Kroger- owned Harris Teeter food stores.,1,,youtube
trader_joes,It also makes sense for u guys to shop at Costco or BJ&#39;s. Hopping around store to store is a waste of time and gas money. Stick to one store like the normal society does it😊,10,,youtube
trader_joes,The shortbread looks really good.,4,,youtube
trader_joes,In California Kroger is called Ralph’s! The names vary by region but it’s all the same brand,4,,youtube
trader_joes,"<a href=""https://www.youtube.com/watch?v=xilgtLgvS9c&amp;t=755"">12:35</a> Snoop owns 19 Crimes which  has become very big and popular, and a very good wine line.",6,,youtube
trader_joes,Hi Amber. I made Marry me Chicken soup the first time that I made it &amp; non soup the second time I made it. It is SO delicious!,2,,youtube
trader_joes,Their choices always leave me scratching my head! Frugal isn’t in their vocabulary.,22,,youtube
trader_joes,Salad looks delicious 😋,3,,youtube
trader_joes,"We always add manure sand ,ash ,peat moss to our garden almost every year. Definitely  manure",4,,youtube
trader_joes,"If you&#39;re coupons, don&#39;t load the cashier has a barcode.She can scan in anything that you buy.That&#39;s on sale will automatically be rung up at the sale price",2,,youtube
trader_joes,"Program owns a lot of different grocery stores , including a less they also winkle down.They on a bunch of different stores under different names",3,,youtube
trader_joes,Trader joes paper bags are very flimsy. Why not bring your own bags to tj ro use,9,,youtube
trader_joes,"Really easy to look it up if you didn&#39;t have the phone on record.<br><br>&quot;Kroger operates grocery stores in 37 U.S. states and Washington D.C., with the largest number of stores in California, Texas, and Ohio.<br>Kroger, one of the largest supermarket chains in the United States, has over 2,873 locations nationwide as of 2026, including grocery stores, pharmacies, and in-store clinics. The company’s stores are primarily concentrated in the South, Midwest, and West, with California hosting the most stores at 298, followed by Texas with 218, and Ohio with a similar high count. Other states with significant Kroger presence include Georgia, North Carolina, Indiana, Colorado, Washington, Arizona, Tennessee, Michigan, Kentucky, and Illinois. <br>ScrapeHero<br>+1<br>States Without Kroger Stores<br>Kroger does not operate in 13 states, which include: Connecticut, Hawaii, Iowa, Maine, Maryland, Massachusetts, Minnesota, New Hampshire, New Jersey, New York, North Dakota, Oklahoma, Pennsylvania, Rhode Island, South Dakota, Vermont, and Wisconsin. <br>World Population Review<br>Summary<br>Total states with Kroger stores: 37 + Washington D.C.<br>Largest store counts: California (298), Texas (218), Ohio (~214)<br>Services offered: Grocery, pharmacy, fuel centers, and in-store clinics<br>Notable absence: Northeastern and some northern states lack Kroger locations<br>Kroger’s widespread presence makes it accessible to a large portion of the U.S. population, while its absence in certain states reflects regional market strategies and historical expansion patterns. <br>2&quot;",5,,youtube
trader_joes,KROGHERS OWNS FOOD 4 LESS,3,,youtube
trader_joes,"Amber, Kroger Co. owns Ralph’s grocery chain, among other stores.",2,,youtube
trader_joes,I don&#39;t blame Noah pizza every week gets old chilcken,14,,youtube
trader_joes,"Hi guys🙏❤nice shopping haul,Naomi’s shortbread looked delicious",3,,youtube
trader_joes,"Why not buy the <a href=""http://bread.buy/"">bread.buy</a> garlic and  olive <a href=""http://oil.so/"">oil.so</a> next time you have the olive oil and garlic for  next <a href=""http://time.you/"">time.you</a> buy package items _ when y ou could buy some things in bulk or grow yourself.",12,,youtube
trader_joes,"Also, Kroger has grocery stores in more of the Midwest and towards the East coast. Like, Michigan, Ohio, Illinois, etc. Then it gets slightly confusing because in Michigan alone, there&#39;s Kroger grocery stores. Then they have Meijers which looks like a Fred Meyers in Alaska and all down the West coast. It&#39;s easy to get confused.",2,,youtube
trader_joes,Hey beautiful family love from Norway ❤,4,,youtube
trader_joes,You put it in your beer to change the flavor that&#39;s why it&#39;s called beer salt,3,,youtube
trader_joes,Poor mark isnt even trying to organize that cart😅,0,,youtube
trader_joes,It’s great to see the children share with each other and you can see the love they have for each other❤❤,8,,youtube
trader_joes,Mark has to be extremely exhausted on how many questions you ask him a day,32,,youtube
trader_joes,"I’m so happy for you guys! You are finding great shopping places and trying new foods. Yall are doing amazing things, you are thriving and growing and I’m just so happy for your family 🌈⭐️💓… hugs from Florida!",10,,youtube
trader_joes,Kroger’s headquarters is in Ohio and they have stores all over the states and Food 4 Less is one of their stores.,1,,youtube
trader_joes,There is Kroger&#39;s all over here in Tennessee... An Kroger like store in other states too. They becoming.more famous ❤😂🎉,1,,youtube
trader_joes,Yes you definately need to have an app for any Kroger affiliated stores.  It can be so expensive in Kroger.  Sometimes Kroger has great deals. I prefer my local Meijer .,2,,youtube
trader_joes,"When mangoes are soft like that? It just means that they&#39;re super ripe. You can still eat them. They&#39;re very good, cut them up, you can even blend them and add to a pitcher of water and then sweeten to taste sugar, honey, Agave, whatever you like to use and you can make an agua frescas so delicious, we no longer buy juices or soda or anything. I just make everything myself. We&#39;ve been making lime water  And it&#39;s pretty much made and lemonade , but they&#39;re called agua frescas and sometimes I add Chia seed to <a href=""http://mine.my/"">mine.My</a> husband says, I don&#39;t want the little pieces of dirt.I said they&#39;re Chia seed.I don&#39;t want that and my daughter and I one of our daughters and i&#39;m well all my kids like it , but the one that lives at home with us , and I love it",2,,youtube
trader_joes,Okay…Who got the Oreo Ice Cream???  They will be my new best friend!!!,2,,youtube
trader_joes,Grocery outlet is in California <br>Please look into it ok Its a discount supermarket. I called <br>Grocery outlet there is a few in San Diego.  Something todo  as an outing.,9,,youtube
trader_joes,Beautiful family,1,,youtube
trader_joes,Kroger is the mother company for a lot grocery stores. King Soopers here in Colorado and as you figured out Food 4 Less.,5,,youtube
trader_joes,They have Foods 4 Less in Oregon also.,1,,youtube
trader_joes,"Also , rallies is part of the kroger brand food four less",1,,youtube
trader_joes,Why don&#39;t u just shop at whole foods if ur concerned about good food? Or go to a co-op and buy natural foods from farmers? Or join azure standard??,11,,youtube
trader_joes,I live near fort Worth Texas and my son has worked at Kroger for 3 years,2,,youtube
trader_joes,We have Fred Meyers in Oregon. The products have a Kroger label,3,,youtube
trader_joes,Do you have an Aldi around you?  As long as you are not brand specific you can save a lot of money and lot of their foods do not have artificial  dyes and flavors.,13,,youtube
trader_joes,We have Kroger stores in my area. They have good sales. Have a great weekend🙂❤,1,,youtube
trader_joes,I love a dill salad!,1,,youtube
trader_joes,"@<a href=""https://www.youtube.com/watch?v=xilgtLgvS9c&amp;t=774"">12:54</a>  Why not buy a water filter jug and use that to refill bottles??? What a waste of money and plastic to buy bottled water, Amber’s shopping choices are baffling",4,,youtube
trader_joes,When i am canning in the summer I will buy beans and fruits and all kinds of stuff and just spend a couple of days canning it all. That way we have stuff all through the winter months.,4,,youtube
trader_joes,Food 4 less and Ralphs are chains of Kroger. Just like Albertsons has Vons and other chains like Safeway,2,,youtube
trader_joes,My favorite family love them❤❤,4,,youtube
trader_joes,Our Kroger in Western Az is Smith’s food king. In So Cal it’s Ralph’s. I just click on all digital coupons on the app.,2,,youtube
trader_joes,"Wow what a Great store,, prices are Amazing, Super Great shopping haul. Watching Moe &amp; Neta holding hands was so adorable ❤ Dinner was easy and looked Amazing ❤ That mine kind of dinner👍😎 Sending Beautiful Blessings and hugs to you all ❤️ Great video ❤❤Way go Naomi..look delicious ❤",8,,youtube
trader_joes,"Wow we had a food for less in Pennsylvania, they demolished it years and years ago.",1,,youtube
trader_joes,Make sure you see if you need to join there gro we have to at Kroger to get sale prices,1,,youtube
trader_joes,hugs from pam keep it coming on video we love you all,5,,youtube
trader_joes,Eddate1975 comments all the time in defense of anything negatively said. I wonder if this person is actually Marc or one of the kids. Thoughts on that idea?,12,,youtube
trader_joes,Kroger in Oregon is Fred Meyer.,2,,youtube
trader_joes,We went to this store when we were in San Diego last summer,3,,youtube
trader_joes,I watched a video about canned food and two of our special treat favs were on there spaghetti o&#39;s and ravioli.  So sad. We will still indulge occasionally.,2,,youtube
trader_joes,qwouldnt give baby a cookie she didnt eat her tea,5,,youtube
trader_joes,Look on the bottom of the receipt and see how much you saved with the coupons and let us know,1,,youtube
trader_joes,Fred Myers is in Oregon and owned by Kroger,1,,youtube
trader_joes,I could watch you guys shop all day! We do not have the stores here in Canada that you have access to. And I like comparing prices…❤,11,,youtube
trader_joes,"Kroger is KrogerSmith&#39;s fred meyer&#39;s and some other ones I can&#39;t remember , but there&#39;s your basics",0,,youtube
trader_joes,Mo  and Netta holding hands is the sweetest part of the video.,13,,youtube
trader_joes,J aime beaucoup votre vlog les enfants aimes partager avec des parents comme vous  vous avez appris beaucoup de choses bien a vos enfants partager c est bien ❤❤❤❤❤❤❤❤❤❤ DIEU vous proteges vous tous ❤❤❤❤❤❤,2,,youtube
trader_joes,fruity dyno bites are still my favorite lol n im in my 60s  no I dont buy but I would if I could eat it,1,,youtube
trader_joes,Hi happy caravan family. How are u all. Love shopping hul. U guy&#39;s should useyour own reusable shopping bags than instead  plastic bags. The break easy. Just suggestion. Food looks so yummy and delicious. Love salad my favourite. My family eat in whatever we eat. Thank u for sharing. Looking forward to next blog. Have a great week. Take care of yourself and family ❤😊❤😊❤😊,2,,youtube
trader_joes,"Red velvet is chocolate.  NYC’s Magnolia Bakery, featured in Sex and the City, made cupcakes famous.",6,,youtube
trader_joes,Put hot glue dots on slippery tubes to make grip better...also a good thing to put on hangers so clothes don&#39;t  slip off,4,,youtube
trader_joes,Red Velvet is chocolate cake with red coloring added,1,,youtube
trader_joes,I used to shop at the Pasadena store with my grandmother in the early 70s. Safe to say I am a long time Joe’s fan!,1,,youtube
trader_joes,Blonde is vanilla brownie.,3,,youtube
trader_joes,"Just got the coconut cashew caramel clusters. Oh my. They flirt on the edge of too sweet, but they taste so good I don&#39;t care!<br><br>Natasha, have you seen the dark chocolate roasted pistachio toffee? It&#39;s in one of those little 4 in.² plastic tubs. Very very very good. I&#39;m like you - I prefer dark chocolate.",1,,youtube
trader_joes,Niacin is vitamin B3 :)  So thankful for your vids. They save me so much time when I brave the crowds at TJ&#39;s.,1,,youtube
trader_joes,I know some friends I’ll have to pick up the earl grey blondies for! I love that TJ’s makes different ones based on the season. I was for sure in my early 20s when I found out that red velvet is just chocolate.,0,,youtube
trader_joes,I am obsessed with the coconut cashew candy clusters….glad I bought a couple of bags,1,,youtube
trader_joes,"A blondie is a rich, chewy dessert bar similar to a brownie but without chocolate, flavored with brown sugar, butter, and vanilla for a butterscotch taste. Often called &quot;blonde brownies,&quot; they have a similar texture to brownies but get their flavor from vanilla and caramelized brown sugar, and can be customized with mix-ins like chocolate chips, nuts, or M&amp;Ms. They are known for being quick and easy to make, often in a single bowl, and are best when slightly underbaked to ensure a moist, chewy center. <br>Key characteristics<br>Flavor: Butterscotch, caramel, and vanilla.<br>Texture: Chewy and dense, like a brownie.<br>Base: Brown sugar, butter, flour, eggs, and vanilla.<br>Customization: Easily adaptable with add-ins like chocolate chips, nuts, or white chocolate. <br>How they&#39;re made<br>Melt butter and mix with brown sugar, eggs, and vanilla. <br>Whisk in dry ingredients (flour, baking soda, salt). <br>Fold in desired mix-ins. <br>Bake at 350°F (175°C) until the edges are set but the center is still slightly gooey (around 25-30 minutes). <br>Cool completely before cutting to allow them to set.",4,,youtube
trader_joes,Organic small lot 100%!,0,,youtube
trader_joes,Niacin a vitamin.. red velvet is a light chocolate flavor,0,,youtube
trader_joes,I use Seen Shampoo-non-frangence.,0,,youtube
trader_joes,Not quite allergic is called a sensitivity...,0,,youtube
trader_joes,Blondies are non chocolate brownies so they are vanilla or caramel or butterscotch etc,0,,youtube
trader_joes,Love that OG goat cheese!  Bought three so far.  Yum!,1,,youtube
trader_joes,Tuna sandwiches with potato chips. 🔥,0,,youtube
trader_joes,Brody looks exactly like Tom Hanks aka Forest Gump lol,1,,youtube
trader_joes,Earl Grey Blondie Bars would be delicious with a London Fog Latte. 😋,0,,youtube
trader_joes,"Red velvet cake originated in the 19th-century Victorian era as a &quot;velvet&quot; cocoa cake, becoming popular in the 1940s/50s, notably through Eaton’s department store and the Waldorf-Astoria. Its characteristic red color historically stemmed from a chemical reaction between cocoa, buttermilk, and vinegar, later enhanced with beet juice or red food dye during WWII rationing.<br><br>Key Historical Aspects:<br>Victorian Origins: Originally, &quot;velvet&quot; cakes were developed to have a fine, soft crumb—distinct from the coarse, dense cakes of the time—using ingredients like almond flour, cocoa, or cornstarch.<br>Natural Coloration: Before food coloring, the red hue was naturally produced when raw, non-alkalized cocoa powder was combined with acidic ingredients like buttermilk and vinegar, creating a brownish-red, &quot;mahogany&quot; color.<br>The Waldorf-Astoria Myth/Legend: While often called the &quot;Waldorf Astoria Cake,&quot; the hotel (along with Eaton&#39;s in Canada) likely popularized it in the 1930s rather than inventing it, with the hotel&#39;s recipe originally using beet juice.<br>Wartime/Adams Extract: During WWII, when food was rationed, bakers used beet juice for moisture and color. John A. Adams, a Texan extract salesman, is credited with commercializing the modern, bright red version by pushing the sale of red dye alongside his cake recipe.<br>Cultural Significance: Today, red velvet is strongly associated with Juneteenth, representing the blood spilled by enslaved ancestors and the resilience of the community.<br>Pop Culture Revival: The cake experienced a massive resurgence in popularity following its appearance in the 1989 film Steel Magnolias. <br>Wikipedia<br><br>Evolution of the Recipe:<br>Frosting: Originally, the cake was paired with a cooked roux-based white frosting (sometimes known as &quot;ermine icing&quot;). It is now most commonly served with cream cheese frosting.<br>Dye Scares: Due to concerns over Red Dye No. 2 in the 1970s, many recipes transitioned to Red Dye No. 40.",2,,youtube
trader_joes,This was fantastic! Brody did a stellar job! The inside the bag clip was fun 😊. You’ve got me thinking about the shampoo. I hope you got the bug problem resolved!,1,,youtube
trader_joes,"Great video, nice to see Anthony again.",0,,youtube
trader_joes,Those bugs may be gnats.,0,,youtube
trader_joes,I am in Montana and have those little bugs too! All over the window sills.,0,,youtube
trader_joes,"I have been shopping at TJ’s since the mid 80s, back when they were a liquidator under the original owner and management. At first they had no refrigeration sections and their wines were awful because they were literally rejects for some reason. First expansion was the cheese and frozen foods. Then they started selling stuff under their own label (that was huge). They brought in fresh produce, but it was always prepackaged except the bananas which were sold individually. They added deli items and cured meats and packaged baked goods. The last things added were fresh meats and seafood. They had frozen chicken breasts, for example, years before the fresh ones. Before they were a full line grocery I used them for cheese, spices and condiments, dried fruit and nuts and whatever tempting snack items that would be gone forever if not purchased right then (because they were a liquidator). Every trip was a treasure hunt!  I’m in CA of course. I used to have to ship TJ stuff to friends and family in other states. 😂",4,,youtube
trader_joes,"A brookie is a popular hybrid dessert combining a chocolate chip cookie and a brownie, likely originating in the mid-2000s or early 2010s to satisfy cravings for both treats. While various bakers claim invention, it was popularized by shops like Los Angeles-based Milk + Brookies and Solomon’s Gourmet Cookies. <br><br>Key Historical Details:<br>Origin: The concept emerged around 2006-2007, with one creator, Jason Tenenbaum, claiming invention at Solomon’s Gourmet Cookies. Another source attributes the creation to a 2010 launch of a similar product called the &quot;Brookster&quot;.<br>Popularization: Jovon English, who founded Milk and Brookies in 2014, is credited with popularizing the brownie-cookie cupcake, often cited for bringing the hybrid into the mainstream, including on Shark Tank.<br>Concept: It consists of cookie batter layered over, or mixed with, brownie batter, creating a chewy and fudgy texture.<br>Commercial Adoption: Major bakeries, such as Great American Cookies, have adopted the product, marketing it as the &quot;best of both worlds&quot;.<br>Commonality: Despite specific inventors, the concept is often considered a natural evolution of combining existing, classic recipes.",0,,youtube
trader_joes,You don&#39;t need to tip at a coffee shop! The coffees are pricey enough! Don&#39;t get sucked into that trap,0,,youtube
trader_joes,I&#39;m going to try those blondie bars... they sound goooood.. and the cheese.. 🐄,0,,youtube
trader_joes,I love aged goat cheese. It’s hard to find.,0,,youtube
trader_joes,"Brought in two weeks ago  little “fruit flies” …not exactly, multiplied.  Nightmare!  Maybe came in on a TJ’s papaya or kiwi… or…. They are better, not gone.  Shallow dishes with apple cider vinegar and a drop of Dawn.  They love it and drown. 😮",2,,youtube
trader_joes,I have been ordering Costa Rican coffee ever since my brother went there and brought me a bag. There is a US distributor who imports it. I love it!,0,,youtube
trader_joes,Fruit fly like bugs: trap:  a shallow dish(es) of apple cider vinegar with a drop of Dawn.,1,,youtube
trader_joes,"I LOVE Costa Rican coffee.  Whenever I&#39;d go there, I&#39;d ship huge bags of the coffee home.  Now I can find it in my local grocery store which is so good but I did get some from TJs also.",0,,youtube
trader_joes,Red Velvet is a cocoa-flavored cupcake that is dyed red with cream cheese frosting. They also have buttermilk and vinegar for the tang. It was originated at the Waldorf Astoria Hotel in NYC during the 20’s or 30’s as it was served as a luxury dessert.,0,,youtube
trader_joes,"Red Velvet cake is very popular in the South. Supposedly vinegar, cocoa &amp; buttermilk are what gives it a unique flavor &amp; texture. <br>Watch every haul &amp; love your podcast. The 1st Trader Joe&#39;s is in Pasadena. Have fun at Coachella!!!",0,,youtube
trader_joes,"A traditional red velvet is made with cocoa powder,red food coloring, and vanilla extract. Tjs probably used beet juice/powder as they don&#39;t use traditional food coloring.",0,,youtube
trader_joes,What is the answer to the TJ’s Trivia question? When did the first Trader Joe’s open up?,0,,youtube
trader_joes,"<a href=""https://www.youtube.com/watch?v=lgjUVTqYfz0&amp;t=725"">12:05</a> OMG, yikes! I have been hearing about some new fly in SoCal that likes to attack eyeballs. I hope that’s not it!",0,,youtube
trader_joes,lol what is anthony doing with his hands 🤣,0,,youtube
trader_joes,Blondie is a brownie alternative fkavored with brown sugar and vanilla instead if cocoa,0,,youtube
trader_joes,Anthony is great!,0,,youtube
trader_joes,"I watch all your videos since I ❤ TJ’s! I’m watching from WA state, the closest one to me is about 1/2 hour away, I love trying new things but I have sensitivities &amp; allergies so I don’t get certain things, including the soups since they add a ton of onions and I don’t tolerate them well…I don’t do caffeine so none of the coffee items or dark chocolate :(.   But there are a lot of things I love one of my favorites is the frozen green curry (with tofu sheets although I avoid those) so many other favorite TJ items though!! Thanks for your updates and test reviews!!",0,,youtube
trader_joes,I&#39;d love it if Trader Joe&#39;s made versions of Girl Scout cookies! I love the Girl Scouts but the ingredients in their cookies are disgusting. I still buy them but I give them to people I don&#39;t like that much.,2,,youtube
trader_joes,lets get Brody to taste test.....,0,,youtube
trader_joes,I&#39;m from the land of Trader Joe&#39;s.,0,,youtube
trader_joes,Girl. The way you have been mentioning your boyfriend in your content -- you KNOW some of your viewers will ask to see him😂😂 (protect your privacy). I live near the OG TJs in Pasadena!,1,,youtube
trader_joes,what&#39;s with the dark bushy eyebrows?,2,,youtube
trader_joes,Cud it b fruit flies 😮,0,,youtube
trader_joes,smell… scent,0,,youtube
trader_joes,The jumping in the bag schick is stupid.,0,,youtube
trader_joes,Come on. Never heard of a blondie? No idea what red velvet is? Not buying it. Just like you probably don’t actually “buy” those massive bags of groceries. Children are starving but TJ’s is paying you to take one bite of fifty things and describe them. The world is upside down.,0,,youtube
trader_joes,"I don’t mean to be rude, but your eyebrows are distracting.   The right one is thicker and it is much higher than the other.   Also, they need to be lighter and toned down some  😮",0,,youtube
trader_joes,two door cinema club in the background 🥰🥰,2,,youtube
trader_joes,"Love that coconut smoothie, crunch salad yum 😋",8,,youtube
trader_joes,Love this! U are awesome I love love the everything u got!,2,,youtube
trader_joes,"These all sound quick, easy, nutritious, and delicious! I’m excited to try them. That GF pasta is one of my favorites.",2,,youtube
trader_joes,Rad song choice and helpful info.,0,,youtube
trader_joes,The dressing is so good,0,,youtube
trader_joes,Your videos are awesome. Are these low fodmap meals?,1,,youtube
trader_joes,Thanks You For Everything 😮😮😮,1,,youtube
trader_joes,I love tjs!! 🤍 I&#39;ll have to try these out!,1,,youtube
trader_joes,Gonna have to try that coconut smoothie,0,,youtube
trader_joes,I gave that pesto a try but it wasn’t giving. It didn’t taste like pesto 😅,0,,youtube
trader_joes,Do you drink the bone broth plain? 😊totally curious!,0,,youtube
trader_joes,Is mayo better than cashew dressing as far as easy to digest,0,,youtube
trader_joes,Ah life before kids lol,0,,youtube
trader_joes,Please be careful. Trader Joe&#39;s has had A LOT of recalla,0,,youtube
trader_joes,Quinoa is horrible for gut health. Per Dave aspey,0,,youtube
trader_joes,you are in intermitten fasty foodies recent video,1,,youtube
trader_joes,That pesto has not good oils in it,0,,youtube
trader_joes,Marry me. 😍,0,,youtube
trader_joes,I love grocery hauls as well! Please do them more often with meal plan ideas.,46,,youtube
trader_joes,"I love grocery hauls and meal plans! I frequently have those &quot;you mean i gotta meal plan every meal for the rest of my life&quot; moments <br>One of my goals this year, but really moving forward is to plan our meals with intention. My daughter has some gluten issues, my husband and I are bother very overweight, and I just wanna have a good, long life and enjoy life with my children. Health starts in the kitchen. Grocery/ meal Plan videos are my favorite",54,,youtube
trader_joes,Grocery hauls are. My favorite!!!!! Yes do all groceries.,20,,youtube
trader_joes,"Please do more of these!<br><br>I gave birth to twins boys last summer and I found myself always coming back to your videos, especially any with cooking, as a comfort during postpartum. Also the boys love hearing your voice.",5,,youtube
trader_joes,"I love grocery hauls, please keep doing them from time to time! 😁",7,,youtube
trader_joes,More of these plus easy meal ideas please!,8,,youtube
trader_joes,"I love your grocery hauls in your vlogs or standalone videos! There’s obviously tons of videos out there for this content, but I love seeing my favorite creator doing it so I’m here and captivated!",7,,youtube
trader_joes,Our favorite salad kit is the lemony arugula and basil salad kit. A bed of that with a salmon filet and blueberries/cut strawberries on top. Yummm!,5,,youtube
trader_joes,"Yes, always to a grocery haul! I love seeing what others get and the plans they have for the food items",4,,youtube
trader_joes,I’m obsessed with their cornbread crisps,0,,youtube
trader_joes,I will now commit to commenting on every video about the chowder just to re-emphasize to the world that it is THAT GOOD lol,1,,youtube
trader_joes,I would love to see this more often.,0,,youtube
trader_joes,I love grocery hauls!,0,,youtube
trader_joes,I love grocery hauls and meal plans too,1,,youtube
trader_joes,Love grocery hauls,0,,youtube
trader_joes,More grocery hauls please! I love them.,2,,youtube
trader_joes,I like grocery hauls when it&#39;s niche stores personally. And love recipe ideas.,0,,youtube
trader_joes,"Loved the Trader Joe’s haul and enjoy when you share meal ideas, too! 😊",3,,youtube
trader_joes,"I love the bag of frozen artichoke hearts from Trader Joe’s.  They don’t have anything on them and are cleaned and quartered already.  I use them to make artichoke casserole which is kind of like a stuffed artichoke (I’m Italian), but they have no oil on them, so you can use them to make a lot of dishes, salads, pasta, sautéed artichokes, etc.  I love artichokes so much. I think it’s cute that your little one is already picking out things she likes at the grocery store (they grow up so fast).",2,,youtube
trader_joes,I&#39;d love to see more grocery hauls as well.,1,,youtube
trader_joes,The way you smack the food as you&#39;re showing it though 😂😂,1,,youtube
trader_joes,Yes!!  Love grocery hauls and meal prep vlogs,1,,youtube
trader_joes,girl i&#39;m into all your content!! now i am wanting to go to trader joe&#39;s,1,,youtube
trader_joes,I love to watch Grocery haul videos 😊,0,,youtube
trader_joes,I love videos like this because I usually end up seeing things that I might have skipped at the store like that tangerine juice.  Now I&#39;m gonna look for it the next time I go there.,0,,youtube
trader_joes,Literally told my husband this morning that I’m going there this weekend to stock up on their frozen naan- so good!,0,,youtube
trader_joes,"I have been enjoying grocery and Costco shopping, also meal planning/cooking videos for a while now 😋",1,,youtube
trader_joes,The frozen almond croissants are what we always stock up on at Trader Joe&#39;s,0,,youtube
trader_joes,My must have every time I go into a TJs is the frozen Vegetable Birds nests.,2,,youtube
trader_joes,"I love grocery hauls. We are all trying to figure out what&#39;s for dinner. LOL! My fav things from trader Joes..Butter chicken, orange chicken, veggie fried rice, Power C drink, raspberry star cookies, apple blossoms &amp; potstickers.",0,,youtube
trader_joes,My favorite TJ&#39;s items: <br><br>Spiced Vanilla Creamer (it&#39;s spiced with cardamom and soooo good in both tea and coffee)<br><br>frozen Almond Croissants (especially if you love almond flavored things. The chocolate version is pretty good but the almond is 😍)<br><br>Tzatziki sauce (great with anything with Mediterranean flavors)<br><br>Pumpkin ravioli (fall only 😢)<br><br>Peanut butter pretzels,1,,youtube
trader_joes,I love their dried mango…soooo good!!,0,,youtube
trader_joes,I love shop-with-me videos and post-shopping excursion grocery hauls. The Costco videos are so fun. I also love the meal prep and “welcome to the cutting board” series. Anything and everything shopping and meal prep is great content imo. I’m pretty set as far as having go-to favorite meals but I love getting inspiration from other people as well. It’s good to keep things fresh and embrace new meal ideas. It’s so important to prepare your meals at home and reduce your reliance on processed foods and restaurants. I lost over 30 lbs just by modifying my diet and making my meals at home with real healthy ingredients. You’ll be amazed how much better you will look and feel just by making simple changes at home,1,,youtube
trader_joes,Eeeeeeek! I just went to Trader Joe&#39;s for the FIRST time this weekend. I was BLOWN away by the entire experience AND the PRICES?!?!?!? Holy Moly! What a DEAL!!!,0,,youtube
trader_joes,I love watching a grocery haul and getting inspiration for new recipes,1,,youtube
trader_joes,Yes more grocery hauls and meal videos!,2,,youtube
trader_joes,"Love grocery hauls, keep doing them please!",1,,youtube
trader_joes,"Yes!  Please do more of these!  I also have young kids and love to see other mom&#39;s easy dinners.  I love grocery hauls and meal ideas, thank you!",0,,youtube
trader_joes,"These would be great to see more of. It is nice to hear ideas for meals to try, swaps like the ground chicken and just cool finds like the tangerine juice.",1,,youtube
trader_joes,It was nice to see you at the store again! 😊,0,,youtube
trader_joes,"I love ALL of your videos and have been watching for over a decade!  I live in Canada and we don&#39;t have Trader Joe&#39;s, but I&#39;ll watch anyway 😂",1,,youtube
trader_joes,I have been using some of your past recipes for YEARS! Will have to try these 😋,0,,youtube
trader_joes,My kids LOVE the Nutella crepes at TJs!,0,,youtube
trader_joes,This was posted just in time for my lunch break today ❤❤,3,,youtube
trader_joes,Would love to see your Costco hauls,0,,youtube
trader_joes,That tangerine juice is 🔥🔥🔥,0,,youtube
trader_joes,"Trader Joes Garlic powder, chocolate covered pretzels, foam hand soaps",0,,youtube
trader_joes,I love Costco/ shopping hauls.I love Trader Joe’s unexpectedly good cheddar cheese!🩷🧀,1,,youtube
trader_joes,Would love to see the full circle of buying the ingredients bringing it home doing a haul and then cooking with it to make a meal,0,,youtube
trader_joes,Love these videos! Gives me ideas for meal planning to mix things up!,1,,youtube
trader_joes,I love your what’s for dinner. I’m not savvy in the kitchen and I can do most of your 😁,1,,youtube
trader_joes,I absolutely love their flowers and their almond butter granola,0,,youtube
trader_joes,I love you grocery/Costco hauls!!,0,,youtube
trader_joes,I’m hooked on their pink lady apple chips 🤤🤤🤤 I buy multiple bags every time I go!,0,,youtube
trader_joes,"Yes please, more videos like this ❤",1,,youtube
trader_joes,Yassss to grocery hauls ❤,1,,youtube
trader_joes,yess obsessed with grocery hall,0,,youtube
trader_joes,I love a Trader Joe’s Haul and I have a long list of favorites and a short list of those I didn’t care for.,0,,youtube
trader_joes,Frozen vegetable fried rice. It&#39;s the best.,0,,youtube
trader_joes,"The Mango Chili salad kit is amazing with their frozen gluten free breaded shrimp!  Air fry the shrimp while you assemble the salad - mix it all together. I am not gluten free, but that breaded shrimp is my favorite!",2,,youtube
trader_joes,Love these videos!,0,,youtube
trader_joes,"Love your hauls. Love that harvest blend quinoa and their dragon sauce. Honestly love so much from Trader Joe&#39;s! Pls, do more hauls!!! 🥰",1,,youtube
trader_joes,I love these videos!  More please ❤,0,,youtube
trader_joes,I enjoy grocery hauls!  Trader Joe’s has good nuts and great cheese!,1,,youtube
trader_joes,Loveeee this kind of video! The Costco ones are my favvv,0,,youtube
trader_joes,Yes to hauls!,0,,youtube
trader_joes,I enjoy your food hauls the most. My 2nd fave would be you and your family&#39;s Disney trips : ),1,,youtube
trader_joes,I love these type of hauls. ❤,1,,youtube
trader_joes,I&#39;m obsessed with their sweet and spicy pecans! And the sour cream and onion lentil rings.,0,,youtube
trader_joes,Love this video!,0,,youtube
trader_joes,I love their frozen chicken sausage breakfast patties and the mini ice-cream cones.,0,,youtube
trader_joes,Love this video concept!,1,,youtube
trader_joes,"Those little TJs pizzas are great! Their reduced fat frozen Mac and cheese is sooo delicious! It doesn’t taste like the fat is reduced. 🤣 I also love their retinol serum. I have a dinner idea for you. The Cookie and Kate Black Bean Sweet Potato Enchiladas are absolutely delicious. It’s an easy recipe, and I just know you and Tyler would love it!♥️",1,,youtube
trader_joes,Would love to see more videos like this on your channel!,0,,youtube
trader_joes,"Love watching Trader Joe &amp; Costco hauls! Every few months, unless I have an appointment in the area, we drive an hour to Trader Joe&#39;s for egg bites, vanilla scones, multi-grain crackers, yogurt, holiday breads, and microwavable pasta quick dinners (penne &amp;  spicy marinara and/or alfredo meals). Anything else we see there are always bonus scores. <a href=""http://www.youtube.com/results?search_query=%23dedicated"">#dedicated</a> lol",1,,youtube
trader_joes,LOVE grocery hauls!,1,,youtube
trader_joes,Pumpkin pancake mix!! It’s so good but only there in fall.,2,,youtube
trader_joes,Trader Joe’s has everything I want and nothing I ever need 😊,0,,youtube
trader_joes,I love grocery hauls  ..please do more ❤❤❤,0,,youtube
trader_joes,Can you do a Trader Joe’s skin care haul pleaseeeee,1,,youtube
trader_joes,We love Trader Joe&#39;s.  We have one close by and go at least twice a month.,0,,youtube
trader_joes,The trail mix bars are so good!,0,,youtube
trader_joes,Yes more like this I need dinner ideas lol I pass a Trader Joe’s everyday on my way home from work so it’s convenient for me but the parking lot is always a nightmare lol I love their frozen chocolate covered banana slices they’re usually only like $2.50 a box,0,,youtube
trader_joes,TJs Cauliflower Gnocchi is amazing!,0,,youtube
trader_joes,"The fresh garlic and herb pizza dough. We buy them 4 at a time and keep them in the freezer, also the chicken fried rice and honey walnut shrimp is a quick easy meal. I also keep the citrusy garlic seasoning stocked. It’s great on veggies. I love watching trader joe and aldi hauls, sometimes you see things your local stores don’t carry especially when it’s in other parts of the US",0,,youtube
trader_joes,Yes these videos are awesome,0,,youtube
trader_joes,TJ Mac n cheese in the freezer is really good and my son loved the orange chicken,0,,youtube
trader_joes,My favorite Trader Joe’s exclusive is their Chai Tea Mints!,0,,youtube
trader_joes,"Trader Joe&#39;s whole bean French roast coffee, one of the best",0,,youtube
trader_joes,"Love their low acid French Roast coffee &amp; their Sumatra coffee. Another favorite is their maple espresso tea. The cranberry, white  chocolate dunkers are what we travel to Trader Joe&#39;s most often for. They&#39;re a soft biscotti like cookie. Super Good! We live an hour from Trader Joe&#39;s.",0,,youtube
trader_joes,Definitely love a bonus Jessie video!!,0,,youtube
trader_joes,Any kind of hauls are fun! They are inspiring. 😊,1,,youtube
trader_joes,"I absolutely love to see these! Like you, I&#39;m curious to see what everyone else buys, and loves to purchase from different stores. I may be missing out on something good I wouldn&#39;t otherwise know about!",0,,youtube
trader_joes,I love a grocery haul.,0,,youtube
trader_joes,"The dark chocolate pistachios are so good. They have an amazing guava jelly but I havent seen it since last year. I love their hashbrowns, oh and the elote dip",0,,youtube
trader_joes,Trader Joe&#39;s faves: plain frozen naan bread in the brown pouch. It&#39;s better than their fresh version. Also their regular frozen white corn and the frozen green beans are great to keep on hand. And their frozen chicken tikka samosas are yummy for a snack or with a salad for a quick lunch.,0,,youtube
trader_joes,"Yes, love these. Helps us all when we&#39;re in a grocery/meal rut 😂❤",0,,youtube
trader_joes,I love grocery hauls and meals!! ❤,0,,youtube
trader_joes,Trader Joe&#39;s pork belly is my favorite item from them! So easy to make and i can&#39;t replicate the flavor with any other pork. And their frozen orange chicken and frozen white rice is so good. I dont want to make rice any other way.,0,,youtube
trader_joes,"several - tea tree shampoo, dark chocolate peanut butter cups, frozen Japanese style fried rice, &amp; frozen garlic naan.  My nieces swear by the fruit leather buttons...",0,,youtube
trader_joes,Those cookies and cream pretzels are to die for! I also recommend trying their non-snack offerings like the cheeses and frozen meals. And their house sauces and salsas!,92,,youtube
trader_joes,The chili and lime tortilla chips are my absolute fav 😍,45,,youtube
trader_joes,the hair is so beautiful and healthy 💗😍,19,,youtube
trader_joes,it’s pronounced Lee-chi actually,4,,youtube
trader_joes,"I’m with you, I enjoy Asian and Bosc pears flavor and texture over the Comice. <br>A mushy pear, particularly a pricey one is not appealing. 19 hours till the new Holiday fearless flyer drops.🎉",2,,youtube
trader_joes,"The chili and lime tortilla chips are my lifeeeeeeee. Sadly I live in Asia, and we have zero trader Joe&#39;s by me, so whenever I go to the US I stock up lol. Day like 10 or smth of asking for more long form videos!!❤ love u sm Kaitlyn!!❤❤",9,,youtube
trader_joes,Don’t sleep on Trader Joe’s self care stuff almost all of it is dupes!,3,,youtube
trader_joes,same i’ve never been to a trader joe’s 😭😭,2,,youtube
trader_joes,I love tour vidéos at The moment 🎀,3,,youtube
trader_joes,ooh those wallfle cone tips are sooooo good!,40,,youtube
trader_joes,Ok.. you&#39;re the fourth person I&#39;ve seen shop at Trader Joe&#39;s. I&#39;m loving the health food. TFS 💗,17,,youtube
trader_joes,Scandinavian swimmers is hysterical😂😂😂,1,,youtube
trader_joes,I do a little dance every time you post a new video ❤,1,,youtube
trader_joes,Here: Lychee (Lee-cheese)❤,1,,youtube
trader_joes,The chips limon and chilli are sooo good,1,,youtube
trader_joes,"early!! love you so much kaytlin you make me so happy that your happy, keep living your best life im so proud of you for coming this far ❤",7,,youtube
trader_joes,Get hold the cone ice cream cones. So good!!!! <br>Their muffins and sour dough toast are good too.,2,,youtube
trader_joes,The new pfp is slaying ❤,1,,youtube
trader_joes,I love Trader Joe’s ❤,1,,youtube
trader_joes,I love Trader Joe’s! My faves are the sour gummy’s or the bagel chips💞,1,,youtube
trader_joes,If you love those peanut butter pretzels you could try the chocolate covered ones!!! They are sooooooo goodddd 🤤🤤🤤🤤,1,,youtube
trader_joes,Hey <br>It&#39;s called l-ee-ches,2,,youtube
trader_joes,Omg u know wat u should try the dunkers they are so good pin?,1,,youtube
trader_joes,The fruits absolutely looks delicious 😋🫶💗,1,,youtube
trader_joes,First! Love you girl💖💖,2,,youtube
trader_joes,when my mom was alive she would take me and my brother to trader Joes and whole foods  one a year its expensive but tasty,0,,youtube
trader_joes,Your making me hungry 😭😭,1,,youtube
trader_joes,Haven’t gone to shop at Trader Joe’s in years,0,,youtube
trader_joes,Starting off strong! You’re adorable. ❤,0,,youtube
trader_joes,Next time hit the frozen food section and the prepared salads 🤤,0,,youtube
trader_joes,You need their cookie butter in your life and the pumpkin chocolate cakes in the fall. 😭,0,,youtube
trader_joes,The takis are so good!!!!,1,,youtube
trader_joes,Love the profile picture change ❤❤❤❤❤,0,,youtube
trader_joes,Trader Joe’s is great ! I love your shorts ! Where did you get them ?,1,,youtube
trader_joes,trader joes is the best!!!,1,,youtube
trader_joes,I love trader joesss❤❤❤❤,0,,youtube
trader_joes,"I’m 42 &amp; never been in a Trader Joe’s. There isn’t one near me in GA. Next month my girls &amp; I are going to Siesta Key, FL for the first time. I saw there was a TJ’s near our beach house so I’m excited to check it out.",1,,youtube
trader_joes,Omg where did you get your gold watch!? Stunning!!!,0,,youtube
trader_joes,Those chips 10/10 there sooooooo good. Better than takis,0,,youtube
trader_joes,انا من العراق متابعك ❤❤,1,,youtube
trader_joes,I love Trader Joe’s next time you should try the gummy sour Canadian swimmers,0,,youtube
trader_joes,I love that place,1,,youtube
trader_joes,Love your fit❤,0,,youtube
trader_joes,from trader joes u can get acai bolws,0,,youtube
trader_joes,All junk food... luv it!,0,,youtube
trader_joes,get the frozen stuff!!!,0,,youtube
trader_joes,yes you got the shock face hand in the mouth influencer tasting look lmfao,0,,youtube
trader_joes,I’ve bought almost 50 bags of s’mores clusters. They’re too addicting.,0,,youtube
trader_joes,Jesus loves you! Repent and give your life to Jesus Christ! Jesus died on the cross and rose and is alive today so we can be saved from sin and death. Jesus is the only way to eternal peace and happiness! Jesus wants to know you! Turn from sin and give your life to Jesus! Jesus is coming back soon! Accept Jesus in your heart as your personal Lord and Savior! Put your faith in Jesus!,1,,youtube
trader_joes,U NEED to get the Mac and cheese bites,0,,youtube
trader_joes,You basically bought an expensive version of takis.<br><br>Althought I would totally try the other snacks,0,,youtube
trader_joes,How u pronounce lychee l EE-CHY idk if that helps or not,1,,youtube
trader_joes,Lychees are the best,0,,youtube
trader_joes,Are there no TJ&#39;s in Alabama? Genuinely curious as someone from California with a TJ&#39;s on every corner lol,2,,youtube
trader_joes,thing of lol,1,,youtube
trader_joes,Wonder where she got the shorts at ?,0,,youtube
trader_joes,Welcome to TJ&#39;s,0,,youtube
trader_joes,✝️❤️‼️,0,,youtube
trader_joes,“There the” x100000000000000,0,,youtube
trader_joes,I think it’s pronounced leechee but I’ve only ever had one in a drink so 🤷🏻‍♀️ lol,0,,youtube
trader_joes,i really think you should go back to blonde,3,,youtube
trader_joes,Is the kitchen edited? Is that a green screen?,0,,youtube
trader_joes,How old are you,1,,youtube
trader_joes,I love you so much,0,,youtube
trader_joes,I love you❤,0,,youtube
trader_joes,What was the total ?,0,,youtube
trader_joes,Where is the food?!?,0,,youtube
trader_joes,You kinda sound like Erica Diane,0,,youtube
trader_joes,The other flavor,0,,youtube
trader_joes,"Because a Caucasian guy flirts with a Caucasian girl who works at Trader Joe’s, he is not going to sexually violate her and calling security on him is wrong. Rape (done statistically by Nubian men on Caucasian women)  is not love. It is a crime. A white guy talking to a white girl is not rape. He is only talking to her. Which is not a crime.",0,,youtube
trader_joes,♪(*・ω・人)yu m m,0,,youtube
trader_joes,"It is said like leech, so leechies",0,,youtube
trader_joes,If you don&#39;t like Oreos then you&#39;re lying to yourself,0,,youtube
trader_joes,Lee-chee not lychee,0,,youtube
trader_joes,"Because a Caucasian guy flirts with a Caucasian girl who works at Trader Joe’s, he is not going to sexually violate her and calling security on him is wrong. Rape (done statistically by Nubian men on Caucasian women)  is not love. It is a crime. A white guy talking to a white girl is not rape. He is only talking to her. Which is not a crime.",0,,youtube
walmart,"Good morning Calvin and Marie. Good to see you this morning. Groceries are so expensive right now,hard to believe the prices. <br>Remember when we married 60 years ago , we spent no more than $20 a week for everything, including meat from a butcher shop. I don&#39;t know how families with young children manage. <br>Thanks , take care, hope you both feel better. <br>See you tomorrow on the chat. <br>Sending 🙏🙏🙏🙏🙏🙏🙏",3,,youtube
walmart,Good grocery haul.,0,,youtube
walmart,Always enjoy your frugal hauls!  May God bless you and Calvin richly!!!,1,,youtube
walmart,"I like my bacon like yours……very crispy. I hope you all have a safe, nice weekend. 😊❤Feel better soon, Calvin. I’m 55 and I use children’s liquid Claritin for this pollen. The adult allergy medicine makes me jittery. 😂",2,,youtube
walmart,Hello Calvin and Marie.  Love watching your Walmart haul. Our Walmart didn&#39;t have any slicing tomatoes when hubby shopped for us yesterday. He did get romas but they didn&#39;t have very many. Hope you both feel better soon. Prayers and take care. Mrs Lonnie ❤❤,1,,youtube
walmart,Hope u both feel better soon. Love watching what others buy at the store! Pickup is the best when you&#39;re not feeling well. So appreciative. ❤,8,,youtube
walmart,We got groceries yesterday and paid $256. 🤦‍♀️,3,,youtube
walmart,Nothing better than eggs fried in bacon grease 😄,0,,youtube
walmart,Hope Calvin feels better soon,9,,youtube
walmart,"Nice video , thanks for sharing thinks are more and more expensive everyday it&#39;s getting very hard for everyone .have a good weekend.",0,,youtube
walmart,❤❤❤❤❤😊,0,,youtube
walmart,Marie - Great haul today and you didn’t have to search the store! Thanks for sharing! ❤❤❤❤ Mary,6,,youtube
walmart,Hope you are both feeling better. I miss you. Thoughtes and prayers are being sent for you. God bless you.,0,,youtube
walmart,The zero sugar Reeses are kind of useless.<br><br>Just eat out of a jar of peanut butter.<br><br>It&#39;d be better for you to boot.,2,,youtube
walmart,💗🌷🌹💗🙏🙏,0,,youtube
walmart,Hope yall are well sending lots of love and blessings to you both,0,,youtube
walmart,Has Calvin tried the hot water and salt water treatment.  What you do is to use a large bowl and put a towel in the bowl.  Put in almost boiling water.  Then put your head over it with a towel over your head.  When you have done this use the salt water in you nose.  This will be uncomfortable but do it several times.  The heat will eventually help drain your sinuses.  I have had to do this for hours but the eventual relief is amazing.  Make sure to really blow your nose each time.  You can make the salt water yourself.  The more salt the better.  I have had to go to an ears/ nose specialist.  He is the person  that told me about this.,0,,youtube
walmart,How do y&#39;all make your tea? Boil the bags?,0,,youtube
walmart,"Hello good morning Calvin and Marie, what a neat start to your video……..making breakfast! Yum and yes please! 👍👏😋It’s so much fun to see what others buy and use from the grocery stores! 😂I’ll tell you what 75 / 80 dollars does not buy you much at the store theses days and for that price you sure aren’t getting any meat! 🥲Thanks for sharing your video I really enjoyed it! Take care you two sending love and prayers your way feel better very sooon! 👍👏💕🥰🙏",6,,youtube
walmart,"<a href=""UCkszU2WH9gy1mb0dV-11UJg/m8MfY4jbFsWJhL0PyouA2Ak""></a><a href=""UCkszU2WH9gy1mb0dV-11UJg/m8MfY4jbFsWJhL0PyouA2Ak""></a><a href=""UCkszU2WH9gy1mb0dV-11UJg/m8MfY4jbFsWJhL0PyouA2Ak""></a>",1,,youtube
walmart,Wishing you &amp; Calvin a happy weekend. 😀,5,,youtube
walmart,"You whipped through that in no time Marie! Now you&#39;ve got me hungry for ice cream. Get better soon Calvin, miss seeing you! Take Care, Deb. 🙏🙏🙏💗",5,,youtube
walmart,"Hello, Marie &amp; Calvin! Nice grocery haul. It is so nice to be able to use grocery pick up when you&#39;re not feeling well. Prayers for good health for you both!! Have a wonderful and blessed day!!",4,,youtube
walmart,Did you get milk or bread,0,,youtube
walmart,Good Morning Marie &amp; Calvin ❤,6,,youtube
walmart,Walmart pickup or delivery is the best thing since sliced bread!  LOL!  I dip those mini cukes in blue cheese dressing. Mmmm.... Love your hauls!,3,,youtube
walmart,"Nice Walmart haul.  So sorry Calvin hasn&#39;t been feeling well.  Hope you both have a quiet, relaxing weekend! 🥰",3,,youtube
walmart,"Good morning Marie, when we go to the grocery stores now we sure don’t get much for the money it cost. Thank you for sharing the grocery hall.. a big hello to Calvin hoping he feels better soon. And wishing you and Calvin a great day today and a wonderful night tonight. God bless you both.",3,,youtube
walmart,"Health for you both. Lots of tree and other pollens here out west as well, Spring has definitely sprung!🙏🙏❤❤",3,,youtube
walmart,Have a relaxing weekend.,4,,youtube
walmart,"Good morning! Your breakfast looked great! We call those eggs “dippy eggs,” and Mason eats two at a time with two pieces of toast lol. Thanks for sharing your haul. It really is wild how much we’re spending at the store. I’ve been trying to go through my freezer and pantry to make meals from that before I decide what to buy. An old video popped up yesterday and it was your jambalaya. I haven’t had that in years and so it’s in my crock pot right now! My mom usually comes and eats with us and she’s allergic to seafood so I have a sticky note by the crockpot to remind me to take her out a bowl before I add the shrimp! We had another frost last night! It’s supposed to be in the 50s and cool today so it’s a great day for jambalaya! I really hope Calvin starts to feel better soon. Stay rested and have a wonderful day! Also, we made a homemade veggie dip last night and it was amazing! It was one cup of plain Greek yogurt, one teaspoon each of garlic powder, onion powder, dill, and parsley and 1/2 teaspoon of salt. We dipped carrots in it. If you like veggies and dip, I think you’d love it!",2,,youtube
walmart,Hyped 👍🏽❤.  Good job Marie😊❤. Feel better soon you two 😊❤❤,2,,youtube
walmart,"Happy day ! Dark, rainy and cold in the Carolinas !!",2,,youtube
walmart,"We love grits, eggs and bacon, sausage or ham steak for any meal. Yummy!!!",2,,youtube
walmart,Good morning Calvin and Marie 👋👋👋👍😎👍❤🙏🙏,2,,youtube
walmart,I wish I could use artificial sweetener. I&#39;ve not found one that doesn&#39;t give me a headache.  <br>You two have a great week!!!!!!!,2,,youtube
walmart,"Marie, up here in PA I am having a hard time getting Roma tomatoes at Walmart.  I had my coworker get me some at her store in MD.   Not sure what is going on.  When I placed my order for this weekend I noticed that the tomatoes were still not available.  I prefer them since I am the only one that eats tomatoes and they are the right size for me.  I am also have issues getting fresh raspberries.  This week I couldn&#39;t get blueberries.  Hope you both feel better soon.  Spring is challenging.",1,,youtube
walmart,"The pollen is wicked this year. Calvin, I found the Family Care nasal spray from Dollar Tree (the severe with the green and white label) works really good and its cheaper. Sometimes its hard to find though.",1,,youtube
walmart,Morning Calvin and Marie. I hope Calvin starts feeling better. I have been sick not sure if it&#39;s sinus issues or bronchitis. Last summer I was sick most of the summer. Take Care and God Bless you both!! 🦋🦋,1,,youtube
walmart,Good morning,1,,youtube
walmart,I have been Using Ponds my whole life fro dry skin and facial moisturizer.,2,,youtube
walmart,I was sick with period pain for a week last week,1,,youtube
walmart,Hope you guys keep getting better!,0,,youtube
walmart,Hello Ladie good job 👍😊❤❤,0,,youtube
walmart,Pray  both of you feel better. Thanks for sharing some of your beauty items. It&#39;s getting harder to find a good moisturizer for my 70+ age skin. May God bless each of you.,0,,youtube
walmart,"Hi there, thanks for sharing your haul. Wishing Calvin a speedy recovery. Sending healing thoughts and prayers across the miles.",0,,youtube
walmart,Hope y’all are feeling better!! Totally understand the allergy issues. I’m keeping a sinus headache.,0,,youtube
walmart,Can I just say I’ve been watching y’all for years but have never commented .. I treasure the love that y’all share and kindness towards each other .. what a blessing and inspiration  you are !!  Just wanna say “I just Love ❤y’all” .. just the sweetest couple I’ve ever known !! thank you so much for sharing ur life 🥰✝️🙏..,0,,youtube
walmart,Hey Marie! This is off-topic but your hair looks so beautiful today! I hope you and Calvin are feeling well and happy. God Bless…❤️,0,,youtube
walmart,Nice and convenient grocery haul---i love salted caramel ice cream but trying to stay away from ice cream and having the Outshine Popsicles --you did get quite a bit for the money nowadays 😊,0,,youtube
walmart,"Nice haul, Thank you Marie, I hope Calvin gets better soon ,Prayers!!Have a Great Evening, Take Care!😊😊❤🙏🙏",0,,youtube
walmart,Good evening Marie and Calvin,0,,youtube
walmart,Great haul Marie.  Sorry Calvin still isnt feeling well. I really need to get organized and do the grocery pick ups. See ya on the Sunday chat...Mrs.Steve,0,,youtube
walmart,Pray and Hope that he feeling better❤👍,0,,youtube
walmart,Thanks!,0,,youtube
walmart,Feel better both of you.,0,,youtube
walmart,Happy New Year and thank you for 2025! Love from Sweden &lt;3,1,,youtube
walmart,Enjoyed the video. Thanks for showing the prices. Greetings from Philadelphia PA USA,0,,youtube
walmart,Sure have missed your hauls!,1,,youtube
walmart,Enjoyed xx,0,,youtube
walmart,🩷Good morning blessings and Happy New year to you and yours🙏🏾<br>Hyped video 🩷,2,,youtube
walmart,Great haul,0,,youtube
walmart,"Happy Wednesday, Vanessa.",1,,youtube
walmart,"You got taken at Walmart with their exorbitant price for meat.  Aldi, Costco, and BJs are much cheaper.  Shop around",0,,youtube
walmart,Shepherd&#39;s pie is made with lamb. It&#39;s called cottage pie when you use beef. Enjoy your meal.,2,,youtube
walmart,Hey Nikki! So excited to see another awesome haul video!🥳🎉🎊 Hyped as always! ❤️😊🙏 Your T shirt is so cute!😁❤️<br>OMG! I’m so honored that you mentioned my name regarding gherkins! 🥰🙏🙏,4,,youtube
walmart,"I love your haul videos because you tell what you do with the food item, both show and tell all the nutrition information, and then at the end show the price.  Very well done.",2,,youtube
walmart,Thanks for the great meal ideas! ❤😊,1,,youtube
walmart,another great haul nikki  loving all the great content  of foods ur looking  beautiful  as always   keep up the great  work  continue to let God  be our guidance  stay  safe be careful  stay hydrated  stay prayerful  he&#39;ll o all don&#39;t forget the  little  doggies In  God  we trust  God blesses  us all!!!!!,1,,youtube
walmart,The Watermelon Limeade is really good.,0,,youtube
walmart,❤️❤️❤️❤️❤️❤️,0,,youtube
walmart,I use that green salsa in chicken enchiladas. I mix the chicken with that and shredded cheese,0,,youtube
walmart,good video hugs from pam keep it coming on video,0,,youtube
walmart,Great buys good haul.,1,,youtube
walmart,Purchased your cook book earlier today🎉🎉can&#39;t wait to meal plan this weekend❤,0,,youtube
walmart,You inspire me so much Nikki. Thank you!,1,,youtube
walmart,The watermelon limeade is sooooooo goood!   It is one of my very favorite drink mixes.  I&#39;m going to look for the pomegranate one!  THat sounds good too!,0,,youtube
walmart,Thanks for the grocery haul.  If I do one...I always like to just do it while I am at the store.  I have dogs that might bark at anytime so it gives me anxiety trying to do one at home.,0,,youtube
walmart,Thanks for ALL your amazing videos 💖,0,,youtube
walmart,You and Adam need to try the new snack factory lemon crunch pretzels!! They are AMAZING! <br><br>We need another video where Adam cooks for you guys all day! It’s been a while!,0,,youtube
walmart,Hi Nikki and Adam,0,,youtube
walmart,Great ideals,0,,youtube
walmart,Always enjoy your videos ❤ have a great weekend,0,,youtube
walmart,"Hey Nikki, always enjoy watching your videos. I just wish that you would also include sodium that is huge for so many people by myself and considered very healthy but I still watch my sodium intake.",0,,youtube
walmart,The have a huge selection of drink packets at dollar tree; I also seen the ice caffeine drinks you buy but I wasn’t sure if they just changed the look or the new cans were new flavors ❤,0,,youtube
walmart,Thx for the video Nikki. You haven’t mentioned Trevor in a while I’m hoping he’s ok since the accident. ❤️,0,,youtube
walmart,Original Rotel is spicier than mild rotel. Original is medium between mild and hot.,0,,youtube
walmart,"😮 <a href=""http://www.youtube.com/results?search_query=%23107"">#107</a> 😮 Liked &amp; Hyped Up <a href=""UCzH60ksnMwDrMz3YmDHUJ0w/ll7KZuz8NvSn_9EPqqrIqAM""></a>",1,,youtube
walmart,Love these videos!!!!,0,,youtube
walmart,"I like to make chips with the lavash flat breads and use different seasonings, olive oil spray lightly sprinkle with cinnamon sugar",0,,youtube
walmart,Covid left me with no ability to taste certain cheeses and sometimes coffee. I had string cheese in my snack plate last night and tried so hard but couldn’t taste so I’ll be subbing it out now😔,0,,youtube
walmart,We can’t find the lemon Drizzilicious in any stores in MN near us in the Metro.  I don’t I’ve the chocolate strawberry ones but have liked all the others so want to try the lemon.,0,,youtube
walmart,"Hey Nikki , do you have a video on falling of the wagon with the WW app and getting back on track ?",0,,youtube
walmart,I work at a neighborhood Walmart on the weekends and those chicken breasts are ALWAYS leaky and stinky.,0,,youtube
walmart,I haven&#39;t been able to find the Quest Salted Carmel 🫤,0,,youtube
walmart,"😂 my little 13 year old boy talks like that , everything I cook he says : &quot; it&#39;s FIRE  ! 🔥",1,,youtube
walmart,Love your sense of humor Robin. I buy Great Value whenever I can. I liked the smell of your candles! 😆  you got alot of stuff for that price. Stay safe and warm this weekend 🙏 💕,2,,youtube
walmart,"Love your videos Robin, I feel like I’m having with a friend, we do such similar stuff.  Love this.",1,,youtube
walmart,"Hi Robin. I shop almost exclusively at Wal-Mart, Aldi and Costco. I live alone and shopping at these places really helps me stay on budget. You did great for what you spent! It really helps to buy store brands. Almost always just as good as the name brand. I buy the naan bread from Aldi and use them to make pizza too. Perfect size for one. I&#39;m in southern Maryland and we got snow two weeks ago and the sleet. We still have about 4 inches of solid ice on the ground which is unusual for my area. Possibly getting more snow at the end of next week. Plus it&#39;s been bitter cold. Stay safe, stay warm and thanks for sharing your grocery haul! 💗",1,,youtube
walmart,"Yes, in Florida we have had multiple nights of freezing temperatures that have killed a lot of plants. It&#39;s unprecedented. I sure hope Walmart knows what a great job you do for their &quot;Great Value&quot; brand products. 😊",2,,youtube
walmart,"Happy Friday Robin , Really nice grocery haul... Man I can&#39;t get more than three bags for $100",3,,youtube
walmart,"🤣 Robin, I was feeling a little down today, but your video popped up and it put a smile on my face. You always make me smile or laugh. Thank you so much my sweet friend. You really had a nice grocery haul. I hope you stay safe and warm this weekend. I Pray you don&#39;t get too much more snow, because it is hard to get out and do some things. God Bless till we see you in your next video. 🙏❄️💙  LJA",2,,youtube
walmart,"This morning I had a colonoscopy &amp; they found small polyps. The doctor said he sent them away to be checked but didn’t seem worried. Then afterwards my husband had been having heartburn that had been painful &amp; when he said he had it again I told he had to go to the ER. We got there at <a href=""https://www.youtube.com/watch?v=eSGvTkgy6sE&amp;t=90"">1:30</a> &amp; they did bloodwork for heart problems &amp; also did  an ultrasound. Well he has gallstones &amp; one of them was in an area that was causing him pain &amp; they wanted an MRI. Well about 9 pm still waiting for the MRI, my husband told me to go home but I had to call my daughter to take me home because I couldn’t drive because of anesthesia that I had with the colonoscopy. Well he had the MRI at 10:30 am but it 12:00 am waiting for the doctor for results. I think they were not sure if they were going to admit or not. Probably TMI prayers would be appreciated ❤",1,,youtube
walmart,"Good Morning, Robin! Thats quite a haul!! Have a wonderful weekend!",0,,youtube
walmart,Great haul! Enjoy your weekend!,0,,youtube
walmart,"<a href=""https://www.youtube.com/watch?v=eSGvTkgy6sE&amp;t=898"">14:58</a> 😂",0,,youtube
walmart,"Great haul!!  And, yes, please do a video on the Sudden Change eye serum!  Your undereye area looks amazing!!!",0,,youtube
walmart,We had some beautiful snow in Virginia yesterday! I’ll take snow over ice any day. Stay safe and warm!,0,,youtube
walmart,Great grocery haul. I buy great value too. I’m going to try those tomatoes you showed. <br>I hope you have a wonderful relaxing weekend and stay safe and warm. God Bless you.,0,,youtube
walmart,"Hi Robin. Wow, what a nice large grocery haul. Hopefully that means some &quot;cook with me&quot; videos. Stay safe in the snow. We had some snow/ice last weekend and temps have been so low that nothing is really melting. Enjoy your weekend! ❤️🙂",0,,youtube
walmart,Have a nice weekend Robin!,0,,youtube
walmart,Enjoy your weekend ❤,0,,youtube
walmart,"I like thinner, sliced bread, but then Walmart bread just has a tendency to be a little dried out to me. So I buy the nature’s own bread as well. The butter top bread.",0,,youtube
walmart,"Mmm your candles smell amazing my kind of scent. I do love the Great Value brand mixed vegetables they&#39;re so sweet and delicious , I occasionally heat up half contents of the bag with butter and eat as a snack 😋",0,,youtube
walmart,"Hi Robin, I buy Ocean Spray too, the cranberry with 0 sugar.  Love it! I live in a beach town and it seems like most Memorial Days (the beginning of tourist season) it rains! I can’t wait until Memorial Day even with rain because I am so sick of being cold. I hope you don’t  get too much snow. You got a nice haul at Walmart.  Enjoy your weekend! 😊❤",0,,youtube
walmart,"this is dixie from texas,  do you have a crockpot,  you should make stuff with it.  Also i went to walmart yesterday,  got groceries.  Great haul.",1,,youtube
walmart,"Hi Robin,,, Yes I also buy a lot of those same Great Value products and I buy that same kind of bread.  Great grocery shopping.  Bless your heart...you are probably tired now. Have a great restful and warm weekend. God bless",0,,youtube
walmart,lol your soo funny 😊,0,,youtube
walmart,Was at grocery outlet the other day and eggs were $.99 dozen or the $1.97 for the 18 pack I couldn&#39;t believe my eyes 😮 those Campari tomatoes really are good.,0,,youtube
walmart,Oh boy I remember your expensive bag of potatoes lol how awful was that! Talk about the stores price gauging at its best in 2020☹😕,0,,youtube
walmart,"I had your video on while I was editing and one after another played. I&#39;m sorry I don&#39;t have all of what you actually said, but I hope all is going well for you and\n You&#39;re getting  Back your electricity and I&#39;ll that&#39;s good.I did read that",0,,youtube
walmart,Make some baked beans recipe 🤗Please,0,,youtube
walmart,"Hi Robin, I listen to your video on the way to Market Basket and then on the way home anyway I just wanted to tell you I don’t know if you like French toast but I love French toast and if the Pepperidge Farm French toast bread is on sale I will buy it but if it is not, I go to the bakery. There’s this bread it’s called Jessica‘s brick oven French toast bread it’s $5.49, but it’s so good to make French toast with sometimes if I don’t feel like making a regular supper I will have this Jessica‘s brick oven French toast and it is so good. I’m just telling you someday try it. It’s in the bakery section. I just picked up a loaf tonight. It flies off the shelves sometimes I’ll look for the bread. They’re sold out so it’s really good bread, it’s great French toast to French toast bread bread, but get the one that says French toast if you like French toast it’s so good. I just wanted to let you know.",0,,youtube
walmart,I love cereal for supper. But the milk just does not work for me any more. I have already done my monthly shop. But think i may try some almond milk next month and see if I like that with cereal. I miss my simple supper.,0,,youtube
walmart,"Very nice haul , when I used to shop at Walmart , I&#39;d spend around $200 and it only got me groceries for 5days for two people my little son and myself. And that was mostly the basics. Not anymore , I stopped shopping there.",0,,youtube
walmart,"I am the same way I am cheap, and the foods are amazing for the price. I buy the great value canned salsa I love it. Also great value popcorn is good.",0,,youtube
walmart,"Nice haul Robin,I&#39;m with you,I buy store brand on most things...If you don&#39;t care, I bought the Sudden Change before because of you, and I evidently don&#39;t do it right, because it hasn&#39;t worked the best for me, what time I&#39;ve used it...I would sure appreciate it my friend, and I hope you have a good weekend!🤗👍💞",0,,youtube
walmart,The phone camera quality was pretty good to me!,1,,youtube
walmart,Hey girlie. Hope you&#39;re doing well this lovely evening. Here watching. Do you know if Jennifer @Southern Mama Drama is okay?! She hasn&#39;t posted in a while. I loved shopping with you and seeing the new stuff Walmart has out. Fantastic haul and delicious meal plan.,4,,youtube
walmart,Hi Courtney  nice haul  I like your shorts  for dinners ❤,1,,youtube
walmart,"Hey Courtney, Happy Tuesday. I love watching these videos and seeing what’s new in stores. 😊🥰🥶❄️☃️",0,,youtube
walmart,I really like Walmart&#39;s brand pizza. I&#39;ve not gotten a bad one!,0,,youtube
walmart,"I love the Walmart walk throughs and hauls! Also I’m loving the shorts with your dinner recipes, the Salisbury Meatballs was a huge hit, thank you so much😁",0,,youtube
walmart,Courtney I loved watching this Walmart grocery haul!! The video quality was spectacular so clear and crisp. I do understand how it can be more convenient to film using a smartphone since it’s something people typically carry around with them all day and the battery is already charged,0,,youtube
walmart,Nice haul of grocery shopping with you,0,,youtube
walmart,Hey Courtney<br>Prayer request <br>Last week it became necessary to place my husband who is diagnosed with Lewy Body dementia into hospice- a very sad and difficult decision. Please remember both of us and our children and grandchildren in your prayers<br>Gina,2,,youtube
walmart,Glad you uploaded hope you had a great weekend and hope you have a blessed week ❤,0,,youtube
walmart,Yummy stuff!👍,0,,youtube
walmart,The flat jack puffs are like little bite size pancakes but their puffy. My kids love them.,0,,youtube
walmart,It was fun shopping with you Courtney at Walmart seeing new stuff they have ❤❤....great grocery haul 😊...Glad to see you post today...Happy 🌞 Sunday!,0,,youtube
walmart,I love ❤ oatmilk very creamy I’m new sub loving your content 👍🏻 roses put any white flower in vase add water food colour of your choice o  the colour will colour petals  flower,0,,youtube
walmart,The bbq chicken pizza is really good I really like it,0,,youtube
walmart,I love your videos.,0,,youtube
walmart,Can you please mention or show the prices. Thank you,1,,youtube
walmart,Hi Courtney Great video great Grocery haul feel better ❤️‍🩹 soon 🥰🥰🥰🙏🏻✝️☮️💐🫂🫂🫂💐🌹,0,,youtube
walmart,Anything strawberry cream is really good I love strawberries so anything strawberry I’ll eat or drink strawberry kiwi strawberry and banana and strawberry cream anything with the word strawberry in it is very good,0,,youtube
walmart,I’m so glad to see you!! I found your sister channel on ticktock!! She is so pretty she looks so much like you!! How are you?,0,,youtube
walmart,"I really like the bbq chicken pizza,we usually pick up 1 every week for a quick meal. <br>How did Myles like those nuggets? <br>Hope you and your family have a wonderful week ahead. May God bless y&#39;all.",0,,youtube
walmart,Did Myles like the chicken nuggets my sons safe food is chicken fries as well,0,,youtube
walmart,"Please let us know if the kiddos like the nuggets, my son is super picky too but loves McDonald’s chicken nuggets",0,,youtube
walmart,"Happy Sunday, love watching your videos they are my favorite, what is your favorite shampoo with you having thin hair",0,,youtube
walmart,Can you let me know how you like the nuggets.,0,,youtube
walmart,The poptarts are kind of small and hard .Not worth the price in my opinion .My son really likes the Baja dragon fruit.❤🙏,0,,youtube
walmart,Hi Danielle! Love your style! I just sent you a message.💛 hope to connect!,0,,youtube
walmart,I&#39;m jelly your Walmart carts have cup holders 👀 <br><br>Lmao 🤣😂 girl wash them hands ya nasty 🤢🤮 haha totally joking do they not know what kitchen towels are 🤔 or pat and dry on jeans lol,0,,youtube
walmart,Hi Ms Danielle! Big fan of your content ❤ I’ve sent over a message to your email — would love to connect on something exciting!,0,,youtube
walmart,"Go to <a href=""http://rocketmoney.com/FrugalFitMom"">http://rocketmoney.com/FrugalFitMom</a> to get started for free!  Unlock even more features when you sign up for Premium",8,,youtube
walmart,People are cutting back what they&#39;re buying.We&#39;re going to start seeing more clearance items.I live for clearance,32,,youtube
walmart,So thankful for folks who actually do kind things for others.,43,,youtube
walmart,"I have been a client of my local food bank for a few months now. Here are a few things that I would find useful:<br>1. Broths/stocks/bouillon cubes that I could use to turn rice, beans, and canned vegetables and chicken into soups and other dishes<br>2. Spices and seasonings<br>3. Bread crumbs and cornmeal (they are a great way to extend proteins like canned fish and chicken to make more meals)",129,,youtube
walmart,"We as a family always add canned tuna, chicken, pasta, sauce, greens, carrots, beans, rice.",18,,youtube
walmart,"My daughter is away at college in another state, toward the end of the semester when students are running low on funds and meal swipes they really take advantage of the on campus food pantry. We make a point to donate every year - things with really simple directions and things that could be prepared in a dorm if necessary.",33,,youtube
walmart,The best place for allergy meds is Costco. Their generic Zyrtec (called Allertec) is less than $13 for 365 tablets.,24,,youtube
walmart,"Our local food pantry also takes fresh vegetables. My husband went kinda crazy and grew an insane amount of veggies a couple of years ago. It was more than he and I could eat, and more than we could give to friends and family. He was donating 10 to 15 pounds of veggies every week during that summer.",77,,youtube
walmart,"As someone with very sensitive skin, I would urge you to donate fragrance free body care/skincare/laundry soap to food pantries. I cannot imagine what I would do if I had to use scented products. I get horrible rashes. Some affordable products that could be donated:<br>- Dove unscented beauty bar (less than $2/bar at Costco)<br>- Tide Free &amp; Gentle<br>- CeraVe products<br>- Cetaphil Products<br>- Vanicream products<br>- Aquaphor or Vaseline<br>- Arm &amp; Hammer UltraMax Unscented deodorant",25,,youtube
walmart,don&#39;t forget a can opener as well.,17,,youtube
walmart,You did a wonderful job and caring for others has always been who you are. 💙💙💙💙,23,,youtube
walmart,Canned protein and fruit every single Food Bank 100 % will need them,9,,youtube
walmart,"I volunteer at a food pantry. Lots of tuna and canned chicken, soup, peanut butter and jelly, rice, pasta, pasta sauce, beans, canned fruit, cereal and bars. They also carry hygiene products.",19,,youtube
walmart,Those Cosmic Crisp apples are so delish.,18,,youtube
walmart,Thank you for shedding some light on food bank needs… I run a small food pantry here in southern Louisiana and we are always looking for donations. Canned meats and fruit are elite!,9,,youtube
walmart,Cash donations also are needed for pantries to get items by bulk they buy through their own connections.,37,,youtube
walmart,This a nice community it seems for the people who need help.,7,,youtube
walmart,&quot; That woman is going straight to heaven !&quot;❤❤❤❤❤❤❤❤❤❤❤😊😊😊,26,,youtube
walmart,"<a href=""https://www.youtube.com/watch?v=AfBFZYT8mik&amp;t=95"">1:35</a> Them accepting shelf stable food that expired up to 2 years is awesome. Canned food, unless puffed or rusted, is good for 10 years easy.",6,,youtube
walmart,My food pantry that I volunteer at they have an Amazon account of their needs to you can donate that way.,9,,youtube
walmart,Thank you so much for reminding us how we can help. I often see great deals that I pass on because I don&#39;t need them. I love this😊❤,8,,youtube
walmart,I miss you and Dave helping people with budgets:),7,,youtube
walmart,"Thank you for shopping for others, my heart needs moments like this. I really appreciate that you talked about how some stores are marking up items over the other stores -  the cheese cube thing, I think folks don&#39;t realize you can save so much by being aware of price points.",10,,youtube
walmart,It’s so validating to hear a clearly fit person say that companies need to chill on the protein products! So ready for this trend to be over. <br><br>Also super stoked to hear about your alternate channel! I’ve often wondered about what you do for fitness - please drop the arm routine if you’re willing 😅 it would be fun to hear your takes on frugal fitness btw! The fitness industry can definitely encourage high spending and I’m a big fan of home workouts and free running to stay fit. <br><br>Thanks so much for the video I’m a big fan of your channel!,16,,youtube
walmart,"THANK YOU, CHRISTINE!!....Speaking of going to heaven...!",5,,youtube
walmart,"I seriously love this SO MUCH and am really happy you shared this video to inspire others. I volunteer with a local food bank and it has made me so much more aware of my own food waste and frugality after seeing such an uptick in need recently. There is more than enough food for people, we just need to make it accessible! Thank you!",3,,youtube
walmart,My dad always planted a garden and one year was really a bumper crop. My mom and I took at least 20 cantaloupe a week. And that was what couldn&#39;t eat or family and friends could not eat. They were greatful,3,,youtube
walmart,I make meals in a bag for our local Dream Center&#39;s Food Bank. Each day is a different. 2 to 3 days a week we have a nurse practitioner and a nurse that volunteer to help those in need. But hey must apply and make an appt for those days.,8,,youtube
walmart,This store looks awesome! I wish I had one near me.,15,,youtube
walmart,"I get it about the protein wagon these days, however I had gastric bypass 3 years ago and I’ve lost 250 pounds. I now always eat high protein every meal. O try to have at least 120 grams of protein a day. I do try to stay away from most of the super processed stuff though. Unless it’s for a treat or while traveling. 😎",6,,youtube
walmart,"As it gets close to summer, out food bank asks for peanut butter and jelly - something littles can make for themselves without cooking.",4,,youtube
walmart,"Love every thing you do. <br>I always wait and look forward to the But wait, there’s more.",5,,youtube
walmart,"My Allergist says Zyrtec (and yes you can use the generic of it Cetirizine) ~  is the best OTC allergy medicine, works for me! <a href=""https://www.youtube.com/watch?v=AfBFZYT8mik&amp;t=402"">6:42</a>",4,,youtube
walmart,"My nurse practitioner says Allegra is a good antihistamine that is non-drowsy. I am using it and it works. If anyone takes Benadryl, please look at what it causes over an extended time. My Mom took it for years every night and I can attest what it says about it is true. It happened to my Mom.",5,,youtube
walmart,"Goof haul.  We give to the food pantry in our area every month.  And like you, we look for good deals all the time.  Thanks for sharing,",2,,youtube
walmart,You are the best Christine!,3,,youtube
walmart,"I used to only use Claritin, but I bought the Equate Generic and tried it yesterday. It worked great and was the fraction of the price!",5,,youtube
walmart,"I looked up a recipe for making Boursin cheese at home  (cream cheese, butter, parmesan and spices), and it totally works.  Food for thought (see what I did there). Hugs!",3,,youtube
walmart,I was surprised you passed by those diapers at the discount store. They always need those,3,,youtube
walmart,I love how you said you&#39;d grab one of something and TEST it. We do that all the time at discount markets!,3,,youtube
walmart,"Wonderful community support, Australia has food banks and I donate on a regular basis.<br>Like the just or past the used by date at minimal 💲 discount food store, saves lots of stuff going to landfill.💐<br>The cost of living over here is just going skywards.<br>Thank you for a very good video 🇦🇺🦘.",1,,youtube
walmart,I loved this video and would like to see more just like this. Great content: feels good and satisfying to watch you budget shop.,3,,youtube
walmart,"My son worked for a nonprofit and they do have a food pantry for their clients.<br>Non foods are also in demand. Sanitary/ period products, soap, laundry detergent, toothpaste.",1,,youtube
walmart,We have been living in a camper for the last year while we moved and found a house and did renovations once the kids are out we officially move in and I’ll be sad to say I hadn’t watched your videos in a long time happy to have so much to binge watch now ❤,3,,youtube
walmart,Man I wish we had a discount store in the southeast. None to be found😢,3,,youtube
walmart,I&#39;m proud of you 😊❤,4,,youtube
walmart,Zyrtec bought at costco is $15 for 365. Not kidding. It a lone pays for my family&#39;s costco membership,1,,youtube
walmart,I would almost kill for a store like that in my area.  All our discount stores have closed.  Big lots was as close as we got but they’ve raised their prices as well.,4,,youtube
walmart,Zyrtec aso known as cetirizine for the generic form. Sams club has it on sale and in larger quantities than walmart does.,3,,youtube
walmart,"Two things: First, you inspire me! I appreciate how kind you are and how much you help your community. Two, my 14 year-old-son has been listening to me watch your videos for years. He now says &quot;doll hairs&quot; and &quot;peanut butter&quot; in your voice. 🤣",0,,youtube
walmart,Where are these discounts again? Here in Upstate New York if the price drops below $100 it gets put in a dumpster guarded by the secret grocery police.,1,,youtube
walmart,"I know I have said this before, I love your videos.  They are interesting and organized to keep your attention.  I appreciate that and enjoy watching both channels. Thank you!",4,,youtube
walmart,I love this!  Thank you for the ideas and for your care for others.   It is time to help our neighbors,0,,youtube
walmart,"LOVE, LOVE, LOVE this on all levels. You have what looks to be a very nice discount grocery store. Not all of them are pleasant to shop in, but if you know your prices, you can almost always find something that’s a great deal.",1,,youtube
walmart,I saw two pounds of strawberries for 3 dollars at Costco the other day. Thats the best ive seen in a long long time!,1,,youtube
walmart,"I giggled at your protein comment<br>But honestly most people aren’t as fit as you are<br>I personally am a carb addict <br>So some of us NEED extra protein because we don’t normally eat enough <br>Meat is high<br>Donuts get discounted more, and taste better 😂<br>Also I have dentures and can’t wear bottom ones so chewing is harder for me<br>So protein waffles appeal to me a LOT 😊<br>Loved the video!!!",3,,youtube
walmart,"That&#39;s wonderful your local kitchen does that for the community,We have some in our area but are only open 2 times per month and some grocery stores donate",2,,youtube
walmart,I was eating a cosmic crisp apple when you were talking about them. They are so good!,2,,youtube
walmart,I have been here long enough that I actually DID know about your second channel! :D,1,,youtube
walmart,Such great ideas!!!!,0,,youtube
walmart,Well done ❤,0,,youtube
walmart,This is what I wanted this morning!!,2,,youtube
walmart,I live in Western PA and we have a Meijer opening soon north of me so hopefully we will get more soon.,2,,youtube
walmart,"We have a store like this about 45 minutes from me, and whenever I visit I love to hit up their candy section for my kids. It reminds me of my childhood when candy bars were 4 for $1. I also enjoy trying different sodas from there. They often have test-run flavors that didn&#39;t make the cut, but they&#39;re still pretty good.",0,,youtube
walmart,Great work,0,,youtube
walmart,Levocetirizine (aka xyzal) and cetirizine work wonderfully well for my allergies without knocking me out.,1,,youtube
walmart,WOW!!! Prices are much higher where you live.,0,,youtube
walmart,Xyzal but I’ve found Allegra for hives super helpful even without hives at times lol,1,,youtube
walmart,This is wonderful. There is a clearance warehouse type place close-ish to where I live in Canada. Will be buying extras next time I am there so I can share. Thanks for the inspiration!,1,,youtube
walmart,"I disagree with what you said about spaghetti not being kid friendly. It was my absolute favorite type of pasta growing up, and I still love it. People can even break them in half if they want to. Nowadays though, since we have the option, I buy the half-length ones in the store.",1,,youtube
walmart,"While I can&#39;t really afford to do regular donations to my local food pantry, I do set up a large donation for around the holiday period. This year it&#39;s close to $8,000 worth of shelf stable food, toys and school supplies.",0,,youtube
walmart,Kroger has gotten so expensive. I pretty much exclusively shop at the discount grocery store now,0,,youtube
walmart,"I take Azelasetine/ AstePro and it makes a huge difference. Also, Flonase is excellent, but it takes time to get into your system. I echo someone else who said Zyrtec, and also Xyzal! Finally, air purifiers are awesome to limit dust, pollen and other allergens. If you’re having a tough time and nothing is helping, go to an Allergist if you’re able to.",0,,youtube
walmart,Love this!,1,,youtube
walmart,God bless you …. You are an amazing person… love watching your videos ❤,0,,youtube
walmart,I donate fruit cups and fruit juice boxes regularly. Occasionally tuna or canned beans but I have a budget myself to manage. My peach tree is harvested in August and I have fresh fruit to donate then.,1,,youtube
walmart,Thanks for all you do and for those donations.  Love your channel and being so upbeat 😊,0,,youtube
walmart,We eat expired food all the time but it surprised me the food bank takes expired food.  Even not needing to use the food bank I would gladly take expired food and use it.,0,,youtube
walmart,"My allergy doctor told me to use Allegra for non-drowsy antihistamines, but the offbrand works just as well!",0,,youtube
walmart,"Cries on oklahoma, okc we dont have these. The Canada dry cranberry is one of my fav holiday drinks. Its not often found in oklahoma",0,,youtube
walmart,I’m always on a hunt at Aldis for their super markdowns and drop at our local pantry. Love when they had .25 cent pasta!,0,,youtube
walmart,Our state won’t allow them to give out expired food unfortunately at the pantry. If I come across any I just post on my local freecycle pages,1,,youtube
walmart,I just bought two pounds of strawberries at Kroger for $4.99 on sale. 😅,1,,youtube
walmart,Allergy Relief by Members Mark at Sam’s is generic for Zyrtec,1,,youtube
walmart,"I feel called to specifically look for deals for the food packs my local food pantry sends home with kids for weekends/vacations. They always need kid-friendly items that can be eaten without cooking, like pop-top pasta cans. I LOVE my salvage grocer for warehouse-sized boxes of things like granola bars and fruit cups for the kiddos. I also donate eggs from our chickens when we have an excess. We help assemble the Thanksgiving baskets for families each year and it&#39;s always super rewarding to spend some time pitching in. Even a few items REALLY helps and it doesn&#39;t take much to help make a positive difference in your commnuity!",0,,youtube
walmart,You are the best❤,1,,youtube
walmart,Food pantries and soup kitchens use bread/give bread.,0,,youtube
walmart,"Claritin is the best!  Or the generic works just as well.  If I had that store in my town, I would be there all the time!",0,,youtube
walmart,Cosmic Crisp apples are a favorite in our house!,0,,youtube
walmart,Thank you! I&#39;ve been using my budget shopping skills to buy for local food pantries and pregnancy help centers. I look for sales at Kroger and CVS and combine the deals with coupons/ibotta offers.,1,,youtube
walmart,Love this! Im Definitely interested your second channel!,1,,youtube
walmart,Wait! Red bags at Frey Meyer!?!?! I have to go look for those .... I&#39;ve never seen them before.,0,,youtube
walmart,Best allergy meds I’ve tried is Flonase nasal spray. Sam’s sells a member’s mark version that works the same. Watch out for Allegra if you suddenly get horrible menstrual cramps. I couldn’t take it.,0,,youtube
walmart,"<a href=""https://www.youtube.com/watch?v=AfBFZYT8mik&amp;t=423"">7:03</a> You know it‘s bad when even the athletes are shaking their heads at the protein everything marketing",0,,youtube
walmart,I like Claritin and Zyrtec and I alternate when I feel one has lost effectiveness. But a decongestant is a must!,0,,youtube
walmart,So hear me out… isn’t buying food from the discount food store then donating it actually taking away from people who may not necessarily go to the pantry but are trying to save on groceries?   Maybe I’m wrong. I’m just thinking out loud 🤔 but there’s different levels of need sort of seems it’s the middle who can’t benefit from the freebies and can’t afford to live either.,2,,youtube
walmart,"I use Claritin,but you need to try them and see which one works for you. I have tried them all and went back to Claritin.",0,,youtube
walmart,Find it interesting that your food bank takes expired food. Around me those are not allowed even thought there is nothing wrong with it,1,,youtube
walmart,"I wish we had a discount grocery store a reasonable distance from where I live. Even if we did, I doubt I could use it to make donations because the local charities here have a strict no expired food rule. They post it outside the door. They will not even take things past the &quot;best by&quot; date. It would just get thrown away.",1,,youtube
walmart,"Your other channel popped up in my feed, and I watched a couple videos while doing dishes. How did you know?! lol",0,,youtube
walmart,Hey girl! I just saw chicken caesar wraps on Pinterest when I was getting dinner ideas and thought they sounded so good! That’s definitely on my meal plan next time we order groceries. Great haul! 💛,1,,youtube
walmart,"Great haul! The Chicken Caesar wraps are a great idea , I’m going to borrow that one from you😁",1,,youtube
walmart,😭 we love a straightforward meal plan and budget!! Necessary af these days.,0,,youtube
walmart,Great grocery haul 😊your meal plan sounds delicious 😋 have a blessed day 🙏🏻,0,,youtube
walmart,Chicken Caesar wraps sound so good! 😊 quick and easy meals are my go to right now also,0,,youtube
walmart,"I love the sweet and hot jerky and we like both the salt and vinegar and jalapeño chips.  Chicken wraps sound so good for a quick dinner, I like the idea of using a salad kit to make them.  Great haul Katie❤❤️",0,,youtube
walmart,Always enjoy your videos. Love that you show the prices. Greetings from Philadelphia PA USA,0,,youtube
walmart,"Hi Katie, Happy Wednesday 🙌 your menu for the week sounds yummy..Tacos and burger delsih! Love breakfast for dinner my son likes to eat at Cracker barrel because they serve pancakes all day 😊🙌 you got some amazing goodies all cheese is delicious!",0,,youtube
walmart,Great haul friend,0,,youtube
walmart,I love breakfast food,0,,youtube
walmart,"HIIII KATIE ❤❤<br><br>Chicken caesar wraps are one of my all time favorites!! I probably eat at least 1-2 a week for lunch! Only difference is i used grilled chicken thats already cooked and diced/strips! ❤❤ Enjoy, love your menu this week! 🍴 🍽  Nom nom 😋",0,,youtube
walmart,Love to do chicken Caesar for quick easy! I just ran out of coco powder too after years 😂 it’s coming in tomorrow haha! Great haul!,0,,youtube
walmart,good haul,0,,youtube
walmart,great haul! ❤ are you gys gearing up for halloween? the kiddos must be excited!,0,,youtube
walmart,Do your kids like macaroni and cheese,0,,youtube
walmart,"[Right, every person should have 300 dollars to spend on groceries every month. 2 people can&#39;t feed on just 300 dollars a month for groceries. That&#39;s not including body care, laundry soap, and clothing. Lower the prices and quit griping about self serv stations. As the balancing act needs to be done, too. ]",0,,youtube
walmart,"Hey,Courtney! <br>Thanks for taking me along with you to Walmart and sharing your haul. 😊<br>Trying to get all my ducks in a row and be prepared for this ice storm that&#39;s coming.  I pray we don’t lose power. I pray that everyone stays safe and warm.  God bless you and your family.",1,,youtube
walmart,THANK YOU FOR THE WALK THROUGH ❤,1,,youtube
walmart,Glad your channel <br>popped up.I like your <br>vibes.,0,,youtube
walmart,"Always love your grocery hauls, and going shopping with you. 😊❤",0,,youtube
walmart,Happy Thursday 😊,0,,youtube
walmart,"Thank you for taking us shopping with you, friend. Hope you&#39;re doing well this lovely afternoon. Here watching as I try to keep my mind off the weather and the chance we might lose power. My hubby is on oxygen 24-7 due to Covid damaging his lungs and his portable oxygen machine battery only lasts 5 hours. Asking y&#39;all to please pray for us to keep power. Thank you in advance. God Bless.",7,,youtube
walmart,Great Walmart video I love ❤️ that Sofia candy bear with sour belts you showed us,1,,youtube
walmart,"Hey Courtney, Happy Saturday. I love trying seasonal coffees. I love seeing the new Valentine day items at Walmart.  I still need to get my fiance some Valentine day presents. 😊🥰💌💘💝",0,,youtube
walmart,Courtney this was such a fun video to watch!! I love seeing all the amazing holiday finds!! That’s delicious looking the brownie batter filled chocolates in the Dunkin Box they should have so many more brownie batter candy options as well as Red Velvet,0,,youtube
walmart,Hi Courtney!!   Thanks for the shop with me!  Chocolate and strawberry is one of my fav combinations so I had to pause your post and go put those Donettes in my cart.  Lol.   Your meal plans sound good!! Thanks for sharing.  🫶🫶🫶🫶,0,,youtube
walmart,"Thank you for the walk through and haul, I always look forward to your videos! I hope you and your family have a great weekend 🙂",2,,youtube
walmart,"We have a Starbucks in thomaston now, i will have to try that coffee flavor .",0,,youtube
walmart,We are getting bad weather here in hot springs Arkansas....lots snow ice and freezing rain 🌧..a mess it will be.....thanks for taking us to walmart i just got home from my local store and got essentials for me and my cat 🐈...got food ....i hope we don&#39;t lose power ..pray 🙏 we dont have a power outages !  ❤❤    yall b careful where you and your family Courtney are!    Great grocery haul 😊,2,,youtube
walmart,Awwww we love the gummy bears. I’m sad you didn’t like them,0,,youtube
walmart,Why did you delete all your past videos?,0,,youtube
walmart,I live 20 minutes from a Albanese,0,,youtube
walmart,Does Josh live with you and the boys,0,,youtube
walmart,"I was about to give up hope until I saw the fresh fruit (grapes),fresh vegetable (spinach) and one (1) lean meat at the end. I will not be subscribing. 👎",0,,youtube
walmart,"I like adding heavy whipping cream to jello. I follow the directions for the boiling water,  but instead of the cold water,  I substitute with heavy whipping cream.  It&#39;s a hit in our household ❤",2,,youtube
walmart,Love that 123.45❤ 😂 great video friend! Thanks for the mention ❤❤❤,1,,youtube
walmart,❤❤❤❤❤❤❤,1,,youtube
walmart,"How cool that the total is, 123.45",2,,youtube
walmart,"I actually prefer Fridays for videos. I’m a teacher so after a long work week, it’s nice to have a Friday video to look forward to. 😊",0,,youtube
walmart,Friday videos feel like a reward for surviving the work week!,0,,youtube
walmart,So important to have that kind of Sunday 😊 making that change makes a lot of sense.,0,,youtube
walmart,I love watching the way home! It’s the best ♥️,0,,youtube
walmart,Love Friday uploads :),0,,youtube
walmart,Love how open and honest you are!! Catching up on your vlogs now! Happy Saturday 😊,0,,youtube
walmart,LOVE your reset videos!! ❤,0,,youtube
walmart,Videos coming out on Fridays is so nice for me! Gives me something to watch at work to inspire me to go home and clean after my half day!,5,,youtube
walmart,"Great video, enjoy your family 🩷",0,,youtube
walmart,Good afternoon Ashley.,0,,youtube
walmart,Love The Way Home!!! Sooooo Good!,0,,youtube
walmart,"A retractable screen door!!! What!?! We need this in our lives. I’m 46 and didn’t know that pasteurized A on eggs meant anything, and cornbread biscuits. I think I’ve been living under a rock.",0,,youtube
walmart,"We love the mini Uno — perfect for doctor’s office, in the car, hotel, etc.. <br><br>Uno Splash is also fun to have for the pool and beach! (Waterproof plastic cards)",0,,youtube
walmart,Hey girl hey 👋 so happy to be able to actually watch shortly after you uploaded!,3,,youtube
walmart,⛪️🍌🍎🧺📺💜,1,,youtube
walmart,"I agree with those kinds of eggs, so much better! Any time you can upload is good for me, glad to hear you’re taking a break on Sundays!",0,,youtube
walmart,"I love these videos, classic Ashley motivation resets, thank you sis 😊",1,,youtube
walmart,"I always wipe the outside of my luggage with Lysol or Chlorax wipes when we get back from a trip , paying close attention to the handle then spray inside with Febreeze.",0,,youtube
walmart,"To be honest, I never knew what your posting schedule was on this channel because I mostly catch you on other Disney channel lol However, I do love a good clean and organize video. I just reset my kitchen for the weekend. Crockpot cooking here I come. Because I&#39;m an author and write full time (historical romance and romantic suspense) I&#39;m struggling with the home/life/work balance. Working from home blurs those lines far too easily. I&#39;m really trying to keep the weekends for me and my husband. Otherwise, the days slip by and there&#39;s no time for us. Being organized helps in that. I try to grocery shop in the week so I&#39;m not anywhere the crazy on the weekends (today was crazy) And I meal plan too. Put a calendar on the fridge for the month. It also helps when I get migraines. on those days the hubs cooks and does chores or he brings something easy home. Everything, and I mean everything, is about time management.",0,,youtube
walmart,I so look forward to your videos ❤,2,,youtube
walmart,What about doing a nighttime routine with the girls,0,,youtube
walmart,My favorite type of videos! It helps me find the whimsy in my daily life! Sparks joy! 💜,0,,youtube
walmart,"I love, just love The Way Home❤",0,,youtube
walmart,You always have the cutest sweaters! I love that purple one!! 💟,0,,youtube
walmart,"Hey girl, hey!! Vital Farms 🥚We get those sometimes. So fresh and tasty.",0,,youtube
walmart,"you gave me the motivation to get up and organize and clean my house. Thank you! Also, I love the digital picture frame on your wall!!!! Where can I buy one? Thank you in advance.",0,,youtube
walmart,"Hey girl hey! <br><br>I have to tell you, I’m laughing so hard because when you asked your google home what the temperature was, my google home turned on &amp; answered 🤣",0,,youtube
walmart,"Hey Ashley, thank you for letting us know because we (I) have missed you, girl. Please take advantage of your Sundays and glad you will still keep coming back. Also, I conserve energy as well. Here in Texas and I don’t turn on my AC consistently either. Only been on twice this year and off now 😂",0,,youtube
walmart,Where did you get the piglet and tiger bags from???? They are SO CUTE!!!!,0,,youtube
walmart,Hey Girl Hey! First comment gang!,1,,youtube
walmart,Love your videos can you please  let me know how many rolls of wallpaper did you need for the accent wall in your laundry  rooms?,0,,youtube
walmart,Hey girl heyyyy💜🌸,0,,youtube
walmart,Love your videos! Where is your crockpot from?!,0,,youtube
walmart,Good job buying organic! 😍 (studying nutrition and can&#39;t help but notice haha),0,,youtube
walmart,Haven&#39;t seen Miss Sophie.,1,,youtube
walmart,I was wondering if there will be any video soon ^^<br>May I ask — maybe it’s a cultural thing — but why are groceries often packed with only one or two items per bag? It seems like a lot of unnecessary bags could be avoided by consolidating them. 🤔,0,,youtube
walmart,"This weeks menu; sausage and peppers, sautéed shrimp, chicken cutlets, lentil stew, mashed potatoes, acorn squash, green beans, baked potatoes.",4,,youtube
walmart,My granddaughters eat frozen waffles and pancakes as snacks in the afternoon or late evening.<br>They said that they can&#39;t tell the difference between name brand and Walmart brands.,3,,youtube
walmart,I don&#39;t even look at the best but date on meat because it&#39;s going into my freezer when I put it away.,3,,youtube
walmart,Express orders use Spark Drivers so you can’t edit your order after submitting. Regular deliveries you can edit up to a certain time. I mix my spaghetti with the sauce.,3,,youtube
walmart,We eat ours separate,1,,youtube
walmart,"<a href=""UCkszU2WH9gy1mb0dV-11UJg/m8MfY4jbFsWJhL0PyouA2Ak""></a><a href=""UCkszU2WH9gy1mb0dV-11UJg/m8MfY4jbFsWJhL0PyouA2Ak""></a><a href=""UCkszU2WH9gy1mb0dV-11UJg/m8MfY4jbFsWJhL0PyouA2Ak""></a><a href=""UCkszU2WH9gy1mb0dV-11UJg/m8MfY4jbFsWJhL0PyouA2Ak""></a><a href=""UCkszU2WH9gy1mb0dV-11UJg/m8MfY4jbFsWJhL0PyouA2Ak""></a><a href=""UCkszU2WH9gy1mb0dV-11UJg/m8MfY4jbFsWJhL0PyouA2Ak""></a>",1,,youtube
walmart,"I really like the Hawaiian Buttery Rolls to eat with casseroles, goulash, homemade hamburger helper, chili, and western mac.<br>They are even good with peanut butter and jelly or honey on them.",2,,youtube
walmart,I stopped buying the name brand of spaghetti sauce because I add my own spices to it anyway.<br>Why pay the higher price.,3,,youtube
walmart,God bless you Tra and family. ❤<br>May you have a wonderful and blessed week ahead for all of you. 🙂,1,,youtube
walmart,I like the turkey bacon at Sam&#39;s Club and you really get a lot for the price.,1,,youtube
walmart,I mix mine all together as well! Bc That&#39;s the right way 🤭🤣(j/k)❤,1,,youtube
walmart,"I really like the Walmart spaghetti sauce. To answer your question, when it&#39;s just my boyfriend and me, I mix the sauce. But if my kids and grandkids are coming over, I have it separate because some of them don&#39;t want sauce",1,,youtube
walmart,"I mix my spaghetti sauce, noodles, and meat all together in my dutch oven pot.<br>Of course, I sauteed my onions with my meat.<br>When I make spaghetti, I brown a pound of hamburger and a pound of sausage together.",1,,youtube
walmart,I like the spaghetti on the bottom and the spaghetti ground turkey sauce on top.,2,,youtube
walmart,"We used to mix it all together, however my daughter doesn&#39;t like spaghetti sauce so we now separate everything",1,,youtube
walmart,I do that too and not even a mom yet..help me!!! I be all over the place sometimes,1,,youtube
walmart,"That’s the date it needs to be sold because meat should only be refrigerated for so long. The stores can’t put food back into a freezer, so they will reduce the price to sell as the date approaches and you should use it by the date or freeze it.",1,,youtube
walmart,The Aldi Reggiano’s pasta sauce is better than all of them! And it’s $1.85 here.,1,,youtube
walmart,It depends on what mood I am in if I mix the spaghetti and sauce or not. Growing up my stepmother always had us eat it separate with no meat and my Mom always had us eat it mixed together with meat.,1,,youtube
walmart,"Next time when you buy mouthwash. Check the number # ounces on bottom of the label. I know that feeling it has happen to me too. 😁The item(s)that gets me is toothpaste, frozen bag veggies like it shrink n that zoom in online make it look bigger but to find out it’s travel size. I always like to cook spaghetti separated from the sauce.",1,,youtube
walmart,"If you are using the bananas to your smoothie, as the person in produce if they have some older bananas to get rid of because you can get them much cheaper.<br>I do it during the holidays when I&#39;m making at least a dozen loaves of banana bread.",1,,youtube
walmart,"Tra,<br>I shop at Aldi&#39;s and Walmart because those are the stores that we have here.<br>I stopped buying name brand items because after trying the store brand items (about 80% of them), I couldn&#39;t tell the difference.",1,,youtube
walmart,If you do either the 1 hour or 3 hour grocery order you can&#39;t add things after you submitted your order.Only when you do regular order can you add stuff later to the list.Its because the regular orders are shopped by Walmart employees.The 1-3 hour orders are by spark drivers.,1,,youtube
walmart,I have never done a good job cooking ribs. I would love to see how you do it.,1,,youtube
walmart,Hello again gorgeous 😀<br>I&#39;m curious as to what you purchased this time for groceries.,1,,youtube
walmart,Separately,1,,youtube
walmart,"I eat my spaghetti both ways but growing up my momma always mixed it, how do you make your lentil soup? Your hair is great what are some of your favorite products?",1,,youtube
walmart,Just curious what you do with all the plastic bags? I used to save mine to donate to a food pantry. I save some to use for garbage bags.,1,,youtube
walmart,"I always buy store brand when I can. For example that salt girl 😄  You probably would have slashed that price in half.  Ok this is a real question, no shade here. Does everyone in the south get their majority of groceries at Walmart? I say that because I see soooo many grocery hauls on YT at Walmart.  I typically bypass those, not even interested.  But then I saw you...and I watched 😄",1,,youtube
walmart,STOP ADVERTISING &amp; BUYING FROM WALMART!!!!,2,,youtube
walmart,"Tiffany it’s ok you do not have to explain. You are a great mama. I always got my boys treats. We all need treats. I always always get the grand babies treats, if they’re coming to stay they give me a list of stuff they want!!",3,,youtube
walmart,God bless you Tiffany and family. ❤,0,,youtube
walmart,We love breakfast for dinner especially in the winter.,0,,youtube
walmart,I can eat breakfast everyday if I wanted to,1,,youtube
walmart,I will never understand how some people can fuss at someone for what they buy with their own money!,0,,youtube
walmart,"I&#39;m making chili for supper tonight...we are seniors and when I make this there is enough for a couple of meals. It was 28* when I got up this morning, but at least it wasn&#39;t snowing.😊 I drink the Fairlife, too. The sun has just come out..looks wonderful! From cold snowy Michigan.",1,,youtube
walmart,Great grocery haul!  Have a wonderful day!,0,,youtube
walmart,I hardly ever meal plan. I get up make coffee and while it’s brewing I go to freezer and pull out meat and then sit and drink my coffee and decide what I am going to make with that meat. It’s what I do. We don’t have a perfect week where we can always do everything in a plan. So don’t beat yourself up about it. And buy what you want to buy. It’s your money. No judgement.,0,,youtube
walmart,I just have one teen so it takes us weeks to get through one box of something 😅. We get tired of the same thing but have to finish it lol,0,,youtube
walmart,Fletcher the grape bandit. Lol.,1,,youtube
walmart,nice haul i did sams today and want sausage that i could put my seasonings in and they had no ground sausage,0,,youtube
walmart,Welcome back!  We missed you more.  I am glad you are back; I look forward to your grocery hauls every week.  It&#39;s not the same without you.❤,14,,youtube
walmart,"The way I immediately clicked on this video!!! I’m so glad you’re back, I hope you know the amount of joy you bring to so many of us!",8,,youtube
walmart,Glad your back Jennifer and missed you and your family!.....hope yall are doing well!  ❤❤     Love your grocery hauls ❤,9,,youtube
walmart,I never click so fast on a video. Missed your video’s.,9,,youtube
walmart,Welcome back! We love you too! So glad you’re back! You have been missed!,2,,youtube
walmart,So glad when I seen you posted a grocery haul video 🥳 you have been soooooo missed 😢. Please don’t go away ❤,4,,youtube
walmart,So glad you&#39;re doing well and decided to post a haul with us.❤ .Don&#39;t go MIA again please 😢. Your friend Dawn Holder 😊,4,,youtube
walmart,"“ her name is Andrea, just Andrea, that’s all I know to tell ya!” lol rotfl you are an absolute riot I am always crying from laughter with the witty things you say!! You’re so genuine and have some of the best videos I’ve ever watched on YouTube your absence was truly felt and you were undoubtedly missed immensely",1,,youtube
walmart,I was so glad to see you back on here!<br>What’s been going on girl!<br>I kept checking back all the time see if you was on.<br>I missed you a lot.<br>Please don’t be gone anymore!<br>We all love you!<br>Yay glad to see you like I  said! 👏🏻👏🏻👏🏻👏🏻👏🏻👏🏻,3,,youtube
walmart,So happy to see you back. We have missed you.,5,,youtube
walmart,Whaaaaat!!! Yippie!  Missed you girl. So glad to see you back. Hopefully not so long in-between this one and the next one. <br>💙💛,3,,youtube
walmart,So glad you’re back! Missed your grocery hauls!,1,,youtube
walmart,Welcome back! Glad you all are okay. I’m sure the kids have grown! Big hugs to you all.,1,,youtube
walmart,I’m so happy to see you again I missed you 😊great grocery haul have a blessed day 🙏🏻💖,3,,youtube
walmart,Yay you’re finally back we missed you so much love the haul ❤,4,,youtube
walmart,I’ve missed you so much! I was worried that something serious may have happened. I’m so glad to see your beautiful face!,2,,youtube
walmart,❤Oh my goodness girl. So good to see your face. Glad everyone is okay.<br>Thanks for sharing! Missed you bunches. ❤,2,,youtube
walmart,I have been so worried about you and your family. I have been constantly checking for videos every week. So thankful all is well. Looking forward to weekly videos.,2,,youtube
walmart,"Every time I have one of your videos up, my husband walks by and asks if I&#39;m watching the Walmart lady!",1,,youtube
walmart,It&#39;s so good to see you!!! I&#39;ve missed your videos!!,2,,youtube
walmart,"Hey Jennifer!!  Great to see you on YT.  I know you stay busy with church, school and activities.  You just enjoy life and do a video when you can fit it in.❤😊",2,,youtube
walmart,So happy to see you back!  We missed seeing your groceries and meal ideas 😊,2,,youtube
walmart,I am so glad to see you i have missed you so much and the grocery hauls...,2,,youtube
walmart,"So, so good to see you! Missed you and your endearing smile and sense of humor. <br>Life just gets busy and tiring and overwhelming at times. You’re in a very busy season of life. Hang in there, the seasons of life change as fast as nature changes seasons. <br>Love you!",1,,youtube
walmart,Missed your videos!! So glad you posted 😊,2,,youtube
walmart,I missed you soo much! Thanks for coming back!,1,,youtube
walmart,We missed you!! Was so happy to see your name pop up on my notifications!!Great haul as always!!,2,,youtube
walmart,"Hi,Jennifer,  so so glad you were on today 😊.  I have missed your cheery self you are so real life which makes a pleasant change. Sending love from Mandy in Scotland xx❤❤❤",2,,youtube
walmart,So happy to see you back. Love your videos. Glad you are okay,3,,youtube
walmart,Great Hau!! Glad you&#39;re back❤,2,,youtube
walmart,Good to see you Jennifer! Welcome back! 🩷,1,,youtube
walmart,I’ve missed you so much . ..I so enjoy you &amp; your blogs good to see you,1,,youtube
walmart,So glad to see you back! ❤️,2,,youtube
walmart,So good to see you!,2,,youtube
walmart,Glad to see your back,1,,youtube
walmart,Glad your back💜 missed you girlie🤗&amp; it’s good to take time for yourself and take a break🙏🏻❤️ ✌🏻😎,1,,youtube
walmart,Hey girl hey! So happy to see you back ❤,1,,youtube
walmart,Glad to see you girl,1,,youtube
walmart,So happy your back!!! Missed these videos.,1,,youtube
walmart,I&#39;m so glad to see you again really missed my friend ❤,1,,youtube
walmart,Awww yay! So nice to see your face here on the YouTube. 😍,1,,youtube
walmart,Great grocery haul so happy you&#39;re back missed seeing you till next time 💞,2,,youtube
walmart,I couldn&#39;t even <b>find</b> you! I&#39;m so glad to see/hear you alright.,1,,youtube
walmart,So glad you are back. Missed you. Great haul,1,,youtube
walmart,I am glad to see you back! I missed you.,1,,youtube
walmart,Glad you are back. Missed you ideas for dinners,1,,youtube
walmart,So happy to see you!! Missed you!,4,,youtube
walmart,So happy to see you back.  Always love your grocery hauls!,1,,youtube
walmart,You sure were missed !!  Glad to see you again !,1,,youtube
walmart,So glad you&#39;re back 🎉 good to see you!,5,,youtube
walmart,Yay!!! I&#39;ve missed you!!,1,,youtube
walmart,"Wow!!! Welcome back, sure I have missed you!!❤❤❤❤❤❤❤",1,,youtube
walmart,You do what you need to do but we still would like to see you once in a while!   I love when you go into Walmart and check out the new items.  Nice to see you! 🥰,2,,youtube
walmart,I am glad you are back,1,,youtube
walmart,Good to see you back😊,1,,youtube
walmart,Good to see you back,1,,youtube
walmart,So good to see you missed your videos 😊,1,,youtube
walmart,So glad youb are make!! Sure been missing you!! I had you channel on my mind all week.,1,,youtube
walmart,So glad you are back! Missed you ❤,1,,youtube
walmart,So Glad your back. Great haul the prices  at Walmart  have gone up its everywhere  the rice cake with the chocolate  are delicious  .I buy them a shaws  market. Love you sweet friend ❤,2,,youtube
walmart,Sure have missed you. Glad you&#39;re back.😊,1,,youtube
walmart,God bless you Jennifer and your family. ❤,1,,youtube
walmart,"Happy Thursday, Welcome back I sure have missed your videos 😊",1,,youtube
walmart,Missed you….good to see you again 🥰,1,,youtube
walmart,Hey Jennifer!   SO happy you are back.   I have really missed your videos.  You are so fun to watch and I really enjoy all your videos.   Looking forward to the next one. 😊❤,1,,youtube
walmart,so glad you are back have  missed your videos,5,,youtube
walmart,❤❤❤❤Yayyyyyy you are back!!!! Missed you sooooo much!!!!❤❤❤❤❤❤❤,1,,youtube
walmart,❤ I missed you.  I love watching your videos.,1,,youtube
walmart,I have looked and looked for you.. glad to see you back,1,,youtube
walmart,Good to see you  again. And let me tell you about that Zep it is great you spray it and let it sit for a few mins no scrubbing at all wipes right off and is AMAZING,1,,youtube
walmart,❤❤❤wb!,1,,youtube
walmart,Well hey friend so glad to see you&#39;re back 💜,1,,youtube
walmart,Hi Jennifer. Missed you girl. Hope you continue YouTube. You are bubbly and hilarious.,1,,youtube
walmart,So happy to have you back!!,3,,youtube
walmart,Hey my friend! I’m so glad you’re back. I’ve really missed you. Hope you’re doing well. Take Care. Hope to see you again soon. Take Care. 😊💕💕,1,,youtube
walmart,"I&#39;m glad you are back ,I really miss you.",1,,youtube
walmart,Yes missed u,1,,youtube
walmart,Dollar Tree has the drizzalicious mini rice cakes. I&#39;m in NC too! Glad to see you on here again!,1,,youtube
walmart,So glad your back !! ❤️,1,,youtube
walmart,"Having withdrawa from none of your hauls.  Thanks for coming back<a href=""UCkszU2WH9gy1mb0dV-11UJg/hands-yellow-heart-red""></a>",1,,youtube
walmart,I was beginning to wonder about you 😊.  Good to see you back.,1,,youtube
walmart,Hi friend! I was so excited to see this! Sorry I haven’t reached out personally but I have been thinking about you a lot. I’m so happy that you’re back. 🥰😃,1,,youtube
walmart,"Goodness,  I was worried! Glad your back",1,,youtube
walmart,"Missed you, Jennifer!!  Glad to see you back, and love all your videos!!",3,,youtube
walmart,"Watching you from Delaware, glad to see you back.",1,,youtube
walmart,Miss you girllll,1,,youtube
walmart,Glad you’re well and back.,1,,youtube
walmart,Welcome back!🎉🎉😊,1,,youtube
walmart,Happy to see you back! Ps. Those mini rice cakes are soooo good! Try the birthday cake flavor if you can find it!,1,,youtube
walmart,Girrrllll-I missed you!!!!❤❤❤,1,,youtube
walmart,Welcome back we miss you ❤❤,1,,youtube
walmart,I have been thinking of you girl!! I’m not southern but from Wisconsin !  But I’ve loved your channel cause we’re about the same age and I lost my mom way too soon. Wish you all the best ❤,1,,youtube
walmart,Welcome back!!!!,1,,youtube
walmart,Those rice cakes things are so good ..don’t leave us we miss you,1,,youtube
walmart,"It&#39;s so good to see you again!! I was just checking a couple of weeks ago to see if I was still subscribed since it had been a while. I hope that you and your family are all doing well!! ❤😊<br><br>I did want to mention, about the cake batter Greek yogurt bowl, it&#39;s not safe to eat because of the raw flour in the cake mix 😢 I saw this recipe floating around a while ago too, and it makes me sad because it looks so good!!!",1,,youtube
walmart,So great to see you Jennifer it has been a while. Hope you are back. Great haul .❤️,1,,youtube
walmart,Look who is back 😂,1,,youtube
walmart,Welcome back! 🎉❤,1,,youtube
walmart,Happy Birthday Gerry ! 🎶🎈🎂🎈🎶,6,,youtube
walmart,What a wonderful surprise for Gerry’s birthday!!<br><br>Jett is a sweetie!!,1,,youtube
walmart,Happy birthday to Gary.  Your Cat is too adorable!!,1,,youtube
walmart,"Happy 40th to Gerry !! I hope they had a good time just catching up especially him  driving from Ohio. 🎉 Those cats are very beautiful cats !! Jet knows just who takes care of him...lol ;) There is soooo much sickness going on here too !! Flu type a &amp; b, Covid, and RSV....the hospitals are full. Hope the children are feeling much, much better. ❤",1,,youtube
walmart,Happy Birthday young man!!! 🎉🎊🎁🎂🥳🎈<br><br>Jett is such a cuddle bug!!! 🥰🥰🥰❤️❤️❤️,2,,youtube
walmart,Good job Everleigh! That looked delicious!! And happy birthday to Gerry!!,0,,youtube
walmart,Happy Birthdya Gerry.,0,,youtube
walmart,God bless.,0,,youtube
walmart,Happy Birthday Gerry! What a sweet kitty you have. 😺,0,,youtube
walmart,Happy birthday!!,0,,youtube
walmart,❤❤❤❤❤❤,0,,youtube
walmart,Let&#39;s can some taco soup together!! Mmm!!!,0,,youtube
walmart,Happy Birthday Gary,0,,youtube
walmart,Happy birthday Gerry,0,,youtube
walmart,Happy Birthday to Gerry! I’m here for all the Jett content more and more I’m starting to think he was destined to find your family 🤩,0,,youtube
walmart,"Happy Belated Birthday, Gerry.",0,,youtube
walmart,Happy Birthday Gerry!!💙🎉🎂🎈 Have a wonderful fun day!😘,0,,youtube
walmart,"On this special day, I wish that your faith in our Lord becomes stronger day by day. May you find whatever that you seek in life. Happy birthday, Gerry from the Trumble&#39;s in Southwest Tennessee!",0,,youtube
walmart,Happy birthday Gary.,0,,youtube
walmart,Happy birthday Gerry ! 🎉,0,,youtube
walmart,Happy Healthy Birthday !!!!!,0,,youtube
walmart,Happy Birthday Gerry🎉,0,,youtube
walmart,Good morning Tiffany!,3,,youtube
walmart,What a nice surprise for Gary. Nice planning. Tell him happy birthday. 💙💙💙,0,,youtube
walmart,"Happy Birthday, Gerry! 🎉 I can only imagine how happy he was and shocked. He was to see his best friend. What a sweet surprise. You are definitely Jets mama. ❤",0,,youtube
walmart,Happy Birthday to Gerry!  I absolutely love your videos.  I did a big Sam&#39;s and Walmart grocery pickup today.  I hate going in the stores and try to get all of my shopping done once a month.  I do go back for fresh stuff but I usually do that at a little hometown grocery store close to me.  Enjoy your weekend!,0,,youtube
walmart,"Happy Birthday, Gary! Your kitty is so sweet! My youngest son would love if he had a snuggly kitty like that! 🥰",0,,youtube
walmart,Happy Birthday! My son will be 40 this month.,0,,youtube
walmart,Happy Birthday Gerry! And good morning Tiffany I wish I had a cat like Jett he is so sweet and cuddly so is Ember you get all the best cats in the the cat distribution system my last cat was independent and not real cuddly but I still miss her we want to get another kitten  but we are holding off for a little bit to make sure my husband is settled in his new facility first.  Anyways I hope you all have a wonderful day!❤,0,,youtube
walmart,Male cats are the best. Your Jet reminds me of my Frank. Frank is a Hemingway- 5 toes on each foot. He’s a lover too! And probably the softest cat ever!!,0,,youtube
walmart,"My kids don’t like cottage cheese but I blend it up and add a couple scoops of protein powder, a few dashes of maple syrup and a little peanut butter and it’s like a mousse texture and they like it. It’s really high in protein so I love using it",0,,youtube
walmart,Oh my goodness Layla’s gummy bear pajamas!!!! Where did you get those!!??,0,,youtube
walmart,"I so understand about the shopping...I do Walmart delivery and also have Instacart if I want Sams,Costco,or other shops...even have Pharmacy delivery...I only buy groceries like every 3-4 months...",0,,youtube
walmart,"Good morning Tiffany.  I am the same way about shopping.  I do major stock ups with Azure Standard and Costco 3 times a year, get all of our meat in bulk from a local farmer and pick up raw milk from same farmer every week.  So basically I just get eggs and fresh produce when needed.  I home can so much food and have freezers filled to capacity, a year&#39;s worth of all non perishables, toiletries and cleaning supplies.  Clearly I don&#39;t like to go shopping weekly. LOL.  AND......I was robbed after picking up a few last minute grocery items for Christmas when I stopped to fill up my vehicle!  So, I am hibernating for a long time.",0,,youtube
walmart,"Miss Tiff, I&#39;m sorry and I know you&#39;ve told us a million times and Idky I never wrote it down but can u tell me again how to make your husband&#39;s famous Brussel sprouts sauce?? 🥺🙏🏾",1,,youtube
walmart,"Great surprise for Gerry’s birthday! I would be happy to let Everleigh cook my breakfast anytime! Looks delicious. Jet is so thankful to have you as his momma,what a sweet cat. Love soup and chili. I like to put chili on top of corn chips and taco toppings. Cool puzzles. Thank you for sharing,see you soon. Hope Gerry had the best birthday ever! 🧩💜🧩",4,,youtube
walmart,"You buy some weird stuff. But then I am not familiar with your channel.<br><br>Been away from home for ages. 15 years.. I remember $60-80 getting about this much countertop, but mine was yelling stroke whereas this looks like reverse atherosclerosis.<br>Looks like you aim for value, which most people should since nutrition and quantity stays the same, but in that case looks like for $200 things are still pretty bad in the US. A little better than you know.. Before, when presidents drooled or had flies buzzing about them. But looks like its still not in its rightful place. 30-38% out of sync with the times.<br>All the shenanigans, those liberal shenanigans of convincing the people that healthier means the same (Not even that unhealthy)- product in a smaller package at the same price, really did a lasting number it seems. I like to keep track of Walmart prices exclusively.<br>No. There is just no natural reason as to why you didn&#39;t have to use the floor to showcase this kart. But I understand it must seem absurd to those who gradually came to understand wind as a breeze. With the ideal of a breeze being long forgotten.<br><br>The only offset here, but it is a good one. Is going 4/7 toward stockpilable and slow perish items. Helps to diminishingly cut down the bill for weeks if not months.<br>And that&#39;s just me. When they <b>**</b> with the price tag of my shampoo in a way that doesn&#39;t make sense. I hit back and just use Irish Spring bar soap.<br><br> Which I already have. At home. In the shower.",0,,youtube
walmart,Happy Birthday Gerry!,1,,youtube
walmart,Happy birthday Gerry!,0,,youtube
walmart,Happy Birthday Gerry,0,,youtube
walmart,Happy Birthday Gerry🎉🎉🎉,0,,youtube
walmart,Happy birthday Gerry! 🎉,0,,youtube
walmart,Merry Christmas Tiffanie and Will Jackson And Alice 🙏🏻✝️☮️📿 whatever🎄🎅🥰🥰🫂🫂,0,,youtube
walmart,Merry Christmas to this beautiful family. I love following your channel and watching Jackson &amp; Alice grow.,0,,youtube
walmart,Merry Christmas to all of you and a Happy New Year!,1,,youtube
walmart,"Hi Tiffanie! Wishing you, Will, Jack and Alice a very Merry Christmas and a Happy New Year!, 🎄🎉💗",0,,youtube
walmart,I dont mean this in a bad way. I would watch all the processed food since kids dont do sports a lot. From one mom to another it catches up as they get older. Will is a runner and stuff so he different.,0,,youtube
walmart,Merry Christmas ❤  have a wonderful time with your family and friends ❤ stay blessed 🙏,0,,youtube
walmart,"Good to see you!! I’ll have to try the black bean burgers, they sound good! Merry Christmas to you and your family 🎄",1,,youtube
walmart,Merry Christmas tiff and family. 🎉 🎄,0,,youtube
walmart,I hope you all have a wonderful Christmas!,0,,youtube
walmart,Happy holidays. Great haul,0,,youtube
walmart,Merry Christmas!,0,,youtube
walmart,I stopped buying the regular great value nuggets and now by the great value dino nuggets because of the protein count and macros. They are very good. I cant wait for the stranger things finale…especially with all the theories going around 😂,0,,youtube
walmart,Merry Christmas Eve Eve. Hope y&#39;all are doing well this lovely afternoon. Fantastic haul. We like the steakhouse veggie burgers with guacamole as the condiment. You should try it sometime.,1,,youtube
walmart,What’s your menu for Christmas?,0,,youtube
walmart,How is your weight loss journey going are you still on the shots ❤,0,,youtube
costco,"Gina, thank you or taking us along with you to different stores. We appreciate your time and your positive personality!",2,,youtube
costco,We love the Siete taco seasoning.,2,,youtube
costco,Your channel is my favorite one.,10,,youtube
costco,I learned my mistake using too much primer. It will cause oil slicks on oily skin T zone. A thin layer goes a long way -  focusing on areas like under eye and around nose and mouth where makeup creases. You hit it on the nail - it needs time to dry before applying foundation or it’ll mix and become a greasy mess.,7,,youtube
costco,"I’ve never seen the siete taco seasoning here, definitely picking it up. A great deal. They can be $2.99 each at my grocery store. It’s very good. I picked up the olive oil, it’s good through 2028 if not opened.  I did the same thing, took off the silicone base! 😂",4,,youtube
costco,"Thank you Gina, have a great day",1,,youtube
costco,"I buy the Siete mild taco seasoning at my local grocery store, it is wonderful, my favorite taco seasoning. So happy to see it at Costco. The mild is seasoned perfectly, they have a spicy that is even better if you like more heat. 10 out of a 10",3,,youtube
costco,I had a list of 3 items to get at Costco…before I watched this ! Not anymore !!!! 🤭😊,6,,youtube
costco,"Thank you for keeping us updated on your finds at Costco and Trader Joe&#39;s.  I have bought so many of your recommendations, especially when you buy and try them! We appreciate all the energy you put into your videos too.❤",0,,youtube
costco,Those throws are soo cute!  Time to refresh and perfect for warm weather,3,,youtube
costco,"That throw is beautiful - you sold me, I&#39;m definitely getting the blue and possibly the cream also.  It looks perfect on your couch and that throw pillow you have is so pretty and goes perfectly. I look forward to your Costco videos regularly, love your channel!",0,,youtube
costco,I have been hoping Costco would carry the Siete taco seasoning. It&#39;s my fav and it&#39;s about 4 to 5 a packet at sprouts so 6 for $10 is a great deal,2,,youtube
costco,Love your channel Gina! Hyped you up ❤,4,,youtube
costco,Love your nails 💅,2,,youtube
costco,My mouth is already watering for those mochi!,2,,youtube
costco,That Oro Bailen evoo used to come in a fancy individual box like an expensive champagne. lol.,0,,youtube
costco,The popcorn comes out to be 28 cents a bag. What a deal!,0,,youtube
costco,"I liked those glass storage containers. I tried to get the rest of my family to hand wash the elasticated parts - and they didn&#39;t - so they become stretched and don&#39;t want to fit properly after some time because of that. I liked the colors though and the fact they are the same size (which they rarely are, for example the blue ceramic ones Costco sells). I think I prefer the original design.<br><br>What I really want is those girl scout mint cookie bites. I miss them soooooo much.",0,,youtube
costco,Thank You❤,0,,youtube
costco,I&#39;ve been waiting for the ice packs. Hope they have them at my Costco.,0,,youtube
costco,Good morning Gina. 🎉first. 😂,0,,youtube
costco,They changed the cover on the petit pot so they are not as reusable - i used to use them for spices,0,,youtube
costco,Those balloons 100% hurt but kids don’t seem to care 😅,0,,youtube
costco,"Those mochies look EXACTLY like the Trader Joe&#39;s ones - same shades and everything.  Has anyone tried both, and do you think they might be the same product?",0,,youtube
costco,Hi Gina. I need to know if the popcorn tastes like coconut at all. I do not like anything with a coconut flavor. Thanks for dedication.,0,,youtube
costco,Does the pop corn taste like the Kirkland microwave popcorn,0,,youtube
costco,"I used to work at Clif Bar, the one here in Southern Idaho. Occasionally I&#39;ll try one every now and then but I had to taste test them multiple times on a 12 hour shift so I&#39;ve had more Clif Bars than anyone needs. Lol",1,,youtube
costco,I prefer the almond with chocolate in the plastic container,1,,youtube
costco,"Hello from Palm Desert, California!  🏜️🌵🌴🙏🏻❤️👩🏼‍🌾",0,,youtube
costco,The pink elf works better.,0,,youtube
costco,Hi Jennifer. You always do such a great job showing us all of these clothes and everything else.We don&#39;t have a Costo here.Thank you for doing this video.I hope you have a beautiful day😊❤,2,,youtube
costco,"I enjoy your videos so much! FYI - I bought the Land’s End chambray sleeveless dress, and it was horrible! I sized down, but it did not make a difference. It is a shapeless potato sack in a strange length. I returned it. I haven’t seen the Costco tees at our Costco. Those are fun!",0,,youtube
costco,"YES to saying no to outside things and spending more time with your family. My husband and I will be moving our oldest son off to college in less than two weeks. It goes fast!<br><br>I thought once my kids were driving they didn’t need me to be a stay at home mom anymore, so I felt like I should get a job or something but I feel like being home with them in their later teen years is just as important as being home with them in any other part of childhood. My kids went out into the world and had their first experiences of relationships, break-ups, new jobs, job losses, tough days and always knew mom would be there to talk them through it when they got home, even if they didn’t want to talk. <br><br>There will be plenty of time for me to start my own thing when my kids are truly off on their own, but I’m going to be here and cherish these last few years of them at home.",30,,youtube
costco,I’m old enough to be your mom and I love watching your videos. You are so beautiful and so sweet and so respectful of all who are around you. You always seem so zen so I’m sorry you have been having a rough time. Even though it’s difficult try to remember that you are an amazing woman and that everyone in your life is blessed to have you. 💜,44,,youtube
costco,"I&#39;m a 47 year old mom of 6. Retired from being an RN a few years ago like you and then had a surprise baby😊 He&#39;s 10 months old. We shop at Costco weekly, Trader Joe&#39;s, Publix, and use a local farmer. I&#39;m with you on not using Apeel and none of those stores use it last I checked. I&#39;m not an early morning shopper,  but once they started letting executive members in early, I became a morning shopper 😂.",8,,youtube
costco,"We don&#39;t talk about it in the comments section, but everytime I watch your videos I remember your mom and praying for her 🙏🤍",12,,youtube
costco,"Girl, life has been hard here too! My husband found out he has glaucoma and that totally freaked me out because he is only 39. I am mothering a teenager and a preteen Lord help me! LOL! Sometimes I fall into bed crying because I feel like I didn&#39;t do very well that day loving my family because I am so tired and overwhelmed. You are such a good wife and Momma!! I am so thankful that where we fall short, God can fill in the gaps! ❤",3,,youtube
costco,YES to saying NO to Apeel 👏🏻👏🏻👏🏻👏🏻👏🏻👏🏻👏🏻👏🏻,1,,youtube
costco,can’t explain it but something about this just clicked for me fr,0,,youtube
costco,"The weight of mom guilt is so real and often so heavy. I truly wish we, as mothers, showed more grace and support to one another. My boys are grown now, but I still remember the chaos and exhaustion like it was yesterday. I was that mom—volunteering for everything, juggling it all—and I also had a son with severe special needs who needed so much of me. I gave everything I had, and still, I often felt like it wasn’t enough.<br><br>Four years ago, I lost my beautiful son in a tragic hit-and-run accident. He was just 23. My oldest is now 26. And let me say this: you are not alone in feeling overwhelmed, unseen, and overworked. You’re right—there aren’t gold stars or extra credit handed out at the end of the day. So much of what we do as moms is quiet, unnoticed, and yet it is everything.<br><br>Looking back on my journey, especially after losing my son, I carry so many lessons I wish I had known earlier. I wish I had said “no” more often. I wish I had let others step in to help. I wish I had slowed down to soak in more of the everyday moments. If I could go back for just one more bike ride, one more silly picnic, one more walk through the park—I would trade the world for it.<br><br>When my son was in the ICU for 15 days after the accident, I let everything go to be by his side. In those 15 days, I didn’t worry about work or laundry or expectations—I just loved him with every ounce of my being. And you know what? The world didn’t fall apart. My job was still there. The dishes waited. But those 15 days? They were a gift I will treasure forever.<br><br>Please hear me when I say this: the laundry can wait. The meetings, the to-do lists—they’ll all still be there. But your time with your children is sacred and fleeting. Don’t let the pressure to be everything steal your joy in the simple, ordinary moments that one day become the most extraordinary memories.<br><br>You are doing more than enough. And you are not alone.",15,,youtube
costco,I&#39;ve seen your videos over and over again. You inspire me to be more calm and good mom. Your Voice is so peaceful and you are so honest. Thank you!!!,3,,youtube
costco,Your dogs are so stinking cute!!!❤,0,,youtube
costco,"I&#39;m a 64 year old gramma and I can tell ya, grocery shopping DOES drain you mentally! I&#39;ve gotten some of my worst migraines over the years going grocery shopping! I hate it. Our local Safeway does car delivery now and I use it constantly just so I don&#39;t have to go into the dang store. You&#39;re 37 now but wait until you&#39;re my age and have spent your entire adult life grocery shopping :-) Good vid Tiffany!",2,,youtube
costco,Heavenly hunks are amazing! It’s a company by a mom and son started together  ❤,0,,youtube
costco,"OMG thanks so much Tiffany! I&#39;m teary eyed lol!! I&#39;m right there with you with the mom guilt!! It can be so overwhelming, not enough time, etc!!",0,,youtube
costco,Prayers for Chris 🙏🏻,1,,youtube
costco,"You are a great mom and partner, a role model for us",1,,youtube
costco,I appreciate you so much. You have no idea how much your words help other moms. I am a new mom to an almost 2 year old and the mom guilt is soooo challenging!,1,,youtube
costco,"Love the goals of not over buying and staying calm! I need to do the same! Mom of 4 as well! <a href=""https://www.youtube.com/watch?v=GGHcvQX9Q9s&amp;t=742"">12:22</a>",0,,youtube
costco,"I am a 61 year old lady. I work full-time. I leave home 6.30 every morning and get home after 5. Saturdays are my day to do all the cleaning and washing. It is definitely overwhelming. And then I have a 17 year old son . He has ADHD and I feel I must always remember and think for him. I have a hige calandar in my office. All his assignments and tests and exsms are written on  the calandar. If I dont remember his activities, he will forget. I love my son and will do anything for him. But I understand what you are saying. Sometimes, it is  hard.",1,,youtube
costco,i’ve been trying to stay in alignment and this showed up 👀,0,,youtube
costco,One of my favorite YouTubers ❤,12,,youtube
costco,I get my seafood (particularly salmon) from Wild Alaskan Seafood Company. They have a subscription box but you can change it up however you want each month or delay/cancel whenever. It’s shipped frozen from Alaska. I feel like you can’t beat the quality and price.,2,,youtube
costco,this energy was exactly what i needed today 🧿,0,,youtube
costco,I enjoy your talking through life..  ❤🩷🤍,0,,youtube
costco,"Thanks for the talk. I really do appreciate it. A lot of times I will put on one of your videos and exercise, clean the house or put away laundry.",1,,youtube
costco,Greetings from México ❤,0,,youtube
costco,"<a href=""https://www.youtube.com/watch?v=GGHcvQX9Q9s&amp;t=990"">16:30</a> this part made me tear up! ❤❤ so we can all live our best motherhood together 😢❤❤❤ thank you!!",0,,youtube
costco,Loved today’s video you are such a great mom❤️,0,,youtube
costco,Thank you for being real! I am also gluten free and try to be dairy free. So your grocery hauls are super helpful! ❤️,0,,youtube
costco,"Thanks for sharing your realness, you don’t know how helpful it is just to hear we all are going through it. ❤",0,,youtube
costco,"Never heard of Apeel,I had to look it up. Thank for bringing it to my attention.",0,,youtube
costco,I am  glad  u spoke up about   mom- guilt   i think we  all want to be  everything  to everyone  but  we can not we always  start with ourselves,0,,youtube
costco,"My old Costcos in the Kansas City area had very large tubs of 2% Fage Greek yogurt and it was the best. We used it for everything: yogurt bowls, smoothies, sour cream substitute, sauces and baking. We just moved to a different state and they don’t carry it at our new Costcos! I will spend literally double the money buying it at a different store.",0,,youtube
costco,Família linda 💖💖💖💖💖💖,0,,youtube
costco,"Did tiff just call me out that I have crusty things in my fridge 😂 I also love that avocado mash, I use it for toast or dip my tortilla chips in it as a snack!!",0,,youtube
costco,Hi Tiffani ❤,0,,youtube
costco,"Absolutely love your content – it’s inspiring, beautifully crafted, and full of positive energy! Channels like yours are a great motivation for creators like me who are just starting out. I hope I can share similarly meaningful content one day. Keep up the amazing work!❤❤",0,,youtube
costco,"I needed to watch this. This past school year was stressful for me as well. You’re right about slowing down, learning to say no, and tending to what matters most.",0,,youtube
costco,Grocery shopping is draining! Thank goodness for Grocery pickup lol,0,,youtube
costco,We love Butcherbox subscription for meat! They also have the absolute best chicken nuggets,0,,youtube
costco,"Crackers, pretzels, goldfish.. things like that are the number one cause of cavities. Rinsing after those things will significantly help.",0,,youtube
costco,"Love, love.enjoyed the video.",0,,youtube
costco,We just got ours up graded love going in early. Not as many people and I feel more relaxed.,0,,youtube
costco,Those heavenly hunks brownies are good &amp; so are the other varieties they sell. Tjmaxx sells them too!,0,,youtube
costco,Heavenly Hunks are delicious and Thrive Market also has them.,0,,youtube
costco,It seems we have the same go-to items!,0,,youtube
costco,You are An Amazing Mother ❤🎉🎉🎉🎉,1,,youtube
costco,"❤ love watching your channel,  keep up the amazing work.",0,,youtube
costco,Very nice vlog,0,,youtube
costco,My Love. You are doing your absolute very best. If only I could give you a warm Mom hug✨ @Beauty&amp;TheBeastons✨,0,,youtube
costco,"By the way Moms, wives, never get to retired. My husband just had a knee replacement. I chips bones in my elbow, a torn meniscus. I don’t handle over whelming stress and I feel like is never ends. Even at 67. Just something to look forward to. Sorry.",0,,youtube
costco,Learn to say no without explaining yourself<br>Idk if it’s a type A or what - but I’m the same way<br>Hugs mama<br>You’re doing amazing<br>Thank you for always inspiring me❤,0,,youtube
costco,"My first born never had a cavity. So when I took my younger one to the dentist and was told be had  cavities, I just about died!!! The guilt was overwhelming!! He&#39;s 16 now and doing a lot better with his oral hygiene. But I did find that helping him brush helped a lot. And flossing. He&#39;s been cavity free for years now. My older one is 20 🤯",0,,youtube
costco,Bringhurst meats in Berlin does monthly boxes. And their products are great,0,,youtube
costco,"Hi Tiffani!!! Great video as always!  I may be 71 but I m learning new great stuff from you all the time!! My online name has changed,it used to be jeannedoe in honor of my mom and I followed you a long time for getting hints about things to do with kids as my daughter an grands moved to Virginia and I m &quot;a jersey girl&quot;!! so thanks for all that as well !! 🏖",0,,youtube
costco,Hi Tiffani!  You are a wonderful Mom and your family is so lucky!  I hope Chris’ back gets better soon and he has some relief!,4,,youtube
costco,"We&#39;re not super heroes, that&#39;s for sure!!!<br>We need to put priorities!!!!<br>Take it easy Tiffani, that&#39;s what I keep on saying to myself <br><br>Hope Chris feels better soon. I know that he is going through. I had a surgery for disc prolapse long time ago.",0,,youtube
costco,I two surgeries last year on herniated discs. I’m still recovering but I’m getting back to being myself again. Hope your hubby gets some relief soon x,0,,youtube
costco,Awesome channel 😍,0,,youtube
costco,You are a fantastic mom. And look beautiful doing it. Your husband is adorable and the best dad and husband. 💓💗💕💞💖🩵,0,,youtube
costco,Brownie bites are good but I prefer the original heavenly hunks personally!,0,,youtube
costco,We literally went to Costco yesterday just for cases of water<br>Best deal for 40 bottles lol,0,,youtube
costco,Try an osteopath for your husband’s back if you haven’t already. It’s a different type of stretch that helps a lot with pain.,0,,youtube
costco,My husband had 2 herniated disks on his back for years...he tried EVERYTHING you mentioned until finally last year he had enough and got surgery to remove 1 the main one... he is a new man after that! Feels great! Might want to inquire about that option if you haven&#39;t already.,0,,youtube
costco,"I use butcherBox for grass-fed beef, clean pork but i am family of 2. My typical costco is always produce, yogurt, honey, nutzo, almond butter, peanut butter",0,,youtube
costco,Love ur videos! I’ve been watching for yrssss and yes I agree us moms need to say no more n do less.. we be doin too much! lol and as for Chris I also have multiple herniated discs and have suffered for over 10 yrs with on n off pain. He should try epidural steroid injections. They are a bit more painful than cortisone shots but  he will get so much relief 😊mine usually last a year to a year rn a half.,0,,youtube
costco,You could also just request a freezer pack of various meat from your local butcher.,0,,youtube
costco,I have 2 herniated disks as well. I have a chiropractor who does not twist me. She does press my spine. She also suggested that I decompress my spine my self by either hanging from a pull up bar or sitting in a chair and raise myself so that my bottom hovers over the seat of the chair to get a nice stretch. I also find that Doan&#39;s helps when I&#39;m in pain. Make sure that your mattress isn&#39;t too firm or too soft!!!! Praying for a speedy recovery!!!,0,,youtube
costco,Butcher Box is a meat subscription service I’ve heard great things about.,0,,youtube
costco,"Your videos are always amazing❤I was going to ask you on another video what your favorite gluten feee tortilla is, and then I found this. I love siete products so I will try that one. Do you feel like it took you a long time to get your Hashimotos under control? The brain fog and yuckiness are horrible. It makes me feel so sluggish. I’m so thankful I found your channel. I’m going to try different things I’ve seen on your videos.thanks for your awesome content.",0,,youtube
costco,Yes your not thr only one and im glad to know that and im glad you know to so we won&#39;t feel a bit put down. We are strong but yes we also need to pause and take care of ourself. Thank you maybe less will be less stressful.  I will try that too. For migrains also try less carbs besides color and sugar . I know its super difficult not too. I have those I changed the diet worked much better . With siblings its so difficult . Cravings kick in lol. ❤ love from v,0,,youtube
costco,"I knew a girl who suffered from migraines.  It took time, but finally she discovered it was cheese that was causing hers.  😊❤❤❤",1,,youtube
costco,Drink powerade for migraines and take magnesuim,1,,youtube
costco,FYI<br>If you lay down cling wrap (not saran wrap) on your refrigerator shelves then when it comes to cleaning you just gather the wrap with the mess and your done..,0,,youtube
costco,Tiffany! I really liked that open back blue top you had on when you prepared the enchiladas. Is it on your Amazon page?,0,,youtube
costco,Love your meal preps! 🥗🍅🥑🥙🫒,2,,youtube
costco,Thank you for calling out APEEL..<br>That’s a big no for me too!,0,,youtube
costco,My favorite kind of video 😊,1,,youtube
costco,You are a mind reader 🪽Can&#39;t wait to watch!! ❤,2,,youtube
costco,"Not sure if you have heard of tounge and lip ties, my kids had them and we had them lazered and they recommended i have my tougne tie lazered, one of the improvements since is next to no migranes. Might be something to look into ❤😊",0,,youtube
costco,"Mi marido también tiene hernias, y a él le ayuda el deporte con máquinas de pesas (sin forzar) y la natación, es lo mejor, y lleva muchos años con ellas",0,,youtube
costco,One of my favorite YouTuber is Tiffani Beaston. Love your meal prep. ❤💕,0,,youtube
costco,Hey 🎉 I wanted to ask you if ever tried the patches? They help me fee less overwhelmed and stimulated as a mom. They have one for your husband too if his back keeps plaguing him. I can send you the details when you are ready.,0,,youtube
costco,"Divni dragi ljudi, super roditelji, organizirani, sposobni, sve pod kontrolom, pazite na sebe draga, djeca su mala a vi ste divna majka, žena, kraljica❤🎉😊",0,,youtube
costco,How often do you have to shop? We&#39;re also a family of 6 (i have 2 teens and 2 six year olds) and i feel like that comment of feeding you for a couple days was so accurate 😂,0,,youtube
costco,"<a href=""https://www.youtube.com/watch?v=GGHcvQX9Q9s&amp;t=60"">01:00</a> You are the sweetest 😂",1,,youtube
costco,"Going to lbi Saturday. Hope it&#39;s not so hot. But reports say less humid, we&#39;ll see.<br> ⚘️",0,,youtube
costco,I wish my area had a Costco . We only have Sam&#39;s club and there is not as many organic/clean options,2,,youtube
costco,I believe there is an “organic” version of Apeel that is approved for use on organic produce.  😢😢😢,0,,youtube
costco,How’s your mom doing? ❤❤,0,,youtube
costco,🧿😍🐶🐶🐶👏👏,0,,youtube
costco,"I have used Butcher Box for the majority of our meat for years. And when i run out and am in between boxes, I will get Costco meat.",0,,youtube
costco,🙌🏼🙌🏼🤩💕,2,,youtube
costco,The heavenly hunk brownies are very good! Not a fan of their other flavors. It’s great with an afternoon coffee or before a workout..,0,,youtube
costco,Hi. Try Boka toothpaste this has helped with no more cavities. Might also want to get a filter on your water to get rid of Fluoride if you have town water. There are also lots of home remedies to heal cavities. My husband also has back issues with disc pushing on nerve might try pain management (he’s on gabapentin you want them to start on low dose 100mg so many times day),0,,youtube
costco,Bonsoir tiff ❤merci,1,,youtube
costco,I really enjoy your videos! They are so helpful for us petite ladies. Just out of curiosity: What do you do with ALL those pieces of clothing you purchase? Donate? Gift? Resell?  If you ever decide to do a closet decluttering episode I’d love to see a video about the challenges of such a project.  Thank you again for your informative clothing hauls!,0,,youtube
costco,"Butter yellow is about to be taken over by light pink. 😀 Quince just released a light pink suede loafer, pink suede Birkenstock dupe clog and pink woven ballet looking shoe.",0,,youtube
costco,"Welcome back Tisha!  Can&#39;t wait to hear about your trip.  Wow, lot of great finds from Costco - let me know when you go next and I&#39;ll meet you there (then we can go to Ross too 😆)  The pink shorts are really cute and now I want to get one too!  The skorts are great too.  All good basics and in your size.  Maybe Costco is ordering more sz Small to keep up with the demographics.  Catch up with you soon!",0,,youtube
costco,"Welcome back from your trip. It sounds wonderful. I liked all your Costco choices, they look great on you. Agree about sizing up on the Kirkland tshirrs!",2,,youtube
costco,You look wonderful in all the items. I love it when you can find petite friendly clothes at Costco&#39;s. Great prices for quality brands. Thanks for sharing.,0,,youtube
costco,I loved all your picks ❤! You have inspired me to take a trip to Costco for a summer clothes shopping trip! 😊,0,,youtube
costco,I was just in Costco today looking at those BlankNYC linen shirts but knew it would be way too big because I like to wear them tucked in.  Please do a comparison with Quince😢 and Uniqlo as I am considering purchasing from those stores and would love a comparison.  Glad you enjoyed your trip!,0,,youtube
costco,"Hi Tisha, great haul from Costco! if I don&#39;t have any self control, I would run out and buy most of them.  But I will buy a few, lol.  Pima cotton is a very good fabric for tshirt.  Costco tshirts are nice but they almost always a bit too long.  ( Hello Costco, please look into it because tshirts from other brands fit me better).  Thank you for sharing💐🪻🌹",0,,youtube
costco,"I love the sanctuary short sleeve tops. I may have to go to Waipio Costco today, I’m also on the hunt for their blueberry sourdough bread so that’s two motivation to head down there. I love how you share your fur babies updates. 😊Great haul as always.",0,,youtube
costco,"the sanctuary chambray shirt is an awesome deal! your comments about unnecessary embellishments are so relatable, some of the engineers in my family would say the exact same. 😊",0,,youtube
costco,I have a Quince linen shirt that I love but would love to see your comparison with other brands.,0,,youtube
costco,Great picks! I loved the green shorts with the chanbray shirt. I also liked the short sleeved white shirt with your other outfits!,0,,youtube
costco,Amazing video ❤❤❤❤,0,,youtube
costco,"So many great finds!<br>I buy those Kirkland pima cotton t-shirts every year.  I normally wear a small or extra small, but I buy those in a medium because I think they&#39;re a bit fitted.<br>I&#39;m also finding that my Costco is not selling out the clothes like previously.  I also don&#39;t see the drastic price reductions anymore.  There used to be a table in the middle of the clothing department with items marked down to $3, $4 and $5.  I liked picking up things from that table for clothing drive donations.<br>I hope you and your family had a great time on your trip.  I&#39;m sure those sweet pets of yours missed you!",0,,youtube
costco,good haul,0,,youtube
costco,I will look on line Costco,0,,youtube
costco,Which Costco ?<br>Hawaii?,1,,youtube
costco,Do you have the link for the Uniqulo cropped T-shirt?,0,,youtube
costco,Nothing nice in NJ Costco,0,,youtube
costco,"10 years ago I was a 16 year old kid, skateboarding and punk rock were the only thing on my mind. Now I’m 26, wife and kid, excitedly clicking on a Costco shopping guide video😂",60,,youtube
costco,"I have a little chuckle every time I hear &quot;it&#39;s a little more expensive.&#39;&quot; For example, the salt at the end of the video...from $3.49 sea salt to $19.99 Celtic salt...can we all agree that is quite more expensive, rather than a little? Now I don&#39;t use iodized salts and haven&#39;t in many years,  but $20 for salt??? I don&#39;t think so. To each his own I suppose.",140,,youtube
costco,Bobby is the &quot;Mr. Rogers&quot; of healthy eats. 👊,33,,youtube
costco,"This is the first time I&#39;m watching Bobby Parrish. Very informative, but you know you&#39;ve got the rest of the cart to put your groceries in... lol.",41,,youtube
costco,I take those coconut rolls and melt down Lilly’s choc and fill those rolls halfway . Nice crunchy choc treat !,44,,youtube
costco,You forgot about sweet potato chips cooked in avocado oil.,43,,youtube
costco,Love this episode!  Made me nervous when you piled all that heavy stuff on top of the chips though.  😲 lol,76,,youtube
costco,Grass fed can still be factory farmed. They truck in grass to CAFOs. Pasture raised or pasture based is what you want for better welfare but to avoid grains you need  a 100% grass finished label too as some pasture raised cows end up in feed lots. I doubt Costco is ever sourcing from non factory farms.,11,,youtube
costco,This is more my interest now. Food and health and how we can eat better things to manage or prevent illness.,31,,youtube
costco,"If everyone bought wild and stopped buying farmed seafood, the prices of wild would drop as more operations would exist in scale to lower that cost. <br><br>It&#39;s disgusting what they do with farmed seafood - especially when it comes from southeast Asia.",16,,youtube
costco,Thats great I believe in eating healthy too but what about people who are on a budget that live paycheck to paycheck why does being healthy have to cost so much show us your receipt of how much everything coat you on your Costco haul can you please do a video on eating healthy for people on a budget that live paycheck to paycheck please,287,,youtube
costco,"USDA changed its &quot;grass-fed&quot; definition by withdrawing its official standard in 2016, removing a clear benchmark that required 99% of an animal&#39;s lifetime diet (after weaning) to be grass and forage. The lack of a single federal standard means that what constitutes &quot;grass-fed&quot; can vary significantly from one farm to another. While some producers still follow the original strict guidelines (100% forage diet, continuous pasture access), others may use the label for animals that were only fed grass for part of their lives or kept in confinement and fed hay.",54,,youtube
costco,Only get Alaskan salmon... fish farming is illegal in Alaska...,119,,youtube
costco,the sauerkraut is amazing...and delicious....the real thing.,25,,youtube
costco,Unfortunately a lot of good brands are being sold out to corporations so always check your ingredients.  I approve Bobby for President 😊,7,,youtube
costco,Thnx Bobby! Happy 2026! 🎉🫶🏼✌🏼,15,,youtube
costco,Cooking at home is always good for you.,25,,youtube
costco,"I&#39;ve just got to take a minute to thank you for your videos and app.  I learn so much from you and you have changed my life for the better.  Learning from you is fun!  I&#39;m 64 and wish you had been around earlier in my life, but better late than never, as they say.  I preach the Bible of Bobby to my friends and &quot;bobby approved&quot; is a term we use regularly and often in our conversations.  You are so good at what you do and I want you to know how much I appreciate YOU!!!  Oh, and the shopping list is brilliant and so helpful too!",8,,youtube
costco,"I don&#39;t eat potato chips often so when I saw the avocado oil potato chips at Costco last week, I said to myself Bobby would approve this...they were good but only as a treat once in a while..I encourage everyone to get the Bobby app",10,,youtube
costco,"All those great foods that Bobby approved are expensive, but consider it an investment in your health.",13,,youtube
costco,Always appreciate someone who does things for the betterment of society. Thank you Bobby!,6,,youtube
costco,I’m proud of myself for finding you on YouTube and realizing I’ve found and purchased a lot of these healthier versions already!,2,,youtube
costco,Wow! Inflation is sky rocking high. The same frozen grass feed burgers were $24.99 now they are $31.99???? This is insane. 😤😡🤬,43,,youtube
costco,"I have nothing bad to say about Bobby! Only great things! I trust him, he is literally showing you the ingredients and explaining to you the best, acceptable items! Thank you Bobby!",0,,youtube
costco,The best yogurt at the La Quinta Costco is the A2 whole fat by Bellwether Farms!,14,,youtube
costco,Makes me so happy to see that about 2/3 of this list is already a part of my &quot;Costco staples&quot; lifestyle! ❤❤,2,,youtube
costco,An alternative to Kirkland Greek Yogurt (which is no slouch) is Trimona organic grass fed A2A2 (whole milk) probiotic Bulgarian plain yogurt. It is delicious and a bit easier to digest.,9,,youtube
costco,Thanks for video Bobby. Great finds in every category. HAPPY NEW YEAR!,7,,youtube
costco,I wish my costco had: whole milk greek yogurt (organic); pasture raised organic eggs; sauerkraut. I eat all these daily,13,,youtube
costco,We’re thankful our family eating everything Bobby suggested in this video. Love Costco! Best place to shop organic foods.,1,,youtube
costco,❤thanks for what you do to make us healthier👍<br>Have a Blessed 2026!,14,,youtube
costco,I don&#39;t believe I&#39;ve ever seen you fill a cart so full.  Thanks for so many choices!!!,1,,youtube
costco,Happy new year everyone ❤❤❤,41,,youtube
costco,"Those pumpkin seeds are from China, I confirmed with the company about 1 year ago. Amazon sells ones from Oregon yes they do cost more.",130,,youtube
costco,"The “Boulder” potato chips are high in sea salt, you end up very thirsty when you eat them &amp; excess salt makes you crave more chips!!!",6,,youtube
costco,I remember the old FlavCity days...before Bobby blew up. This channel just isnt the same anymore,4,,youtube
costco,Thank you Bobby. Much appreciation. And now we have to be aware of high levels of lead and cadmium found in many products.,5,,youtube
costco,"Although Bobby might miss a few things according to some comments,  he hits more right than he does wrong.  Before critiquing consider how much time it would take you to do this much research. I&#39;m glad somebody is doing it. Whether he is an investor or not...is the product good for you or not? Thanks Bobby",2,,youtube
costco,Kirkland Grass-fed butter was just raised to $15 here in Hawai‘i 😭 my favorite for years. Originally $9.99 then $12 and now almost as much as Kerrygold.,3,,youtube
costco,I love the coconut rolls and just bought a bunch and the unreal bars,21,,youtube
costco,Happy New Year to all Bobby fans 🎉,5,,youtube
costco,"I live 45 minutes from Costco, I stock up every 6 weeks, 2 weeks ago diagnosed with type 2, now I’m donating to food bank. Hope they carry these items at my local Costco.",1,,youtube
costco,Wow this was an awesome review! Love that you hit all those areas! Makes shopping at Costco bearable for me.,3,,youtube
costco,You are an amazing source for all of us that don’t know healthy items. Thank you for your hard work and your app,0,,youtube
costco,"Bobby, consider coming to Texas and doing a video in HEB one of or THE top grocery chain in the country. San Antonio would love to have ya!",23,,youtube
costco,"Love my Costco❤️ Remember to get your Kimchee and add it to your sauerkraut-yeah bonus &amp; the big g refrigerated quartered pickles, bag of red onions, qqqr, skinny pop popcorn, bananas, frozen wild blueberries, Delhi big shrimp cocktail, beyond burgers, green matcha tea bags, dried beef or chicken bone broth,",1,,youtube
costco,My Costco got new potato chips that are cooked in beef tallow. So tasty 😋,48,,youtube
costco,"My only experience with lamb was the disgusting stew my college residence served many years ago. Then when we were on vacation in England last summer, they served lamb for dinner and I was apprehensive. It was delicious. I asked the chef how he prepared it, and now I&#39;m looking for lamb in the stores. It&#39;s very hard to find here, but we&#39;ll get it when we find it and have a treat.",0,,youtube
costco,Excellent!! Thank you Bobby!!!,5,,youtube
costco,"Bobby Parrish, you are amazing! I’ve learned so much from you of what is good to buy and what not to buy!! I’ve used Seed pro-biotech for years now, and I just got a package of the protein drink powder! I tell everyone about you! Thank you for all the great info you provide for all of us who follow you!",0,,youtube
costco,"Bobby those EPIC Wagyu beef sticks behind you are best in class 100% clean &amp; From Austin Tx <a href=""UCkszU2WH9gy1mb0dV-11UJg/ssIfY7OFG5OykQOpn4CQCw""></a>Best in Costco you can buy IMO",12,,youtube
costco,"Thanks again for being our Costco sleuth, Bobby.  After seeing what you had to say about the Costco frozen shrimp, I checked the bag I recently bought there and to my dismay I had bought the “farm raised”.  Darn!   Well, I’ll use them up and be more diligent about reading labels  in the future.  Thank you and happy new year.",0,,youtube
costco,Great video as usual.  I hope you&#39;re putting those products back in the right place. Zoning and facing those areas take employees a lot of time. 🙏,9,,youtube
costco,Kirkland butter in the Kansas City area is $13.99 ! It just jumped $2 in past couple weeks.,10,,youtube
costco,Thanks Bobby for all you do to help one improve their health! ❤❤,0,,youtube
costco,It is so different from what we can get from Costco Canada.,10,,youtube
costco,Yeast extract is Marmite. It&#39;s perfectly healthy and eco friendly as made from the byproducts of beer brewing,0,,youtube
costco,Another great videos Bobby. The kerrigold dubliner cheese makes an awesome Mac and cheese dinner. My daughter Khloe loves it. A dad staple💪,4,,youtube
costco,"Happy new year, Bobby and thank you for all you do❤🎉",1,,youtube
costco,Great video. Thank you to open my eyes to the great HEALTH products that Costco have to offer.<br>My family and I we are highly appreciate.,0,,youtube
costco,"Thanks! An important item that you didn&#39;t mention is their organic frozen fruit for smoothies, an excellent price!",14,,youtube
costco,"Love, love, love the sprouted pumpkin seeds!<br>10/10 recommendation!",2,,youtube
costco,Kirkland Peanut butter changed. It’s not the same as shown in this video. I wish they’d go back to the one you’re showing. Loved it!!,6,,youtube
costco,"Great list. For those who DO eat some sugar, the organic dried pineapple at Costco is super good.",0,,youtube
costco,"This channel helps me  a lot, thanks Bob",22,,youtube
costco,Yay so many of these items you show are the items I buy on repeat!!,1,,youtube
costco,"<a href=""https://www.youtube.com/watch?v=atHYIo3mssQ&amp;t=251"">4:11</a> you know those coconut sticks gonna be crushed when you open that bag.😂😂😂😂",39,,youtube
costco,"Thank You Bobby, I appreciate all the info!! Hope you had a Wonderful Holiday!! I will get the bread next visit but I  usually get the Organic in Aldi which is really good 😊",1,,youtube
costco,Anybody else remember the times before Bobby went on his anti cane sugar rants?   Back then cane sugar was good instead of high fructose corn syrup. What sweetener is going to be next on not good for you?,7,,youtube
costco,"Very nice data. Thank you. You should check the salt again, because iodine is a very important mineral, and nowadays most salt doesn’t supply enough iodine",0,,youtube
costco,The prices in Costco continue to rise. You spend $300 in the blink of an eye.,46,,youtube
costco,"Bobby! Happy New Year!  and many blessings to you and your family!  I am sure you have heard this before, but it it astonishing the differences between your Costco in Florida and for us in San Francisco...we are blessed to have Boudin Bakery in SF long before it ever made it to Costco, but there are many differences too...will be looking for some of your suggestions to come to our stores soon!",1,,youtube
costco,I wish my Costco had all of these 😢,14,,youtube
costco,That cart stacking is impeccable,0,,youtube
costco,Of course Campbells would screw up Rao’s. Cheap it up and charge more!,33,,youtube
costco,Thank you for your informative videos,4,,youtube
costco,Sadly no Costco&#39;s close enough to us. We do however have BJ&#39;s Wholesale  not too far. Hope to see Bobby approved items from them. Happy New year  and thank you for showing us all  options to face 2026 healthier!,1,,youtube
costco,"Bobby, just last weekend I was at Costco and they were sampling the Archer mini beef sticks and of course there was a large group of people around. <br><br>I pulled out my Bobby Approved app and scanned it and announced, &quot;It&#39;s Bobby approved&quot;. Everyone in the group knew exactly what that meant. They all started repeating to their friends and family &quot;It&#39;s Bobby approved!&quot; and most people grabbed a bag! Lol",11,,youtube
costco,"Omg. I eat the oats every morning. Delicious. I cook with pinch of salt, milk, agave, vanilla and cinnamon.",0,,youtube
costco,"Well didn’t plan to go to Costco today but since found this video,might as well to check it out<br>Healthy 2026",5,,youtube
costco,Thank you for doing this video I will be going to Costco tomorrow and see if I can find these goodies. Thank you also for giving me the tip on your app for searching by stores. Happy new year!,0,,youtube
costco,It&#39;s frustrating to look for the great items only not to find them at our Costco.  But you do a great job on your app. Thank you.,19,,youtube
costco,Thank you Bobby!!!! I bought the Boulder chips thin version and it is so good! I also found your protein smoothie at Target and bought the coffee butter flavor!! I am so excited to try it.,0,,youtube
costco,Thank you. Happy New year 🎉,10,,youtube
costco,this was so fun to watch! so excited to grocery shop now :33333 THANK YOU BOBBY,0,,youtube
costco,Just tried those Kirkland meat sticks for the first time and I think they taste way better than chomps.,4,,youtube
costco,This sausage and Polish sausage aren’t even distant cousins. The Greenridge one next to it is the closest match we’ve found anywhere in American stores.,0,,youtube
costco,Good morning from Cali. HAPPY NEW YEARS 🎉,20,,youtube
costco,Recently joined Costco. Thanks for the level up cheat code. Extra points....the app. WOW!,1,,youtube
costco,The beef is not grass finished which makes a difference,3,,youtube
costco,What an awesome video.  Thank you!  You just got a new subscriber.  Can&#39;t wait to go shopping for a lot of these items next week!,1,,youtube
costco,"Downloading this app now. Thanks, just found your channel.",3,,youtube
costco,The coconut bar is legit!!! yummy!!,1,,youtube
costco,"Finally, Kirklands Peanut Butter is back in stock at our Costco!",6,,youtube
costco,Thanks Bobby all these items have been. added<br>to my permanent Costco shopping list.🌿,0,,youtube
costco,Thank you for including the list and the videos description it saves a lot of time.,2,,youtube
costco,You already showed these products a couple weeks ago. I was hoping for new products to see.,6,,youtube
costco,Bobby you’re the best thank you for educating us on healthy foods. God bless bro.,0,,youtube
costco,Costco is not as good as it used to be and Sams is getting better,4,,youtube
costco,Happy new year to you and your  pretty little girl and wife. Thankyou for teaching me to be healthy. 🎉🎉🎉🎉🎉🎉🎉🎉🎉🎉🎉,0,,youtube
costco,"If you enjoyed this video, please give it a THUMBS UP as it really helps my channel 👍🏼What do you think of the new bagel packaging? Better or worse?",541,,youtube
costco,"When I was growing up, a neighbor bought a bug zapper for his yard.  The zapper worked great, and fried a pile of bugs.  Unfortunately, he found out that skunks really like fried bugs.😂<br>True story.",459,,youtube
costco,My favorite part of these videos is hearing your barely contained chuckles at your own wit,159,,youtube
costco,We sit down as a family and watch The Deal Guy 😂,53,,youtube
costco,Never forgave Costco for getting rid of the combo pizza from the food court. It hurts to this day.,125,,youtube
costco,Almost to 3M Matt!!!  Thanks for all you do!!!🥰,145,,youtube
costco,I love the sarcasm (dry humor) and honesty in this video.  Thanks for being &quot;normal&quot; but awesome ✊🏾✊🏾👏🏾,26,,youtube
costco,Skirt steaks were the cheapest cut around!! Over 13$$ a Lb is outrageous,61,,youtube
costco,The avocado comment...😂🤣,44,,youtube
costco,"Time really does fly. I still remember subscribing when you had fewer than 200K followers. It’s amazing to see how far you’ve come, Matt. Wishing you continued success! By the way, when would you say is the best time to buy a TV?",65,,youtube
costco,Bagels have decreased in price from 66 cents each to 62.5 cents each!!! Truly a Christmas miracle’,33,,youtube
costco,On the those totes/bin I use those holes for zip ties to keep the lid secure instead of a padlock.  Great if you have them in back of a pickup.,25,,youtube
costco,"3M is so close and well-deserved, Matt! 🤞🍀",30,,youtube
costco,Love your videos and I’m so excited for you to reach your goal! You will get there soon! 👏🏼👏🏼👏🏼,29,,youtube
costco,Always appreciate your videos. My wife and I always make it a point to watch them together. Of course to spend unnecessary money 😂,29,,youtube
costco,"Problem with Costco camping chairs is that I keep buying the new ones all the time!  On my last trip, I actually gave away two of them to other campers because I don&#39;t use them anymore.",10,,youtube
costco,I’ve purchased two of the Mohawk kitchen mats. I ended up tossing both of them after a couple months. The edges curled up and created a tripping hazard.  Could also be that I’m not as graceful as I once was!  Keep up the great videos,20,,youtube
costco,My favorite Deal Guy🎉,24,,youtube
costco,"YAY COSTCO VIDEO 🎊<br><br>My partner and I have the cooling throw and cooling comforter - I RECOMMEND HIGHLY, they are so nice, especially when it&#39;s warm out. Even after being washed a bunch, they still have the &quot;cooling effect&quot; to the touch. :) Very nice for when you&#39;re a toasty guy like me.",38,,youtube
costco,iRobot (makers of Roomba) filed for bankruptcy and is being taken over by a Chinese supplier and likely won&#39;t last long and definitely won&#39;t be updating their software etc so I would not recommend a Roomba over a Roborock even though it&#39;s likely cheaper.,22,,youtube
costco,Love the smiles your videos give me. Wish I’d seen this before my Costco trip yesterday. No. Not really. I would’ve spent way too much.😂,13,,youtube
costco,The French onion “soup” ravioli are amazing! 🎉,12,,youtube
costco,"First two thumbs up are from me. Keep it up, Mr. Deal Guy!!!",17,,youtube
costco,What do we mean that we can refresh balloons with a hair dryer?  Can you just drop such important information without explanation? 😳😯,3,,youtube
costco,Keep up the great work and I love the writing for all the products and the honesty about it! Definitely some of the best videos even if you just came from Costco or never go to one.,11,,youtube
costco,I just love. Watching your videos! You’re like a friend checking in!!! I love you! ❤️,11,,youtube
costco,Refresh balloons with a hair dryer?,24,,youtube
costco,Deal guy! Thank you as always - we love you too!,10,,youtube
costco,"I love these videos. They are informative, honest and hilarious",4,,youtube
costco,"For the curious, Birk-a likes are typically close in comfort. They don’t offer the durability, and some cobblers won’t re-sole them.",8,,youtube
costco,Every video you entice me to buy something new. This time it&#39;s the sorbet... can&#39;t wait to try it!,5,,youtube
costco,"Sadly, my dessert dreams are usually realized at the food court with a chocolate/vanilla strawberry sundae...hence the gym!!",4,,youtube
costco,It would be nice if you opened one package of each clothing you showed.,1,,youtube
costco,Oh I really need to check out that hummingbird camera feeder!,7,,youtube
costco,"I still watch you and this vid and have not been a member in a year, you may get me to buy back in one day!  Congrats on almost 3M!  Actually as I was typing this I missed the nutella segment went back to watch, and dang I may just sign back up and get those tomorrow! LOL",11,,youtube
costco,Those comforters are amazing! Favorite we&#39;ve ever had,4,,youtube
costco,sometimes I just listen the you because of your enthusiasm and your fun little side comments! my wife and I are long time costco members.. and you videos and channel have brought new life to our shopping! thanks!,0,,youtube
costco,"Thinking that slip n slide for the grand kids, the summer water toys are nice this year",5,,youtube
costco,i look forward to your deals!  at least one item a week i get ideas  . for my house or holidays!,7,,youtube
costco,The bar cake is AMAZING,3,,youtube
costco,"Pillows to remind everyone, that avocado is a fruit!",1,,youtube
costco,The pastries and ice cream look so good but I wish Costco had sugar free items for those of us that are not supposed to have sugar in our diets.,7,,youtube
costco,Those storage bins from Greenmaid for $13 used to be $8.,4,,youtube
costco,👍👏 I always enjoy your videos and your dad humor.,3,,youtube
costco,"Splendid video as usual, keep em coming!",4,,youtube
costco,Other people listen to music when doing cardio at treadmill. Me?? I listen to your video. Hahha when its done that means Im done with the treadmill lol,2,,youtube
costco,"We got those Helados Mexico ice cream bars the other day to try and they are DELICIOUS! Glad to see them here in the bonus section. And, happy to see Costco finally got the Nutella cookies!",3,,youtube
costco,🎉SURPRISE!! Happy Friday. I wasn’t expecting to see you🥰,5,,youtube
costco,That pork belly in an air fryer is insane!!❤,24,,youtube
costco,Congratulations Matt you certainly will reach that goal!,3,,youtube
costco,"<a href=""https://www.youtube.com/watch?v=Xl2gjnm26tI&amp;t=281"">4:41</a> That looks like a drinking chair. It has a seat belt to keep from falling out when you get too drunk.",7,,youtube
costco,The cooling comforter in 6 is legitimately one of the most comfortable things I’ve ever put on my bed! Thank you!,0,,youtube
costco,I&#39;ve been waiting for this all week,4,,youtube
costco,Thank you for all your work for ❤,3,,youtube
costco,The cooling comforter is great I put it on my new bed love it now everyone in the family wants one for summer,2,,youtube
costco,I’ve been listening to you for a long time and I’m glad to see your follower numbers grow,1,,youtube
costco,Thank you Mr. Deals Guy &lt;3,3,,youtube
costco,FYI I make a Costco list based on your vids. Last time I bought wind chimes. This time it will be the storage bins and citronella candles. ❤ your content and thank you!,2,,youtube
costco,"As someone who has Several Robovacs, I recommend Shark over Roomba. Shark is less “temperamental” but I will clarify, I do Not use the mop feature on any robovac",1,,youtube
costco,This was &quot; splendid &quot; 😂,4,,youtube
costco,We have a few Fanttik products and what they all have in common is unsatisfactory user issues. The cardboard cutter doesn’t accommodated smaller (by that I mean average woman) hands and has to be angled just right to work. The great little drill wand uses an unusual size of bits and they don’t offer replacement bits ; to offer a couple of examples. If you buy the power hose attachment be sure to use it right away so you can return it if it has some kind of weird issue that won’t allow continued use.,1,,youtube
costco,I just bought that Samsonite set (at full price) before a trip to Japan. It held up beautifully &amp; the expansion seam on the large suitcase was very handy!,0,,youtube
costco,"I&#39;m broke <a href=""UCkszU2WH9gy1mb0dV-11UJg/b8IfY7zOK9iVkNAP_I2A-AY""></a>",20,,youtube
costco,I really appreciate you showing the nutritional value on all the food products now!!!,0,,youtube
costco,&quot;Long lasting Helium&quot;...Helium is an element...it lasts forever. Any failure rests with the vessel that pretends to contain it.,14,,youtube
costco,"Really enjoy all of your videos ❤. Great work, thanks ❤.",2,,youtube
costco,My teen is LOVING the Mondetta shorts.  He likes the large pockets that his stuff doesn&#39;t fall out.,0,,youtube
costco,Looking forward to your exceeding 3 million subscribers. Best wishes 🎉🎉🎉🎉🎉🎉🎉🎉🎉,3,,youtube
costco,Have a Blessed Evening,2,,youtube
costco,As always ...great!,4,,youtube
costco,Holy smokes - 2.84 M (as in MILLION) subscribers! That&#39;s impressive &amp; well-deserved!!🎉,1,,youtube
costco,100% agree on the Robovac. The mopping feature is too small,0,,youtube
costco,❤ watching  your videos  Matt,3,,youtube
costco,"I wish we lived in the timeline where the Costco deal guy didn&#39;t have to resort to over-accentuated head bobbles and gestures for... an outdoor sconce. Yes, you, anyone with money, should but an outdoor sconce no matter what!",0,,youtube
costco,"Awesome! Thank You!<br>Excited about the small pack of bagels.  The two pack we bought last time, went green before we could eat them.",2,,youtube
costco,ONGoodness!  You crack me up!  Your energy is contagious!,1,,youtube
costco,"I purchased that 74&quot; Monterey accent console from Costco&#39;s website last year. For the price it&#39;s well made, very heavy and high quality. The inlay details on the door panels are beautiful, and has soft close doors. Comes fully assembled, just add the legs.",0,,youtube
costco,"Those Greg Norman polos are very nice. We replaced our 25 year old freezer with the 17 CF HiSense and it is wonderful. If you have an old freezer, replace it with that $189 one.  ✅",1,,youtube
costco,Great products thx for the Great update &amp; Good Luck on ur viewers❤,2,,youtube
costco,...&quot;dessert joy!&quot;   Exactly 😅❤,0,,youtube
costco,The Dynatrap works great! I’ve had one for 3yrs &amp; we live in Florida on a canal! I highly recommend it!!,1,,youtube
costco,"<a href=""https://www.youtube.com/watch?v=Xl2gjnm26tI&amp;t=227"">3:47</a> I would avoid those Nutella ice cream cones. I don&#39;t want a treat with exploding cones!",2,,youtube
costco,I purchased that insect trap and that rocker last week. I really like the rocker.,0,,youtube
costco,Have a great weekend Matt,1,,youtube
costco,the segue’s are impeccable,0,,youtube
costco,"My kids were raised like me for the most part. They played outside, had chores, had consequences if they didn&#39;t do what they were supposed to and they are very respectful, responsible and caring adults and I&#39;m proud to say I&#39;ve actually had people knock on my door (more than a few times) to tell me how nice it is to see kids with manners.<br><br>My son who&#39;s in his 20&#39;s coworker told me that my son is the nicest, most polite person he&#39;s ever met 😊",1,,youtube
costco,Love your videos?  You are so upbeat and just adorable.  Your wife is a lucky girl.❤️,2,,youtube
costco,I need those Greg Norman polos for my Dad for Father&#39;s Day.  He&#39;s had two that have looked great after years of wear.,1,,youtube
costco,Thanks Matt. Bought a few of these items today.,1,,youtube
costco,Thank you sir!,2,,youtube
costco,"Always a Thumbs up little buddy,  additionally for those that are thinking of purchasing a big box store bike &quot;E&quot; or not the local bike shops are very reluctant to service and parts are elusive.",0,,youtube
costco,"For Mothers Day, I want the Ninja Smoothie, not some silly picture frames!!!",0,,youtube
costco,Costco for President !!!!!!!,3,,youtube
costco,I can’t imagine that flank steak being good. You don’t want to marinate meat in citrus for too long or it denatures the proteins too much and makes it tough. Not more than half an hour or so.,5,,youtube
costco,yes!! I’ve never been more ready to spend my money.,1,,youtube
costco,The French Onion Ravioli is one of the best meals I have EVER had from Costco.,0,,youtube
costco,That balloon to hair dryer segway blows!,0,,youtube
costco,We purchased the robot because the revies are better than Rumba. my wife loves it.,1,,youtube
costco,I purchased the cheeseburger chips last week and they are really good!,0,,youtube
costco,“boyancy shortcomings” 😂,4,,youtube
costco,"🌿Get Your Garden Harvest Tea Towel Here ➡<a href=""https://bit.ly/4vz2yrS"">https://bit.ly/4vz2yrS</a><br><br>Thank you so much for supporting our small business. We appreciate you so very much. ❤<br><br>And for those wondering about the move, we are planning a Q&amp;A next week. Please drop your questions here, and I&#39;ll add them to the list.",11,,youtube
costco,"In my childhood in eastern Europe we had 2 cows, 4 pigs, 20 chickens, 10 bee hives, nut trees, woodland for heating, and we raised about 70 chickens for butchering. We also had an orchard and vegetable garden, fig trees and lemon trees. We only buy beef, sugar, rice, yeast and salt. In spring and summer, we had 40 liters fresh milk EVERY DAY, so we made cream cheese, smoked cheese, and a lots if clothed cream. If you mix those well, you will get the finest butter ever. So we froze those for winter. The amount of money we are spending every day for food is crazy.",17,,youtube
costco,"That ranch is so YOU ❤. What about your wood cook stove 😮 hope you take that with you Chelsea ,, you GLOW everytime you speak of it or use it.",20,,youtube
costco,I know you&#39;re fairly private when it comes to your children but my question for the Q &amp; A is how the younger ones feel about moving? ❤,9,,youtube
costco,"If you move, what happens to Martha?!?",19,,youtube
costco,I can&#39;t imagine not having little mountain ranch.  Will you still have a garden and farm.,14,,youtube
costco,Just love watching you every time witnessing your joy and enthusiasm for life in general. Thank you for sharing! Prayers for you and your family and for finding that perfect new home!,6,,youtube
costco,Finally ! A YouTuber who pronounces pecan correctly. I love you Chelsea ❤️,5,,youtube
costco,So shocked you’re moving !!!,12,,youtube
costco,"Well I&#39;m sad that you are going to sell your place. What will little mountain ranch be without a  little mountain ranch? Are you moving the little cabin you built, or leaving it? What about your animals, bees and high tunnel? I&#39;d hate to leave my garden and fruit trees that I worked so hard on. I know you don&#39;t want to move food, but I&#39;d want to be able to put up my garden produce and move it, than have to buy all that food for winter, because as you&#39;ve seen, the foods prices are just nuts!!! That and with the work you&#39;ll have put into the garden... that&#39;s a lot to not then benefit from.",51,,youtube
costco,DONT QUIT THE CHANNEL !!!!! <br>LOVE IT!!!!<br>from mb !,12,,youtube
costco,For stirring peanut butter I use my electric hand whisk with a single dough hook; it works great and isn&#39;t messy x x,3,,youtube
costco,"My parents have been freezing shredded cheddar for years - my mom says the trick is to let it come to room temperature after you take it out of the freezer.  It gives the oil a chance to soften back up, then put it in the fridge.  She claims it won&#39;t be crumbly if you do the room temp thing first.  I just froze a large batch of shredded cheddar yesterday so I&#39;ll find out myself when it&#39;s time to use it!",2,,youtube
costco,"If you have an immersion blender, it works great for the peanut butter.",3,,youtube
costco,The health Canada warning on packaging is a new requirement.,4,,youtube
costco,"GIRL! For gf pizza, the best are the Kirkland cauliflower crust supreme or the Miltons cauliflower crust vegetable.",4,,youtube
costco,I&#39;m in Montreal and solo. I preserve and hunt for bargains. I simply cannot fathom having your grocery bill and budget. 🤯,0,,youtube
costco,Have you already found another property?  I know you’re going to do a Q and A so I’ll watch for the answer then.  😊,4,,youtube
costco,Love the Tupperware containers. Wish they threw in some of the actual vintage colored ones to really hit that nostalgia feels,2,,youtube
costco,Great haul and i hope the perfect place comes yalls way,3,,youtube
costco,Lee Valley has a nut butter stirring device that works like a hot darn!,2,,youtube
costco,Are you taking the wood cook stove with you when you move?,15,,youtube
costco,Prayers for your future endeavors! Im excited to see what God has in-store for you ❤🙏,1,,youtube
costco,"The Kashi fruit bars fiasco are a perfect example of the power and sometimes &quot;soullessness&quot; of marketing.  Wow!  28 organic fruit bars for only $20 sounds like a steal. Whereas if they put only 14 fruit bars in there that were twice the size, it wouldn&#39;t feel like such a good buy. Those are tiny!",2,,youtube
costco,I am so excited for your new adventure! You can build a new garden on new land. Your community will be with you. A lot of work ahead pace yourself!,1,,youtube
costco,For stirring peanut butter in the jar I use a sturdy chop stick. Works amazingly well. The stick can easily get to bottom and mix whole jar really well without any spillage while stirring. I hope you try it!,7,,youtube
costco,"I keep those lint rollers in the car just in case I picked up ticks, after a hike.  I am so excited for your move!!",1,,youtube
costco,Are you taking all the animals. Are you having a garden,9,,youtube
costco,I love the bath mat,3,,youtube
costco,I’ve been gone for a few months and just heard you’re selling your ranch!! That’s news!!! I can only imagine it’s because you’re on to bigger and better idea for your life. Congratulations! 🍾🥂,1,,youtube
costco,This is perfect timing! I&#39;m making the trip to Costco in 2 weeks (have to go to Moncton since there isn&#39;t one in PEI) so I&#39;m taking some suggestions from this haul!,4,,youtube
costco,"Howdy to all! I was wondering about the case of Olive oil that was in the video and you forgot about and what about your big garden if you&#39;re moving. All your plants and fruit trees, raspberry bushes will you be taking that as well when you move ? I&#39;m just curious. Take care Love and Hugs!",3,,youtube
costco,That bathmat is so pretty.  I would put it out the days you &quot;show&quot; your house when you sell it.  It would still be &quot;new&quot; for your next house if you don&#39;t really use it until then.  But I will miss the old place.,1,,youtube
costco,Are you staying in Canada?<br>I hope you will continue your you tube channel. I would be lost without you!,14,,youtube
costco,"My freezer experience for cheese… frozen in the standard packet, can be a little crumbly or wet after Thor, but vacuum sealed I haven’t had the same issues, it thors out well and wasn’t overly crumbly. Thanks from Australia",1,,youtube
costco,I love your channel and I have almost watched ALL of your videos!  I hope you will continue at your next location.,0,,youtube
costco,Pam here…mind boggling how much food you go through!  Can you refresh my memory how many mouths you are feeding on a regular basis?  How many children and what ages you still have at home and the ‘not at home’ ones…how often are they showing up for ‘mama’s cooking’???  You feed what looks like an army!!,0,,youtube
costco,Do you have area picked out to move to? And have you been looking at properties?  Somewhere in a warmer growing zone? Looking forward to the Q&amp;A video ❤❤,2,,youtube
costco,Please tell me you are taking Martha with you. I will cry if you do. I love seeing her whether you are cooking on her or in the background of your kitchen.,2,,youtube
costco,"I thought Aussie food was expecting,  this food haul is ridiculously expenses",0,,youtube
costco,"I never liked any curtains for the kitchen, so when I saw you use the tea towels for curtains, I found some I really loved and they work out perfect.  Thanks.  Hugs and Blessings.",1,,youtube
costco,Same about those Kirkland t shirts!!! Quality is so bad now and they done wash well!,1,,youtube
costco,The size of the fruit snacks is pretty accurate to what&#39;s shown on the box.,0,,youtube
costco,Yes I am so surprised you would consider moving when you have worked so hard to make that your own 😢,4,,youtube
costco,Hopefully you can move closer to a Costco :),11,,youtube
costco,Thanks for sharing the different groceries &amp; supplies. It gives me ideas on food shopping! 🤗🇨🇦,2,,youtube
costco,I hope you share your new homestead with us ?!?,0,,youtube
costco,Ian excited for you and your plan. But I have grown o love your ranch and all your little buildings.,1,,youtube
costco,Thank you for sharing!! I hope the house sells fast for you!!,0,,youtube
costco,I mix up the peanut butter in my food processor. I do both jars at once so I make only one mess for the two. I go through a jar a month by myself so storing them in the refrigerator is no problem. Works like a charm.,0,,youtube
costco,Why the move? You seem happy where you are....thanks loved it!,0,,youtube
costco,I always buy Silver Hills Full Seed Ahead bread. I also like Squirelly.,2,,youtube
costco,"On the kids organic Berts bees, two set pajamas I just purchased them for my granddaughter, and I didn’t realize that they were free of the chemicals for flame retardant <br>, that’s even better cause she won’t have all those chemicals near her body here in Florida. I paid it was on sale for 1299 for the two piece set. That was a really good deal. I may just go back and get a couple more pair for her . on the peanut butter, the Kirkland peanut butter I do the same exact thing I take it out of the jar and mix it all up and then put it back into mason jars so I’m not putting it back into the plastic container.",1,,youtube
costco,"I am always surprised at how many maple syrups you buy. Last time I did the math, costco business centre sells much bigger maple syrups for a better deal than the little ones. I don&#39;t know if there is a business centre where you shop but it&#39;s worth a look if have access.",0,,youtube
costco,I have been missing u and it’s me not u so glad I got u today,2,,youtube
costco,Ohh you’re leaving that beautiful farm? Are you staying in the same area? Good luck. ❤,0,,youtube
costco,It&#39;s just me and I vacuum seal my cheese in amounts for me . A small pkg is more money 🤷‍♀️🤷‍♀️,1,,youtube
costco,Good luck on your new journey!!,0,,youtube
costco,How do you store your mayo? I’m Canadian too and I’m going to try a few of the things you’ve mentioned! Good luck with selling and buying!!,0,,youtube
costco,Going to love the flaxseed on yogurt tastes yummy.,0,,youtube
costco,"My husband always buys the Kirkland t shirts, and he is so disappointed with the quality as well.",1,,youtube
costco,Love all the info you share!  Nice haul!  Tea towels are so big and gorgeous!,1,,youtube
costco,"Love those gardening gloves! We bought a box last spring when our friends all came out to the farm to help us clean up after the ice storm. We were able to supply everyone with gloves - perfect farm clean up party prize. LOL And welcome to gluten free eating (typically higher in fat, sodium and sugar). But those pizzas are pretty yummy!",0,,youtube
costco,You have &quot;gołąbki&quot; which is the Polish name for Cabbage rolls. This is so amazing! I now wonder what is the history of gołąbki and who made it first...,0,,youtube
costco,I am so excited for your move and the new adventures ahead! Great Costco haul.,0,,youtube
costco,"I live just south of BC in Washington state.  Around here Costco is very high for their food items,  Our local store is more often than not cheaper for the same items, plus they have bulk bins where you can get as much as you want.  I do agree Costco is cheaper on sale items though.  I do like the close and house hold items at Costco, better quality than most clothing stores here.",4,,youtube
costco,Those Tupperware are so nostalgic for me. I don’t have a membership since the closest one is 4.5 hours away. I only have a car.  My kids would go with me so it wouldn’t pay to go. I couldn’t get enough to make it worth it. But I want those Tupperware.,3,,youtube
costco,"Oh, I love the drain free granola!  Super low carb too",1,,youtube
costco,I have those gardening gloves and they are amazing. So versatile and comfortable. 🇦🇺,0,,youtube
costco,I wondered where you were!  Good to see you!,1,,youtube
costco,Greal Grocery Haul 😊❤❤❤,0,,youtube
costco,The Health Canada tag came into effect in January on all Canadian food products.,0,,youtube
costco,"I am Celiac and have been GF for over 15 years now.  In that time I have tried A LOT of pizza.  Store brand, high end brand, specialty restaurant, chain restaurant, crust only and fully topped - overall I prefer the Sabatasso&#39;s from Costco.  I use it as a base, par cook my veggie toppings first then add them and whatever meat to cover the pizza and top with a sprinkle more cheese.   De-lish!  If you like a spicier version, the Kirkland brand of GF pizza is also good, especially for the price.  Hope your family enjoys them!  PS: The &#39;warning&#39; labels on food packaging in Canada is relatively new.",0,,youtube
costco,"I think the labelling is fairly new. I&#39;ve only really noticed it over the past couple of months, and mainly on processed type foods.",0,,youtube
costco,Those gf pizza is delicious.  We get them occasionally but heavy in the calories and sodium.,0,,youtube
costco,I got my tea towel - I&#39;m so excited! I ordered several of the other ones too - they are all so pretty I had a time making up my mind what I wanted. They have already shipped so now I can look forward to them arriving and throwing out into rags all my old towels that I am so sick of!! Thanks for making the waiting list it worked great!,2,,youtube
costco,Love the rice bags!,0,,youtube
costco,Tip for when the peanut butter and separate..turn the peanut butter upside down for a few days.,0,,youtube
costco,Wow the prices is  high compared to  Brampton ontario,2,,youtube
costco,Those GF pizzas are so good!! Excited for you to try,0,,youtube
costco,"Love the Tupperware too.   I remember the  Heritage colors, were from the 60s maybe in the USA.",0,,youtube
costco,Try paying 250g of butter in Australia is $4.00 so $12.00 a kilo.,1,,youtube
costco,Great haul. <br>I can’t believe your prices vs USA prices. 😱,0,,youtube
costco,#10 can of ketchup from the Wholesale Club is about $9.99 these days.,1,,youtube
costco,I always store the Adams peanut butter upside down.  Why the editors note not to?,1,,youtube
costco,"Re: peanut butter. I only buy the 16 oz (454 grams) jars and use the handle of a wooden spoon to vigorously stir in the oil and it works to scrape the bottom, too. It&#39;s kind of fun.",0,,youtube
costco,Great idea on dumping the peanut butter and mixing 👌,0,,youtube
costco,Just bought one of the 5 towels there were left!,0,,youtube
costco,Hi Chelsea 👋🏻,0,,youtube
costco,we get that brand of GF pizza all the time as my husband has Celiac.  We think it is very good.  I usually add a little extra mozzarella and sometimes some pepperoni to the top. i cook it a little longer also<br>nancy,0,,youtube
costco,Im happy that moving is the best choice for you and your family. I dont mean to express concern but may I ask how you will be managing food security over the next few months when the world is perhaps at its most unstable in generations?   I am sure you have considered this but just feel concerned about you working down your pantry.,2,,youtube
costco,You are moving!? Perhaps I missed some videos of you talking about that. I’m surprised! Will look forward to a video about why you guys are making that change if you are comfortable sharing. 😊,7,,youtube
costco,Are you going to bring Martha with you when you move?????  I can&#39;t imagine you with out her!!!!,0,,youtube
costco,Great haul. My tea towel is on the way. Can’t wait to get it.,0,,youtube
costco,Id rather have fresh fruit anyway. Fresh is always better in my book.,1,,youtube
costco,How do you keep your veggies and fruit frozen for 3.5 hours on your drive home?  What kind of cooler do you use? Thanks,2,,youtube
costco,I totally snagged a tea towel and cafe curtains set. I have special plans for them though.,0,,youtube
costco,Use an immersion blender on the peanut butter. I tried it this last time i opened one and it’s a game changer.,1,,youtube
costco,First🎉<br>Saying hi from the Netherlands ❤,3,,youtube
costco,"Have you seen this?<br>Genetically Modified Mayo:<br>Hellmann’s “Real” Mayonnaise now requires a bioengineered label on its jars.<br><br>Less than 2% of each jar is actual egg… 98% is chemicals, industrial seed oils, corn starch, EDTA, gums and other additives.",0,,youtube
costco,Only cost $599.99 each time I go to Costco,252,,youtube
costco,People in the comments aren&#39;t doing the math. 3 weeks food at 119/week = $357 per shopping trip.,113,,youtube
costco,"Guys, she said that would last her about 3 weeks, not one week. The math would equate to the $119/week once you math it out lol.",9,,youtube
costco,"Probably the healthiest and best use of money I&#39;ve seen in a grocery haul online ever.  My one minor criticism is buy the real block of Parmesan, thoes pre-shreaded chesses are always coated.",11,,youtube
costco,Phenomenal Looking &amp; Sharp Thinking.,0,,youtube
costco,Everything looks good except the rotisserie chicken.....if you read the label it contains toxic chemicals.....cook your own organic bird,1,,youtube
costco,You don&#39;t need all that food! If you have her🌮😋!!!,1,,youtube
costco,I never see pasture raised eggs at my Costco 😭,0,,youtube
costco,$119?!? He’ll no! That’s a $500 basket,0,,youtube
costco,Mind 🧠,0,,youtube
costco,"If you think this is expensive, learn how to butcher block cuts. She&#39;s also selecting premium-level and convenient ingredients. <br>Switch out Prime for Choice, grind your own beef, replace salmon with mackerel, buy the cheap eggs, make your own yogurt (from whole milk), buy blocks of cheese rather than pre-grated, skip the expensive brands like Oikos (make your own and add fruit), Costco vegetables can be more expensive than local, buy flour and bake your bread daily, skip the insanely expensive granolas and nuts, and making hummus from chickpea is the easiest thing in the world. <br>A haul of similar volume but even better quality and nutrition can be had for roughly $60-75/wk vs. her $120 if you are willing to put in a little work and have a food processor.",5,,youtube
costco,That would be easily $300 in Canada for one week 😂,14,,youtube
costco,Would absolutely LOVE to see some recipe ideas and how you cook all this so nothing goes to waste! &lt;3,0,,youtube
costco,Girl this at HEB is easily 200,0,,youtube
costco,Tell me you’re a rich lady but don’t tell me you’re a rich lady.,0,,youtube
costco,Looks good 👍,0,,youtube
costco,Had to watch twice to see micro second quick pic😮,0,,youtube
costco,There is so much in this haul that is not healthy but great video.,0,,youtube
costco,nice but get sockeye salmon instead of the farm raised,0,,youtube
costco,Nice Costco haul. ❤,0,,youtube
costco,mmmm food!,0,,youtube
costco,"Wow, that’s a lot of food. Tu estas rica 😊",0,,youtube
costco,"The top sirloin was $58 alone, ain’t no freaking way the bill was $119.",0,,youtube
costco,this would last me a week. but im also a 215 pound dude haha. good shopping trip!,0,,youtube
costco,I’m not sure what state you are but at my Costco that is at least $200,42,,youtube
costco,I don’t have a Costco card but I want the cheap salmon that’s not bad for $25,1,,youtube
costco,minimum $700,0,,youtube
costco,Dangggg where did this natural beauty come from?!?!,0,,youtube
costco,Sirloin is $58.00,0,,youtube
costco,Want to see that rotisserie chicken recipe,0,,youtube
costco,"That&#39;s about the same, maybe less than I spend for myself. Except I don&#39;t buy it all at once. That fruit won&#39;t last much longer than a week. Bananas go bad so fast, you have to at least eat 2 a day to eat those before they go bad. I do a shop on the weekend and then swing by and get more fruits, veg and occasionallly meat/fish during the week",4,,youtube
costco,Yes to the new pasta!!,0,,youtube
costco,You are gorgeous Tina!!❤😊,0,,youtube
costco,"Finally, a food haul on YouTube I love !",1,,youtube
costco,That’s amazing save the money and the body  ❤❤,2,,youtube
costco,"Ill say this.... You definitely,  definitely have good options and shouldn&#39;t get bored of the same food. 👍🏻😁",0,,youtube
costco,Nice haul,0,,youtube
costco,Girl I love my Costco hauls too ❤❤,0,,youtube
costco,Whole foods,0,,youtube
costco,$119 no way lol,1,,youtube
costco,top sirloin suuuuuucks,0,,youtube
costco,"Yesterday got smone meat, fruits, yogurt, gluten free pizza, olive oil and some other little things, $491 canadien. Not always that high but averaging $350 to $450 for us 4",0,,youtube
costco,have you done a video for the recipe for all this? or what to combine with what to make a meal? thanks for showing us your haul!,25,,youtube
costco,I feel this would be cheaper and more at Aldi!,0,,youtube
costco,"We have Sam’s here—the bag of lemons, limes, organic baby spinach is all at great prices!",0,,youtube
costco,I can’t find pasture raised eggs &amp; grass fed beef at my Costco,3,,youtube
costco,I get a lot of the same things.  IDK why I&#39;m so addicted to watching what people buy at the grocery.,0,,youtube
costco,About to head to Cotsco and this came perfect timing,0,,youtube
costco,Good job. Bobby Approved.,0,,youtube
costco,that looks like $97 a week at our costco here in Antarctica,0,,youtube
costco,I don&#39;t know where u got grass fed beef or pasture raised eggs?  They don&#39;t have that at my Costco,0,,youtube
costco,"I wish they&#39;d open more Costcos in my area, these prices are amazing!",11,,youtube
costco,I wish my Costco had pasture raised eggs!,0,,youtube
costco,Babe eats like me 🙌🏾😼<br><br>Edit: substitute the mixed nuts for almonds and the salmon for tilapia (occasionally) and we basically have the same grocery haul.,0,,youtube
costco,"wait what.... i feel like every time I go to costco I spend like $300 of more, if felt like she bought a lot too",0,,youtube
costco,Great job! Seriously. Clean eating perfection.,3,,youtube
costco,That looks close to $300 in a Arizona Costco,2,,youtube
costco,She is so pretty 🥰,1,,youtube
costco,"U definitely know what ur doing and ur doing it efficiently, take care, T.T.",0,,youtube
costco,"Seven Sundays is great, I don&#39;t do it because it;s low carb or something just I like it and it&#39;s not sugur. The hand peeled carrots are a bit fancy don&#39;t you think lol. Save more and get organic whole carrots. Don&#39;t forget avocado oil, ghee, olive oil are the only oils / fats I use because they aren&#39;t seed oils. That was a good change for me in the last year and a half was only these great oils not that cheap crap.",2,,youtube
costco,3 weeks? That&#39;s less than a week for me.,0,,youtube
costco,I want to see the receipt!,1,,youtube
costco,how do you make a meal with these ingredients though?,0,,youtube
costco,Try substituting spinach for arugula,0,,youtube
costco,"that’s a lot of food, do you eat them all??",0,,youtube
costco,Better to just go to your local farm market 😅,0,,youtube
costco,This was $119 for one week? What state are you in? I just moved to Nevada from California and I went from going from $400 a week or a little more to $200 a week but now I’m thinking I can definitely lower the cost here in Nevada lol,0,,youtube
costco,Do you eat one item per day? How’s this 3 weeks of food?,0,,youtube
costco,How do you make the fruit last three weeks? Wouldn’t it go bad?,4,,youtube
costco,Whst Costco is this ?!!! Cause ain’t no way my Costco fruits look that good ! 😂,0,,youtube
costco,Eggs aren’t dairy,0,,youtube
costco,How do I spend $300 at Costco and it only last me a week?,0,,youtube
costco,3 weeks? veges and fruit and bread go bad in my frig after like 1.5 weeks.,0,,youtube
costco,Which Costco has Organic Pasture Raised eggs? I can&#39;t find that in my local Costco and even several Costco&#39;s beyond.,0,,youtube
costco,119 a week? Lol wtf I eat pretty much all of that (less actually cuz of cost) and spend like 2-3x as much as that each week,0,,youtube
costco,"Good haul.  For the salmon, I&#39;m guessing you eat that the first week since it isn&#39;t frozen?",0,,youtube
costco,"ok, but how can you make those items last and not expire in 3 weeks, i think you eat a lot of berries in the first 4 days",0,,youtube
costco,"All eating healthy is, is eating Whole Foods. Cut out the frozen and processed garbage and it’s really easy to not over eat your calories",0,,youtube
costco,The worst is strawberry,0,,youtube
costco,Ummm…n where do you live?? Cuz in Cali you’ll be spending around $250 to $300 on all that😢😢😢😢,1,,youtube
costco,That&#39;s $ 350 .,0,,youtube
costco,Yeahhhhh those product ain’t last 3 days let alone 3 weeks. NEXT 🥴,0,,youtube
costco,So cheap I don’t think in my Costco 😐,0,,youtube
costco,Hi Tina,0,,youtube
costco,"Yeah this would cost $250 minimum in Canada. Plus this is barely any food for a man, at least double the protein! Do Costco haul for your boyfriend next!",0,,youtube
costco,120 a week isn’t cheaper than chipotle for each meal,1,,youtube
costco,Healthy eating and you get farm raised salmon? 😂💀,3,,youtube
costco,For 119? 😂lies,0,,youtube
costco,It’s like $300 of more I bough similar and it’s not that price,0,,youtube
costco,this is obviously more than 119 but when you break it down on a  per week basis it&#39;s 119. but she probably spends 300+ for 3+ weeks at once..,0,,youtube
costco,6 avocados and 24 eggs last you three weeks?,3,,youtube
costco,Smoothies 🙄,0,,youtube
costco,THIS IS USA RIGHT ?,0,,youtube
costco,This is food for 7-10 days...how you living 3 weeks on this???,0,,youtube
costco,I dont see any chips or cookies!,0,,youtube
costco,Tina&#39;s taco sounds delicious 😋 😍,4,,youtube
costco,She... just kept listing products 😢...,0,,youtube
costco,"If you look at one to one cost, the rotisserie chicken is usually cheaper than a whole raw chicken. <br>Costco and Sam’s take a hit on those because you will usually buy other things while you’re in the store.",83,,youtube
costco,Man your Costco looks so civilized  Our store is a mad house filled with rude frustrated people and line ups stretching all the way to the other side.,152,,youtube
costco,"You need to upload more man, you helped me alot with the walmart shopping haul got down 60 lbs in 4 months !",227,,youtube
costco,"I think my favorite part about this video is the focus on achievable weight loss for every day people who still want some carbs and natural flavors in their life.  I think it&#39;s so much more realistic.  Many people fail because they not only try to lose the weight through calorie deficits but they try to eat so clean that it becomes a stressor and negatively effects their progress/journey.   Big props, subscribed!",23,,youtube
costco,I know this is a decent amount of work but if you could put a list of all these items ln the description or somewhere else it would be awesome. It would make shopping much easier,42,,youtube
costco,"Fun game idea... take a scoop of protein everytime he says badboys, and if you really wanna get jacked... add another when he says insane. ;)",17,,youtube
costco,Crazy how much food you can eat as well when you eat low calorie dense foods. Great haul!,2,,youtube
costco,"Holy cow, I found jacked Harry Potter! Subscribed!",9,,youtube
costco,"<a href=""https://www.youtube.com/watch?v=C8aQocHT388&amp;t=531"">8:51</a> if you step on the wheel of the direction you want to go to (the right wheel in this case) the cart will turn right. Apply friction as needed and release to continue momentum.",7,,youtube
costco,"I do not think the avocado spray is zero calories. Companies just round to zero calories for how many sprays are in the bottle. Just be careful how much you are spraying, but avocado spray is still generally good.",52,,youtube
costco,All amazing Costco options…that place really helps my family eat more healthy Whole Foods. Can’t wait for the weight loss to show,3,,youtube
costco,"What an inspiration, i also have a daunting amount of weight to lose and to hear that it&#39;s possible to lose it in a year is so motivating! I know no 2 peoples journeys are the same but still Thanks.",8,,youtube
costco,This gonna be my college grocery haul,4,,youtube
costco,"Avocado Oil spray is definitely not low calorie. It&#39;s still avocado oil. The serving size is just small enough so that they can drop the calories low. You can legally round calories down by 5 calories so something that&#39;s 9 cals per serving can be marked as 5 and something that&#39;s 4 cals can be marked as 0. Remember, there&#39;s nothing you can eat with literally no calories. By marking the serving size down to something like a &quot;1/4th second spray&quot; they can mark the calories as ridiculously low because there&#39;s no need to use a standard measurement like tbsp. That being said, I do still use the spray, I just treat it as using oil/butter and don&#39;t overdo it. Ends up being a bit more pricey though. It&#39;s still pretty convenient.",15,,youtube
costco,Been watching for a while now on TikTok just found out about ur yt gonna tune in every post love the content bro 💯,3,,youtube
costco,I love their plain Greek yogurt because of how versatile it is! I love to mix it with a little bit of mayo so I can get that little bit of flavor without all of the calories and a BIG increase in protein. Helped me a lot with the transition from unhealthy choices to healthier choices as my taste buds adjusted.,0,,youtube
costco,Use that almond milk to extend bottled salad dressing if you use it.  Costco sells a roasted sesame dressing that’s yummylicious.,0,,youtube
costco,"My Costco feels like Black Friday every day, always crowed any time of day any day of the week.",4,,youtube
costco,"Those are rolled oats 🫥 <a href=""https://www.youtube.com/watch?v=C8aQocHT388&amp;t=484"">8:04</a>",11,,youtube
costco,Love it bro! Also I don’t get the organic chicken breast because it just costs more and the non organic you get double the amount for the same price.,2,,youtube
costco,One of my go toos was low cal Jell-O as a sweet snack an it helped me tremendously on my 130lb weight loss journey,0,,youtube
costco,"I might be going to Costco too much, because I recognized all the products even after you pixelized them.",0,,youtube
costco,"So we have no local Costco, Sam’s, Aldi’s, Whole Foods or Trader Joe’s.   It is hard and expensive to buy healthy foods but I love watching for ideas for smart choices.",0,,youtube
costco,Try to not get rice from the US South because it has a lot of arsenic contamination. Costco has some bulk rice from australia for cheap. The oats are dried with poison spray if they&#39;re not organic too,1,,youtube
costco,I. Surprised the food wasn’t more…….great grocery haul!  I like the fact that you aren’t excluding carbs…..nice job.  New subscriber!,2,,youtube
costco,"Can you do more videos about the recipes you do with this haul? For some reason, I get in a slump and can’t figure out what to do with the healthy food I got.",1,,youtube
costco,"Love Love your videos I like the realistic way you presend food and weight loss.<br>I have diet in the pass and hunger is no good.<br>I am following your plan,by the way I am a female and 60s<br>Pls keep bringing out your contents<br><br>I enjoy the fast food video I also following, leaving out sauces and eating low calorie and high protein.<br>Thank you",1,,youtube
costco,"Plain Greek yogurt mixed with some honey and berries on top, amazing!",0,,youtube
costco,Shoulda got the plain Greek yogurt and then you coulda skipped the light mayo. Greek yogurt is great for tuna salad! 💪🏽,0,,youtube
costco,This haul is what I needed,14,,youtube
costco,YOOO .. The COSTCO VIDEO GOIN HARDDDD,0,,youtube
costco,Been working out the past 2 years consistently I started at 500 pounds now I sit at 285 I’m 6’4 but for the past 4 months I’ve been struggling to get out of the 280 I’ve got down to 282 but I can not get into the 270s any suggestions I’ve cut my calories I work out 5 days a week and I work in construction so I’m usually always moving always get over 10k steps,26,,youtube
costco,be wary of oil sprays. they say 0 cal but it’s only for a very short spray. it’s not actually 0 calories. it’s just that it’s less than 1 calorie for 1/4 second spray.,0,,youtube
costco,"You could do SO much better at Winco if you have it locally. Chicken is $1.29/pound to start with. They have everything on your list, and you can special order items in bulk.",0,,youtube
costco,Was gonna guess $180! Awesome haul 🎉,2,,youtube
costco,I live for costco rotisserie chickens...,15,,youtube
costco,"A really good protein bar choice is there are some good ones at aldis with really good macros <a href=""https://www.youtube.com/watch?v=C8aQocHT388&amp;t=464"">7:44</a>",0,,youtube
costco,Over all yes great choices. Would just add higher fiber foods like legumes,0,,youtube
costco,that rotisserie chicken is amazing. gonna review this before my next haul,0,,youtube
costco,This dude thought eggs had CARBS 😂  bruh,0,,youtube
costco,"I make my own nut milk …. They have the best prices on almonds and walnuts and figs! Super easy, taste better and no preservatives!",2,,youtube
costco,That was such a great value!!,0,,youtube
costco,Awesome video! So inspiring! Thanks!!,0,,youtube
costco,Bad Boy phase count:,0,,youtube
costco,Awesome video! Lots of good ideas!,0,,youtube
costco,Good stuff thanks for the healthy option choices,0,,youtube
costco,This is fire 🔥,1,,youtube
costco,"<a href=""https://www.youtube.com/watch?v=C8aQocHT388&amp;t=281"">4:41</a> I get Kirkland&#39;s bcuz I mix my yogurt with my protein powder anyway",1,,youtube
costco,I actually recently switched to the Kirkland protein bars and they slap,0,,youtube
costco,"Just so you know &quot;old fashioned&quot; oats = rolled oats. That said, there is very little difference between old fashioned and quick oats except cook time and texture difference. So imo go subjective best for you on cook time and texture preferences. There is some talk that rolled/old fashioned oats are slightly better than quick but again it is slight and not fully certain at this time. Hell even instant oats are not terrible if you check for added flavorings (calories) that are pretty common in them.",0,,youtube
costco,Quinoa is my go to carb. So much better macros and a complete protein than oats or rice.,0,,youtube
costco,What do you do with the tuna? What recipes?? Vid was fire 🔥 keep it up,1,,youtube
costco,Can&#39;t wait for my transformation 🙌 got all my ducks lined up but only bad thing about following yr diet plan is im a tyoe 2 diabetic so if you cannpost ome for diabetics that be great,0,,youtube
costco,Buy a sprayer and use the non aerosol oil,1,,youtube
costco,Eggs have carbs? That&#39;s news to me. Lol,0,,youtube
costco,No way. I guessed $173 😂,0,,youtube
costco,Bro keeps talking budget while wearing an AP Royal Oak 😂,0,,youtube
costco,Critiquing the protein cal ratio to the sample lady lol,0,,youtube
costco,Yay let’s go!,0,,youtube
costco,I hate prices in Canada lol,0,,youtube
costco,I gained so much weight after having my baby😭 I want to go into an electrical apprenticeship and I don’t want to be fat so I’m locking in,0,,youtube
costco,I get 2 oikos and put protein powder for a quick60 plus protein snack,0,,youtube
costco,"Making your own mayo takes 1 minute, tastes amazing and is much cleaner than lite. I would use avocado oil, I can&#39;t make myself like olive oil mayo. Also, some people use butter. I have heard rumors of bacon grease, but that&#39;s not my style.",0,,youtube
costco,The oil has the same exact calories as the bottle lol,0,,youtube
costco,"Much cheaper to buy whole chickens or leg quarters and butcher it yourself at home, it’s not difficult at all. Just takes some practice.",0,,youtube
costco,if this guy says &quot;bad boys&quot; ONE MORE TIME i stg..,0,,youtube
costco,"<a href=""https://www.youtube.com/watch?v=C8aQocHT388&amp;t=23"">0:23</a> I get a pack of 5-6 chicken breast like that from Walmart for $12 💀",0,,youtube
costco,Wow dude fire 🔥,0,,youtube
costco,"They have a low sugar probiotic soda poppi and olipop in Costco now, and what about sparkling flavored waters?",0,,youtube
costco,the rotisserie chicken is yummy but alot of times has tasted too salty.,0,,youtube
costco,"Vous avez de la chance,  chez nous en France la nourriture est très chère  et on n&#39;a pas ces produits vendus en gros.",0,,youtube
costco,Some people can&#39;t do carbs like that my guy,0,,youtube
costco,$133.45,2,,youtube
costco,don&#39;t forget the fact you hit the gym,0,,youtube
costco,I approve of all but Mayo. I’ve tried doing fat free mayo but I really hate the taste &gt;.&lt; if I’m making a sandwich sometimes I’ll sub mayo for hummus if I have it. Do you have any other recommendations as a substitute for mayo?,0,,youtube
costco,Beans do a lot of beans fr,0,,youtube
costco,"Bad boys, bad boys, bad boys...😆",0,,youtube
costco,You should switch to mono audio because its off center in stereo,0,,youtube
costco,bro those spray cans are oil they just skew the servings to make you think its 0 cal. Its still a lot of calories. Anything under 50 cal in the US can be listed as 0 calories. Of course a quarter second spray is going to be less than 50 calories but nobody uses that little.,0,,youtube
costco,"What price was the ground beef? You didn’t note it, and last time I checked 80/20 was selling for $9.99/lb, so the 90/10 you bought must have been more!",3,,youtube
costco,IDK the Macros seem iffy 😂,0,,youtube
costco,"I mean I’m not telling you not to drink diet drinks, but they do contain that carcinogenic sweetener so idk. Like if you’re trying to lose weight just cut the soda entirely and drink water guys, if you need it to have flavor then throw some citrus in it",0,,youtube
costco,can oat milk be a good replacement to almond milk? im allergic to nuts,1,,youtube
costco,I like to do half mayo half yogurt to save on calories. I think light mayo tastes nasty,0,,youtube
costco,"Can anyone recommend a different alternative to the avocado spray? I have someone in the family that is allergic to avocados, otherwise I would consume it but I want them to be safe.",0,,youtube
costco,"Eggs contain about 0.5g of carbs. I wouldn&#39;t really consider a good source of carbs, they&#39;re essentially carb free",0,,youtube
costco,You can get two whole chickens for like 11 bucks. I suggest everyone learn how to butcher them and make stock.,0,,youtube
costco,"@<a href=""https://www.youtube.com/watch?v=C8aQocHT388&amp;t=288"">4:48</a>, you list the price at 5.66 but the sign says 7.99.",0,,youtube
costco,"Use Laughing Cow cheese wedges instead of mayo.  Lose the chemicals, and 2g protein each wedge.  Does the same as jayo",2,,youtube
costco,This Costco haul is exactly like Casey Kelly&#39;s haul video. Like the SAME exact items and order of those items. Hmmmm?,0,,youtube
costco,What is your go to season to put on chicken?,0,,youtube
costco,I’m completely unable to make those Realgood Foods tenders without them drying out. I’ve tried them both in the air fryer and the oven and every time they come out nasty. Any tips for how to cook them?,0,,youtube
costco,Try double the price you got do you have the executive or something,0,,youtube
costco,Do you worry about Cholesterol?,0,,youtube
costco,"How do you store that much rice? Ive often wondered about it, with the insanely cheap prices",0,,youtube
costco,How much protein in the purina animal food 😅,5,,youtube
costco,"So sad that the rotisserie chicken is so full of bad stuff, cuz it tastes good and is convenient",0,,youtube
costco,No apples 😢,0,,youtube
costco,"If you are serious about losing weight, drink water instead of soda.... diet or not, its extremely bad for you",1,,youtube
costco,What you make with the raw tuna?,0,,youtube
costco,Let me know where you want me to go next or what you want to see next! Always up for suggestions!,52,,youtube
costco,The only thing you missed is the egg whites! Such a good deal at Costco and always smart to add to regular eggs.,180,,youtube
costco,finally we get  a Costco video thank you Casey,84,,youtube
costco,Im so addicted to these grocery hall vids,36,,youtube
costco,WE need a costco bulk haullllll,95,,youtube
costco,"“Everything lasts for 3 months minimum, unlike your relationship” 😭😭😭😂😂😂",8,,youtube
costco,I get 2 tubs of the big plain greek yogurt. &amp; use raw honey to sweeten for yogurt fruit bowl. I used lime or lemon to make sour cream. Ranch seasoning for a ranch dip &amp; I make tzatziki sauce with it for Mediterranean bowls,75,,youtube
costco,"I love him ngl, this bro is motivating me to eat healthy and go to the gym",10,,youtube
costco,"Rotisserie chickens are costco are the most underrated. You get approximately 2.25 lbs of meat out of a $5 rotisserie chicken, and that&#39;s already cooked and ready to eat. Such a steal",8,,youtube
costco,"@<a href=""https://www.youtube.com/watch?v=x7OFMqAZDXA&amp;t=369"">6:09</a> she literally doesn’t care 😂",40,,youtube
costco,The costco salesman is back at it again,17,,youtube
costco,Fun Fact: Costco sells over 140 million rotisserie chickens a year!!!,3,,youtube
costco,Dude this was such a great video. This channel is hella underrated. As an avid costco goer and lifter I recognized many of these items haha. I&#39;m not really on a budget so I do often pay for SOME of the convenient stuff like the premier protein shakes. I can&#39;t handle whey in water so those shakes with the fake milk in them are unbeatable for the macros.,19,,youtube
costco,Man is so massive thank you providing with this high quality content love this ❤,8,,youtube
costco,W Casey!  My Saturday is never complete until I see a Casey Kelly video!  Grillos pickles really are the best!  Loved the wholesome interaction about the samples!  I would guess $225 for all the food since you are cost conscious but got lots of food!  I always learn when I watch a Casey video bro!  Thank you for sharing your life and your tips with us!  Bros a legend!<br>Would love to see Kelly brothers collabs and challenges!,10,,youtube
costco,Casey you make grocery shopping fun!,13,,youtube
costco,"This was so helpful, straight to the point and veryyyy informative- thank you!!",9,,youtube
costco,"Super underrated vid, killed it on all fronts including debunking common myths. I never comment but I really enjoyed this",1,,youtube
costco,"Wait no cooking in this video?! I feel robbed lmao. <a href=""https://www.youtube.com/watch?v=x7OFMqAZDXA&amp;t=904"">15:04</a>",8,,youtube
costco,I’d like to point out that the same lean ground beef that he bought at $27.99 now costs $32.99 8 months later on 1/29/26,3,,youtube
costco,Casey I went to middle and High school with your dad!  This popped up on my feed.  Great job kid!!,6,,youtube
costco,"10.59 for 6 avocados is crazy 🤯<br>I know it was 3 months ago, maybe due to tariffs but I just got the same bag at Costco for just 4.39 . In Charlotte North Carolina",12,,youtube
costco,The way I just ran to this video. Great one Casey!,11,,youtube
costco,Diet videos getting better and better,2,,youtube
costco,Yoo bro love the grocery haul vids. Keep growing man!,2,,youtube
costco,My favorite youtuber!,3,,youtube
costco,Can&#39;t wait to see this put to use on the mini cut 💪,4,,youtube
costco,Keep up the great work like the consistency  on Saturday  videos thx,5,,youtube
costco,I am following you from now on.Found the exact information I was looking for when clicked on the video.Thanks Casey,1,,youtube
costco,Love watching the vids every Saturday!,0,,youtube
costco,Finally a Costco haul🔥🔥🔥,1,,youtube
costco,Thanks for showing what you are getting and some of the other options to shop for. Great video!,1,,youtube
costco,"If you’ve been wondering why you’re not feeling as strong, motivated, or sharp as you used to, Testosterone Rewired by David Brooks might just have the answers. The book focuses on the power of testosterone and how increasing it can seriously transform your health and mindset. If you’re tired of feeling drained or out of balance, this book offers some solid advice on how to get back to your peak",0,,youtube
costco,Oats in the vanilla Greek yogurt is the strat,3,,youtube
costco,Great video Casey!,3,,youtube
costco,Hey brotha!<br>Thank you for telling me how to save money when I go to Costco!<br>I just subscribed!,1,,youtube
costco,finally a cutting haul!!,0,,youtube
costco,I get pulled chicken already cooked and seasoned and packs of fajita steak that is 150 cals for 20 protein per 4 oz,3,,youtube
costco,"I&#39;d been buying the. Wilcox farms Pasture raised, omega 3 eggs, and when they were out, bought the Costco organic eggs, and the yolks are all light yellow. The Wilcox yolks were so golden it looked like there was cheese in my omelets! And they were cheaper!!",0,,youtube
costco,"Very helpful useful video thanks Casey! Re lettuce <a href=""https://www.youtube.com/watch?v=x7OFMqAZDXA&amp;t=200"">3:20</a> Yes, agree with romaine and it does have a few more nutrients than iceberg. I use it all the time as my salad base. If you are going to eat any type of lettuce, anything is better than iceberg. ANYTHING<br><br>Also  -Casey&#39;s arms must be so big because they keep popping under Costco&#39;s overhead lighting! haha. eg  <a href=""https://www.youtube.com/watch?v=x7OFMqAZDXA&amp;t=468"">7:48</a> and <a href=""https://www.youtube.com/watch?v=x7OFMqAZDXA&amp;t=550"">9:10</a>",4,,youtube
costco,More vids like this !!! this is super helpful,0,,youtube
costco,Bro I love this series lol,0,,youtube
costco,"My only issue with diet soda, or soda in general, is the acidity that causes damage to your teeth. I still like to drink one occasionally especially on those days im feeling extra hungry. Helps curb the hunger.",0,,youtube
costco,I score him a 9.8 on form for the cart surfing. Bro gets an 11 on resisting a Costco sushi platter,0,,youtube
costco,These are very helpful man! Thanks!,0,,youtube
costco,I love that plain Greek yogurt. I’ll pack it with some frozen blueberries and it makes for a great pre lunch snack once the blueberries thaw,0,,youtube
costco,man your costco is so lucky my costco never had leaner than 85/15 ground beef😭😭,1,,youtube
costco,Earned a subscriber. Great video!,1,,youtube
costco,Bro I&#39;m always getting shredded throw my daily routine everyday,0,,youtube
costco,"For some reason my video wouldn’t go past the <a href=""https://www.youtube.com/watch?v=x7OFMqAZDXA&amp;t=10"">0:10</a> mark and it just froze there ? Anybody else have that problem ?",14,,youtube
costco,"I was very interested to watch this video, but couldn&#39;t have been more disappointed.  This guy is obviously one of those old-school &quot;high protein, low fat&quot; proponents, contrary to what he might claim.  Go high fat, dude - especially saturated animal fat.  I thought we all knew that by now...",0,,youtube
costco,Very informative video.  I scared going to Costco.  I always end up buying more stuff I don’t need then what’s on my list.,0,,youtube
costco,i go with black beans instead of potato for the added protein,1,,youtube
costco,"I spend for relatively the same quantity only 67$ a week. Costco maybe isn’t the move for bulk lol, with a combo of Sam’s club and Amazon delivery which is what I do (excuse English ks my 3rd lang",2,,youtube
costco,I just found your channel and I love your energy. +1 subscriber earned,0,,youtube
costco,12 secs ago is ovulating<br>Keep it up brother❤,0,,youtube
costco,Nice video! I’ll have to try these foods from Costco.,0,,youtube
costco,"Next video, how not to get almond milked from my pockets!!  😅",0,,youtube
costco,great tips loved this video,0,,youtube
costco,"Do you cook for every meal or do you do meal prep for a few days at a time?  If you&#39;re doing meal prep, that would be a good &quot;how to&quot; video to do.  Because of my schedule I don&#39;t have enough time to cook all my meals that day so to avoid eating delivery food, I try and do meal prep a couple times a week and make several meals at a time.",6,,youtube
costco,"It seems Costco is a lot cheaper in the usa than in the uk, I stopped going because the last trip I only got 8 items and it came to £180 which is roughly the equivalent of $239",1,,youtube
costco,costco is the way to go. I use a food sealer vacuum to portion.,0,,youtube
costco,Great as always,1,,youtube
costco,"Hey, I should request you do a video of the grocery haul at BJ’s. I know you did one at Sam’s.",0,,youtube
costco,Have you tried the Zevia soda instead of the diet soda? Tastes great and is made with stevia extract vs. synthetic sweeteners,0,,youtube
costco,"if you&#39;re scrolling and feel off, read this. i was burnt out, low energy, not myself. found Testosterone Rewired by David Brooks, had zero expectations but man. chapter by chapter it rebuilt me. no hype bs, not fake motivation just stuff that grounds you and resets your system. this book really saved me. wish I found it sooner.🔥",1,,youtube
costco,I would love to see an updated day in the life video!,0,,youtube
costco,My Albertsons be just as expensive as erewhon. They straight stealin lol,0,,youtube
costco,"<a href=""https://www.youtube.com/watch?v=x7OFMqAZDXA&amp;t=20"">0:20</a> bro called me out right off the bat 😭",0,,youtube
costco,Kirkland chocolate whey protein powder is great and budget friendly for 70 scoops,0,,youtube
costco,Inly thing i woulkd change from the haul would be the oikos yogurt for the chobani just because OIKOS has stevia in it and part of their protein comes from a powder,1,,youtube
costco,this might sound crazy but I got tired of 88% lean being the leanest ground beef I could find at a reasonable price so I got a meat grinder and started buying eye round roasts at costco. $7/lb. for ground beef that comes out to about 97.5% lean.,5,,youtube
costco,“ Look at this can of tuna”,0,,youtube
costco,My new job!,1,,youtube
costco,"Lettuce does have a lot of micronutrients, just isnt entirely filling",0,,youtube
costco,Yeen have to call out my failed relationships bro 😅,3,,youtube
costco,"100% disagree with the salad kit view.  As someone who grew up making a salad from scratch every dinner for 15 years, I will skip salads, greens, vegetables entirely if not for the kits.  My time is worth way more and I can fit the calories so to each their own",1,,youtube
costco,"Crazy to me that all these YouTube videos at Costco have like nobody in there. Every Costco I go to here, no matter what day or time is an absolute shitshow.",1,,youtube
costco,sick video bro love ur content! Also if im 5”7 130 lbs and about 16-17% bodyfat should i keep bulking? im 15 btw been working out for a year,0,,youtube
costco,My self I do diet soda well on prep but I limit how much. Just with the Celsius’s well.,0,,youtube
costco,"Core Power Elite chocolate is god tier, I&#39;m willing to spend the money for the convenience alone.",0,,youtube
costco,Good video bro I buy the same stuff you showed haha,0,,youtube
costco,Add a paper towel to your lettuce so it soaks up moisture and keeps it from going bad so fast!,0,,youtube
costco,happy saturday,0,,youtube
costco,Excellent video!,0,,youtube
costco,lots of love from INDIA bro ❤❤❤❤❤,0,,youtube
costco,$340? Also love Catalina crunch w almond milk - so good,0,,youtube
costco,i am lazy so i buy the salad kits but i use only a 1/4 of the dressing. i throw away the cheese and croutons. i understand its not cost efficient but i am ok with it,0,,youtube
costco,do one for whole foods,0,,youtube
costco,I have a tough one for you. Budget muscle building at Whole Foods. LOL,0,,youtube
costco,Great video and entertaining too lol,0,,youtube
costco,I guessed around $150 I honestly thought it might be a lower price than 175ish,0,,youtube
costco,Currently 10 weeks out and go thru 4-5 diet dr peppers a day,2,,youtube
costco,"Love the tips, updated my Costco list, but how is your Costco so empty? Mine is slammed!!",1,,youtube
costco,wanna see a video how you cook these！,0,,youtube
costco,"Great video, but I wish he gave examples of some meals with the specific weights/servings of all the items",0,,youtube
costco,Do you weigh the chicken after it is cooked already? I thought weighing it raw was more accurate. <br><br>Thanks for the vid!,0,,youtube
costco,The cheap meats in where I live <b>may or may not</b> have antibiotics and it messes up my gut bacteria,0,,youtube
costco,"Our Costco stopped selling cauliflower rice, very sad.",0,,youtube
costco,Sooo let’s see the whole diet using this food lol,0,,youtube
costco,Bobby needs to find a good bread knife at Costco somewhere,97,,youtube
costco,Thank you for helping us to navigate the world of confusing ingredients.,10,,youtube
costco,One of my college classmates founded Joshua’s chips because his son has medical issues. Support the family! Sending leopard love to Scott!,17,,youtube
costco,"I definitely like your new approach of showing the quality of the food at home, but now I want to buy everything.",73,,youtube
costco,Going to Costco tomorrow. Unfortunately my Costco does not have half the stuff u talk about in ur videos 😢,213,,youtube
costco,I appreciate the at home testing. Things like the crumbly bars you wouldn&#39;t have known,24,,youtube
costco,I LOVE that you show us the products up close and try them also. Thanks Bobby!,12,,youtube
costco,I like the idea of you visiting different Costcos around the US!,58,,youtube
costco,That sourdough bread is my weakness!   Warm with butter!,13,,youtube
costco,"I seriously need to start living Bobby approved...As a 38 year old male with an alcohol problem, life is freakin harder than it needs to be. I&#39;ve lived alone like this for way too long.",45,,youtube
costco,"Since I started eating mainly Bobby-approved items, my weight has dropped to a healthy level, my mood has improved, and my memory is better. Before, I was struggling with all those things. Even my skin, which was always dry, now gets naturally moisturized. Before, I exercised a lot and counted calories, but still struggled with my weight. Now I walk for 30-40 min almost every day and no longer struggle with weight. I combine eating healthy with fasting for 14-16 hours a few times per week, from around 7pm to 12 pm. Some people think I am trapped with diet restrictions, but I can say I have never felt so free! I have energy and mental capacity to make good decisions. Plus, no issues with craving foods throughout the day.",36,,youtube
costco,Love this episode. Keep taking things home to try.,29,,youtube
costco,"<a href=""https://www.youtube.com/watch?v=-E4cFon0CTg&amp;t=120"">2:00</a> Anyone over the age of 40 will get a Hostess Fruit Pie &quot;smell flashback&quot; when you first open those Tallow Fried Chips. Hostess  used to fry their Fruit pies in some tallow it&#39;s a distinctive smell.",13,,youtube
costco,"My. husband is English, his family owned a farm in the South of France, and they ate Brie or Camebert every day at lunch.  They did not refrigerate it, they kept it on the counter so it would be really soft and spreadable.  So that’s the way I too keep it.",6,,youtube
costco,Those Peanut butter dates are AMAZING. People need to buy those so Costco keeps them .,23,,youtube
costco,"The 3 pack of ESSENTIAL BAKING ORGANIC SOURDOUGH BREAD, IS EXCELENT! TOP NOTCH IN QUALITY AND PRICE. I take a loaf and PRE SLICE IT,. STORE IT TIGHTLY BAGGED IN THE FREEZER, and take out a slice at a time to use in the toaster.",63,,youtube
costco,I&#39;ve been buying that bread at both my California and Idaho Costco&#39;s for years. Love it.,10,,youtube
costco,I wrap brazil nuts (Costco) with dates.  3 brazil nuts per day satisfies your daily selenium requirements.  Pro tip: Must use Whole Dates (with the seeds).  Pitted dates are VERY dry and taste terrible.,16,,youtube
costco,The dates and almond butter are awesome!,11,,youtube
costco,Sourdough and brie is a match made in heaven 😇,5,,youtube
costco,The bread is so good! I hope they never get rid of it.,22,,youtube
costco,The Tour de Costco would be so amazing! But so much work!,4,,youtube
costco,Drizzle some balsamic on top of that Brie and sourdough.,10,,youtube
costco,Wondering where Bobby gets his glass coffee maker,26,,youtube
costco,My store in Yorba Linda California has carried the Brie cheese for years. Very good.,6,,youtube
costco,miss rose is very lucky to have yu as her parents.always eating healthy foods.<br>miss her cooking. <br>she&#39;s growing fast ...<br>adorable n beautiful girl.<br>just love her,2,,youtube
costco,&quot;I don&#39;t even mind the maltodextrin&quot; Is this where we&#39;re at right now?,28,,youtube
costco,That sourdough warm with Kirkland grassfed butter👍👍,5,,youtube
costco,Try some fig jelly with your brie. The best.,40,,youtube
costco,Im going tomorrow! Bought the Beef tallow chips last month and my family LOVED them! My youngest loves the almond butter dates over the peanut butter one.,7,,youtube
costco,"Yes, test them,  It means nothing if you just &quot;recommend&quot; something, lets see it and watch you taste it.",35,,youtube
costco,Costco’s new finds are always a mix of “grab it now” and “leave it right there.” The hard part is figuring out which is which before the cart gets expensive.,0,,youtube
costco,I used to watch that other guy who sounds like a commercial sales guy on crack. But all he pushes is really crappy food choices. This is my first video watching you and had no idea you actually read the ingredients!! Love this. Going to share your channel w my healthy mamas. Thank you so much!!!,3,,youtube
costco,I thank you for highlighting new snd clean products!,3,,youtube
costco,I buy the Take and Bake sourdough bread all the time. It&#39;s SO good. It comes out of the oven warm and ready to go in 11 minutes! Great with soups and stews.,7,,youtube
costco,"That sourdough bread has been in my Bloomfield Township, Michigan Costco for months now.",3,,youtube
costco,"You know, I like Bobby and I buy many of his  recommendations. I don&#39;t like anyone telling me what i NEED or MUST buy.",2,,youtube
costco,I love that Costco is carrying more grass-fed dairy!,1,,youtube
costco,I love these Costco Informercials.,4,,youtube
costco,Maltodextrin should be just as large of a red flag as natural ingredients. Refined starches are horrible for us. Don&#39;t you watch Dr. Berg? Lol!,44,,youtube
costco,This was a great video Bobby.,3,,youtube
costco,We&#39;ve had that sourdough bread at the Costco in West TX for years,4,,youtube
costco,"Thank you so much for all the great work that you do, Bobby! ❤",2,,youtube
costco,"Gotta say, I SOOO miss your long form cooking videos in your kitchen with your family.  That’s what really attracted me to your channel.  I miss the treat of getting to watch/experience them.  (Seems like it’s all just shopping videos now so I tend to skip over lots.)  Of course I love all your health food info too though!  Very much appreciate your contribution to the health education of the world. 👍",1,,youtube
costco,"<a href=""https://www.youtube.com/watch?v=-E4cFon0CTg&amp;t=597"">9:57</a> That would be nice….because it is a bummer when my Costco doesn’t carry those items",4,,youtube
costco,Sourdough is the only bread I buy now. The others give me stomach cramps.,12,,youtube
costco,We love dates to satisfy our sweet craving and I always have a container full of dates stuffed with almond; sweet and crunchy,1,,youtube
costco,Always enjoy your content. You&#39;ve really opened my eyes to what im putting in my body and how to start living a healthier lifestyle relatively easily. It all starts at the grocery store!,1,,youtube
costco,I just bought Challenge spreadable butter with Avocado oil. I love it! Thank you for your food information. We have this and Kerrygold sticks. Very happy!,2,,youtube
costco,Love the Costco regional tour idea!,2,,youtube
costco,Bobby please tell Costco to bring back the Laird creamer in the large bag they use to sale.,1,,youtube
costco,"Thanks for mentioning the regional selection differences  I have a vacation rental in Palm Springs and was surprised and delighted with many items our Minnesota stores don&#39;t carry.  If you&#39;re even in Hawaii check out their store, it&#39;s amazing according to the YourTubes I&#39;ve seen, must get back there.",3,,youtube
costco,Like your new format with the sampling at home.,4,,youtube
costco,"Don&#39;t forget the Southwest, AZ deserves some love AND health❣️",0,,youtube
costco,I have been buying that sourdough bread for over 10 years now it’s the best! We make meatball subs with it and so much more!,2,,youtube
costco,"Yes, taking it home to try. Thank you so much for all your work for Us ❤",3,,youtube
costco,"I think on your app you need another stamp other than Bobby approved and not Bobby approved. A stamp for things not 100% Bobby approved but are really close and good for what they are, like those chips in the video",3,,youtube
costco,Thanks so much for these vids.  I was just diagnosed with T2D and this is so helpful in making eating healthier.,0,,youtube
costco,"All those chips, regardless of what they claim are still garbage you should never eat any of it and that’s the real body approved",1,,youtube
costco,"I hope we get the dates and sourdough in my area.  Definitely like that you take the item home, show how you prepare it and consume it.",2,,youtube
costco,"Love your videos,keep bringing it Booby.",2,,youtube
costco,Yes Bobby!!! PLEASE go to each region each month for the Costco vids!! We love you in the PNW🫶🏼,0,,youtube
costco,I like that you take them home and try them!,0,,youtube
costco,"Thanks, Bobby! I enjoy you taking the items home and letting us know what you think of them. I too get bummed when our Costco (Santa Clara, CA) does not have the items your warehouse house. I absolutely love the idea of you doing regional Costco trips.",1,,youtube
costco,"That would be great for you to fly to California and do a Costco visit once a month!  Also, thanks for trying out the products.",1,,youtube
costco,I’ve had the take n bake sour dough-it was fantastic,1,,youtube
costco,Love your Costco videos!! ❤,2,,youtube
costco,"My Costco had every one of last weeks items. I live in Florida. When I go to Minneapolis, MN they have a totally different selection. Thanks Bobby for finding all the items we can eat. Just diagnosed with Hashimotos and leaky gut. Appreciate you guiding me! P. S. Rose is adorable 🩷",0,,youtube
costco,"Bobby, It’s great that you take the  food home and try it. Great approach toward giving us a legit review👍🏽👍🏽👍🏽👍🏽👍🏽👍🏽👍🏽👍🏽",0,,youtube
costco,I love the pineapple coconut smoothie mix!!! 👍👍👍,1,,youtube
costco,Lairds coffee is delicious. Chocolate overtones and a full body. Love it,2,,youtube
costco,"Thank you Bobby for all the videos! Yes, take items home &amp; rate them. 😊<br>PS. Our grandson (12) has your app on his phone &amp; he uses it every time we go shopping. He’ll say… “Yaya, Bobby says no or Bobby approves. You can buy it.” 😂",2,,youtube
costco,"I find your channel very helpful in general. I hope you also consider the amount of salt these products have. Boulder Avocado oil chips has high salt content, 150mg per serving. So are Siete grain free chips with avocado oil. For healthy oil chips, I opt for Trader Joe&#39;s Potato chips with Olive Oil. It has almost half amount of salt per serving as the other two, 95mg per serving. It&#39;s delicious w/o this high salt content.",0,,youtube
costco,Tour de Costco sounds awesome that’s sounds like an amazing vacation,1,,youtube
costco,"Thanks, Bobbi for all your informative videos. I take notes so that when I’m at Costco’s, I look for the items that you’re talking about. I am in Rochester, New York. Many of the things that you talk about are in my or eventually come to my store. I would like to see if you could review some of the personal care items that they have at Costco‘s such as the skin care items and some of the new shampoos etc..",3,,youtube
costco,Brie cheese is at its best when it is properly ripe and starts to run. I’ll be picking up that brie and spreading it on my own organic sourdough bread!,3,,youtube
costco,"Thank you,🤩 Bobby!  Your suggestions make my shopping so easy to get quality products. I appreciate your channel.",0,,youtube
costco,Thanks for your knowledge ❤,1,,youtube
costco,Come to the southwest also. 😁,4,,youtube
costco,"Hello from NJ Bobby. About a year ago I saw you say Laird Hamilton&#39;s coffee creamer was Bobby Approved. I figured you like it, and it&#39;s in Costco so I bought stock in LSF. What a mistake. The only stock I&#39;ve lost money with. Hopefully you mentioning his coffee will get me back to even? By the way, I met Laird and his volleyball wife at Gurney&#39;s Inn in Montauk NY about 8 years ago. He was there promoting his movie &quot;Take Every Wave&quot;. I think it was in the Hampton Film Festival. 🎹🌊🏄‍♂👍",2,,youtube
costco,"Here’s a good idea of folks listen to this guy at two times to speed you’ll get through the video a lot fast faster, and you can still understand",0,,youtube
costco,"Keep trying out the new items.  Grand Cayman, Cayman Islands, Caribbean 🇰🇾 here. I use your app to shop here on island. I buy as much local produce as possible from our farmers market. Buy local beef and pork at our supermarkets. Thank you for  all you do Bobby. It has really helped my osteoarthritis, by eating healthy. I no longer need my medication. God Bless you and your family. 🙏🌴🌴🌴",0,,youtube
costco,"Like the idea of taking the food home and actually trying it, sometimes I hate buying something recommended only to find it doesn&#39;t taste very good.  Also, I have had it happen where the times you talk about are not available in my states Costco store, so every now and then checking out different stores is a nice idea.  Love your videos.",1,,youtube
costco,I love the idea of you going to different Costco stores!,0,,youtube
costco,I’ve been buying that sourdough bread pack for a long time. They’re so good and easy for quick dinners!,0,,youtube
costco,I can&#39;t believe they individually wrapped those dates.  That is so American.  I hope the wrappers are biodegradable.,2,,youtube
costco,bobby can&#39;t wait to see you in the northeast! it&#39;s bobby approved!,1,,youtube
costco,Yes please! Love your idea to do regional Costco videos! Texas please :),2,,youtube
costco,Great job improving your content Bobby! Definitely a more enjoyable watch seeing you cook the products and try them 😊,0,,youtube
costco,Love the app not a serious clean eater but do love the products you choose that are healthier. ❤,0,,youtube
costco,A disclaimer should be added to this video:<br><br>Most of the items shown are not available for purchase at your local Costco,0,,youtube
costco,Yes Yes Yes please go to Costco around the country and everyone will feel included!!!,0,,youtube
costco,Fear monger App Approved .,0,,youtube
costco,"Costco order submitted, missed a lot of these since my Costco doesn’t carry it. But thank you for sharing!",0,,youtube
costco,barley malt is made from sprouted barley,1,,youtube
costco,Tour de costco is an amazing idea,0,,youtube
costco,Costco has changed a lot from when I joined 4 years ago.  I don’t buy 1/3 of what I used to get.  I noticed the lines are never crazy long and there’s never really a wait even at self checkout.  Don’t think I’m renewing.,3,,youtube
costco,Bobby. I like you taking those items home to try them. Keep it comin&#39;!,0,,youtube
costco,Sourdough bread is already baked.  You just have to warm it up.,1,,youtube
costco,Come to Arizona’s Costco’s!!!,3,,youtube
costco,Like aa big Slim Jim.,0,,youtube
costco,"Pegi, aka Mrs. Kravitz!!",0,,youtube
costco,I&#39;ll  be back now ya hea.,0,,youtube
costco,"My challenge for myself this month prayer all 31 days and exercise for the same, I have a 10 pound goal and to lower cholesterol. Peace and blessings we can get there in Jesus name 🙏",0,,youtube
costco,Enjoyed this one! Your weight loss shows in your neck. Y’all are doing great!,0,,youtube
costco,Hey y&#39;all.<br>I&#39;m on my indoor bike while watching you again. 😂 I drink warm a first thing with a cap full of apple cider vinegar to start the day. Then I ride my bike for 30 minutes and then breakfast with second bottle of water. Sometimes put lemon or ginger in my water,0,,youtube
costco,I see the change .I&#39;ve spoke on it months ago.,0,,youtube
costco,We have another cold pressure system in and it&#39;s making my arthritis hurt so much I&#39;m in tears.  The local weatherman let us know.  One of my coworkers gets a migraine from it.,0,,youtube
costco,I have buffalo wing flavored Cheeze-Its in my cupboard.  Cheeze-Its are 100 years old.  I also like hot and spicy.,0,,youtube
costco,"Hey, Y&#39;all.. I&#39;m here for ALL THE MAYHEM, SHANANNAGAN and RIGAMAROW🤣🤣",1,,youtube
costco,"Hey pegi. Thanks for the video. That is so funny, I had the water experience last night also, for some reason I was so thirsty and I paid for it 😂. It reminded me why I dont drink water after a certain time.❤❤",0,,youtube
costco,The tear for the egg was so relatable 😅😭,3875,,youtube
costco,I’d cry too as expensive as eggs are lol,2501,,youtube
costco,"Crying about the eggs was too real! 😮😂<br>And for those of you complaining about the containers- it’s for aesthetics, relax. If you have an issue don’t do it in your house!",100,,youtube
costco,But...most things have their own containers already specifically made for it&#39;s contents. It&#39;s just so much extra plastic waste that&#39;s unnecessary,1647,,youtube
costco,The strainer! Can we talk about how awesome that is?????❤❤❤❤❤❤❤❤❤❤❤❤❤❤❤❤❤❤,867,,youtube
costco,"God, would you help me HELP MYSELF to get THIS ORGANIZED?! 😆 I LOVE this woman&#39;s organization!!!❤️❤️🔥🔥",188,,youtube
costco,This woman is absolutely amazing. From her cleanliness to her mannerism. This is my tribe.,1488,,youtube
costco,I wish I cared this much,517,,youtube
costco,The glass makes everything safe and taste so much better!,39,,youtube
costco,"&quot;Gadgets galore... u want thinga-ma-bobs, I&#39;ve got plenty..&quot;<br>Ariel ain&#39;t got shit on Operation Nikki 😂😂😂",227,,youtube
costco,Kerrygold is the Irish gold of butter! ❤,378,,youtube
costco,"Why are they judging? If they don&#39;t like seeing things being transferred from one container to another, then don&#39;t watch the videos, it&#39;s that simple. 🙄😒",7,,youtube
costco,This is so pleasing to watch. Aesthetic harmony is an underated value!❤😊,383,,youtube
costco,Girl you are funny! The crying with the $20 egg is real!  Love your channel!,366,,youtube
costco,Did you know you&#39;re eating very high-calorie foods? Grapes are especially harmful; they raise glucose levels and cause weight gain!,0,,youtube
costco,"You are definitely one of those &#39;a place for everything, and everything in its place&#39; kind of people. I need more of this.",632,,youtube
costco,God bless that delivery driver wow,524,,youtube
costco,Girlll!! Your videos are therapy to me! Thank you!! 🥹❤️❤️,19,,youtube
costco,I love your content and love how you boldly give praises to the Lord!,632,,youtube
costco,I just added up saving about $2500 a year from not spending money for things in a container to put them in another container! 😂😂😂,115,,youtube
costco,The tear from the egg loss😂,0,,youtube
costco,"You are such a diligent and clean person! I really look up to you for being so motivated and having so much energy to clean, organize and make your home so comfortable 🏠😊💯. Just gorgeous !",168,,youtube
costco,Your fridge is my dream,117,,youtube
costco,"In today&#39;s consumer culture, we have forgotten the taste of water.",1,,youtube
costco,Love her cleaning and organizational content.❤❤❤,158,,youtube
costco,I would love to see how you store your leftovers after decanting do you have another fridge in like your garage or something? I’m always so curious about that.,117,,youtube
costco,I was complaining a while back that I had to unpack my groceries and then it hit me that that is so spoiled behavior. There are people starving and I was complaining about something that starving people dream of doing.,1,,youtube
costco,When you cried when the egg dropped 😂❤,51,,youtube
costco,"It drained the life out of me when the door opened 🤣🤣🤣🤣🤣. But the best part? No driving, no picking things out, no long lines, no loading or unloading the car—just straight to packing away‼️",78,,youtube
costco,Emptying ketchup from its plastic container into another plastic container.,1,,youtube
costco,And girl I need a link on all your appliances and organizers,51,,youtube
costco,"Hold on can we just acknowledge the fact that you are looking really really good right now. Skin, body you are doing it girl. You are on a healthy track. Keep up the good work 💪🏽",149,,youtube
costco,"Do you ever have any liquids,  left over, such as, juice? If so what do you do with the rest of the container?",15,,youtube
costco,I&#39;m sorry but I&#39;m not about to not putting any drink that&#39;s already in a container 😂😂 to much extra work for yourself.,12,,youtube
costco,Im new to the channel and i just need a list of...👀👀 EVERYTHING used to clean-product and equipment!! Goodness that fridge is amazing!!,60,,youtube
costco,Y&#39;all really believe she eat this healthy 😂😂😂,1,,youtube
costco,Skin is always glowing ✨🖤 <br><br>Hair is always looking good 🩷✨<br><br>This woman is so beautiful inside &amp; out 🖤🩷✨,85,,youtube
costco,I just love how neat and labeled you keep everything. 👌 WOW,54,,youtube
costco,You are truly a good person.  I know God will continue to bless you and your family.  I was saddened to hear about the loss of your father and your hospital scare. Please continue to take care of you. ❤,1,,youtube
costco,You should put the expiration date on the dairy.,28,,youtube
costco,Okay our good Sis Mrs Nikki baby is loosing weight and looking absolutely stunning per usual putting those groceries away … 😂😂😂😂😂 I love 😍me some her,51,,youtube
costco,This reminds me of of the lady that shows you how to secure your hotel room so no one kidnaps you.. it’s just genius and so therapeutic,1,,youtube
costco,This seems like a stressful lifestyle. All that buying and unloading and reloading and labeling. Like come on,19,,youtube
costco,You are so incredibly organized! ❤,48,,youtube
costco,That index finger gets a workout 😅,1,,youtube
costco,"I just need to say, I am currently going through possibly the most stressful and difficult situation I’ve faced in my life, and binge watching your videos is what’s getting me through it right now. Thank you genuinely for creating such positive and uplifting videos and shorts.",79,,youtube
costco,I like your pj’s!  Your videos are so refreshing!,1,,youtube
costco,Oh need the link for the grape strainer!,24,,youtube
costco,So where do you put the rest of the juice that didn’t fit in the bottle?,26,,youtube
costco,Thanks for another video of how to get your ish together!! These gadgets I love 💕,1,,youtube
costco,This is insanely awesome,28,,youtube
costco,You are such a good steward over your things,91,,youtube
costco,I realize this is how you make a living. Probably close to a full time job.  Life is short.,2,,youtube
costco,The egg cry 😮😂❤,25,,youtube
costco,Love watching you clean and organize everything. Oh and your nails are always perfect. ❤❤❤❤❤❤,37,,youtube
costco,"Milk and beverages do not go in the door of the fridge it is the warmest spot, it should be on the lowest shelf which is the coldest spot in your fridge,",2,,youtube
costco,"My Sister, gets the refrigerator ready for the grocery haul🙌🏽🙌🏽 Your skin looks AMAZING, God bless🙏🏽🙏🏽🙏🏽😘😘",30,,youtube
costco,Yes Costco 🙌🏾<br>No walmart /Sam&#39;s,13,,youtube
costco,Keep the milk in the back of the fridge. It keeps it fresh longer and prevents the milk from spoiling or turning sour sooner rather than later,1,,youtube
costco,Felt that tear from the egg. This was so beautiful to watch. Good job taking care of your home and family.,30,,youtube
costco,I love how she wore gloves when handling the fresh fruit! Fruit can hold a lot of bacteria and wearing gloves can help your fruit last so much longer ❤❤,27,,youtube
costco,I swear watching you clean is so satisfying ❤,2,,youtube
costco,I&#39;m still schooling. I&#39;m gonna work really hard to provide those who I love wth a better life🎉❤.,16,,youtube
costco,I enjoy your short videos and those Costco hauls can be tiring but soooo much fun clean and organized with EVERYTHING you need is a BLESSING so let the fun begin 🙏🏿🦋🤗,16,,youtube
costco,Просто умничка. 👍Смотрю с удовольствием ваши видео,1,,youtube
costco,My favorite places to come get rid of my anxiety,27,,youtube
costco,Open sauces need to be refrigerated. All the sauce doesn’t fit in those containers soooooo where are the open bottles?,23,,youtube
costco,So fabulously organized!😄👏🏽👏🏽 And the tear 😢 just topped things off!❤ love this!,2,,youtube
costco,"Why put milk, OJ, etc in different containers?? You STILL have to recycle the original containers, so why not just leave them in those?",13,,youtube
costco,Love your fridge and how organized and clean it is. WOW your family is lucky to have you.,10,,youtube
costco,It&#39;s OKAY if you don&#39;t  do all of this extra stuff. You&#39;ll be fine 😂,1,,youtube
costco,i usually hate ppl that do videos like this but i’m absolutely OBSESSED with your life! your family is so beautiful,9,,youtube
costco,I really really really wish I had this motivation. I love how everything looks.❤,8,,youtube
costco,W oryginalnych opakowaniach też mogą być a co do lodówki i jej zawartości miliony osób  mają mniejsze i nie zawsze pełne,0,,youtube
costco,Very organized and beautiful. So important to not only take care of the external things but the temple as well. A lot of folks focus on possessions and tangible things and not their own bodies. There’s a balance they people don’t find.,12,,youtube
costco,What else girl . Speechless 😮. I can’t imagine. God bless 🙏🙏♥️♥️♥️♥️♥️♥️♥️,11,,youtube
costco,"I would not repackage the milk, because those glasses are not sterile. Milk will go bad faster.",2,,youtube
costco,"I feel terrible for laughing, but the egg was so funny😂😂 we love you Nikki!!🩷🩷",10,,youtube
costco,&quot;Look at this stuff. Isn&#39;t it neat? Wouldn&#39;t you think my collections complete? <br>I&#39;ve got gadgets and gizmos a-plenty<br>I&#39;ve got whozits and whatzits galore<br>You want thingamabobs?<br>I&#39;ve got twenty!<br>But who cares?<br>No big deal<br>I want more &quot;&quot;&quot; 🎶🧜‍♀️,4,,youtube
costco,You have products i didnt even know existed lol the strainer though 😍😍😍,2,,youtube
costco,SOoooo glad to see someone besides me puts their drinks in a cute bottle!! My hubby finally got used to<br>it but it took a while....😊<br>Love love your site..! Queen of clean with fabulous ideas!!!! Keep it goin!!!!<br>Blessings!!,25,,youtube
costco,I Am Happy 😊😁 that you are having fun 😊😌 with your gadgets and gizmos!!!,10,,youtube
costco,Costco eggs are  always jumping out on the floor 😂 That dang package!,1,,youtube
costco,"Love, peace, joy, happiness, success upon success wealth, abundance and infinite, divine blessings and love to you and all your family always shine and know you are enough just by existing thank you for all you do. I feel that all your videos are so genuine and the straight from your heart you deserve nothing but the best ✨✨✨✨✨🙏🙏🙏🙏🙏☮️💜🧿",4,,youtube
costco,"Beautiful Niki inside and out. I have ADHD , organizing, staying organized is one of the many many things that I have been always struggling and your videos are the exact motivation I need every time I go into procrastination mode, you motivate me you are my dopamine 💜💜💜💜💜💜💜💜💜💜🙏🙏🙏🙏🙏🙏🙏🙏🙏🙏✨☮️",4,,youtube
costco,Love your refrigerator set up. I find these videos so relaxing to look at.,1,,youtube
costco,Everytime I watch your videos I have to reevaluate my life. You are AMAZING 🙏🏾🙌🏾♥️,13,,youtube
costco,Nikki you bring warmth to my soul thanks,5,,youtube
costco,You are sooooo amazing. I wish I was more like you.....❤,1,,youtube
costco,I just love ur organization nikki....its very inspiring!!❤❤,4,,youtube
costco,Love Love your organization and creativity.  ❤,7,,youtube
costco,Her remarakable videos have lessons for all to absorb.,1,,youtube
costco,I love everything you stand for hon... are you looking to adopt😁😍!,7,,youtube
costco,"Ms Nicki, I just wanted to say you’re doing so well with your weight loss journey.",14,,youtube
costco,You got me cleaning my house for hours,1,,youtube
costco,I love your videos nicky🫶🏽<br>God bless you 😌,6,,youtube
costco,"My goodness, your energy! I need some of it!😄🥰",4,,youtube
costco,This can only happen in my dreams,0,,youtube
costco,I’m tired already! Only in my dreams!!! 🥰👉🙌Hats off!!!🥰💓💓💓,5,,youtube
costco,So satisfying to watch. I wish I was this particular .,4,,youtube
costco,"Mrs. Whisk, you do amazing parties and get togethers! It’s okay to take a break, if needed, when feeling overwhelmed. You inspire many whether you believe it or not.",10,,youtube
costco,I ONLY hype Kim’s channels! Both of them ..love ya Kim,6,,youtube
costco,YES!! Get the pool!!  🏝🌊<br>You won&#39;t regret it.,1,,youtube
costco,I’m roasting Brussels sprouts as you speak. I love them with Honey and Balsmic Vinegar when right out of the oven. Chefs kiss😋. Dorene,1,,youtube
costco,Hyped for my friend! Keep stocking up everyone. Pray all are well. ❤,1,,youtube
costco,We used to put hard-boiled eggs in tuna salad when I grew up in the 70s—so good.,2,,youtube
costco,Tuna celery green onions  and a relish of your choice  and HELMANS. YUM. .,0,,youtube
costco,"@<a href=""https://www.youtube.com/watch?v=XxIFwFKxWzY&amp;t=1203"">20:03</a> &quot;I hate everything about that.&quot; Girl. I can&#39;t imagine eating the sharp hairy skin! 😅 Also, TWO large Raos for $10?!?! Okay Costcooooo",2,,youtube
costco,Vegeta is a staple seasoning in Eastern Europe! It&#39;s delicious!,0,,youtube
costco,Keep the chickens in the coop for a few days to see how many are actually laying. I only let my chickens out a few days a week now they lay much better and stay out of my garden. ♡,1,,youtube
costco,I love that sweater/blouse top on you.  <br>I’ve seen it on you before.   Thanks for the Costco haul.  Can’t wait to see your vlog in the morning! 😊,4,,youtube
costco,Refill those fancy water bottles! Then you don’t have to replace,1,,youtube
costco,"Get the pool!!  It will never cost less than it cost today.  We waited and it cost $20,000.00 more for just the pool…hahaha….we shouldn’t have waited 👍",0,,youtube
costco,Hyped &amp; appreciate the haul video! ❤❤❤,2,,youtube
costco,You knooowwww I’m here for this!!!!,1,,youtube
costco,Hey party people 🎉🎉,0,,youtube
costco,Hyped and I’M HERE ❤❤❤.,2,,youtube
costco,You can put tuna fish rice and beans too they have a Starkest pouch.,1,,youtube
costco,Making your own Beef Tallow is real big in Turkey. Found that interesting and thought id share,0,,youtube
costco,Good haul,1,,youtube
costco,"If you can afford it, get the pool! 😎 Also you could get one of those frame pools? It&#39;s better than nothing and the only thing we can afford. 😅 Sure it&#39;s for being in the water more than actually swimming. Do you have alligators in your lake?",1,,youtube
costco,Good evening kim,1,,youtube
costco,Is that dog real or a figment of my Imagination ❤❤❤❤❤❤❤,1,,youtube
costco,You know it&#39;s going to be a good week when you get a new Kim video on Monday.,10,,youtube
costco,"Hello Kimberly, great haul. That&#39;s a really nice soccer ball. I tried kiwi one time and it was so sour that I didn&#39;t try it again. I&#39;ve drank drinks with kiwi in it and it was good. The shorts were so pretty that Avalena should like them. Take care and see you next time 🦩💖🦩",1,,youtube
costco,I just subscribed.  ❤ Bobby Parrish says the RAO’S Homemade Marinara Sauce is made from Low quality Olive Oil and is not Bobby Approved,1,,youtube
costco,"We’ve always had chickens. My daughter has 28 right now. Leave them in the coop until they lay in the mornings. Raccoons, possums, snakes, hawks, all love chicken eggs and chickens. <br>Seriously, don’t let them out until around <a href=""https://www.youtube.com/watch?v=XxIFwFKxWzY&amp;t=600"">10:00</a> or <a href=""https://www.youtube.com/watch?v=XxIFwFKxWzY&amp;t=660"">11:00</a>, or until after you hear their laying squawks. They’ll get used to the routine and you’ll get eggs. <br>If predators are coming for the eggs, they’ll come for your hens next.",0,,youtube
costco,Save the baby title and keep refilling in fridge for dinners,0,,youtube
costco,Mountain valley is the best water! I didn’t know Costco carries it,0,,youtube
costco,It’s so easy to just fry the corn tortillas and boil rather than buying those hard shells.,0,,youtube
costco,"Hey Kim, they always have Pellegrino on sale and your kids might like it!",0,,youtube
costco,Hi bestie! You so crae crae that&#39;s why you my bestie. We just alike.,0,,youtube
costco,Do you have iguanas  where your at in Florida?  They love eggs..,1,,youtube
costco,A lot of people put hard boiled egg in their tuna salad. Definitely not a necessity though! I do a mix of greek yogurt and mayo for mine. Scooping it on the spicy dill pickle chips!?!? YUM,0,,youtube
costco,Someone said Aldi has Owala dupe water bottles now for around 8 $$ Maybe grab some now before school starts again.... 🎉,0,,youtube
costco,So I will take your word on the kiwi 😂<br>They did look good until you tried to spoon it out hahaha,0,,youtube
costco,Do you have a link for your cotton candy maker?😊,0,,youtube
costco,We buy 1/2 a cow and I always ask for the fat. I make my own Beef Tallow. It is so good and better for you than all the other oils. I don&#39;t use much oil anymore. I use beef tallow or bacon grease. Not much butter either. It is easy to render down the tallow. Try it.,0,,youtube
costco,keep the chickens in their coop all fenced in so preditors dont get them,0,,youtube
costco,My husband is obsessed with that tuna and now our Costco is out and I don’t think it’s coming back.😢,0,,youtube
costco,Crows....crows will take off with your eggs like that,0,,youtube
costco,Kim have you heard skin issues start in the gut? Might try some gut testing or at least some probiotics.,0,,youtube
costco,U have a skylight?!?!??  I need help. Let me know if you&#39;re willing to do a vid on that and I&#39;ll send questions. Skylight YouTube is lacking!!!!,1,,youtube
costco,"Missing the baked goods, not gonna lie. Sigh. Ok, I&#39;ll wait. I&#39;ll have a kiwi instead. Oh, maybe not. Put them in your juicer. They&#39;re not supposed to be mushy.",0,,youtube
costco,"BTW, beef tallow is super bad for your heart. It IS indeed getting pushed to people via social media, but consult an RD and see what they say.",2,,youtube
costco,Wow. Waaayyy too many ads!,0,,youtube
costco,"Kim, do you work from a budget?  You spend so much on thngs you could make at home (eg lunchables), plus alot of food with natural flavors (bad for the kiddos/inflammatory)",1,,youtube
costco,Love it and I miss seeing the triplets!,122,,youtube
costco,Haylee you are GLOWING. ❤🤩🤩,52,,youtube
costco,I love when you do cosco haul i love it❤❤,29,,youtube
costco,You need to a better job of disclosing an ad,4,,youtube
costco,Costcos meatloaf and mashed potatoes are very tasty ❤,5,,youtube
costco,Yes on the meatloaf!!!,0,,youtube
costco,Love this ❤❤,8,,youtube
costco,I love these videos,8,,youtube
costco,Awww! ❤ i miss them triplets ... still love your videos ❤,3,,youtube
costco,Hey hay_hess I love your vids so much and have been watching for a long time I hope you see this comment as I enjoy watching all your videos and content ❤,9,,youtube
costco,Love ur videos,3,,youtube
costco,Love it ❤I miss seeing them little triplets,8,,youtube
costco,I miss the triplets!❤,3,,youtube
costco,"Oh, that new ring is cool. I’ll definitely get that at Costco.❤😂🎉",0,,youtube
costco,omg i love her sm,0,,youtube
costco,Love your videos ❤❤❤,0,,youtube
costco,The meatloaf/potatoes r so delish! 😋,0,,youtube
costco,Love your costco hauls. ❤....love you haylee !!  ❤❤,2,,youtube
costco,guys… the oura ring lowkey giving the ring from miraculous,1,,youtube
costco,Im Aaaabsolutley obsesseddd 😏,1,,youtube
costco,love these vids but i miss seeing the triplets ❤️❤️,3,,youtube
costco,"Niceeeee, I miss the triplets",2,,youtube
costco,Ahh love you are glowing,0,,youtube
costco,The way she had 300 items and showed us 3,0,,youtube
costco,NOT THE ALLIANCE RING,0,,youtube
costco,Pastured organic eggs only for those beautiful boys!  It matters ❤,0,,youtube
costco,Why you so pretty ❤❤❤❤❤,0,,youtube
costco,When can you show your kids I miss them so much,0,,youtube
costco,I love this,0,,youtube
costco,My mom has a oura ring,0,,youtube
costco,I love cosco meatloaf!!!!!!,0,,youtube
costco,"Seeing all these comments about “missing the triplets” is alarming to say the least. It’s so strange to me that grown adults have a parasocial relationship with these freaking TODDLERS!!!! Please girl, keep your children safe and keep them off social media ❤",2,,youtube
costco,Love uuu,0,,youtube
costco,I love Costco meatloaf,0,,youtube
costco,You are soooo pretty 🩷🩷🩷🩷,0,,youtube
costco,We miss the triplets ❤,1,,youtube
costco,❤️❤❤❤❤,0,,youtube
costco,It&#39;s my birthday today! Can u pin me please?,1,,youtube
costco,Not me thinking she was going to say 6-7 😂😂,0,,youtube
costco,I love cosco🤍🤍🤍,0,,youtube
costco,Energizer drink&#39;s 😳😳,0,,youtube
costco,I love whey protein😊,0,,youtube
costco,I miss the triplets so much🩷🩷🩷,1,,youtube
costco,Love meatloaf.,0,,youtube
costco,You should make videos,0,,youtube
costco,I just got news I’m pretty diabetic what are your tips?,0,,youtube
costco,Thats not just almond milk read your labels!,0,,youtube
costco,I’m eating a Kirkland protein bar rn,0,,youtube
costco,Hiiiiiii😊🎉😊🎉😊🎉😊🎉😊🎉😊,0,,youtube
costco,Why do you not show the tripltes,0,,youtube
costco,First 🥇,1,,youtube
costco,Im earlyyy,0,,youtube
costco,Is this sponsored? The endorsement went a little wild here,2,,youtube
costco,I am Greek,0,,youtube
costco,"Becareful because I heard eating alot of eggs can make you constipated, I dont know if its true 💙",0,,youtube
costco,Ooo early,0,,youtube
costco,Its the only thing I watch from this channel,1,,youtube
costco,how much do yall make,0,,youtube
costco,Love it! Next time though could you disclose the sponsorship in the video and not just the description? I had a feeling it was sponsored so I looked and it was. I’d like to be told from you directly if it’s a sponsor!,2,,youtube
costco,Please do not ever use plastic to heat meals in.,0,,youtube
costco,Please please please put the triplets in the vids,0,,youtube
costco,You videos are not the same without the babies,0,,youtube
costco,why don&#39;t you show your kids anymore?,0,,youtube
costco,Sadly the chicken from Costco is so gross 😕,0,,youtube
costco,You should he chickens there not that hard to take care of,0,,youtube
costco,Your videos are so boring and I can’t believe you have so many followers.  Nothing special,1,,youtube
costco,im over grocery halls why should people care hm you spend people literally cant afford $1.50,0,,youtube
costco,Love this❤,0,,youtube
costco,We miss the triplets ❤,0,,youtube
costco,We miss the triplets ❤,0,,youtube
costco,We miss the triplets ❤,0,,youtube
aldi,"If Aldi has a sense of humor, they’ll come out with a candle called Megan’s finger lol",21,,youtube
aldi,"Thank you for the heads up, Meghan!! I rushed over to my local Aldi and grabbed 2 favorites, the German Apple and Fruits of the Forest strudels!❤️✅",5,,youtube
aldi,ALDI’s new finds are always a mix of “why is this actually great?” and “why did I put that in my cart?” Curious what people are actually rebuying.,6,,youtube
aldi,Seems Aldi always has so many new things each week. Thank you for the fun review! Have a great day!🥰,7,,youtube
aldi,I always pick up the red cabbage and apple when it’s available 😊,3,,youtube
aldi,"My husband, excellent cook, makes smash burgers and puts the red lid pesto on it…omg, it’s really good!",0,,youtube
aldi,"1932 Mickey wore the green pants it was his first in  &#39;color&#39; appearance.  Nostalgic!  No, I was not around in 1932, just a Mickey fan. LOL",1,,youtube
aldi,I could eat all those dinner rolls😮😮,6,,youtube
aldi,"Red Cabbage and mashed potatoes, my Fave! Enjoy!",4,,youtube
aldi,Hey Meghan looking forward to another great video,5,,youtube
aldi,I like the jelly cookie 🍪🍪🍪 too😊😊😊,3,,youtube
aldi,I love the red cabbage. It reminds me of my German grandma’s homemade red cabbage!,1,,youtube
aldi,I am so glad for the eggplant cutlets that are now in.  Better than my moms. Shsssss😊,1,,youtube
aldi,The spritz cookies are delicious!,1,,youtube
aldi,"These are a joke, they smell like my finger. Lol😂😂😂 i think you might mean a campfire toaster iron. It&#39;s the tool you use.",2,,youtube
aldi,I like the pink grapefruit sparkling frost.,2,,youtube
aldi,Thanks Meghan!,2,,youtube
aldi,"Glad to know Aldis sells the tamales, haven’t seen them yet where I shop. However I did get them 1.00 cheaper at the supermarket by me called ShopRite for 7.99 and during the holidays they went down as low as 5.99.",1,,youtube
aldi,The 1st color show of Mickey he was wearing green shorts...,0,,youtube
aldi,The Mickey in green is the original mouse...Steamboat Willie....his nose is much more pronounced.,0,,youtube
aldi,It’s a hobo pie maker,1,,youtube
aldi,Red cabbage and apples is delicious!!,1,,youtube
aldi,Hi Meghan 😊❤<br>I laugh every time you say &quot;yonder&quot;😂😂..<br>My grandfather use to say &quot;out yonder&quot;😂😂😂,0,,youtube
aldi,Happy to C This Video 📸📷🎥 Tyfs 💖 Hug&#39;s &amp; Love Always Veda 💚,2,,youtube
aldi,"Megan u crack me up , the children steal😢your pad and the knee pads r stuck to u so the can’t 😂",1,,youtube
aldi,Hi Meghan!  Magnum Bars are YUM!  Just what you deserve for a treat!  ❤,0,,youtube
aldi,I&#39;m not good at crossword puzzles either 😪,1,,youtube
aldi,Thank you Meghan ~ I always look forward to Thursdays @ Aldis.  :),0,,youtube
aldi,Those wafers are delicious,0,,youtube
aldi,I wish you were my neighbor 😂❤,0,,youtube
aldi,The Priano sun-dried tomato pesto is a staple in my pantry. The secret to my homemade sauce that gets raves 😀,0,,youtube
aldi,I’ve only done Disney in not summer months. I think I might not survive if I had to go in the summer.,0,,youtube
aldi,We get red pickled onions on our quesadilla at Qdoba. Husband loves thrm. Guess I have to go back to Aldi&#39;s tmrrw.😊,0,,youtube
aldi,Try the red cabbage with apple slightly warmed.,0,,youtube
aldi,Fire pit lol,3,,youtube
aldi,I always hype these videos. Keep up the great work!,1,,youtube
aldi,Hi Meghan,0,,youtube
aldi,Thank you Meghan💖😉👏👍 I look forward to ur vlogs every week.,0,,youtube
aldi,Thanks for sharing!<br>💛,1,,youtube
aldi,Fire Pit.,0,,youtube
aldi,"The fire pit is what you sit around and make s’mores, lol. Thanks Megan for keeping us up to date on Aldi",4,,youtube
aldi,ALDI ❤,0,,youtube
aldi,"Me too! Can&#39;t do a crossword. But love Sudoku. <br>Also, Wordle, Quordle, Blossom, Spelling Bee, Connections, &amp; Strands... do half with morning coffee and the other half for night time ritual.",0,,youtube
aldi,Good Morning Miss Meghan.  I&#39;ll have to try those strudels.  Thank you.   🙏❤🙂,0,,youtube
aldi,54 grams of sugar in a drink???    Eeek!,1,,youtube
aldi,Love the tea...!❤,1,,youtube
aldi,"Hey Meg, could you read aloud that German Brand name? Everything they sell through Aldi is usually good, but I can&#39;t pronounce the name",0,,youtube
aldi,I tried the peach frost tea. It reminded me of snapple. I&#39;m excited for the chipotle chicken salad. My favorite was the lemon poppy seed but the chipotle is way up there too!,0,,youtube
aldi,You’ve Never Tried the wafer rolls….OMGggggg They’re So Good❣️❣️❣️ They taste like the chocolate filled bottom of the ice cream cones…The best part😋,0,,youtube
aldi,It&#39;s a fire pit. 😂,0,,youtube
aldi,The first welcome mat I thought it was really cute and I wish I could have it but my hens come up onto my porch and poop on it. So I know they would poop on my mat and I would be sad. 😅😅,0,,youtube
aldi,"When I was at Aldi&#39;s yesterday, I saw the pupusa and the empanadas. I wanted to try them, but I didn&#39;t have enough room in my freezer for them. I&#39;d love to see them in your review video. Then I&#39;ll make room in the freezer for them.",0,,youtube
aldi,You mentioned your 2nd channel. Can you tell what it is,0,,youtube
aldi,The lip kits are dupes for Kylie Jenner&#39;s.,0,,youtube
aldi,Fire pit?,0,,youtube
aldi,Uh. Fire pit😂,1,,youtube
aldi,Fire pit,0,,youtube
aldi,Fondue pot.,0,,youtube
aldi,"Meghan good morning you look so lovely today. Lots of great new stuff at the Aldi. Can’t wait for the review. See what you picked out for us. See you tomorrow or Saturday whatever day you decide to do the review. Sending you blessings, prayers, much love, and great big hug.",1,,youtube
aldi,I bought the Disney shorts outfits for my grandsons (3T &amp; M).  I also found a pair of Bluey socks!  I never even looked at the food.,1,,youtube
aldi,I&#39;m 1st YAY 😁,3,,youtube
aldi,Too Faced dupes maybe?,1,,youtube
aldi,I&#39;m so sad we just got back from Disney could&#39;ve used so much of this stuff🤦‍♀️🤦‍♀️,0,,youtube
aldi,"PU-PU-SAS.  Not sure how you got PA, it&#39;s PU-PU-SAS.",0,,youtube
aldi,You are so right about the size of Aldi! It is very manageable to go down each aisle and complete your list efficiently 👍🏻,18,,youtube
aldi,I like that you&#39;re teaching your little one how to bargain hunt and wait for  items.,1,,youtube
aldi,The pretzel hamburger buns r AMAZING!,1,,youtube
aldi,Get the restaurant style salsa! Green lid 1!! Its my always go too!,0,,youtube
aldi,I have found that getting the pack of 3 romaine hearts and cutting them for salads is cheaper and low effort. You’re doing great feeding a family for $162.,2,,youtube
aldi,"Girl, you look stunning! Love watching your videos!",0,,youtube
aldi,"I like aldi too. They have better prices. To save more money, I cut out snacks. I bake my own bread and have a veggie garden out back so I spend very little on produce, garden seeds are cheap, especially at Dollar Tree.  Lettuce and cilantro are easy to grow in spring and fall and tastes so much better.",3,,youtube
aldi,Make you own banana bread so easy,0,,youtube
aldi,I knew you would be over but not much!! I buy the organic beef too and it seems more cost effective or same price and much better ❤ love watching your hauls. I was telling my daughter how ive been watching you for 6 years now. Crazy,1,,youtube
aldi,"Even without make up Abby , u look great , those glasses fit , ur face . But any style would look good on you , really. I saw you , once at Aldi , remember I  waved at ya ,And said to u ,  im a big fan,  of u ,on  YouTube, I was so excited to see u there I go there a lot.  as I went inside ur were getting ur Curbside , back then. <br>Big Fan  ,  Blessings 🤗 Rachel",2,,youtube
aldi,I love that you shop your pantry first! I will have to keep an eye out for the banana bread mix on my next Aldi trip!,4,,youtube
aldi,Aldi Nutella is so good. I love Aldi. I&#39;ve been keeping up with these videos and have given myself the same budget for my family of 4. It&#39;s been going good. I love these videos and hauls.  ❤,1,,youtube
aldi,"Hi Abby. I always enjoy your Aldi hauls.  I shop at Aldi at least twice a week and I like to see what others get that I may be missing.  The brioche slider buns are so good, you will like them.  Love them red stickers!!",0,,youtube
aldi,I went to Aldi today and stocked up on snacks and only spent $90. Felt like I was stealing lol,0,,youtube
aldi,"Great examples of budgeting and using your pantry effectively<a href=""UCkszU2WH9gy1mb0dV-11UJg/medal-yellow-first-red""></a>",2,,youtube
aldi,"Oh Abby, please get romaine hearts and cut them yourself.  So much fresher and cheaper too!❤",0,,youtube
aldi,I will expose a secret..The Best to shop for Best Selection is Tuesday and Wednesday when the New Stock arrives 😋,0,,youtube
aldi,"Hi, Abby,  Would your hubby agree to be filmed while making the chicken strips?",2,,youtube
aldi,"Great video, Abby!  I look forward to them!  🥰",1,,youtube
aldi,I was gonna say you should’ve just gotten fresh burger for the price they want for the frozen and then you did. 😊 I thought it might go over a little bit because you got vitamins and a couple other things but all things that you need and I say feeding your family of six for that much money is excellent.,0,,youtube
aldi,Thanks for sharing! Can&#39;t wait to see the meals you cook up using these items. 😊😊,0,,youtube
aldi,The spicy tuna packs r delicious!,3,,youtube
aldi,Yay! New vid 🎉,2,,youtube
aldi,I love your videos!!!!❤,0,,youtube
aldi,My FAAAVVVs!,0,,youtube
aldi,I love your hauls and menu inspiration. Aldi is 45 miles either way so going to start making a 2 week list. Can you do that??❤️❤️🙏🙏,0,,youtube
aldi,Hi Abby I love your glasses they look great on you from Mrs Granny Ingrid God bless you and your family 🙏👋🧑‍🦳 I only have a little suggestion I was wondering maybe next time you can do us a nice enchilada dish. 🌶️💃🤗,2,,youtube
aldi,I said the same thing about the banana bread!! It&#39;s not here in Chicago either 😢,0,,youtube
aldi,I noticed you drive a Chevy Tundra....Ever think about a Dodge Ram?? It will protect your family in case of crash.  FTI:  Chevy and Ford are designed to crumble around you when involved in a crash. Dodge prevents that from happening 😊,1,,youtube
aldi,It&#39;s not bad. How much will this shopping lasts ? I like to shop for two weeks 😅.,0,,youtube
aldi,Do you like the Aldi pizza rolls? I have never seen them before?,0,,youtube
aldi,"Verdure , solo un po’ di insalata ?",0,,youtube
aldi,Isn’t the point of cash envelopes to only spend the 150? If you go over why not put a few things back you didn’t need to stay in budget? I assumed the point is to pretend you don’t have any extra money and have to keep it to the cash you have on hand? Just seems silly to me to do the cash if you have other options that you are ok to dip into if you go over 🤷🏻‍♀️,2,,youtube
aldi,Where is Winnie the Pooh 😭,15,,youtube
aldi,I guarantee you will find these on EBay with jacked up prices.,14,,youtube
aldi,I love a good Aldi&#39;s new finds.❤😊,2,,youtube
aldi,I’m so glad that Aldi has such a variety of different food that couldn’t be found in a regular store. Always want to try interesting things 😉👍,8,,youtube
aldi,"Hi I just want to tell you. How happy you make me, I used to wander around Marshall for hrs, I can’t drive anymore bc my  eyesight is bad, but you take me along with, God bless you thank you",22,,youtube
aldi,Cacio e Pepe = Ka-Kio EE Pepe,9,,youtube
aldi,"I was one of those people who got there early but I had a good excuse. I had to go into work at 10 and I knew that if I went after work, all the good stuff would be gone.",23,,youtube
aldi,i bought the Disney hats and later found out they were children’s sizes.  Donated them.,10,,youtube
aldi,"I bought the waterproof mascara, and I really like it! I hope my store carries it again.",10,,youtube
aldi,No I don&#39;t think I&#39;ll pick up any other Disney stuff but I was really interested in those lemon side tables😊,5,,youtube
aldi,Glad you went for us!  Thank you,1,,youtube
aldi,"Wonderful wafers! No, not picking up any of the Disney stuff. The iridescent stuff was cute, though. Love your green bracelet!",7,,youtube
aldi,"I have a baby blue pair of the clogs that I bought years ago at Aldi, they still look good!",3,,youtube
aldi,Love the Aldi&#39;s walk through 😊😊,5,,youtube
aldi,I&#39;m not buying anything from the Disney collection but they had some cute items. Thank you for taking us along with you and showing us this week&#39;s finds Ms Pretty 😊,2,,youtube
aldi,Hey fam awesome stuffs Happy Wednesday 🥰❤️💙💜💞🩷,9,,youtube
aldi,I love Mickey n Minnie….thanks for sharing,4,,youtube
aldi,Loving your nails.,4,,youtube
aldi,All of the sweets are making me hungry!💞,3,,youtube
aldi,Great walkthrough. Love the Disney stuff❤😊,4,,youtube
aldi,I’m buying the ears and backpack for my 4 year old niece’s bday. Thank you❤,3,,youtube
aldi,🐭 Cute stuff,6,,youtube
aldi,I might buy the ears white and hat that has all the characters.  😊,2,,youtube
aldi,Happy Wednesday ❤,3,,youtube
aldi,"When I got to the store I was lucky no one was in the Disney section. I got the Minnie Mouse backpack and matching wallet. Also got the wallet with Micky and friends, I got the eyebrow gel and the liner to try. Looking forward to next weeks ad as well. <br>Thank you 😊 for the walk through.",1,,youtube
aldi,Love pickled red onion for salads,2,,youtube
aldi,Those garden clogs are so cute!!,2,,youtube
aldi,Thank you for another Aldi Wednesday ❤❤ girl have a good weekend.,0,,youtube
aldi,Hey pretty I&#39;m on the hunt for the blue jean Donald Duck cap. Wish me luck LoL.,11,,youtube
aldi,I planned on trying both😊😊😊,2,,youtube
aldi,I love the hats they&#39;re cute 🥰,3,,youtube
aldi,Thanks for all the new finds you show - love it🎉,0,,youtube
aldi,Love your green bracelet- very pretty.,17,,youtube
aldi,"I&#39;ve gone on a Thursday, and everything was gone 😢",3,,youtube
aldi,Cleveland Kitchen is a good brand. I love there kimchi.,1,,youtube
aldi,❤❤❤❤❤❤❤,2,,youtube
aldi,"i went the morning of 4/29 too at around <a href=""https://www.youtube.com/watch?v=oFk58nf5B4c&amp;t=570"">9:30</a>. was surprised that only 3 other people were looking at the disney stuff with me. they were really just looking at the shoes though. i was in a hurry (had to go to work) so i bought 1 of every mickey ear headband, the white tennis dress, and 3 backpacks figuring i will just return stuff later. i do think the wallets are really cute but i   already have  a little organizer that works perfectly for me. i did not see any candles at my location. those scents sound like they smell really good though.",0,,youtube
aldi,Hello to you  i just hype your video  love your content,0,,youtube
aldi,Thank you,0,,youtube
aldi,"Good afternoon everyone ☺️🌅💜😎 I&#39;ll go to Aldi tomorrow, I&#39;m not looking for any Disney items. They will be gone probably! Ok with me. I want some other items though 😉",5,,youtube
aldi,Most Aldi stores in NYC don’t have nice things like they do there’s (Manhattan),1,,youtube
aldi,"My store was a mad house in the Disney section. I picked up a bucket hat, apron, kneeling pad, body scrub. But next week is going to have some goodies. Thanks for sharing 😊",9,,youtube
aldi,"I was blessed to have the disney section all to myself... i was there early and noone was looking at them. <br>I got 3 of the backpacks (pink Mini mouse, Mickey and friends, and the iridescent one). 🎒  Then they had water bottle bags and i got 4 wallets, 2 sets of earrings and both keychains plus 2 water bottles 😂 <br>Yup, went alittle crazy.",6,,youtube
aldi,اعطوني افتح محل في السعودية اسميه توتا ديزني🥰🩷🩵❤,0,,youtube
aldi,Hey friend great video,5,,youtube
aldi,It&#39;s pronounced Ca ch eo 🇮🇹,0,,youtube
aldi,佢哋係親兄妹嚟㗎，咁樣做唔得囉,1,,youtube
aldi,Disney again? Nothing Disney.,0,,youtube
aldi,Disney stuff is so ugly i&#39;m sorry <br><br>why would you cover yourself in brand names and rat iconography,0,,youtube
aldi,Please be careful storing avocados in water. They breed listeria,6,,youtube
aldi,"I love how your video proves that it is cheaper to eat healthy. Ultra processed food keeps you hungry and addicted but what you bought was whole foods to feed a family for a week for $50, can&#39;t beat that! Good job!",13,,youtube
aldi,"Really loved this video. You&#39;re the first person to devide your budget into sections around the shop, genius",2,,youtube
aldi,those sprouted breads are awesome as a type 1 diabetic I always look for red stickers on the bread and freeze it!,3,,youtube
aldi,Such helpful tips!!!  Thanks Lori.  Your videos are my favorite 😍,1,,youtube
aldi,Love that you broke your spending into categories!,0,,youtube
aldi,"I really enjoyed this. I feel like I hit the lottery when I find a fifty percent off sticker on something I would buy anyway.  And, the organic, whole milk yogurt is the best. My Aldi sells out quickly, so when I see it, I buy two or three. It keeps well past the expiration date.  You&#39;re a lovely person.",1,,youtube
aldi,I saw french toast when I  saw the breakfast bread. Make a batch and freeze it. No need to buy frozen ....very convenient to warm up quickly on a busy morning.,4,,youtube
aldi,Those 16 bean blends are great to use in chili,2,,youtube
aldi,So well explained and so NECESSARY!  Thank you so much!  Well done!,0,,youtube
aldi,"I do love that Aldi greets you with the real food 💗 I am so overstimulated by other grocery stores. At Aldi I can do my week&#39;s shopping in about 15-20 minutes after work, and it definitely cuts the cost by at least 30%",1,,youtube
aldi,"Have you ever tried to make your own yogurt? It’s not that hard and if you go through a lot of it, it may be worth it for yall. 😊",2,,youtube
aldi,This was a grear video.  Lots of good ideas.  Aldi is my go to store.,2,,youtube
aldi,Very helpful. Thank you,1,,youtube
aldi,Aldi is where it’s at! Love your tips!,1,,youtube
aldi,I really liked this video.,0,,youtube
aldi,Thank you,0,,youtube
aldi,This video was for me! We just got an Aldi&#39;s in our town. It&#39;s been open three days. These tips are going to help me so much! Thank you!!,0,,youtube
aldi,"Excellent. I live in Tampa, FL &amp; I have at least 4 newly renovated Aldi stores within 15 min. of my house. This grocery haul would of been 40-50% higher at Publix! I love Aldi.",0,,youtube
aldi,very well done,1,,youtube
aldi,"I really enjoy watching your videos. I would of loved to see more of the Aldi prices and selection of items in this video though. You barely showed what was available. Maybe next trip can slow down, and show each aisle, the sales and what you purchased &amp; why at the end of your video? <br>👍",2,,youtube
aldi,"I love Aldi. I really love finding the red sticker deals, but I haven&#39;t been as lucky with finding them lately. If I go more often, I find them more frequently! Thanks for the budget tips! ❤",0,,youtube
aldi,I remember I spent $20 at Aldi once a few years ago. I came out with 2 full shopping bags of vegetables. <br><br>We&#39;ll never see prices that cheap ever again 😞,0,,youtube
aldi,I might need to start driving the 30 minutes to Aldi. If I can save on the 50% off stickers it will stretch our budget so much more. Whole chickens are like the gift that keeps on giving.😁,0,,youtube
aldi,"So interesting seeing bargains at larger chains. We only have 3 different supermarkets in New Zealand that I can choose from, so we don’t get real bargains because there isn’t that competition. Beef mince right now is around $30 a kg, butter $8 a block. Thank you for showing me around your store ❤😊",4,,youtube
aldi,"It is California strawberry season. Here in Seattle,  Kroger/QFC has 1 LB strawberries for $2.",0,,youtube
aldi,I understand going to Aldi as a one stop shop is easy but one thing I’ve learned in my area is Aldi isn’t always cheapest at all.,0,,youtube
aldi,Azure sells Sprouted whole grains! My parents buy it and ground the wheat berries to make their bread! We buy their regular organic flour or wheat berries because it’s cheaper but my dad has to have sprouted grains. Just thought I’d let you know in case you wanted to try making your bread with it!,0,,youtube
aldi,"In all the years I have shopped at Aldi never, but one time got a price off and it was 30 percent on a whole chicken. I live in Auburndale, Florida. hardly ever see anything with the red stickers here. Love your channel.",0,,youtube
aldi,I hyped...I love your hair! ❤<br>We have sucky Aldis here ( we are in Walmart country),1,,youtube
aldi,"Or skip the meat and cook with beans and lentils. You can serve 8 servings with a pound of beans. You can buy pinto beans for 2 pounds for about $2. So16 serving for about .14 cents per serving. Add a high nutrient starch, vegetables and fruit.",0,,youtube
aldi,Hello Lori I agree with potatoes being a great building block for meals but I gave up on aldi potatoes I just have had really bad luck with Aldi potatoes now Sam&#39;s club potatoes last for 6 weeks at least and they are $4.35 for 10 pounds.  Now I will tell you I love aldi for anything else.  I love aldi meats when I can get a family pack of chicken thighs 50% off and get a pack for $3 I buy as many as I can get.  We made those beans last week and used a hambone some celery and onion it made a very good bean soup.  Thank you for a great video Lori sending you lots of hugs and ❤!,0,,youtube
aldi,Does aldi reduce prices on meat on certain days or is it random? What about red dot stickers?,0,,youtube
aldi,Have you try to do a mix of Aldi and Costco for groceries??,0,,youtube
aldi,What day of the week did you find those deals??,0,,youtube
aldi,What ever happened to grocery prices going down on day one??? They are higher and higher everyday.,0,,youtube
aldi,FYI. Strawberries are in season in February,0,,youtube
aldi,"Wow , I did not know i could frezz avocado. Do you just frezz them whole in the skin ?",0,,youtube
aldi,"Now, now, our President says he eliminated Inflation.",0,,youtube
aldi,My aldi.never.has discounted meats,0,,youtube
aldi,I think aldis protein pancake mix is actually so much better than Kodiak. It makes great waffles too!,3,,youtube
aldi,The protein bread is my fave.,1,,youtube
aldi,Great grocery haul. Im going to have to look a little better at Aldi. You have some good finds,8,,youtube
aldi,We just got back from Aldi’s.  Unfortunately a lot of the veges were out of stock.  We had snow here for several days so now everyone is stocking up.,2,,youtube
aldi,Thanks Nikki! I need to go back to shopping at Aldi,2,,youtube
aldi,Thank you for including Aldis . I try to only shop there . My husband is unemployed and it helps to keep down our grocery list.,6,,youtube
aldi,Just wanted to say thank you for your videos.  You have helped me so much to be able to explain things to my mom about losing weight.,3,,youtube
aldi,Sorry you&#39;re feeling under the weather. I really enjoy this type of video that you share. I make out my Aldi shopping list while watching. Thanks and I hope you feel better soon!,5,,youtube
aldi,"nice haul, I  will check some items out that you mentioned.",1,,youtube
aldi,I recommend trying poblano peppers instead of green bell pepper.  They are delicious and would be great in your veggie mixes.,1,,youtube
aldi,"Omg, I love that you put the price of the item that you bought. Thank you!",1,,youtube
aldi,Thank you for displaying the nutrition label!,1,,youtube
aldi,"Love your &quot;hauls&quot; because you tell us what you use the items for, which is so helpful.  Thank you!",8,,youtube
aldi,Thanks for sharing. Love that you share how you use these as it gives me ideas.  ❤,0,,youtube
aldi,Hyped it up. I love these hauls and love when I go to my Aldi and can actually find the same items if I’m interested. We just had potato soup so good! I’m going to make potato hash and I’m thinking of getting some sweet potatoes for next weeks hash.,1,,youtube
aldi,I just tried chia seeds!  Can you give me recipes please?,1,,youtube
aldi,Can’t wait to see your opinion on those cookies!,0,,youtube
aldi,So now I’m confused because my app updated shows potatoes do have points?,1,,youtube
aldi,Great haul,0,,youtube
aldi,"I used to buy that turkey breast lunchmeat at aldi, but I just joined Costco, amd you have got to try thier Kirkland brand turkey lunchmeat, its SO GOOD! You&#39;ll never buy the other one again 😆 😊😋😋",1,,youtube
aldi,These videos are so helpful!  I make my grocery list while I’m watching. Totally forgot I needed frozen veggies until you held them up. <br>Has Adam tried the Aldi brand cold brew?  Personally I love it!!  Pretty much the same as Stok (imo) but cheaper. <br>Have a great Friday.,1,,youtube
aldi,"🎉❤ #5 ❤🎉 <a href=""UCzH60ksnMwDrMz3YmDHUJ0w/ll7KZuz8NvSn_9EPqqrIqAM""></a><a href=""UCzH60ksnMwDrMz3YmDHUJ0w/ll7KZuz8NvSn_9EPqqrIqAM""></a><a href=""UCzH60ksnMwDrMz3YmDHUJ0w/ll7KZuz8NvSn_9EPqqrIqAM""></a> My WW app updated today 😮 Not sure I&#39;m a fan!",5,,youtube
aldi,"Another thing - have you ever seen the Tik Tok where someone fills their ice cube tray with those elevation protein milks, and then mixes those ice cubes with coffee and protein powder for a low-calorie protein shake? I saw it on the plant slant and it sounded really good. But I couldn&#39;t find the Fairlife shakes anywhere. And then people talking badly about Fairlife anyway.... So I grabbed those last week, but I haven&#39;t made them yet because it&#39;s too cold here for iced coffee!",5,,youtube
aldi,"Hello Nikki And Adam and Trevor, Thanks For Sharing Your Aldi&#39;s Grocery Haul❤️😋I Went To Aldi&#39;s A Few Days Ago And Stocked Up REAL GOOD At ALDI&#39;S Too. I Buy Alot Of The Foods You Buy. I Love Aldi&#39;s. They Have A Great Variety Of Healthy And Delicious Foods. God Bless You And Your Family And Your Fur Babies Too.🥰👍👍👍😋😋❤️🐶🐶🙏🙏🙏✌️✌️✌️",0,,youtube
aldi,Thanks for the video ... we are getting an Aldi in town soon and I always like seeing things they sell there!,0,,youtube
aldi,The shredded chicken is my usual lunch in a low carb wrap. How many days after opening do y&#39;all think it is safe to eat? Same with the 90/10 ground beef and chicken thighs.,0,,youtube
aldi,"For low point syrup, if you haven&#39;t tried Hungry Jack zero sugar, if not you should! I&#39;ve also become a huge fan of the G. Hughes sauces. Honey Bbq, hickory bbq, sweet chili and teriyaki are all very yummy!!",0,,youtube
aldi,How do you know the points for weight watchers?,0,,youtube
aldi,"Somebody needs to invent some new green veggies...I&#39;m tired of all the existing ones.  LOL.  We eat zucchini/onion sauteed with several different seasonings.  Taco meat is a BIG seller around here.  I Iike making bakes with it...Chris uses it with eggs for a taco omelet for breakfast...nachos, taco pasta...the possibilities are endless!  I keep seeing shaved steak and shaved chicken breasts at the store, and I keep wanting either or both, but haven&#39;t done it.  I should!  Those ciabatta rolls are good!  I got some last time I flew through Aldi.  Pretzels....I got some protein ones called &quot;Fitzels&quot;...and they are soooooooooooooo drryyyyyyyyyyyyyyyyyyy....woof.the flavor is okay, but OMG....it&#39;s liike eating baked sawdust.  That was quite a haul!  Good job!  Thanks for sharing.",0,,youtube
aldi,How many points is the rotisserie chicken?,0,,youtube
aldi,"Hi Nikki, I hope you are starting to feel better! I actually have sort of an unrelated question to this video but I&#39;m posting it here in hopes that will raise the chance of you seeing it. I notice in some of your videos you show clips of you rollerskating! Last year my daughter and I got rollerskates, and I was having a lot of fun with it, but as I was about 35lbs overweight I feel like it possibly affected my balance. I ended up falling and injuring my tailbone which is only now JUST starting to feel better. I am curious about if you picked it up during your journey or if you always rollerskated/rollerbladed (prior to your weightloss) - if so, was there a noticeable difference now that you&#39;ve lost the weight in balance/ease? I just watched another one of your videos about choosing exercises that are enjoyable and I totally agree, I bought a mini-trampoline so I&#39;ve been rebounding (really fun!) and I&#39;m really hoping to get back to skating this year because I injured myself within 3 weeks of getting them &lt;/3 I still have 25lbs that I&#39;m hoping to lose and I am trying to work through my gym anxiety, but doing dumbbell youtube videos in the meantime. You mentioned in a video how helpful it was for you to go into strength training/exercise not with a weightloss mindset but a future health mindset, and the healthy eating was for weightloss. I love that and am adopting that perspective! Anyway, thank you so much for all of work you put into these videos. I have been doing a deep dive and it really helps me stay on track!",0,,youtube
aldi,"I bought the oatmeal cookie protein powder when it was in the plastic container. Honestly, I didn’t like it in a protein shake. I thought the taste was odd. I ended up using it in baking (pancakes, muffins, etc.) and I found it better for those types of things. I don’t know if they changed anything in it when they changed the packaging.",0,,youtube
aldi,I wonder how many points it would be to put the string mozzarella cheese in the 2 ingredient dough with prezel seasoning on it.  You made those Jacksonville cheese hot dogs in your appetizer for Super Bowl video.  I just thought that might be an idea for another video? I LOVE your videos. Thank you for all of your practical ideas.  I am making ALL of your appetizers for my super bowl party.,1,,youtube
aldi,"I feel that you might need to put a disclaimer on the points. Not everyone gets the potatoes free. There are fruits in certain plans, (diabetes) that are not free. If a new to WW person is watching you and they hear you say check your zero point foods because they might not be the same as mine, it might help them.  I absolutely love your videos however that is one area to consider changing.",0,,youtube
aldi,At my grocery store the pasta is $2.99 at Aldi it’s $2.15,0,,youtube
aldi,Will you please do a video about the new updated app? A walkthrough of some sorts?<br>I hate it <br>Way way way too many steps compared to the previous format!<br>I’m thinking of canceling my membership since I will no longer be using the app. <br>So disappointed,0,,youtube
aldi,I used your apple after dinner trick and it works great! Sometimes I&#39;ll have a bit of peanut butter too and it is actually very satisfying 😊,13,,youtube
aldi,I love those vanilla protein drinks!,2,,youtube
aldi,"I always appreciate your flexibility and go with the flow attitude. It helps me so much to stay on track -  even if ingredients, point values, etc aren&#39;t exactly what I&#39;d planned for. With food I tend to have black&amp;white thinking. If everything isn&#39;t exactly as expected, I feel like I&#39;ve failed, or that it won&#39;t work for me, then feel like giving up. I love how you just happily use what you&#39;ve got, and make it work. I keep this in mind all the time and it&#39;s so helpful! 🙏🏻💜",3,,youtube
aldi,"Hello Nikki, Thanks For Sharing Your Aldi&#39;s Grocery Haul With All Of Us. I Went A Week Ago And Stocked Up REAL GOOD At ALDI&#39;S Too. I Love Aldi&#39;s Frozen Blueberries And Their Other Frozen Fruits. I Am Hooked On Aldi&#39;s. They Have So Many Different Healthy Foods And Are So Affordable. Their Paper Towels Are Really Good Too. God Bless You And Adam And Trevor And The Fur Babies Too. 👋👋👋👍👍👍😋😋😋🐶🐶🐝🐝🐝🐝🙏🙏🙏",1,,youtube
aldi,Just hyped the video!🥰🙏👏 I love your fun hauls from various stores.😊❤️ It is also nice and very helpful that you briefly mention how you use the items.😊🙏,4,,youtube
aldi,The protein puddings are soooo good!,3,,youtube
aldi,"Thanks for another Aldi video!  Love how you put the prices at the end too!  It&#39;s not here yet, but hopefully in the next few months.",4,,youtube
aldi,Great haul,1,,youtube
aldi,Good evening Nikki,0,,youtube
aldi,"Ooh, Jalepenos popper pasta? I hope I can find that recipe. I definitely need to rotate in a few new dishes.",3,,youtube
aldi,Have you shown making the sauce from the tomato paste on your channel? I don’t know why that’s literally never occurred to me before 🙈,0,,youtube
aldi,"You make it look so easy! I am 56 now and it just seems so hard to lose weight. But, I know that I need to work the program better. I just wish I had the drive that you have to stay consistent.  Thank you for another awesome video! Happy April!",1,,youtube
aldi,I always love all your content!! You help me soo much!!  Im now addicted to Cosmic apples😋,0,,youtube
aldi,"I really like the Aldi vanilla protein pudding. I add some fruit for a tasty dessert. I get the profeel protein pudding as well and it’s like eating chocolate mousse. <br>I don’t follow WW points but I think it’s worth the points/calories compared to eating other options for dessert or snack.<br>Your channel is a great example that you can lose weight eating, delicious food, and it doesn’t have to be grilled chicken and salad every day. This is the type of eating plan that has helped me lose 80 pounds.",1,,youtube
aldi,"I haven&#39;t shopped at Aldi yet, but thanks for the shopping haul and the great info as usual.",0,,youtube
aldi,Great haul. Love Aldi ❤,0,,youtube
aldi,"Hey Nikki, so glad to listen to another one of your videos. I enjoyed the one you did two days ago. I thought it was very informative and very helpful. I really enjoy watching you do your meal prep and listening to all the things that you cook. I know I wrote you and I know you weren’t able to write me back that night but hopefully you read the comment of everything. I said I’m feeling a little bit better today than I was two days ago but now I’m having issues from the two antibiotics that I’m taking. It’s been a crazy trip over the last few weeks. Had a lot going on with my house getting it clean and everything now thank the Lord it’s done. My mom really stepped in and helped out so I’m really happy about that. Hope to hear from you and hope you have an amazing amazing rest of your week. Hope to hear from you and hope to hear from you on Thursday.",1,,youtube
aldi,Good Aldi grocery haul. I bought the pretzel thins there and I really like them,1,,youtube
aldi,curious about Aldi,0,,youtube
aldi,"Hi Nikki, love your videos, and the recipes.  I have been doing WW for a while now, but have to stop the payment.  Your recipes will become even more valuable to me then,  Your Aldi stores have a much wider range than ours in Australia, lucky you.  Best wishes, Beth",0,,youtube
aldi,Good haul Nikki.,0,,youtube
aldi,⭐️#3⭐️ Liked &amp; Hyped,1,,youtube
aldi,Yesterday my eating was off the rails. It happens but I’ve still had weight-loss and I’m back on track today. I still track everything in WW when I’m not making the best choices.,0,,youtube
aldi,Hi Nikki...Can you and Adam try the protein puddings on your next snack review?,0,,youtube
aldi,"Huh, all in, no weekly points? Hmmm. I&#39;ll have to look into that. I was in trouble with weekly points, but I&#39;m not sure how I&#39;d do without.  LOL!",1,,youtube
aldi,"I never used canned or jarred spaghetti or pizza sauce. Just love to make my own 👍 I&#39;ve been blending Avocado with some plain cooked potatoes  &amp; a little water to get the right consistency, add a little salt garlic and lemon makes a creamy dip or dressing. ( you can even add ranch seasoning and make it like a dressing. Actually really yummy !",0,,youtube
aldi,Would love to know what you marinate the chicken in &amp; how you cook it - it looks great!,0,,youtube
aldi,I&#39;ve never seen those pudding cups. They need to be in the next snack review. That chocolate milk and the other 2% like it rival the &quot;big brand&quot; and are amazing. I also love the Aldi brand Fiber one dupes. The chocolate are amazing and the coffee cake ones taste like the pumpkin Little Debbies they sell in the fall.,0,,youtube
aldi,I would love to do weight watchers but with my health issues potatoes and grapes are no no’s for me 🥺,0,,youtube
aldi,"My dietitian just recommended those protein puddings to me. A client told her they were good. I have been buying the pro-feel when I am at a store that sells them. I don&#39;t like the chocolate mint, could take or leave salted caramel, but the chocolate is very good and there&#39;s something like 15 or 20 grams of protein, and only 5 grams of sugars. I haven&#39;t tried the Aldi ones yet",1,,youtube
aldi,"Nikki, do you cook your veggie mix or use it raw???",0,,youtube
aldi,Have you tried twisted dough? I have been getting the little sample containers and it’s just enough for my sweet tooth. Some of them are low points,0,,youtube
aldi,"I&#39;m sorry, can you please explain what you mean by &quot;creamies&quot;?",1,,youtube
aldi,Why do you get canned corn over frozen corn? I find frozen corn so much better tasting... anyways great haul... i wish I had an Aldi,1,,youtube
aldi,where can we find your book,0,,youtube
aldi,"I wish I could find that ham here. <a href=""https://www.youtube.com/watch?v=6mEk4Kr3WRU&amp;t=856"">14:16</a>",0,,youtube
aldi,Soon they are going to put what isn&#39;t  zero point foods because there will be less of them!!!,0,,youtube
aldi,What?!? No bell peppers?!?😂,1,,youtube
aldi,"Nikki, I&#39;ve been binge watching your videos and you have totally motivated me to join WW. I&#39;ve done calorie counting in the past, it worked but it just wasn&#39;t sustainable for me. I am finding the point system to be so much easier and I really don&#39;t feel like I am depriving myself. Wishing you and Adam continued success on your journeys!",16,,youtube
aldi,Freeze your grapes when they seem to be going bad quickly. Sweet frozen treat,4,,youtube
aldi,"I pretty much do the opposite of eating from what you do for weight loss and health.  I avoid all the produce and head straight to the meats. I look for the fattier cuts of meat like the 75 or 80% ground beef,  ground lamb ,thin sliced ribeye steaks, NY strip, grass fed hot dogs and bacon.  Next I get the Irish butter, whole fat plain greek yogurt and sometimes the sour cream and cream cheese, organic half and half. For Cheese I like the wedges  of parmesan and the Irish mature aged cheddar.  If they have it the plain logs of goat cheese.  In the freezer section I look for the fattest cut of burgers, wild caught fish and shrimp.  Canned items would be sardines in water and canned salmon and canned Chicken.   Bone Broth in beef and chicken, single serve containers.  Coffee I get the high altitude or the organic coffee.   Eating a high fat Carnivore lifestyle has drastically improved our health and weight loss without having to track what we eat.  We now eat twice a day and eat til you are full.   No more eating of foods with high levels of glyphosates, oxalate&#39;s our bodies don&#39;t need. No cravings for sweets, no brain fog, tons more energy, no skin issues, thicker healthier hair, and we sleep on average 8 to 10 hours a night.     Eating this way has simplified our cooking and reduced our grocery budget as well as we have no food waste anymore.",2,,youtube
aldi,love seeing healthy options from aldi,0,,youtube
aldi,I love your videos! Would you ever do a grocery haul and include the recipes you will use that week!?,3,,youtube
aldi,"Hello Nikki, Thanks For Sharing Your Aldi&#39;s Grocery Haul With All Of Us. I Went To Aldi&#39;s 3 Days Ago And Stocked Up REAL GOOD TOO. I Love My Aldi&#39;s. Their Prices Are SO Reasonable And Their Food Is High Quality TOO. And They Have ALOT of Healthy Options..God Bless You And Adam and Trevor And Your Fur Babies Too. 🤗👍🐶🐶🙏🙏🙏",2,,youtube
aldi,I like frozen grapes.,2,,youtube
aldi,"would never think to buy that, thanks for the ideas",0,,youtube
aldi,I use old fashion oats in my meatloaf- so much better than bread crumbs.,1,,youtube
aldi,this is exactly what i needed for meal prep,0,,youtube
aldi,love aldi for weight loss ideas,0,,youtube
aldi,"When buying grapes, always look for a green stem and wash in vinegar and baking soda for 10 minutes, then rinse and let dry on kitchen towels before putting in the fridge",5,,youtube
aldi,I love avocados. We have an avocado tree that is overproducing delicious avocados. I do need to use some sparingly.,1,,youtube
aldi,I like mixing cottage cheese with frozen strawberries or halved grape tomatoes.,2,,youtube
aldi,Hey. Make a video of you getting the Burger King Sponge Bob meal. Not remotely WW friendly or related but it would be fun to see the world’s biggest Sponge Bob fan react to the BK meal. 😁,1,,youtube
aldi,Thanks for another great video,0,,youtube
aldi,this is super helpful for my grocery list,0,,youtube
aldi,omg those snacks look so good 😍,0,,youtube
aldi,just binging on ww videos now and then weight watchers videos loving ur grocery hauls.etc. love aldis thanks for sharing always can go back then and now of urs and other ww contenters great content of foods and great ideas when I need things from aldi y&#39;all take care nikki stay safe be careful stay hydrated stay prayerful and stay safe hello to all don&#39;t forget the little doggies In God we trust God blesses us all!!!!!!,1,,youtube
aldi,"super helpful ideas, gonna try some of these meals",0,,youtube
aldi,this gave me some good ideas for meals,0,,youtube
aldi,Thank you Nikki. I love your sweater!,1,,youtube
aldi,Those caramel rice cakes are really good with peanut butter.,0,,youtube
aldi,"I too enjoy an apple as my dessert. I buy the biggest ones available, very satisfying. Love this Aldi haul.",0,,youtube
aldi,"Nice haul! I love your videos and your journey. You’ve done really good! I use and do some of the things you do but I’m trying to lose weight and get my cholesterol down.  So only once a week red meat and had to cut out sausage, cheese, processed meat, dairy mostly with the exception of 1/2 and 1/2 because I have to have my coffee.<br>Those egg rolls are good - when I was eating them I’d put in air fryer and we would split them up.  So I buy that at Costco and I’ll get a carton of the organic 2 percent milk from Aldi to just have if I need milk for something. <br>I made some sweet potatoes from Aldi in the IP today. Streaming them whole without poking holes in the skin is my favorite way to cook them as comfort food in Winter. Thanks for your video!",0,,youtube
aldi,Your grocery hauls are my favorite by far. So useful and practical. Really helpful. Prepped and stocked up = Christmas season eating success (and satisfying),0,,youtube
aldi,Quick steel cut oats have the same texture but cook waaaay faster.,0,,youtube
aldi,"Thanks for another video full of great ideas. I&#39;ve been using WW since May and it works really well for me. I&#39;m also gluten free, and tried a new recipe yesterday for turkey meatballs made with shredded zucchini instead of bread crumbs. Really good and cuts down on points. Your videos really encourage me to experiment with foods. Thanks again!",0,,youtube
aldi,Thank you Nikki !! I love your videos .,0,,youtube
aldi,I love your grocery hauls!  I get so many ideas from you.,0,,youtube
aldi,I am excited to hear about the dupe Fairlife Protein shakes. I usually have to drive to my nearest Costco to find them. On a good day Costco is 45 minutes away and they have been out of stock on several occasions. I will definitely try the Aldi version on my next shopping trip.,0,,youtube
aldi,I decided last night that I want to join Weight Watchers! I love your channel and how detailed you are in your videos! <br><br>Thank you so much! <br><br>Love from Rhode Island,0,,youtube
aldi,I tried sliced bell peppers in queso dip I saw some one on YouTube talk about it for a good snack I can&#39;t remember the link though,0,,youtube
aldi,Hey Nikki.  I feel like I remember you saying that you got some ramen from Aldi for 6pt.  Would you mind showing?,0,,youtube
aldi,You do the best hauls always give great ideal when do your blacken do you air fry  it ty,0,,youtube
aldi,Can you list ingredients in your homemade salsa..thx,1,,youtube
aldi,Love your sweater,1,,youtube
aldi,"Nickey, the protein shakes the chocolate ones I’m talking the vanilla isn’t as good as fair life and can you write down your chicken salad recipe thank you",0,,youtube
aldi,Any recommendations for weight loss struggle meals? Money and exhaustion are always what stalls my progress.,0,,youtube
aldi,"🤨...<a href=""http://www.youtube.com/results?search_query=%23662"">#662</a>... 🤨 I am Behind!!!!!   I wish we had ALDI in Colorado... my mom had ALDI in North Carolina years ago.  Seems like a neat store with very reasonably priced items.  We have the standard Kroger and Albertsons local chains.   I love watching your Hauls... I get so many ideas on what I could buy to &quot;Mix things Up!&quot;  I need to try some new things because I&#39;m terribly &quot;Stuck&quot; right now.  I&#39;ll see if I can pull it together!  - Note on subbing Oats for Panko Crumbs... I would blend the oats into &quot;flour&quot;... but that may not be considered zero on WW... <a href=""UCzH60ksnMwDrMz3YmDHUJ0w/ll7KZrf9NvSn_9EPqqrIqAM""></a><a href=""UCzH60ksnMwDrMz3YmDHUJ0w/ll7KZrf9NvSn_9EPqqrIqAM""></a><a href=""UCzH60ksnMwDrMz3YmDHUJ0w/ll7KZrf9NvSn_9EPqqrIqAM""></a>",0,,youtube
aldi,I have used both types of steel cut oats  and I lime them both.  The quick or instant is just a time saving thing. I usually make them in the rice cooker so I can have them for several days,1,,youtube
aldi,"I was just at Aldi, too. I tried this protein pudding I saw in the refrigerated section by dips &amp; snack pack type things. It’s great for something protein. I can barely taste the protein. It tastes almost exactly like a snack pack pudding. I always struggle to get in enough protein so needless to say I will be going back to Aldi to get a million! 😂",0,,youtube
aldi,Yessssss!! I was the first to hype today!!🥳🎉🤩 Happy Holidays!!🎁,3,,youtube
aldi,What part of the store did you find the egg rolls?,0,,youtube
aldi,"If you do a video on points breakdown, please explain any differences between male and females, as well as, pregnant women.  Plus if height changes your point allowance  Plus if weight changes plays a part in how many points you are allowed.<br><br>You have said many times for different items that you and Adam just split the item. How does that work out if you are different weights and such???",3,,youtube
aldi,"Hi Nikki, this is Mia from BCAN trampoline company. The trampoline is a low-impact fitness product, ideal for weight loss and cardio workouts. Would you like to try our latest version trampoline of BCAN?",1,,youtube
aldi,love seeing healthy options from aldi,0,,youtube
aldi,"Happy Saturday! The reversible griddle looks really nice, I’m going to check that out! It’s always great to see your grocery hauls 🙂",1,,youtube
aldi,I shop at Aldi  for our Carnivore needs.  Love the new Beef Sticks. We like them better than the Chomps or the Archers.,1,,youtube
aldi,Great little haul.,0,,youtube
aldi,"Nice haul! I rarely go to Aldi I’ve only been like 3 times but every time you do a haul I want to go. I like the 6 pack brioche buns, I feel like the 4 pack doesn’t last🤦🏼‍♀️ Thank you for these videos, always a pleasure to watch. 💕",0,,youtube
aldi,Great haul! Have a great week!❤❤,0,,youtube
aldi,🩵💛💚🧡💜🩷❤️,0,,youtube
aldi,"That&#39;s funny about the dressing and I so understand where you were coming from.But yes, that had to go. Now you got me checking expiration dates.",2,,youtube
aldi,Just wait for it to get thrown out.. I work in retail. Its sad but all retailers throw everything in the dumpster everyday for expired goods change of season holidays and so much more,1,,youtube
aldi,Thank you for donating to the teachers--that&#39;s such an amazing thing to do and I&#39;m sure they appreciate it. It is incredibly HOP-ful of you to do and I&#39;m sure it&#39;s quite the TREAT for them. <br><br>Have a great week!,3,,youtube
aldi,that root beer is cheaper at dollar tree as singles,1,,youtube
aldi,"Hi Jackie! I love the Aldi hauls, I didn’t get to Aldi to check the clearance sale, oh well, I probably would have bought things I didn’t need 🙂",2,,youtube
aldi,"I didn&#39;t make it to Aldi today, or to Meijer either.  I also have not cleaned my pantry, so I guess I don&#39;t need anything anyway, LOL.",1,,youtube
aldi,I&#39;d rather have cookies baked 😂,2,,youtube
aldi,I was able to get the Moser Roth Chocolate Truffle Eggs marked down to $.89 !,0,,youtube
aldi,Happy Easter!!  The dinner plans all sound great!,0,,youtube
aldi,"The oldest thing in my pantry was some freeze dried beef stew. I threw it out recently. It was from those COVID food packages they were giving out to the community. I didn&#39;t need one, but there were too many and my senior neighbor ended up giving me one.",0,,youtube
aldi,Always enjoy your videos ❤ have a great week,1,,youtube
aldi,"I shop for many things at Aldi, but especially like the Fair Life milk dupe for in my coffee. Their cheeses, reduced sodium deli meats, and whole wheat bread, and bagged spinach are things that I buy most often and their prices are much better than my nearest Walmart that&#39;s a mess right now due to remodeling.",0,,youtube
aldi,"My Aldi had so much meat marked 50% off on April 4th. I was able to get chicken breasts, thighs, and ground turkey. Yesterday, not much for Easter stuff left. I scored 50% off on ground beef. I love my Aldi.",0,,youtube
aldi,Hello Jackie ❤,0,,youtube
aldi,I went to aldi today and a couple got all the marshmallow peeps off the shelves. The were .50 cents each.I think they bought 30 of them.,1,,youtube
aldi,I was at my aldi store this morning at 9..they had no meat clearance,3,,youtube
aldi,Hey there from a fellow Michigander and Aldi Girl!  I have been watching your videos for about a year now and I can never figure out what you are saying at the end??? Is it “chow down and Ciao” ??<br>Sorry it has been driving me crazy lol,7,,youtube
aldi,I missed out on the dark chocolate bunnies because I got there too late. Sigh. I got some milk chocolate stuff for under a dollar each. Might give them away for being too sweet. Shrug.<br><br>Thanks for reminding me to check for other (non-food) mark-downs.,1,,youtube
aldi,Hi Jackie 👋 watching from Arkansas ❤❤  love your videos ❤,0,,youtube
aldi,Our potatoes are never that cheap in Ohio!,0,,youtube
aldi,Heyya from brooksville fl <br>I work at aldi! Hyped your video!,0,,youtube
aldi,Can you show us how you make the tomato soup?,0,,youtube
aldi,I guessed $180. @ aldi,0,,youtube
aldi,Some expiration dates are ok especially with pantry items and non opened items in the pantry however yep that would be a bit way past the expiration date for me to even attempt it.,0,,youtube
aldi,My oldies didn’t have nothing on sale and I’m from Chicago,0,,youtube
aldi,My guess 3 years,0,,youtube
aldi,I&#39;m A Man That Loves Women 💗 <br>JLR...............................................,1,,youtube
aldi,Excellent video ! Love that I can see the prices and products very clearly !  Thank You ! 💖🙏💖,3,,youtube
aldi,Thank you for not calling it Aldis,0,,youtube
aldi,"Such a nice gesture to donate to the teachers at the school for snacks. My Aldi&#39;s rarely ever has clearance or red sticker meats. Your Aldi&#39;s definitely has the clearance deals. I hope I find some clearance tags tomorrow. Thanks for sharing another haul,Jackie!",1,,youtube
aldi,I hate to see why the oldest food item I have in my cabinets. I need to clean them out but that’s an all day job for sure. Great video. Love seeing the clearance items.,1,,youtube
aldi,"My Aldi had very little marked down, but I didn’t get there until 11 AM. No red sticker meat either. I was going to go Saturday because I thought perhaps they would mark things down later in the day, but I didn’t get a chance.<br>I love those almond kringles. I bought a few when they had a 50% off red sticker. I cut them into servings (so I don’t overeat 😂) and freeze them. They do freeze well.",2,,youtube
aldi,Thank you for sharing Jackie 💖,1,,youtube
aldi,"Omg I still say you spend a lot of money on groceries, I think more than the average family!!!!!!",0,,youtube
aldi,It is unlucky to cheers with water. (goes to death by drowning-- it&#39;s even traditional with the Navy &amp; AF to not toast with water). I never see as much in my Aldi as is always in  yours. I routinely buy the chicken salad. I recently did a bit more of my shopping at Trader Joe&#39;s... but I&#39;m just feeding me. I am a widow.,1,,youtube
aldi,Look Up The Real Meaning of Easter You Will be Amazed And Surprised At What You Find Out About Easter.,2,,youtube
aldi,Hi Meghan!   I buy the Bob Evans single mashed potatoes all the time.  I&#39;m single and they are perfect for dinner.....,10,,youtube
aldi,Hi Meghan! I&#39;m the MASHED POTATOES person. I would drive through KFC just to get mashed potatoes and gravy. That would be either my whole meal or a snack. I crave carbs at weird times. Those little ones would be perfect for me. They are better than Oreos. Lol. Thanks for the great video. ❤❤❤❤,14,,youtube
aldi,The peanut butter cinnamon m&amp;m&#39;s are WONDERFUL,1,,youtube
aldi,I love your expressions when you smell the candles! What? No cat mom cards??🐾🐾  Right below the Bob Evans mashed potatoes were my favorite rice pudding cups.,6,,youtube
aldi,PLEASE do a taste test of the walking tamales. I wanna know if they are tasty or nasty.,2,,youtube
aldi,I would have a snack of mashed potatoes 😮,4,,youtube
aldi,I have a granddaughter that would love potatoes for snack.,0,,youtube
aldi,I always look forward to Thursday&#39;s to watch you Ms. Meghan.  Thank you!,3,,youtube
aldi,"Thanks, Meghan.❤",0,,youtube
aldi,The metal hanging baskets are $4.99.,1,,youtube
aldi,Taste test the muffins...You won&#39;t regret it!,1,,youtube
aldi,I went to a local Aldi&#39;s that just opened this week and it was quite the head trip. The place has been so busy since opening they can&#39;t seem to keep everything stocked yet. I&#39;m just happy I can finally say I&#39;ve been to an Aldi&#39;s,0,,youtube
aldi,. My friend eats the Bob Evans mashed potatoes all the time and he loves them,0,,youtube
aldi,"FYI, the Berryhill Bacon Berry Jam contains jalapeño peppers. 🥵",0,,youtube
aldi,I like adding fresh cilantro to my salsa,1,,youtube
aldi,"The mashed potatoes reminded me of my daughter.  When we would go to Chili&#39;s for dinner, she would get mashed potatoes and mashed potatoes for her side choices.",0,,youtube
aldi,"Megan thank you so much for taking me shopping with you to Aldi,you are the reason that I started shopping there. I also like it when you taste test new food,the face that you make when you don&#39;t like something is priceless 😂.",1,,youtube
aldi,Yes definitely I would think of mashed potatoes as a snack!,1,,youtube
aldi,Yessss!!!,0,,youtube
aldi,"Thank you, Meghan!  For showing all the Aldi Spring finds.❤",1,,youtube
aldi,Pickleball is definitely a thing in Texas. Many places established in the DFW area.,0,,youtube
aldi,Is that top from Quince? 😂 It looks lovely!,1,,youtube
aldi,I would snack on mashed potatoes. Love them!!!!!!,0,,youtube
aldi,One time when you and Marcus were meal planning he mentioned he wanted instant mashed potatoes with brown gravy - one of my favorite things too 😅I do like the Bob Evan’s mashed potatoes but I have to buy the larger size because my husband likes them too. He’d tell me the little cups aren’t big enough 😊 The chicken tostadas are better than the beef in our opinion. We buy them occasionally to eat as an afternoon bite during a work break if we have to work late. Thanks for the video. When you describe a candle smell I can almost smell it❤😊😎,0,,youtube
aldi,Boy! I don’t know where your store is but my store doesn’t have near the amount of items in the aisle of shame that your does. Then sometimes there are only a few items of a single thing. I enjoy watching the new items. It makes me want to run to the store to try and find the items that I want.,0,,youtube
aldi,The parmesan cubes sound great for grating at the table without wasting the rest of a bag or container of grated cheese. Thanks Meghan!,1,,youtube
aldi,The Jasmine candle sounds lovely! I prefer flower scents over food or vanilla scents. Did you say Rose? That is my all time favorite scent! Thank you!,2,,youtube
aldi,Good morning Meghan Thanks for the Aldi tour Have a fantastic day ❤😊,1,,youtube
aldi,I&#39;m watching ❤❤❤❤❤❤❤😊😊😊😊😊😊😊,0,,youtube
aldi,"My Wifeager could eat mashed potatoes as her dinner, but not me. Glad to see wild skinless salmon. I would dig either corn and may try the peppers and onions for fajitas. 🥘💙",0,,youtube
aldi,Good morning Meghan thank for the video,1,,youtube
aldi,Thanks for sharing!  Enjoyed watching all the new ideas great job.    Have a great day and enjoy your family🦋🌼,1,,youtube
aldi,I love when you mention when things are gluten-free because that’s the jam for my fam !🎉🎉🎉🎉🎉🎉🎉🎉,0,,youtube
aldi,Well happy cinco da mayo Aldi,0,,youtube
aldi,wow you have a white chicken eggs right there,0,,youtube
aldi,"There has been a time when I was feeling a little peckish and looked in the refrigerator and saw mashed potatoes. So yes, I&#39;ve had mashed potatoes as a snack",2,,youtube
aldi,I’m ready for the summer pajamas to start coming out🥰,0,,youtube
aldi,I always buy the parmesan squares they&#39;re a great snack. Thank you so much Meghan for the walkthrough... I shop Aldi&#39;s through you😊 (hyped),0,,youtube
aldi,Try the lemon meringue pie M&amp;Ms. They are amazing!,0,,youtube
aldi,The lemon pie meringue M&amp;M’s is so good!,0,,youtube
aldi,"Thank you for the Aldi review, always enjoy seeing you!🥰",1,,youtube
aldi,Love your Aldi videos looking forward to getting some planting items…I love your glasses 👓 what brand are they?!,0,,youtube
aldi,Cherries are a big thing at Aldi&#39;s...,0,,youtube
aldi,"Good Day Meghan! I like potates for a snack, but a baked potatoe with butter and sour cream late at night, Please yum. I look forward to your Aldi videos don&#39;t even go to a Aldi&#39;s Store until I&#39;ve seen your video. Great job!  Awsum videos. 😀",0,,youtube
aldi,"My husband got me the sleep shirt and matching robe. It feels so soft, and it is high thigh. Just right. The medium size fits just loose enough. And the sleep mask set. Happy Mothers Day to me, lol.",0,,youtube
aldi,Ribbed candles😂😂😂😂😂your a hoot.,0,,youtube
aldi,I so look forward to your all the ads it makes my day and my grocery list cause right after this I’m gonna go shopping at Aldi,0,,youtube
aldi,"Well if M&amp;M&#39;s want my opinion for flavors, can&#39;t go wrong with Mint Chocolate m&amp;m&#39;s.",0,,youtube
aldi,Can’t wait till tomorrow.  Thanks for sharing. 💙💙💙,0,,youtube
aldi,Good for a single person on the mash potatoes,0,,youtube
aldi,"My favorite Dollar Tree Check Out Lady told me that those cherry M&amp;Ms taste like a cherry cordial... you know, like the box of chocolate covered cherrys you get during the holidays? I might add that to my Mom&#39;s Mother&#39;s Day gifts. She loves those.",0,,youtube
aldi,"Good morning Meghan so very nice to see you. You look very lovely. Thank you for showing us what’s new at Aldi I’m thinking about getting some of those scans that you hang over your fence or whatever for plants it’s pretty cool. Well maybe I’ll see you tomorrow for the review sending you blessings, prayers, much love, and a great big hug.🙏❤️",0,,youtube
aldi,😅🎉😂❤ Tyfs 💖 Hug&#39;s &amp; Love Always Veda 💚,0,,youtube
aldi,"I got some of the lemon meringue m&amp;ms in a small bag at Dollar Tree and I liked them, but they really didn&#39;t remind me of an average m&amp;m product.",1,,youtube
aldi,I had the mini veggie frozen tacos don&#39;t waste your money because there was nothing in them. So disappointed with them.,0,,youtube
aldi,🌧🌷☔🌺🌼🌱,0,,youtube
aldi,Those are other smells…😂,0,,youtube
aldi,"That moment when you look down at the jeggings you have on that were sold as full length but are actually capris... <a href=""http://www.youtube.com/results?search_query=%23tallmomprobs"">#tallmomprobs</a>",0,,youtube
aldi,It&#39;s going to be an amazing Cinco de Mayo.,1,,youtube
aldi,Can confirm the fried pickle ranch chips are delish 😋,0,,youtube
aldi,The mini tacos are disgusting!,0,,youtube
aldi,"Avocado oil can be heated to high heat.<br><br>To minimize free radical risks, health experts suggest:<br><br>Use oils with high smoke points for high-heat cooking (e.g., avocado oil or refined olive oil).<br><br><br>Avoid reusing frying oil multiple times, as each cycle breaks down the oil further.<br><br>Ensure proper ventilation to avoid inhaling potentially carcinogenic cooking fumes.",0,,youtube
aldi,I like avocado oil. <br><br>I do not want to eat (seed) machine oil...so rancid the main ingredient is deodorizer,0,,youtube
aldi,Aldi sells second rate products.,0,,youtube
aldi,Keep onions and potatoes away from each other makes them last longer.,6,,youtube
aldi,Praying all of you feel better soon!!,4,,youtube
aldi,I hope you and your family get to feeling better soon.,3,,youtube
aldi,I love those canned potatoes!!!,1,,youtube
aldi,"I could tell by your expression in your car that you felt bad 😢!  There is a virus going around again that has folks sick (and I am sick and tired of it!). Thanks for pushing through the video Jackie, feel better quickly!!",4,,youtube
aldi,I hope that you all feel better soon! ❤,1,,youtube
aldi,Hope  yall are feeling better soon!,1,,youtube
aldi,"I used to get my bacon from Sam’s, bake it on a wire rack at 400° f after adding fresh cracked pepper to make my own pepper bacon. Now I only get the thick pepper bacon at Aldi and put it in the air fryer. Much quicker and easier to clean up. 🥘💙",0,,youtube
aldi,Your husbands meal choice sounds like a 6 year old 😂😂. Hope you all feel better soon!,1,,youtube
aldi,I had guessed $125 for the Aldi&#39;s haul! I was close!,1,,youtube
aldi,I hope you and your kids feel better real soon. I am having knee surgery tomorrow and hubby doesn&#39;t cook so I&#39;ve been meal prepping using my Aldi groceries. Love your Valentine&#39;s Day treats.,1,,youtube
aldi,"Glad you had a sunny day. Hope you all feel better. Soup sounds perfect.<br><br>The tiramisu ice cream sounds delish, too. The soups will balance it out. And cookies.",1,,youtube
aldi,Sending prayers that y&#39;all feel better quickly💛,3,,youtube
aldi,"They’ve been out of that cat food in my area, too.",0,,youtube
aldi,You got me addicted to the toasted coconut yogurt.,1,,youtube
aldi,I know exactly how you feel Jackie I have a bad dose of the flu trying to recover. Stay well if you are going out of town . Great Aldi haul ❤️,0,,youtube
aldi,Watching you from Delaware.,0,,youtube
aldi,❤Omg thanks for the tomatoe soup recipe and can you show us how you make the veggie fried rice recipe 🤗😋🥡🥢,0,,youtube
aldi,I was sick since Christmas took me until almost end of Jan to even start to feel human. Lots of soup.<br>I wasn&#39;t sure I was gonna make it. LOL Hope you feel better soon and the kids too!,1,,youtube
aldi,"We have been sick for over,all 4 of us, for over 2 weeks ,my autoimmune doesn&#39;t help with illness,great job shopping at Aldi,enjoy the store",4,,youtube
aldi,"My guesses for your totals were:<br>ALDI: $137.00.<br>MEIJER: $45.00.<br>I would like to come over on Thursday.  But, since I live in Iowa, that would be too long of a drive for pancakes, bacon and potatoes.  🤪",1,,youtube
aldi,"Another great Aldi video! I’ve been sick too so my husband might have to shop alone, it’s not the same🤣. I hope you and your family feel better soon!!",0,,youtube
aldi,Fruit ripens fastest when stored in a paper bag at room temperature with a ripe apple or banana. The ethylene gas released by ripe fruit accelerates the ripening process.,0,,youtube
aldi,You know those brownies are for real when they drop like a Confetti. 🤣,0,,youtube
aldi,I hope you and family fell better.❤❤😢😢,0,,youtube
aldi,My aldi is still doing 50% off stickers. Just bought some this sunday.,0,,youtube
aldi,"Great buy on that Aldi sliced cheese, I should pick some up for grilled cheese sandwiches.",0,,youtube
aldi,"Ask if you can&#39;t find them,,,,❤❤",0,,youtube
aldi,I was so close I guessed 130.00,0,,youtube
aldi,Get Well,0,,youtube
aldi,Your tomatoes are $.88?  Ours have been $.98 for at least a year.  Not fair!  Good thing I bought several flats when they were $.49.  They&#39;re past their best buy date now but still taste great. 😀,0,,youtube
aldi,Been down since new year&#39;s day Michigan here,0,,youtube
aldi,The mottled citrus are fine.  The ones that have the most consistent colors are often died.  So go back and get the mandarins.  This was the norm years ago.  Not sure about today.,0,,youtube
aldi,"No matter how you cut it, your videos are TOMATO-ally awesome! 🍅<br><br>Hope you&#39;re feeling better! I&#39;m ready for the summer weather, please! 😭",2,,youtube
aldi,"Oh, your voice sounds as if you’re not feeling well.  Hope you feel better soon.",0,,youtube
aldi,I have been into making soups lately. Funny thing is I never liked soup growing up. I have made veggie soup..a creamy chicken noodle soup..that was really good...I also made a regular chicken noodle soup..that turned out ok. My veggie soup is my favorite so far. I have been using frozen veggies. Just made some yesterday and used the crockpot and let it do its thing all day. YUM! Feel better soon!!🥰🥰,0,,youtube
aldi,Do you have a video for your breakfast potatoes?,0,,youtube
aldi,"Hi ...the link for your tomato soup did not show up on my feed. Just wondering where it is?<br> Thank you, I&#39;ve been really enjoying your videos.",0,,youtube
aldi,I hope you and your family are fully better soon.,1,,youtube
aldi,I bought the hot honey and it&#39;s delicious. I think you&#39;ll really like it.,0,,youtube
aldi,Great video Jackie. My Aldi is just 3 minutes from my house. Thanks for great content. Hyped !😀💜,1,,youtube
aldi,"Girl, I feel you with being under the weather over the weekend. I&#39;ve had the stomach virus over the weekend and it was hell on earth!!! Ugh!!!",1,,youtube
aldi,Yes we have been sick since Christmas,0,,youtube
aldi,😊👋👍 💗💗<br>Hope everyone feels better soon.,0,,youtube
aldi,"Hope you feel better soon.  Warning up in the south, still chilly in the am.",0,,youtube
aldi,Feel better! I was sick the last 5 days here in N. Texas....finally getting better today.<br><br>Request:  Please intro your kitties!  🥰🥰🥰🥰,0,,youtube
aldi,"Hi Jackie. I&#39;m just getting over the flu. Right after Christmas I had that Novovirus and it wasn&#39;t fun. I have a compromised immune system (MS, diabetes) so it takes me three times longer to get over a plain cold. Yesterday was so cold. At noon it was -5 to -1. It&#39;s supposed to get in the mid thirties by Wednesday.  It&#39;s going to be a heatwave. LOL. I hope you feel better. I hyped 💫 this video. Thank  you Jackie for sharing ❤❤",1,,youtube
aldi,Hi Jackie im like you ready for spring Sumner weather!   Lots of warm weather!   Tired of cold 🥶...!      Watching from hot springs Arkansas!  ❤❤   love your videos.  Oh i love pancakes 🥞 yum.   Sorry yall have been aick poor Cal,0,,youtube
aldi,"Yep high dollar Aldi commerials are coming at a cost to us…now we are getting only 30% off red stickers, gone are the days of 50% off?",1,,youtube
aldi,I am a little annoyed my Aldi does not get all the items you show. they had  the  frozen chicken  like KFC&#39;s  and  4 days later gone,0,,youtube
aldi,Unusual<br>You didn&#39;t get water at Aldi!?! 😮,0,,youtube
aldi,"If oranges or any citrus look pale or green...they ARE GREEN and unripe and will never ripen, just rot. Enraging!",0,,youtube
aldi,I notice you never look at the fat and sodium content on anything,0,,youtube
aldi,"Americans need to be boycotting this company, and all outside companys.",0,,youtube
aldi,The accumulation of all these items in the top basket of the cart is giving me hella anxiety LOL,237,,youtube
aldi,"<b>PRO TIP</b>  If you don&#39;t spend on a quality diet; then, you will spend at the Cardiologist, Oncologist, Dermatologist, 🤔 Gynecologist 💀 js",1,,youtube
aldi,The fact that we are saying $15.99 a pound is the cheapest is pure insanity!,606,,youtube
aldi,The best part of Aldi is the “aisle of crap”. I’ve bought everything from a vegetable peeler to a chain saw and never spent more than $30!,177,,youtube
aldi,"Everyone complaining about the price of healthier food should be complaining to their representatives and senators. Tell the government to stop subsidizing crappy food and crappy farming. And if you think $14 a pound for steak is expensive, wait until you see the price of your healthcare when you are so sick and incapacitated from the chemical laden cheap food you’re eating. Food should be your biggest investment because it’s your health, which is priceless.",172,,youtube
aldi,Crazy how he&#39;s stating how good the pricing is..Just a few years ago these prices were insanely cheaper. Food prices are INSANE!,158,,youtube
aldi,Aldi episodes are the BEST!,211,,youtube
aldi,He’s a guide for people with more money in their pockets than me,117,,youtube
aldi,I really lucked up today at our Aldi. 85/15 was 3.25 lb because the date 1/1/26!!!!I sang  all the way up to the register w 8pks😂😂😂,91,,youtube
aldi,14.99 a lb for steak is crazzzzzzy,210,,youtube
aldi,Organic chicken is good for you but I can&#39;t pay $16 for a little chicken.,225,,youtube
aldi,"I feel like so many people in the comments are being so negative, but Bobby I love your videos ! I think you are honestly doing such an amazing job ! Aldi is my favorite grocery store so I will definitely pick up these items, I  genuinely love your content and love seeing a health enthusiast, keep up the amazing work !",33,,youtube
aldi,"I go to Aldi all the time, and it&#39;s cool to see Bobby affirming the same products I buy from them.",71,,youtube
aldi,The Sicilian olive oil is the best. Lovely peppery flavor. Definitely a finishing olive oil.,89,,youtube
aldi,I tried this for 6 months. It was just to expensive.This guy clearly lives on a high income bracket! Not to mention driving around to multiple grocery stores became a all day event.,62,,youtube
aldi,"Dont have the organic sprouted bread, but do have the organic sourdough. Incredible. Should be a permanent staple at all aldis",72,,youtube
aldi,"It’s “You and ME, You and ME!!!",16,,youtube
aldi,"I&#39;m an Aldi shopper.  However, that the country of origin is often not listed on packaging is a big concern. &#39;Made FOR Aldi, Batavia IL&#39; does NOT tell where it IS made. I believe place of origin should be mandatory for consumer review.",18,,youtube
aldi,As always luv your comments and selections.  Could you please do a vid on all the bioengineered foods sold at Aldi.  They have dropped their &quot;high&quot; quality foods a lot by carrying these substandard foods.  You really need to check all labels carefully folks.,142,,youtube
aldi,I bought most of my granddaughter’s Christmas presents at Aldi.  She LOVED the pink glitter boots above everything else.,30,,youtube
aldi,"everything (almost everything) at ALDI is wrapper in plastic - much of it &quot;UN-recyclable&quot; please mention this to the ALDI company!<br>We too do about 90% of our weekly shopping @ ALDI.  Love their chocolate!  Tastes so much better than Herseys, Mars, or Nestles",83,,youtube
aldi,"I think it is around 80% of people that think they are gluten intolerant are actually not.  It is actually a carbohydrate called a fructan, which can ferment in the gut, causing discomfort.  And sometimes it is the non organic stuff because of the glyphosate from the pesticides that is causing issues.  Sometimes people need to build their gut health bacteria back up and do microdosing to build their body back up to handle stuff like pasta.  Get organic only, if you still have issues, start microdosing and introduce fermented foods and drinks into your diet to heal your gut.",7,,youtube
aldi,"Holy crap… $12.99 per pound for the deli turkey. I’m sorry, but that is way too expensive in my opinion. I am forced to buy the cheaper options due to my very limited income (yes, I know they have preservatives and other fillers), but I just bought a pound of the “Lunch mate” deli turkey from Aldi this week- $4.20 for a pound at my Aldi here in FL…. Some of us have no choice but to choose the lower quality option when it comes down to feeding ourselves and making the rent payments too 😢",720,,youtube
aldi,This may be the best video I’ve seen all year.,26,,youtube
aldi,The bronze cut allows the pasta to hold the sauce better,60,,youtube
aldi,I love watching you &amp; all your great healthy finds. Can you do more on Diabetic friendly foods?????,24,,youtube
aldi,"Basically, my entire shopping list. I love Aldi!",17,,youtube
aldi,"From what I learned from you.  You are not&quot; You are what you eat&quot; ,but &quot;You are what they ate&quot;",1,,youtube
aldi,Thank you for all what you do to help us buy healthy foods<br>I talk about you to everyone I meet showing them how to buy &amp; eat healthy <br>Wishing you &amp; your family A Happy New Year <br>Love From Louisiana,53,,youtube
aldi,Love the healthy options but organic healthy foods are SOOO EXPENSIVE. It’s so hard when you’re poor to go buy that stuff when you can just go to Walmart and get more for wayyyy cheaper yes I know it’s bad food but it fills the pantry and fridge for a long time compared to super expensive good food 😢,59,,youtube
aldi,I get the thin cut ribeye steaks at Aldi. It&#39;s only $6.99/lb.  They cook in just two  or three minutes and you get 7 to 9 steaks per package.  I shop at Aldi for my Carnivore needs.  I also love the Italian Sparkling mineral water in the green bottle. It&#39;s amazing.  Cheese Crisps from aldi are another great item with clean ingredients and low carb.,69,,youtube
aldi,The Clancy kettle chips are the BEST,30,,youtube
aldi,"For those who love ramen, I’ve been making an amazing aldi find. The bone broth he shows plus they have a cup of noodles there that’s essentially protein ramen. Mixing them together with some soy sauce and unagi sauce from Walmart is amazing. Less than 500 calories for almost 50g protein",21,,youtube
aldi,We bought the Avocado Oil chips and they are DELISH! Great rec.❤,82,,youtube
aldi,Shopping at ALDIs is like getting a raise! ⚡️👊🏼,6,,youtube
aldi,Aldi is so so underrated in my area! I’m so scared they will close . I love my Aldi,4,,youtube
aldi,Yay ! Aldi is my place to shop. 😃😃😃 What a treat to see that today’s video was all about Aldi 👍🏼,17,,youtube
aldi,"I always shop at Aldi&#39;s. I love the organic salad products, organic spices, organic pastas and organic tomato &amp; basil sauce.",3,,youtube
aldi,"I recommend always checking the ingredient lists, even on products you regularly buy. Our Aldi changed their hotdogs we didn’t realize it until we cooked and ate them (they tasted different). The packaging looks the same but ingredients now include sugar, tapioca dextrose, spice extractives, and SUNFLOWER OIL. Really disappointing.",24,,youtube
aldi,I will stand by Aldi for life. Love that place,2,,youtube
aldi,"The coffee roasted in Germany is fantastic.  You passed it right over.  Did you know there isn&#39;t any goo in Gouda cheese, because the Dutch invented it and pronounced it Gowda.",3,,youtube
aldi,"I see many comments by people complaining that clean food is too expensive.  Think differently folks!  Eating well eliminates higher medical costs.  I am on a fixed budget too but I prioritize my expenses and how I spend my dollars. My health is a top priority. I would rather purchase &quot;real&quot; food that is clean, organize, grass-fed that supports my Wellness Plan (lyme, mold and cancer survivor) than pay it for medicines and doctors.  Also, meal plan and only purchase what you need.  I currently live a nomadic lifestyle and can only stock minimal pantry items and 3-4 days of fresh foods at a time.  What a gamechanger. I plan my meals carefully including what meals produce leftovers for lunch. Also, consider Thrive or other online vendors of organic foods -- if you can order without a delivery fee, it may end up being cheaper.  Also consider bulk buying with others - that may cut costs as well.  The other things that I purchase at Aldi are the organic apples, bananas, berries, salad greens, tomatoes, avocados and nuts.",1,,youtube
aldi,He said that same exactly frozen wild salmon was great all this year! Same brand and everything.,7,,youtube
aldi,"Went to an Aldi for the first time in 25 years, the one in my area is pretty limited in terms of what they had. I did like their bread section though, didn&#39;t realize you could get good quality bread for as cheap as they sell it. Been trying to eat a high fiber diet, and it&#39;s crazy how much better you feel when you pay attention to what you put in your body",0,,youtube
aldi,I wouldn&#39;t shop at Aldi until now! Thank you for this!!,4,,youtube
aldi,This was so helpful- thank you! I put many of these items in my cart after watching this video. I’ll never go back to regular bread again - the sprouted bread is perfection.,1,,youtube
aldi,Putting some of these items in my Aldi cart for my DoorDash delivery!,3,,youtube
aldi,Based off of the cost of living index I live in one of the most expensive states. Aldi by far is the cheapest grocery store to shop at in my state. I save a lot of money by going here. I have done experiments where I look up my grocery list items on the Aldi app and then on the competitors app and calculate a grocery subtotal. I sometimes save 50% by going to Aldi. It’s my favorite even though sometimes they don’t carry all that I need but it’s definitely a better option to save some $$$.,1,,youtube
aldi,"I have been buying the potato chips since you first showed them. I take a bag to work with my on Monday and it lasts all week.  I buy the beef and a number of other things you showed, but my Aldi doesn&#39;t have everything.",26,,youtube
aldi,This is amazing because I used to live in Germany and shop at Aldi decades ago. An Aldi just opened in my city and I get to shop there. Thank you so much for all the great information on what’s best to buy at Aldi in the US.,1,,youtube
aldi,Plants are where it&#39;s at!!,9,,youtube
aldi,Ive been shopping Aldi for 30yrs. They just keep improving and the prices cant be beat for the healthy options. My favorite. Cant say enough. Just wish i had one closer to my house.  I have to go out of my way to shop them,1,,youtube
aldi,"Better yet, buy the organic whole milk yogurt and strain it yourself. Conserve the whey and use it for lacto-fermenting, soaking grains, etc. Save some to use as a starter for homemade.",9,,youtube
aldi,Thank you Bobby!!  We all appreciate your Honesty and hard work!  Thank you for sharing with us!,2,,youtube
aldi,I love Aldi&#39;s. I already buy a lot of the things shown. I will look for some of the other things that I haven&#39;t tried yet. Thank you!!,7,,youtube
aldi,Love how you&#39;re helping us try to eat healthy 😋.  Can&#39;t thank you enough 😊,2,,youtube
aldi,"Bobby, I’m diabetic.  Thanks for letting us know about that bread.  We love it!  Have bought both, reg and blue bag, low sodium. As for sauce. Prefer to make my own, home made.",17,,youtube
aldi,"PLEASE, Bobby: “For you and ME”, not “for you and I” 😂",1,,youtube
aldi,"I LOVE the avocado oil chips!!!  Yes, the apple pie bars are excellent!  I have never seen the organic sourdough boule in my store.  I grabbed a box of the chicken bone broth &amp; a beef bone broth last week.  I did not know they were new, but I had never seen them.  We use the Irish butter -- it&#39;s really good!   And yes, the Irish Cheddar is so good!  Thanks for a great video!",11,,youtube
aldi,I’ve been searching our aldis for the 90 second quinoa and brown rice and they finally had it in stock just to find out this one had DIFFERENT non Bobby approved ingredients!,0,,youtube
aldi,"Thank you!  I’ve completely changed my grocery purchases, easily, thanks to your videos and app!",4,,youtube
aldi,I also shop at Aldi.  He buys the more expensive items which I avoid.<br><br>I am healthy and eat well even though I do not buy the organic this and that!,1,,youtube
aldi,"I&#39;ve been buying the Aldi grassfed beef for a few years &amp; lately it has looked very questionable to me. I just so happened to be watching one of my Youtubers &amp; she said the same thing as she was cooking it, the texture &amp; flavor are just off now.",71,,youtube
aldi,"Bobby You are such a ROCKSTAR!!!!! This video was truly so good, so many awesome choices and thank you for teaching me about the ingredients and helping me reduce my time in the grocery store trying to figure out what is best in class!",1,,youtube
aldi,"That boule is incredibly good. I look every time i go to Aldi, but haven&#39;t seen it but very occasionally.",5,,youtube
aldi,"Good to see this.  Most of what you cover is what we&#39;ve been buying.  At Aldi, it&#39;s far easier to sift through the noise.",0,,youtube
aldi,There’s a few things that my local aldis doesn’t carry. 😢<br>-Irish butter<br>-all breads you mentioned<br>-beef sticks<br>Just to name a few,5,,youtube
aldi,"Wow!!! I went to an Aldi about 20 minutes from me - there are several here in S California…and man - great prices, many of these items were available - nice folks in store and working there…glad Bobby has been showing me their treasures, I probably would never have checked then out…I also do TJs and Costco…whatever i can find for good price and usable groceries…",1,,youtube
aldi,Yes the whole organic chicken!,14,,youtube
aldi,"Bobby is the truth, I trust his recommendations",1,,youtube
aldi,What a treat for us to see Bobby for a second time this weekend.  Thank you 🎉,10,,youtube
aldi,"Great ideas! I guide my clients on groceries all of the time and these prices for the quality are very good. Costco and our local Woodmans grocery store beat just a few of these items. For those who don’t have the budget for these items, I challenge you to look at how much you spend eating out, on coffee drinks, alcohol, your cell phone bill, etc… Those things add up fast and are more damaging from a health perspective.",1,,youtube
aldi,Aldi also offers great fresh organic produce at excellent prices!,35,,youtube
aldi,Not to be dramatic…. But this video changed my life.,0,,youtube
aldi,That’s the best butter I’ve ever tasted!,13,,youtube
aldi,"I love that Aldi is bringing in the Euro model of getting rid of the chemicals in food.  I also love the fact that I can save $100 per cart over the insanely priced, by really nice people, food at Publix.",0,,youtube
aldi,Oh my!! My Aldi price on the 90 sec rice is 1.39. They were .99 til around October,6,,youtube
aldi,"If you want smaller tomatoes, just throw your sauce in a blender for a minute. I’ve done this many times. It works great when you’re in a pinch grab the blender.❤❤❤",0,,youtube
aldi,I already buy 90% of those items you recommended since 2016.,3,,youtube
aldi,You shouldn&#39;t have skipped over one of our favorites-lamb chops. The last ones I got were 10 bucks a pound. I got a bunch and packaged them in pairs and froze them. Absolutely a great buy.,0,,youtube
aldi,"<a href=""https://www.youtube.com/watch?v=w3rZJYX0714&amp;t=217"">3:37</a> It&#39;s definitely not Bobby Approved, but the protein puffs (you can see them in the lower left corner of the shelf) have tremendous macros.  1 serving is 110 calories and 21g of protein.  A single bag has 2 servings and costs only $2.79.  I like the jalapeno flavor.  I prefer getting whey protein in a crunchy puff like this versus a powder in a shake.",5,,youtube
aldi,"They also have organic canned beans: kidney, pinto and black at our store.",1,,youtube
aldi,Thanks for the Aldi opinions. That&#39;s my favorite store!! ❤,4,,youtube
aldi,I&#39;m amazed at the Aldi prices! They have significantly increased! Aldi&#39;s was the place to go for good food at very reasonable prices! WTF!!!,8,,youtube
aldi,"My mom walks into aldi and pulls out her phone to check if its bobby approved 😂😂shes soo cute. Shes like “yadii, help me scan this”",1,,youtube
aldi,This video was very helpful. We always shop at Aldi.,3,,youtube
aldi,ALDI HAS COME A LONG WAY. THEY ARE ON THE COME UP.,1,,youtube
aldi,Am I the only one noticing the hand signals?!!!!    👌🤘,11,,youtube
aldi,"I just moved to Aldi Land!  I accidently went in not knowing what it was about, but now im ready to check it out again.",0,,youtube
aldi,"Hey Bobby, recently got the grass fed beef hot dogs and it looks like they have changed the ingredients, now includes seed oils.",22,,youtube
aldi,Everytime you show either sourdough or Siete chips at Aldi I go to my nearest Aldi and they never have it. I live in Massachusetts... disappointed by not your fault. We love you Bobby 😊,1,,youtube
aldi,"Total great, l really like Aldi. Finding what to look for and what is available is a great help.",4,,youtube
aldi,"This has really encouraged me to make friends with some nearby cattle farmers. There has to be a way to get lean, fresh beef for under $15.00 per pound. Thinking more about backyard chickens. Aldi was supposed to be the economical option.",0,,youtube
aldi,Love your videos,7,,youtube
aldi,"I buy almost all of the items you approved. Adli has some great items, and prices, Thank you, Bobby. Xx",1,,youtube
aldi,"Subscriber and faithful watcher. I was a bit puzzled as to why you were promoting 100% grass fed ground beef that states it is a product of Australia, Uruguay and/or USA. From watching your channel you taught us to look for singular source food items.",33,,youtube
aldi,Aldis organic selection is the only things I get ❤,1,,youtube
aldi,I really want to trust that olive oil.. Lately I’ve only bought California oils,10,,youtube
aldi,I do appreciate your list of Bobby approved items!  This makes my shopping so much easier ❤,1,,youtube
aldi,I appreciate this video 🎉,3,,youtube
aldi,Is Aldi actually the best spot for clean eating on a budget?,305,,youtube
aldi,"Fun fact: Germany has Aldi North and Aldi South, the company split after the founding brothers had a fight. In the US, Aldi South runs the Aldi stores, while Aldi North runs Trader Joe’s.😂",588,,youtube
aldi,&quot;Who carries quarters nowadays&quot;? Evidently people who shop at Aldi.,230,,youtube
aldi,"What I like about Aldi’s is that because it’s German based, it’s all about efficiency and utilitarianism.",370,,youtube
aldi,Made my first trip to Aldi yesterday.<br>My new go to store for the bulk of my weekly shopping.,200,,youtube
aldi,"Pro tip, you if you do your research you can see that a lot of their produce like blueberries come from countries that has really good quality but the organic label/ approval makes it too expensive for them to afford. So they just sell them as normal blueberries",370,,youtube
aldi,"As a German who grew up with the growing Aldi,  I have 50 years experience. <br>Aldi always had this concept. Simple, all basic needs, high quality, no brands, no commercial, no adds, simple (boring 🙂) packs.<br><br>Never any drama or scandals. <br><br>Today, I&#39;m old and don&#39;t need to save money at groceries. I could shop everywhere (Compared to the USA, prices in normal German supermarkets are not extremely higher than at Aldi). But I still do my weekly grocery shopping at Aldi. Only once a month I visit a big supermarket to buy the things I don&#39;t get at Aldi.",123,,youtube
aldi,"Aldi&#39;s is not only the cheapest but most of their products is higher quality than even more expensive stores like Target, and definitely better quality than Walmart. Plus, every Aldi I&#39;ve been in is always clean and well-maintained.",124,,youtube
aldi,"I just started shopping at Aldi again last week when my wife switched to a healthy diet again for her weight loss journey. I panicked the first week cause we spent $320 between Aldi and our local food lion but we had to buy a bunch of ingredients that last a long time. <br><br>This week for her meals, my meals, and kids meals we are spending $125 at Aldi and $25 at local grocery store. Our previous weekly food bill at just the local grocery was $250-$300 a week. <br><br>Aldi is presenting us with a full fruit basket on our table, full produce drawers with overflow in to our first shelf of fridge, and a variety of proteins (steak, chicken, etc). LOVE IT!",173,,youtube
aldi,I love Aldi I got a free quarter yesterday by putting a cart back,309,,youtube
aldi,Aldi is the goat of grocery stores,34,,youtube
aldi,It&#39;s interesting how many different stores at which we are shown how to be health conscious with a budget. It reinforces the idea that healthy eating is attainable.,448,,youtube
aldi,"ALDI all the way! We LOVE shopping here. Great finds each week. Their in-house brand (Specially Selected) is as good, if not better than, the name brand products. Yeah, they don’t have a huge selection,  but they have what you need to make great meals!",95,,youtube
aldi,I would’ve spent that last 10$ on sweet potatoes,30,,youtube
aldi,"ALDI is my #1 store I shop by far.  It&#39;s also the closest to my house!  I appreciate that they carry so many European products.  They have amazing cheese and yes, they do have the fancy cheese including Burrata!!!  Great meat department.  Olive and Avocado oil too.  And Ghee.  Wild caught fish.  Pole &amp; Line Tuna in the can in water.  Local Honey which is better for your allergies.  Pasture raised Eggs too.  I could go on and on.  Just go.  This guy missed alot of products... but then, I&#39;m there a few times per week.  Every week. They have &quot;special buys&quot; that change every week!",53,,youtube
aldi,Aldi veterans know you keep your Aldi quarter handy.,13,,youtube
aldi,"What a haul for $100 bucks!!! I have never been there, and there is one 3 miles away from me. Next haul, we are going to Aldi&#39;s!! Ty!!",53,,youtube
aldi,"ALDI in Germany has a good reputation not only for its groceries but for the good salary to the staff, 6 weeks of paid vacation plus paid sick leave and max. 40 hours a week. This is also an argument to shop ALDI.",4,,youtube
aldi,"People need to get a grip about the quarter for the buggy. You get it back when you RETURN the buggy. It&#39;s the honor system. Even Safeway in Honolulu, HI does the same. Jeez. Okay, continue.",64,,youtube
aldi,i shop at aldi normally and this helps a lot thank you,52,,youtube
aldi,I miss the times when the cashier would type in all the prices out of memory and they were still much faster than everyone else that already had the scanner.,2,,youtube
aldi,The cart with the quarter concept is something European does with their grocery carts,155,,youtube
aldi,"You can always ask a cashier for a quarter, they even have a sign for it",6,,youtube
aldi,sprouts $100 challenge! stoked!,124,,youtube
aldi,Aldi is great everyone. FYI my advice is go as early as possible if can. The best time is when they open up until about noon will give you a better selection and options as they only stock the shelves sparingly throughout the day.,12,,youtube
aldi,I love that you got actual healthy food. Usually people buy a bunch of processed “healthy” foods,4,,youtube
aldi,This is crazy. I swear i just went to aldi and bought 90% plus of the exact same things!! But got to check out the real sourdough for 3$!! Only bread i can tolerate. Ive been watching you and others for years. So crazy this was my exact shopping list,24,,youtube
aldi,"Been waiting for this one, Aldi&#39;s is a cheat code",29,,youtube
aldi,buying at ALDI since 1962.,5,,youtube
aldi,Eating at home is the equivalent of spending $4 for home cooked meal,0,,youtube
aldi,What&#39;s good also with Aldi and Lidl is that you won&#39;t see any shopping carts scattered on parking lots. And there will be less pollution because they don&#39;t provide plastic bags. We&#39;ve been doing this for decades in Europe.,1,,youtube
aldi,"i usually shop at Walmart, but have started to shop at Aldi&#39;s for produce specifically as i believe they have better prices &amp; quality. Thanks for the tip on the grass fed steaks, beef &amp; Irish grass fed cheese. I think i will definitely be buying more from Aldi&#39;s now.",27,,youtube
aldi,"I was and Aldi’s kid. I’m 21 now, but I grew up eating Aldi brand foods. I switched to Walmart when I got older but I’ve now switched back to Aldi because it’s cheap and really good quality compared to Great Value and other generic brand. <br><br>I also have social anxiety and going to Aldi compared to major super stores is a much better alternative for me. Whenever I go shopping on Monday mornings, barely anyone is in the store.",0,,youtube
aldi,Continuing to prove the &quot;eating healthy is expensive&quot; people wrong,2,,youtube
aldi,The healthiest way to eat is to not eat at all. It&#39;s amazing how much money you can save on a fasting diet. 😂,0,,youtube
aldi,The quarter thing is so people can bring back their carts to get quarter back,10,,youtube
aldi,bro has to go to aldi in germany...it will be his paradies,2,,youtube
aldi,Dollar tree 100 dollar challange.,1,,youtube
aldi,seeing a guy do his shopping is weirdly entertaining,1,,youtube
aldi,"in the 70  s  you had to grab your things directly from the pallets, but three med students lived on $ 50 a week !",0,,youtube
aldi,"<a href=""https://www.youtube.com/watch?v=rjjboPJJRg8&amp;t=375"">6:15</a> RAW HUUUUUNNNNYYY if you know , you know",3,,youtube
aldi,"<a href=""https://www.youtube.com/watch?v=rjjboPJJRg8&amp;t=184"">3:04</a> “Grocery lines dawg”",3,,youtube
aldi,I love Aldi. I shop there exclusively for my family of 5 for $120 a week,1,,youtube
aldi,"I love Aldi! I go once a week and I get better prices than Walmart. Definitely look for the lamb and the grass fed beef $4.99 80% beef 20% fat. I would look for the other aisles too which can be cheaper like the pasta, canned corn and beans and rice all under $5.00 ❤",5,,youtube
aldi,"You make me want to go to Aldi, that is my main store even if I shop other stores for food! I love it and they also have Aldi funds. I got pizza bread for some cents and also some premixed cafe drinks for some cents, called Aldi funds. I never noticed those super low prices before but now I am glad I did. It could be a new type of sale they are doing, but I hope it&#39;s ongoing and that it wasn&#39;t just for the Holidays!",2,,youtube
aldi,I have shopped at Aldi&#39;s every chance I am near one. Wish I had one in my town.,2,,youtube
aldi,"They should add the fresh baked bread section like here in Germany, so Americans can finally buy fresh bread, donuts, baguettes and buns instead of highly processed whitebread",0,,youtube
aldi,Aldi seems to have a knack for going from the best quality for the same product to the worst. It must be them squeezing their suppliers once established.,0,,youtube
aldi,I have been shopping at Aldi for years!,2,,youtube
aldi,"In Germany there was a famous case of an Aldi replacing all the shelves because they looked too expensive. The replaced shelves were actually cheaper than the new ones, but that wasn&#39;t the point. Aldi wasted a lot of money to convince customers that no money was being wasted.",0,,youtube
aldi,Your haul mirrors my weekly trip to Aldi but I prefer ribeyes and the greek organic whole yogurt.  I&#39;ve also been on a kiwi kick once I did a deep dive on the benefits...awesome video!,5,,youtube
aldi,Thanks for picking the humanly raised/handled chicken eggs.,1,,youtube
aldi,Hurting my feelings with the garlic knots. 😂 Love Aldi!! Great job!,5,,youtube
aldi,nobody ever said you are saving on doordash lmao,0,,youtube
aldi,"The coin-operated shopping cart system is a win-win for both the supermarket and the customer.<br><br>The supermarket doesn&#39;t have to pay anyone to collect the shopping carts.<br><br>The customer doesn&#39;t have to deal with blocked exits and parking spaces due to shopping carts lying around everywhere. Because the shopping carts are returned under the shelter, they stay clean.",28,,youtube
aldi,"not gonna lie, i felt numb for months. like i was just surviving, not really living. then someone dropped Testosterone Rewired by David Brooks in a yt comment and i gave it a shot. bro… this book gave me my edge back. not by yelling at me to hustle, but by showing me how to fix my foundation. life hits different now.",0,,youtube
aldi,Bro just looking at Bobby Parrish videos and making his own,0,,youtube
aldi,JUST LOOKED OVER 5 DOLLAR GRASS FED,5,,youtube
aldi,Aldi has gotten even cheaper than the prices shown here (in KY anyway!) The grass fed ground beef is 4.99/lb now!,8,,youtube
aldi,I know it’s not healthy but aldis prices on cereal and snacks off brand are way cheaper and hold up to the brand names ❤ ALDI ❤,0,,youtube
aldi,"At every European Aldi, they would kick you butt for holding that door open while talking BS to the camera !",0,,youtube
aldi,"Almond butter, pistachios, tofu, almond milk, organic coffee, whole grain sprouted bread, avocados, chickpea pasta, organic lentils, avocado oil, almond flour, pure maple syrup. Love Aldi for these items, and more.",0,,youtube
aldi,I don&#39;t think anyone watching this clean eating goes to McDonald&#39;s,0,,youtube
aldi,"As a European consumer (moved from the Netherlands to Romania recently...) the prices at Aldi might be cheap for the US, but still are staggeringly high compared with what we are paying here....",0,,youtube
aldi,"I´m suprised how many prices of ALDI US seem to be not much higher than they´re in Germany nowadays, but +6$ for a dozend eggs? That smarts, here it´s less than half the price and guess what, we don´t have to put our eggs in a fridge they last 4-6 weeks in the pantry.",2,,youtube
aldi,"a couple of years back when i first started living alone, aldi was my goto bulk food supplier. a pound of skyr with 60g of protein for 49ct (€) ate one every day and thats nearly half my daily protein.",0,,youtube
aldi,To Aldi....only when starving is the alternative.,0,,youtube
aldi,One of the managers at aldis talked me it’s fake meal I wish I was joking,0,,youtube
aldi,"The last time I bought ALDI ground beef in the little packs it was $5.99 and I bought 30. <br>I am now getting low and will have to stock up again an a few weeks.<br>We live in a 100,000+ town that allows chickens in the city limits so we have about 25 laying hens but winter is their time to grow back feathers after fall molting so I have had to purchase a couple of dozen from ALDI. In spring and summer, family and neighbors get free eggs <br>They also have sugar free bacon and since I usually eat bacon and eggs twice a day, I stay stocked up on that as well.<br>We have several blueberry bushes and generally have to give many to family and neighbors who get to come by and pick their own for free.",0,,youtube
aldi,"OMG, the prices in the US are insane. More than double compared with Germany and Spain. Are the prices you mentioned are includes tax? If not, it´s even more expensive.",4,,youtube
aldi,"When Im in the midwest i shop Aldi. When in the west, its Grocery Outlet. No matter where im at its Trader Joes. Its actually really easy and affordable to eat a healthy whole food diet. Just have to skip the packaged crap. Forget the labels. If it is processed, walk past it.",1,,youtube
aldi,Trader Joes $100 healthy challenge,0,,youtube
aldi,"Nearest to me is a Kroger/Vons, Sprouts, Trader Joe, and a Walmart Superstore..... I do shop at each one just not on the same day! It&#39;s information overload😂😂😂",1,,youtube
aldi,"Their fruit/vegetables are usually cheaper than anywhere else. When it comes to meats, I buy them when they are 50% off. Those meats are near expiration at the store. I take the meat home and freeze or eat right away.",0,,youtube
aldi,The Lidle groceryshop is also a German discount chain...you should try it for the fun!,4,,youtube
aldi,In Germany...you have this concept also on other Stores. Lidl for an example but ALDI is also much famous. The food prices in Germany about the half of that in the USA.,0,,youtube
aldi,"Byuing &quot;healthy &quot;, only to cool what?<br>Cheeseburger! <br>Amis😂😂😂",0,,youtube
aldi,No frozen mango at aldi but the Trader Joe’s packages are insanely good,1,,youtube
aldi,They even have the recycled paper leaflets with the deals,1,,youtube
aldi,Aldi is basically costco but you can buy smaller portions,0,,youtube
aldi,"The kiwis last in fridge for over a month, without rotting.<br>That&#39;s scary",0,,youtube
aldi,These videos are great. Thank you and the whole team for the work you put in these videos.,3,,youtube
aldi,I just had a whole box of Cinny with some fair life. Am I going to die!!!,1,,youtube
aldi,Aldi and Lidl made the food prices cheap in germany. Many Germans hate big stores because they buy small quantities and prefer to go to the shop very often by food or bike.,0,,youtube
aldi,"Aldi shopper here. I have been shopping Aldi since college days, they are super cheap and best value for the $",0,,youtube
aldi,I love Aldi&#39;s! They have great healthy choices!,2,,youtube
aldi,"Your Aldi is so much more expensive than ours here in Texas. I shop there every week and know the prices well, and yours were all about 15-20% higher. That surprised me; I figured they were about the same all over the U.S.",0,,youtube
aldi,I wanna see someone do this for a family of 4,0,,youtube
aldi,Dang Aldi is locked in,3,,youtube
aldi,Used to shop at aldis,9,,youtube
aldi,Do Trader Joe’s next,8,,youtube
aldi,What about lentils &amp; pulses???  Glad you were happy with your healthy food.  That is sensible shopping.,1,,youtube
aldi,"Would love to see Sam&#39;s Club or Costco, especially as a college student trying to eat healthy like this! These videos are very helpful!",0,,youtube
aldi,You&#39;ve never been to Aldi before? I&#39;ve been shopping there for 25 years!,0,,youtube
aldi,why chicken in usa looks nuclear,0,,youtube
aldi,Aldi&#39;s is definitely one of my lifelines in today&#39;s world.,4,,youtube
aldi,Used to shop at ALDI,26,,youtube
aldi,"😊the pineapple has a crown leaf still on it, carefully put that in soil and you grow your pineapple 🍍",0,,youtube
aldi,They have great prices because Walmart is getting expensive! Thanks for sharing 😊🎉,2,,youtube
aldi,With 100 in Lidl/Aldi I can buy food for 2 weeks . Occasionally only going again in supermarket for bread or milk every 3 to 4 days for extra .,0,,youtube
aldi,"Use the link <a href=""https://usenourish.com/thesimplifiedsaver"">https://usenourish.com/thesimplifiedsaver</a> to get your free account started within the next 5 minutes!",2,,youtube
aldi,"You&#39;re amazing! Don&#39;t listen to the negative folks. You work full time and have 4 kids. And, you stick to a budget and cook for your family. You deserve pat on the back!",12,,youtube
aldi,We just get boxes as we are shopping at Aldi&#39;s to put our groceries in because I don&#39;t want to mess with bags😂🤣😂🤣,20,,youtube
aldi,I went today and our local credit union bank was paying for everyone’s groceries. I could not believe it. I was so excited! I filled up with lots of stuff for our homeless and got a couple of items for me.,2,,youtube
aldi,I ALWAYS forget my bags TOO!,1,,youtube
aldi,"I had a coupon for a free frozen vegetable at Meijer. Got a big bag of broccoli. Made some soup today with homemade bone broth from the freezer. Came out so delicious and so cheap! I have some healthy lunches for the week now. I think I’ll take all of them in on Monday and take up more than my fair share of the fridge space 😂, and then not have to worry about bringing a lunch for the whole rest of the week.",4,,youtube
aldi,I forget my bags all the time too 😂 I purposely put them in my trunk and I Still forget 🙄,3,,youtube
aldi,I love  shopping at aldi. They always have great prices and their fruit is the best in my area.,3,,youtube
aldi,Great job on staying under budget Abby. I don&#39;t doubt you at all. Aldi is the best and you should be so proud of yourself. Thanks for sharing with everyone. Have a blessed week. 😊,2,,youtube
aldi,"Look forward to your videos, Abby!  Enjoyed this one!",3,,youtube
aldi,ZIP your purse &amp; put the child safety belt through the handle....<br>You have a lot of money in that purse for somebody to just walk off with; they do it so quick and so nonchalant you&#39;d never even notice!!!!,5,,youtube
aldi,I love these Aldi trips ❤,2,,youtube
aldi,"Love this, but I also miss the actual cooking videos as well thank you for sharing i dont know how you do it week after week",1,,youtube
aldi,"My bootleg teriyaki sauce recipe: garlic, ginger, brown sugar and soy sauce / coconut aminos. It is not authentic but I can control the amount of sugar I put in it",8,,youtube
aldi,Those coffee lattes were $1.79 what!!! I bought my granddaughter one yesterday at Safeway and it was $3.99 for 1 Starbucks Carmel 😮,2,,youtube
aldi,If your eating at church what are you bringing to church?,2,,youtube
aldi,May I suggest that you buy real maple syrup?  I know it’s more expensive but the fake corn syrup is so bad for you.,6,,youtube
aldi,Teriyaki sauce of really simple to make with almost staple ingredients.  I&#39;m so glad you&#39;re trying to get more whole foods and healthier choices in your hauls. Which I love to watch but now I&#39;m my mid 30s I have started to be now health conscious because of some underlying auto immune disease and insulin resistance😢,1,,youtube
aldi,My husband really likes the sweet potato chips,0,,youtube
aldi,I keep my Aldi bags in my car along with a bag for freezer things that I got at Sam&#39;s Club.,0,,youtube
aldi,"I actually did the rest of my monthly shopping.<br>This month I actually bought healthy foods.<br>I bought many more fresh fruit and vegetables.<br>Tomorrow, I need to clean and process them.<br>I&#39;m planning on using some of the fresh vegetables in a hamburger/sausage stew that I&#39;m going to make tomorrow afternoon.<br>I like making this stew because it freezes really well.<br>I use my vacuum Food Saver machine to prepare anything that I&#39;m going to freeze.",0,,youtube
aldi,Great job Abby!,0,,youtube
aldi,You look great by the way and can&#39;t help but think you have Liv Tyler features,1,,youtube
aldi,"Mississippi pot roast is not healthy. Beef broth usually salty. A packet of au jus, the whole packet is almost 4000 mg of sodium, and its mostly made of gluten.",1,,youtube
aldi,80 degrees in Texas Ya&#39;ll.....Dang.....Lucky we reach 58 in SE Michigan 😮,0,,youtube
aldi,If you get a chance go Walgreens and get there bags buy one get two free like ziplock bags $2.69 I think price arm and hammer laundry detergent liquid or pods 3 for $7.49 and scent beads or crystals hopefully you will get a chance to go,2,,youtube
aldi,I leave reusable bags in my vehicle so I have them when needed or grab boxes from Aldi.,0,,youtube
aldi,"🤔 when I didn&#39;t have teriyaki I used the low sodium soy sauce and the sweet chili sauce, it was too good for me to compare but one day I&#39;ll get to try and see which one tastes better and stick to that choice ☺️",0,,youtube
aldi,Those sparkling probiotics drinks are delicious!,1,,youtube
aldi,"A simple teriyaki sauce can be made using pantry staples, but I consider soy sauce a pantry staple.",0,,youtube
aldi,I live in North Central Iowa.<br>I would love to see (feel) 80 degrees. 😉,0,,youtube
aldi,Love watching the Aldi hauls and lifestyle routines. I was wondering y it is that u don&#39;t wash ur hair regularly? Is there benefits to it?,0,,youtube
aldi,"Hey Abby. I hope this makes sense. With your $150 budget, if you have any money left , do you roll it over to the next week so you have a bit extra?",0,,youtube
aldi,Abbey you scare me with shopping in Aldi with your bag gaping open.  I realize it&#39;s a small town but stuff happens in a small town.  Please use a caribeaner to lock the handles of your bag onto the cart.,3,,youtube
aldi,Does Aldi do their own brand of Siracha? I know other stores do their own at a good price,0,,youtube
aldi,"Please zip your bag up, anyone could walk past and grab your purse etc",3,,youtube
aldi,You need to get that company that has kids vitamins to sponsor you so you can get your vitamins from them for free!!! what are they called? It’s the yellow jars and they have a little stickers they can put on the outside??,1,,youtube
aldi,Why does aldi require a coin for cart use ?,0,,youtube
aldi,Don&#39;t waste money on vitamins unless your children are actually deficient.,0,,youtube
aldi,My Aldiss is close to my church. I spend at least $40 on just vegetables and fruit for the week for my 3 kids.,3,,youtube
aldi,"You are a great role model for healthy budgeting.  Thank you and good luck getting back to healthy and fit<a href=""UCkszU2WH9gy1mb0dV-11UJg/Iv90XouTLuOR8gSxxrToBA""></a>. Consider buying more whole foods rather than processed.  Vitamins much cheaper on Amazon for a double pack of 150 gummies",1,,youtube
aldi,Are you reading ingredients? Many of your items are not healthy!,1,,youtube
aldi,Why are you not shopping &quot;healthy&quot; each time?,0,,youtube
aldi,All the research I&#39;ve been doing shows that Aldi cannot be healthy. Most of the products in their store are bioengineered food. I don&#39;t know how you can put a video out saying you went and did healthy shopping at Aldi when it&#39;s such low quality food?😢,0,,youtube
aldi,granola cereal is that of nutritional value or would it be better to make your own overnight oats for you &amp; your kids,3,,youtube
aldi,"You don’t need protein powder. People are spending extra on these thing but you can get all the protein you need from your good food. Natural yogurt, cheese, cotrage cheese, meats , eggs, lentils. Don’t waste hard earned money on something that’s not real.",3,,youtube
aldi,You do realize that was cold brew tea you bought?,3,,youtube
aldi,"Ma&#39;am good luck with your nutrition but if I may, ditch the chips.  Ditch all food stuff with no nutritional value.  Eat nuts, almonds, walnuts, not covered nuts just plain if you want some savoury snack.  Plus make your own salad dressings, basic olive oil, vinegar &amp; mustard.",2,,youtube
aldi,You might want to read ingredients on some of the items you put in your cart 🫣😄☠️,0,,youtube
aldi,Someone on this channel ripped me for making a comment about this youtube creator buying crap because she never does! Now? She&#39;s back to ... healthy...:)),1,,youtube
aldi,"Fun fact: organic means nothing. It isn&#39;t a regulated label and organic produce most often is still sprayed with pesticide, just <b>sometimes</b> less. Just get the regular produce and wash it ;)",2168,,youtube
aldi,I died when you said &quot;these green ass bananas&quot; for some reason. 😂🤣💀,680,,youtube
aldi,"Lentils pack a high amount of protein and iron and can be used to make breads, flatbread and wraps- cheaper than many of the other proteins listed here if it helps anyone.",920,,youtube
aldi,No joke theres another dude that tried doing the 100$ budget at aldis and he got almost the exact stuff u got.,178,,youtube
aldi,"Just a little tip, Basmati rice is lowest on the glycemic index so my sugar doesn&#39;t spike so high and digests better. I eat it everyday 🎉",54,,youtube
aldi,$100/ week for one person is super expensive 😭😭😭,308,,youtube
aldi,Those groceries would have come out to be $20 in the 80&#39;s.,25,,youtube
aldi,I love Aldi!! Great deals!! Nice video!,156,,youtube
aldi,OK now we wanna see you put all that food together and make meals out of it. Thank you so much.😊,55,,youtube
aldi,I love that you said that baking soda trick definitely finna start doing that,13,,youtube
aldi,Fabulous cart! 🎉 Please do a follow up video that shows us how you use these ingredients to prepare meals ❤,12,,youtube
aldi,you could also get the fresh spinach (or berries if on sale) and then wash &amp; freeze it to save a bit of $$,119,,youtube
aldi,"I’m 36, I remember when my mom made me go get an extra shopping cart and the total was $130-$170 and this was a once a month MAYBE 2 around tax (or child support) time. I’m amazed at how much more things cost. I think my generation has suffered the most from inflation over the rest of them.",0,,youtube
aldi,Love this! It just makes me so sad that due to the economy even aldis had become expensive but its our cheapest option,2,,youtube
aldi,"Wow … Well done!  I shop at Aldi’s, too but not nearly as well … thank you for the inspiration!!  😁👍🏻",27,,youtube
aldi,I love that before I watched this video I was eating / purchasing all of these foods…<br>It’s all about single food products…<br>REAL food is where it is at…<br>I love your video!,26,,youtube
aldi,"Seriously the best place to shop healthy on a budget, it’s soo easy !",0,,youtube
aldi,"Dude I keep telling people that it&#39;s not actually that expensive to eat clean if you eat the right things most people want to get those protein snacks that are $3 a piece and wonder why they have no money, would I always buy is Greek yogurt, oatmeal, chicken breast which if you buy at Sam&#39;s club they sell big packs for cheap lean ground beef vegetables, sweet potatoes, eggs and I buy a big bag of frozen blueberries and pour some out into my oatmeal every morning  if you eat the basics which is single ingredients foods you will feel so good I&#39;ve been eating and noticed my blood sugar feels better and I feel happier more energetic and I&#39;ve been making the most progress in the gym tracking my workouts and macros but the biggest game changer was changing the food I eat",0,,youtube
aldi,Great finds at aldi,0,,youtube
aldi,I would love to see your plan to eat on that for a week. Do you eat other items that you already have at home or is this your whole meal plan for the week? Genuinely would love to see how you do it! I need that type of follow up😍😍,1,,youtube
aldi,"Eggs, Egg whites, ground turkey/beef/chicken, low fat cheddar, side of kiwi for breakfast<br><br>Loaded sweet potato with shredded chicken and homemade buffalo (its not hard, just look it up), i like to use pepperjack cheese, use whatever especially if its low fat for lunch<br><br>Salmon, quinoa, broccoli for dinner<br><br>Yogurt, protein powder, sugar free cheesecake pudding mix, mashed raspberries and turn em into jam to go over the top as dessert. <br><br>Also eat hamburgers. Bun or no bun. If you dont like red meat, you can also turn ground turkey into a burger, you can make tuna burgers, you can make chicken patties... always super good options.",0,,youtube
aldi,"yea, everything is literally 3 times that here in san francisco lol. It&#39;s wild how much food costs are tied to location. And then went I tell people I spend $2,000 in the comments, they go &quot;how?!?&quot;. Well... a dozen of eggs is $7.00 right now. Avocados are $1.50.  Ground beef starts at $9.99 a pound, leaner is $12.99.",131,,youtube
aldi,Incredible haul,0,,youtube
aldi,this was super helpful,0,,youtube
aldi,Great job on your video!  I pray that we will all have a happy and healthy life.  😊🙏🏽,8,,youtube
aldi,that jasmine rice 🍚 is a staple,0,,youtube
aldi,Jesus….. I spend around 125 a week for a family of seven eating exclusively Whole Foods (kids complain relentlessly) and vegetables… we don’t do. The grass fed/organic stuff though. Cheap is the goal. $100 for one person is a very lucrative budget.,18,,youtube
aldi,So beautiful the love you put back in these homes ❤,0,,youtube
aldi,algorithm please bring this legend back to me when I can afford groceries next week,0,,youtube
aldi,"Tbh I get 60 eggs for under $10 at Walmart, have em for a month or more. Best purchase ever.",0,,youtube
aldi,Close to my exact haul love Aldi,0,,youtube
aldi,"Now, this is how you grocery shop! All Real Food! This is how we are supposed to eat and if you want snacks or treats, just eat healthy ones or make them. :-)",0,,youtube
aldi,One thing which one needs to consider buying is qhere you are as most California places are going be more expensive than say in Texas. (This is just a general estimate nothing too specific but region and area does matter),0,,youtube
aldi,"I love everything you got, lots of fruits, veggies, protein, good healthy diet.",2,,youtube
aldi,Pretty solid haul. I buy a lot of pasture raised eggs and grass-fed beef from Aldi. And the coconut water of course.,2,,youtube
aldi,You can get the big bag of salmon. Just rinse the fish to get rid of the sodium tripolyphosphate. It&#39;s water soluble.,0,,youtube
aldi,POV: You saw these shorts because you searched &#39;ALD1&#39; 😂,0,,youtube
aldi,"That weird chemical in the frozen salmon is sodium tripolyphosphate, it&#39;s a phosphate, so it clings to water, keeping the salmon from drying out easily. It&#39;s regulated so people don&#39;t inflate the weight of the salmon by injecting it with a bunch of water and STPP. It acts like salt in the body, holds onto water, gets peed out. It can build up in the body if you have too much, so consume in moderation. It&#39;s as safe to consume as sea salt, both can fuck up your cardiovascular system if you have too much.",0,,youtube
aldi,Tripolyphosphate is a perfectly safe food additive used to improve the texture of seafood and lengthen shelf life. The only risks associated with its consumption are if you have kidney problems or consume too much sodium. <br><br>Removing pesticides via baking soda only works for certain surface pesticides and additives.,0,,youtube
aldi,Nice haul!,10,,youtube
aldi,I fall in love with jasmine rice it is so good,0,,youtube
aldi,Love this video!,0,,youtube
aldi,"The beef I get at Aldi, the green package that you picked up: $6.45/per pound! It’s the only beef I buy but prices have gone up $2 in six months!!  <br>I love Aldi",0,,youtube
aldi,Amazing list! I rarely see sweet potatoes in a bag at Aldi but they have frozen sweet potatoes. I might get the fresh spinach and organic berries but that&#39;s a wonderful haul. Thank you!,0,,youtube
aldi,Good going smart shopping thanks for showing how it&#39;s down and to boot healthy foods❤,0,,youtube
aldi,That’s some good shopping!,0,,youtube
aldi,I usually get the small bag of salmon but recently I got the big bag I wish I would have seen this video before purchasing it😮,109,,youtube
aldi,That’s an awesome grocery haul! And they always have green ass bananas lol,0,,youtube
aldi,1st short of your&#39;s I&#39;ve seen and well done! Amazing prices!    Best from Colorado where we will soon have 20 Aldi stores=yea!!,0,,youtube
aldi,"Conventional or organic, soak and or clean your fruits and vegetables and baking soda water.💓",10,,youtube
aldi,"that honey in those squeezy bottles, is almost always just pure sugar. you can see the consistency, either buy from a local bee keeper or buy location confirmed/tested manuka cheers.",1,,youtube
aldi,Not all heroes wear capes. Thanks my man. Was seeing if I needed to make a video like this or how many already existed 👍,0,,youtube
aldi,"In Canada, it’s $8.92 for 2lbs of kiwis",3,,youtube
aldi,"If you can prep and live near a costco you can save a bit more shopping there. For instance, avocados come out to ~76 cents ea, and another thing I noticed off the top of my head is it is 1 dollar per pound of rice at costco. I do 25 lbs for 25 bucks. Though you also have to factor in the membership.",0,,youtube
aldi,"You&#39;re glowing, probably for multiple reasons! Thank you for sharing the information about the herbs, that was really kind of you! I really appreciate it! Please find out if she has any suggestions for increasing estrogen/decreasing testosterone in woman and boosting the metabolism.💓💓💓",0,,youtube
aldi,Also check out their organic spaghetti sauce,4,,youtube
aldi,this is great actually!,0,,youtube
aldi,If you think for a second there&#39;s no pesticides on the organic there&#39;s gotta be something wrong 😂,0,,youtube
aldi,"Aldis is the best, i didn&#39;t know about the chemicals in the salmon good tip",0,,youtube
aldi,Awesome!  I LOVE that when I come in at just a little bit less!  It’s like it all falls into place.  Wise choices.  And avocado at .87? You live in Paradise! They’re like 2 bucks each here..,0,,youtube
aldi,Wow amazing deals!!,0,,youtube
aldi,Big ALDI fan here!  Which app did you use to check food chemicals?,30,,youtube
aldi,good run for 100,0,,youtube
aldi,"touche/  very impressed, you got a balanced/low toxin yummy blend of items tat are so versatile.",0,,youtube
aldi,awesome video and awesome prices on amazing food,0,,youtube
aldi,good haul g,0,,youtube
aldi,"Wow I love this comment section. Not only is everyone a nutritionist, but all the other nutritionist disagree with the other nutritionist so at the end of the day it seems as if no one know wtf they are talking about.  But, we all need to feel important and superior.",0,,youtube
aldi,Thank you!!❤,0,,youtube
aldi,"To put into perspective, that $400 a week for a family of four. That&#39;s wicked expensive. I&#39;d hate to see what this costs at other stores",0,,youtube
aldi,"I&#39;m going to have to watch this 3-5 times to catch the info as you speak so quickly. But, it is worth my time as you have good info, just please slow down Thank you",0,,youtube
aldi,Bro this is sick thank you for making this!,12,,youtube
aldi,"Sodium tripolyphosphate is just an inorganic salt. Considered safe by the FDA, WHO, and EFSA. Perfectly fine to consume 👍",0,,youtube
aldi,Great video! Nice job!!!!,0,,youtube
aldi,"PSA: Iron isn&#39;t a &quot;synthetic vitamin&quot;, it&#39;s literally an essential mineral for your cardiovascular system &amp; it&#39;s not unusual for white rice to be fortified with iron. If you don&#39;t want iron to be artificially added, then purchase a mix of brown (whole grain) rice &amp; lentils.",0,,youtube
aldi,love aldi:),0,,youtube
aldi,I Love To Shop At Aldi&#39;s Too Their Prices Are A Heckuvalot Cheaper Than Other Grocery Stores By A Longshot! Shalom And Amen Brother!✝️✝️🛐🛐😇🌟🤗🙏🙏🙏🇨🇦🇬🇧🇲🇽♾️🇺🇸🇺🇸🇺🇸🗽🦅👼👼👼❤️❤️❤️‼️,0,,youtube
aldi,"I studied organic farming in college and organic food uses pesticides, often massive more amounts of pesticides because the organic ones suck compared to synthetics. The past 50 years of data clearly shows that people who eat organic don&#39;t live any longer. It&#39;s a marketing term to get you to spend more money",0,,youtube
aldi,Yes absolutely minute rice is precooked and then dehydrated and because of that they in Richard. Just get a rice cooker and go with that big bag of jasmine rice 😊,38,,youtube
aldi,Nice! That looks a lot like my grocery cart only mine was more expensive. I will need to try Aldis! Thank you😊.,0,,youtube
aldi,Thanks for doing this video,10,,youtube
aldi,Very very good work!,0,,youtube
aldi,I love this ! Thanks for the tip bro 🔥,0,,youtube
aldi,"I remember under 10 years ago going to aldis with my mom. We would always guess how much it would cost before the total was rung up. For a family of 5, eating pretty damn healthy, we could almost fill the cart for $120. Now I get two aldi bags full for $100 only feeding me and my fiance 😭",0,,youtube
aldi,Aldi is my favorite. 🥰,0,,youtube
aldi,If you’d skipped the grass fed you’d have saved some money too,2,,youtube
aldi,This is literally my exact grocery haul from Aldi 😂,0,,youtube
aldi,EXCELLENT!  Thank you ❤,0,,youtube
aldi,Love the animal crossing music 🎶,0,,youtube
aldi,"ALDI&#39;s! Nutritients listed! Kind of overspent on some stuff, but great haul.",0,,youtube
aldi,"I still need to make room for my coffee and salad though, I’d switch a few things out.  I’ll freak out without my staples, coffee, creamer, fish, and salad. 🥗",0,,youtube
aldi,Their jasmine rice comes in a resealable bag too,0,,youtube
aldi,Read the book We want to live -Aajonus Vonderplanitz,1,,youtube
aldi,That beef is $6.99 currently @ my local Aldi. Has been for awhile.,0,,youtube
aldi,"<a href=""http://1.you/"">1.You</a> cannot soak off pesticides. <a href=""http://2.organic/"">2.Organic</a> produce is still sprayed with pesticides.",0,,youtube
aldi,Local is just a marketing tactic on that honey.<br><br>Buy honey from roadside stands and farmers markets only,0,,youtube
aldi,$100 a week wow! Most of us have maybe $60. Can you do the $60 version please??,0,,youtube
aldi,Really good picks and great video! Thanks!😊,0,,youtube
aldi,Jasmine rice is always the answer. Never instant!,0,,youtube
aldi,Love aldis!  We just moved and there’s none by me anymore 😢,0,,youtube
aldi,I cant believe they feed the butter grass,0,,youtube
publix,Do I have Fetch? Yes. Do I have Ibotta? Yes.  Do I have a Publix near me? No. Do I leave in Florida?  No. Did I watch the whole video? Yes because it’s STAR ❤. Appreciate all your hard work.,9,,youtube
publix,Eek thank you for sharing! Pick up some things today for $55 and got it down to $3! Can’t wait to go back tomorrow to finish shopping. Maybe I’ll get the seventh generation too!!,3,,youtube
publix,Thanks for all the great deals!,0,,youtube
publix,FABULOUS DEALS🎉❤,0,,youtube
publix,Thank you❤. Love the Publix promise.,0,,youtube
publix,"Excellent deals this week, thank you for all four help 🎉",0,,youtube
publix,Wow that was an incredible haul! Thanks as always!,0,,youtube
publix,I have so much Fage sour cream from all the bogos lately. 🤣,9,,youtube
publix,You never disappoint!!! Great deals 🎉. Thank you ❤,0,,youtube
publix,Scored FREE detergent bc of the Publix promise! Thank you sis!,1,,youtube
publix,Hooray Fetchtopia🎉,0,,youtube
publix,Awesome 🎉🎉,0,,youtube
publix,Thank you😊,0,,youtube
publix,Nice haul!! I like the Hoist drinks too and will definitely pick those up.,1,,youtube
publix,Yes yes yall. I was waiting for this video this week ❤❤<br><br><br>Edit:: excellent haul and yes I’ve had to use the Publix promise before but I had to tell the cashier she didn’t know (which was weird to me) then get the manager but it worked out well in the end.,10,,youtube
publix,Now I need to go..again!,0,,youtube
publix,"<a href=""UCkszU2WH9gy1mb0dV-11UJg/HvgfY93GEYmqvwLUuYDwAQ""></a>looking good this week.",0,,youtube
publix,Thank you! I love watching weekly and that you don’t waste anytime!,1,,youtube
publix,Amazing haul this week. Thank you!,0,,youtube
publix,Got my detergent free too! 🎉,0,,youtube
publix,"My weekly Wednesday video to get me ready for Thursday morning, Florida shopping.  You are so appreciated!  Yes, yes!",0,,youtube
publix,"Great Job, Sis!!! ❤ I need to go back for a few things.",0,,youtube
publix,Thanks Star! Love watching your super helpful videos and seeing your great smile!,0,,youtube
publix,"Awesome haul, Star! Thanks so much for sharing.",0,,youtube
publix,Thanks for the great deals this week! love your videos before i go shopping!🌻🌼,0,,youtube
publix,Great haul as usual ❤,0,,youtube
publix,I can’t wait to try some of these,0,,youtube
publix,Yay! It&#39;s Star!,0,,youtube
publix,Awesome Deals. Shopping like a Mega Star.🌟,0,,youtube
publix,Yes yes Star a must Do Thanks,0,,youtube
publix,"Yes, yes, yes-Star. Thanks for sharing.",0,,youtube
publix,Super deals this week 🎉,0,,youtube
publix,Thanks Star. Good snack week. I just recently tried tge Siete chips. I like them and will picking them up.,0,,youtube
publix,"I noticed that Fetch points are calculated as if they had an equal cash value. Am I missing something? If you want to get a $5 VISA card on Fetch, it will be 7,000 points. Cheapest retail store gift cards are usually 6,000 and for restaurants around 5,500. It makes it harder to calculate the actual cash back value considering all this, it&#39;s true...",2,,youtube
publix,Thank You ⭐ Star ✨,0,,youtube
publix,Yayyy! I’ve been waiting to see your video pop up! 💛🌻,3,,youtube
publix,Bummer my fetch doesn’t have any of the Siete offers,5,,youtube
publix,Love  the deals Star. ❤❤,0,,youtube
publix,Thank you Star!! I wait until your video before I head to Publix. I’m hoping to have the same luck on the seventh generation ❤❤,0,,youtube
publix,"Yay, great deals ❤",0,,youtube
publix,Thanks Star!😊👍,0,,youtube
publix,Love your haul!  Thank you for all you do!Do you have a printable list for Publix?,0,,youtube
publix,I love your videos even though I don&#39;t have that store,0,,youtube
publix,"Yes,yes yall. Pub is on 🔥.  Will be there tomorrow. Thank you🎉",0,,youtube
publix,"Listening as I drive to the Pub.  Thanks, Star!! 😊❤",1,,youtube
publix,I knew this was gonna be a great haul. I tried the 7th generation and this price had gone back up as of Wednesday morning. Lol I was so disappointed 😂.  Glad you were able to score! Thank you! I had to correct the day lights out of my receipts with fetch lately. Sooo annoying!,0,,youtube
publix,Sadly I dont have any of those Fetch offers 😭 Thanks for your video ❤,0,,youtube
publix,I scored on the detergent too!  Thanks as always!,1,,youtube
publix,My sis is in the house 🏠 yes yes yes yall ❤. Always a pleasure to watch Starr  thanks girlie from SC ❤,1,,youtube
publix,Sounds like 🎉 week thank you,0,,youtube
publix,I never have the cool Fetch rewards. 😢😆,0,,youtube
publix,Yessss the STAR IS HERE! 💥,0,,youtube
publix,It’s a good week❤🎉 thank you for sharing the deal as always,0,,youtube
publix,Thank you Star!!!!,1,,youtube
publix,This is weird I know I subbed before but I just see that it&#39;s showing I&#39;ve not subbed. Went ahead and subbed again. You need 500k subs this year!🎉,0,,youtube
publix,You look great!,0,,youtube
publix,Team chocolate Good Humor bars! Amazing haul ❤ Publix is one of my faves now. Closest one is an hour away but we get so many things to use around the house i wouldn&#39;t buy otherwise.,0,,youtube
publix,Heyyy STAR!!! Thanks so much!! I appreciate you! I get so many good deals because of you!♥️♥️♥️♥️♥️♥️♥️♥️♥️,0,,youtube
publix,Thanks,1,,youtube
publix,I bought the siete but only got the Ibotta rebate. I have no rebate on my Fetch 😢,1,,youtube
publix,Estoy Contigo! Killing Fetch! 🎉,0,,youtube
publix,Hello 😊,1,,youtube
publix,STAR 🌟 ❤   THANKS FOR SHARING 👋👍👍😊,0,,youtube
publix,Good evening Ms Star. Thank you. How’s your mom? 🙏🙏,1,,youtube
publix,In trying the lemon Vinaigrette too,0,,youtube
publix,I have a question for you when you buy the sale at Publix buy one get one free and you submit your receipt to Fetch do you have to correct your receipt and put the price for the one that it was free?,0,,youtube
publix,How do you get a printed Publix receipt when you put in your phone number so you get your digital rewards/coupons?,0,,youtube
publix,I don’t have the air wick starter coupon did they expire?,0,,youtube
publix,🎉🎉🎉❤❤❤,0,,youtube
publix,Thank you what did you say for morning star a coupon is where,0,,youtube
publix,"So explain the app you are using please, are they going to send you the money in mail?",0,,youtube
publix,Why did you separate the transactions? I’m trying hard to learn the best savings from you! You do sooo great all the time❤,0,,youtube
publix,"Siete on Ibotta went down to 75 cents for buying 2, Sargento on ibotta also lower on fetch 🤦🏼‍♀️ they changing them quick…",0,,youtube
publix,How’s mommy?,0,,youtube
publix,"I am in Florida, are you finding that fetch is not approving the second bogo item that rings out as 0 even if I do the correction they do not approve it.",2,,youtube
publix,Can I take a printable coupon back to Publix and get $1 for the Gatorlyte?,0,,youtube
publix,Thanks,0,,youtube
publix,Never go to Publix without seeing your video 1st 🎉😊,10,,youtube
publix,Thank you!,1,,youtube
publix,The almond flour ones are so good!! They make a great breakfast burrito,1,,youtube
publix,Thank you,0,,youtube
publix,Thanks Kayla. Great haul.,0,,youtube
publix,"I&#39;m pretty sure if you go back and explain to Publix what happened, they will give you the second airwick. My stores would at least",2,,youtube
publix,I havent been able to find any of these offers on fetch 😢,0,,youtube
publix,"I’m excited about the Siete products. Thanks, Kayla!!",0,,youtube
publix,"Hey, you can actually call and explain what you forgot to do and they will take your name and number at customer service and you can go and pick it up any day.",1,,youtube
publix,The siete chamoy sauce we usually put it of fresh fruit or mango ice cream 😅 it’s delicious,0,,youtube
publix,Hi does you Siete offer on Fetch updated? Mine still not giving points ? Let me know thanks Kayla ❤,0,,youtube
publix,Hi Kayla love your hair awesome haul thank you so much for sharing ❤😊,0,,youtube
publix,Love your videos!,0,,youtube
publix,great ibotta deals🎉,0,,youtube
publix,Thank you Kayla! I&#39;m going to get the Siete Taco Shells. For some reason I don&#39;t have a Midweek Bonus on Ibotta this week. Does that sound normal?<br>Your nails look really nice natural. Nice to see the new kitty in the last video. ❤ 😺,0,,youtube
publix,I think I used the $3 off the air wick warmer digital a couple weeks ago.,0,,youtube
publix,Good morning Kayla thank you so much for the video but I do have a question about Fetch whenever you don’t get your points back where do you submit it or how do you go about getting your points for it?,0,,youtube
publix,"Hi Kayla, I got some Buitoni coupons months ago, and now they are not showing up on the website or in emails. Is it possible to get more?  Thank you for your help!",0,,youtube
publix,My slate offer says only good at Target?!?😢,0,,youtube
publix,I went this evening and bought the siete items and do not have the fetch offer.   Trying the vinegrette,0,,youtube
publix,"Good morning. I think this was your best deal ever. You went from $117 to $18??😮 Thank for sharing these discounts. In this economy, every bit helps.",7,,youtube
publix,Thank you for putting deals to gether. Really appreciate your time and effort.  Seems you had a great week as well.,1,,youtube
publix,Hiya! Thank you MIchelle for being so thorough!!!  Nice haul...I hope I can do it like you did LOL,1,,youtube
publix,Thank you! Driving and listening. I know it&#39;s gonna be awesome.,1,,youtube
publix,Thank you ❤❤❤❤❤,0,,youtube
publix,"Morning, thank you 😊",0,,youtube
publix,Hey Michelle! Great deals. Congrats on completing your bonus. Thanks for sharing. Cleveland kitchen pickles are bogo. I have $1.50/1 in my Ibotta list as well as $1.50/1 from Merryfield. There are some nice deals this week. I hope you have a great day.,1,,youtube
publix,Thank you Michelle.   I look forward to your weekly Publix video posting.   Goat cheese pasta  sounds good. Have a great afternoon.,0,,youtube
publix,I don’t have all of the coupons etc but I’m not complaining. What a way to stretch a dollar and not 1 brow pencil or 14 packs of dryer sheets😂😂,0,,youtube
publix,Thanks,0,,youtube
publix,I want to thank you terrific video.,0,,youtube
publix,Thank you Michelle 😊👍,0,,youtube
publix,Thank you so much!,0,,youtube
publix,Happy New Year beautiful friend ❤❤,0,,youtube
publix,I don’t have a printer so the last year or so I’ve been reaching out to Springer Mountain and they send me a stack of $1.50 coupons. All you have to do is email them. Just thought I’d share. Thank You Michelle for all you do!!,0,,youtube
publix,"Thanks, Michelle. I just went to Publix last night and picked up the Skinny Girl. So I submitted that receipt to SK. It said must be purchased between 1/6 and ?, so it worked (although my SK offer was less than yours), making my price for two $1.52. Also worked for the two Dash, making them a 7 cent MM. ❤",0,,youtube
publix,hi I enjoy your videos every week.  i didn&#39;t see where you can print a coupom from  happy egg,0,,youtube
publix,"Hey Michelle! Did the yogurt, Dave’s bites and carb advantage reset for you?",0,,youtube
publix,"If you end up going back, Strawberries are BOGO this week and there are shopkicks for about $1.28 back lim 3",1,,youtube
publix,Thanks Kayla. Great haul.,0,,youtube
publix,Great haul and deals Kayla thanks for sharing ❤😊,0,,youtube
publix,Can you show us how to use those printable coupons at self checkout😊,0,,youtube
publix,Thanks for sharing the best deals this week Kayla,0,,youtube
publix,Your hair is so pretty in this video!,0,,youtube
publix,So excited for these deals each week now! Thank you for all you do ❤,1,,youtube
publix,Good deals kayla🎉,0,,youtube
publix,"Thanks! <br>For the chicken, if I sign-in today in their website , can I print the coupon today?",0,,youtube
publix,Thank you,1,,youtube
publix,Single dad could use some help with couponing so what are these digital coupon? Coupons are those things that are automatically on my public app? Thanks.,2,,youtube
publix,My Publix perk is always $3 off $80 😂🤦🏻‍♀️,0,,youtube
publix,Should you have gotten the bread for free with the publix promise since the self price was lower then the $5.29?,0,,youtube
publix,Polaner deal is gone off everything.,1,,youtube
publix,Awesome Kayla ❤ Thank you😊,1,,youtube
publix,Great haul Kayla Thank you for sharing ❤😊,0,,youtube
publix,Thank you!,0,,youtube
publix,Thanks dear 😊,0,,youtube
publix,"Thank you Kayla! You do a great job explaining and finding the deals.<br>Two more I found :<br>I had a Publix digital coupon for $1.50 off Kelloggs, Kashi or Bear Naked granola that applied toward the Bear Naked granola.<br>Wild Planet Tuna and Bean Salad is on sale for $3.99, $2 digital, $2 Social Nature, making it a freebie.",3,,youtube
publix,Thank you Kayla!  I totally forgot about the cookies!  We enjoyed the Sumo orange while watching your video.,0,,youtube
publix,"I got the Nellie’s eggs last week!  Thank you so much!  I never would have bought them had it not have been for your video. I got them for 75 cents a dozen after the digital coupon, Ibotta, and the rebate!  Awesome deal! 🐔",0,,youtube
publix,I got one of those coupons too. I actually had to go into my points and choose the coupon.,0,,youtube
publix,Awesome 🎉,0,,youtube
publix,theres a great deal on the clorox bleach also...large bottle 8.99-$3 autodeduct=$5.99 for the large bottle,2,,youtube
publix,Those Sargento bites are so good. I watched your video awhile back and tried those. I can’t wait to get some more for the low low,0,,youtube
publix,Thanks Star 🎉🎉,0,,youtube
publix,Thanks Star❤,0,,youtube
publix,Thanks  ❤Star😊,0,,youtube
publix,Awesome deals ❤,0,,youtube
publix,Love this!,0,,youtube
publix,Thank you,0,,youtube
publix,Hurry!!! Ibotta will surely remove the rebates from Publix.,1,,youtube
publix,"Great easy dinner using the alouette cheese spread: garden herb:  in a baking dish, grease pan with olive oil, cut up zucchini, carrots, yellow squash, cherry tomatoes, plop in the round cheese in the pan…..bake at 350. The cheese will melt into the veggies. Add some cooked pasta and some cooked chicken pieces. It’s a fabulous pasta dinner!",48,,youtube
publix,Seeing some of your grocery prices compared to ours in Florida infuriates me. Our Mueller’s pasta is $1.91!,19,,youtube
publix,That was so thoughtful. Your husband helped you out by bringing you some coupons. Love that.,1,,youtube
publix,Ookie Dokie Thank you so much Star..Publix here I come!,0,,youtube
publix,So frustrating that my Ibotta has the Dave’s snack bites $3 back at every store except for the Pub!!! 😡,19,,youtube
publix,Tuned in from Florida. As a one person household I wish we could have half bogo.😢,17,,youtube
publix,"You look so beautiful, Star…",0,,youtube
publix,Savings flyer has a $.75 Hellmans coupon in it for anyone not having the hang tag.,1,,youtube
publix,thanks Star! just went to say thank you to sisters saving you cents too! so excited to see the new Mario movie :),1,,youtube
publix,"Thank you so much star I was able to get a lot of the deals here in South Carolina! I did it and was able to stack three different bonuses in Ibotta getting $30 back total just from them! I have been a couponer for years, but I have to say your Publix hauls are some of the best!!!!",0,,youtube
publix,The pink you’re wearing is your color—so pretty! You find the best deals and my budget and I appreciate you!!,13,,youtube
publix,Yes ma’am we were waitinggg. I can make my list tonight.. woot woot thanks Star,3,,youtube
publix,Thank you so much for sharing,0,,youtube
publix,I appreciate every detail you show and give. You don’t mind taking your time and showing step by step so thank you and it opens up to trying new things 🥰,3,,youtube
publix,"Thank you, star! Of course, another amazing video. Hope all is well with your mom and your family.  <br>So frustrating living in Florida, most of those rebates are all ready in my list, our Pillsberry cookie dough is like two dollars more than yours. Not being able to do the half Bogo’s, I don’t understand why Publix doesn’t just all have it the same way for all the states, you’d think it would be easier for them and for us. lol.   No carbe diem on fetch for me.    Thank you for all you do! You are so appreciated ❤",3,,youtube
publix,Thanks Star for sharing great deals at Publix.,0,,youtube
publix,Dave&#39;s killer bread already pulled off Ibotta again. They seem go be tracking when it is on sale and pull the rebate then.,1,,youtube
publix,Great Haul this week Star!! Thank you as always!!,1,,youtube
publix,Thanks Star. It&#39;s a great week at Publix. Awesome haul!,1,,youtube
publix,It is a GREAT week at the pub!  You helped me get my bonuses making it an extra special week ❤ thanks for all you do. Continuing to pray for you and your family.,1,,youtube
publix,"I look forward to you posting these every Wednesday you’ve truly helped me, my family and our budget thank you!❤",1,,youtube
publix,No Dave’s on Ibotta for me😢,1,,youtube
publix,Ibotta is getting on me NERVES 😂 my receipt is still pending after 48 hours.,0,,youtube
publix,I enjoyed the taco tenders. I made fish tacos with a homemade coleslaw.,4,,youtube
publix,Thanks I appreciate your videos ❤❤,0,,youtube
publix,Thanks,0,,youtube
publix,Awesome deals. Thanks so much ❣️,1,,youtube
publix,"Wow me, just stumbled across your channel. Thank you for doing all the thinking for me.",0,,youtube
publix,Thanks Star! ❤❤❤,0,,youtube
publix,Yes Star was waiting on you Thank You,0,,youtube
publix,Always look forward for ur deals and get prepared caz my  sale starts on Thursday as I&#39;m in south Florida,0,,youtube
publix,"Good evening Ms. Star. Thank you for the video. Sending prayers your way for you, mom &amp; family 🙏🙏",2,,youtube
publix,Thank you Star 🤗 Wow lots of deals at Publix this week 😊,0,,youtube
publix,"I wish we would all get the same coupons, I don&#39;t have the cereal coupons.",0,,youtube
publix,Thanks Star,0,,youtube
publix,"I had an offer on Fetch for the Pillsbury, 800 points wyb 2 and the redemption limit is 3.",0,,youtube
publix,Awesome deals,0,,youtube
publix,Thank you,0,,youtube
publix,I never have the daves killer items until after I go then they appear again,0,,youtube
publix,Thank you so much❤❤❤❤,0,,youtube
publix,"I rarely clip any coupons on my app and when I do, they never come off at the register 😂",0,,youtube
publix,Yes yes yes Of course I&#39;m ready to go shopping with the Pro Star.,0,,youtube
publix,Great deals!,0,,youtube
publix,"Yes, Yes, Yes Girl!  Love it!!! ❤❤❤",0,,youtube
publix,"I see the Dave&#39;s killer bites offers all the time on here, but I&#39;m never able to grab them. In Florida here and my Publix is too far away for me to go until Thursday evening and the rebates are usually gone by them :( Today I don&#39;t even have the Ibotta offer at all. Oh well lol, I&#39;ve never tried them anyway",0,,youtube
publix,Thanks Star!!! I have so much admiration for what you do! Praying for total and complete healing for your mom ❤,0,,youtube
publix,No tide offer on fetch :(,0,,youtube
publix,"Thank you this week looks good 👍🏾 so happy you came up on my feed because you are the GOAT , love the way you break it down.",0,,youtube
publix,Great shopping. Wish I had half of the coupons you have.  I watch and update all the time and still miss a few.   Wish Publix would get their registers to all match up. One store on old system another on new.  I hate having to return items if I don’t get the deal I want since you can’t see coupon savings till you pay,0,,youtube
publix,Thanks Star❤ great deals.,0,,youtube
publix,Yes Star Time my coupon Super Star,3,,youtube
publix,This was such a great haul. I gotta watch again especially on the 2nd trans cause that was REALLY GOOD! Thank you 😊,0,,youtube
publix,How does the rebate work for the fandago movie,0,,youtube
publix,Thank you Star! Pink looks pretty on you,0,,youtube
publix,I&#39;ve been putting it off but just signed up with your code (Merryfield)!,1,,youtube
publix,Ibotta Dave&#39;s offers gone.,0,,youtube
publix,Yeah! Thank you so much! Can&#39;t wait to see what awesome deals you came up with 🎉,1,,youtube
publix,Thank you so much for taking us shopping with you and giving us the complete breakdown for everything. What is the aisle app? I can&#39;t find it anywhere.,0,,youtube
publix,"Question...is anyone else still waiting for Ibotta on the Publix deal? I submitted yesterday morning at <a href=""https://www.youtube.com/watch?v=eSZJ9f2MWas&amp;t=510"">8:30</a>...still nothing.",0,,youtube
publix,How long did it take for your receipt to get approved?thanks,0,,youtube
publix,Will the Hellman’s deal work on a new system for the $3 off $10?,0,,youtube
publix,This week is fire 🔥🔥🔥!,0,,youtube
publix,"Girl, this was an amazing amazing one I had a blast doing it. My bill was up to 200 drop down to 117 then drop down the 97 then I got 27 back on my bottle or and 17 on Fetch or vice versa. I can’t remember, but it was amazing deal and my day still was lasting till about at least until I went to the grocery store at 4 o’clock, I know of today after I got off work so it worked still",0,,youtube
publix,Thank You Star ⭐⭐⭐,1,,youtube
publix,Those taco tenders are so good. I tried the cilantro lime and put them in my air fryer and it was delicious.,0,,youtube
publix,Hi! I love your videos. I watch every week and they are so ver helpful :)<br><br>I had a quick question. Did you or anyone have issue with getting money back on Ibotta for air wick? It definitely matches when I scanned them but Ibotta didn’t it pick it up after submitting the receipt.,0,,youtube
publix,Thank you for the deals! I literally wait to see your video before I do a big transaction! I tried the Taco Seasoned fish sticks when they were on sale at Kroger. They&#39;re ok. The flavor profile is off to me. I&#39;m going to try the Cilantro one next to see if I like it better.,1,,youtube
publix,Always my favorite ❤❤❤,0,,youtube
publix,Love your vids🎉,0,,youtube
publix,Of course like always Ibotta times out Florida pulls the offer before our ad starts Dave Killer Bread,0,,youtube
publix,I believe when I was shopping last week I saw a Hellman’s coupon in the extra savings flyer. I need to look at the size requirement,0,,youtube
publix,Hey Star Do you have the aisle rebate for the eggs?,0,,youtube
publix,🏎️💨💨💨💨💨,1,,youtube
publix,Hi star ilike your videos please send me eggs aisle rebate link,0,,youtube
publix,Good Morning.. Thank you so much for this WONDERFUL video. I was wondering if we could buy the regular Oscar Mayer bacon with the buy $20 coupon? ❤,0,,youtube
publix,"Sad it&#39;s so complicated to shop these days. I need to hire a computer tech to shop i guess. I don&#39;t understand digital coupon stuff, cash back sites, etc. Everybody should have the same options, easy. How is a 80 year old lady suppose to know all this stuff.. why can&#39;t stores just price the stuff without coupons and making it difficult to save money.",0,,youtube
publix,Is the Nellie’s rebate on your website?,0,,youtube
publix,$5 kraft didn&#39;t work for me.  They said it comes off the bogo price.,0,,youtube
publix,"Star, what app was the Reddi wip coupon on?",0,,youtube
publix,hiii star!!! i would loveeee to see a kroger couponing video if you ever do it 🤍 in california we don’t have publix :(,0,,youtube
publix,I’m trying to sign up UPSIDE with your referral.<br>They ask your promo code,0,,youtube
publix,Bummer I have no Dave’s rebates,1,,youtube
publix,"I don’t understand why I get very few of the Publix digital coupons mentioned. I don’t have the Muellers, Dave’s bites or many more. Anyone have any ideas why. Thank you.",0,,youtube
publix,Ibotta removed the  Betty Crocker rebate by the time I got back from work,0,,youtube
publix,Bacon deal no longer working with $5 coupon 😢,0,,youtube
publix,"Star can you block Ibotta from your channel, lol? They have pulled every one of these rebates and they only do it after you post your haul every week.. 😭😭",0,,youtube
publix,Are we able to use the $3 off $10 and $5 off $20 in new register stores or this still old register deals ? Thanks,0,,youtube
publix,"They already snatched the Dave’s Ibotta rebate from my account 😢but I’m looking forward to the 1.29 Nellies!!! pies &amp; cool whip, veggies and Air Wick!",1,,youtube
publix,"Love your videos!! I watched 3 others today, waiting for yours. Those were so annoying and dragging to get to the point!",0,,youtube
publix,I did not like the taco tenders.,0,,youtube
publix,Thank you ❤,0,,youtube
publix,no real food   All ultraprocessed food   you will get chronic diseases from this modern western diet,0,,youtube
publix,I went to Publix the other day for the first time in over a year and let&#39;s just say they&#39;re buy one and get ones they&#39;re not worth it they jack up the prices and everything was so freaking expensive I could not believe it I go to Winn-Dixie for my meats and Aldi&#39;s for my fruits and veggies,0,,youtube
publix,Thanks,0,,youtube
publix,"Great deals, Sis! ❤",0,,youtube
publix,Thank you.,0,,youtube
publix,"I GOT BACK $24.75 ($19.75 from groceries +$5 casserole cash bonus) from Ibotta!!!! This is the most I&#39;ve gotten back EVER. I&#39;m so thankful for you Star, you&#39;ve given this novice couponer the spark to keep going!",22,,youtube
publix,Scotch Brite sponges are bogo $3.49 and there is a 2.00/1 off coupon in green savings flyer. Can use 8 max coupons and it is a MM. Sorry it us for 6 ct and up I surprised the Publix cashier who looked at coupon actually approved it.,15,,youtube
publix,When I hear yes yes yall. I get my pen ready every week. Thank you sooooo much for sharing these saving it’s truly is appreciated by me and my daughter’s household. I shop for both. Thank you thank you thank you and happy turkey day 💪🏾🫶🏾🫶🏾,1,,youtube
publix,Happy Thanksgiving Super Star! Thank you for all you do! Enjoy your family and we&#39;ll see you Wednesday after next!,7,,youtube
publix,Got back $60 😮 I’m amazed,1,,youtube
publix,"Great week! We are low carb and gluten free so many deals we have to bypass (or donate!) Lots of good ones for our personal preferences, thanks Star!",2,,youtube
publix,How funny God is good I finally asked my new neurologist if I can have elderberry because it was told it could flair auto immune disease but she said it was found not too so I&#39;m excited to get them to try to help stay healthy 🎉 thanks for sharing.,4,,youtube
publix,Wow $4.99 for Breyer&#39;s!  My stores are $6.99 here in Central Florida.   Luckily my Fetch rewards are more than yours at $2.50 each!,3,,youtube
publix,Hey Star! Thanks for sharing the deals! It&#39;s a great week at Publix. I hope you and your family have a wonderful Thanksgiving. Thanks for all you do.,3,,youtube
publix,Happy Thanksgiving! Appreciate you!,0,,youtube
publix,Thanks for always bringing us all the deals! Happy Holidays! 😊,0,,youtube
publix,Merryfield also has Cleveland Kitchen Pickles $3.00 back.,2,,youtube
publix,Happy Thanksgiving 🦃🥰,0,,youtube
publix,"Thank you Star,  Happy Thanksgiving ❤",0,,youtube
publix,Thank you for shopping at the pub. Where shopping is a pleasure,6,,youtube
publix,"The Nature’s Way Immune Lozenges - The Extra Savings Flyer has a $4 coupon - HUGE MONEY MAKER-but in FL they are $5.99, still huge money maker",8,,youtube
publix,Thank you Star for the awesome video.,0,,youtube
publix,"Thank you, Happy Thanksgiving",0,,youtube
publix,You’re the best!! I look forward to your post every week.  I really appreciate you and your time.  Thanks to everyone else on your post for sharing more deals. 💕,0,,youtube
publix,"I wish I had a Publix, love all the food deals they have",0,,youtube
publix,Appreciate all the Ibotta deals.,0,,youtube
publix,Happy Thanksgiving to you and your family! Thank you for all that you do! Love your videos!,0,,youtube
publix,Wish I had a Publix 😢 would love to see more Kroger.,0,,youtube
publix,I think Ibotta started catching onto the Poppi 😂 they had my receipt under review for over a day and said the 1.50 was not eligible.,0,,youtube
publix,Wow!  Big food shopping week shopping for real 😂.  TFS 🌟!,0,,youtube
publix,Girl you are the best. Love all your Publix deals!!,0,,youtube
publix,"Yes yes yall in my Star voice! Good week at the pub! Got that Pyrex, elderberry drops and poppi rose Ibotta too 💪🏾 Got the elderberry drops- and used the flyer coupon  💪🏾 got the scotch brite and used the flyer coupon 💪🏾 thank you Star for always putting us on!!",0,,youtube
publix,The Dove deal is right on time for me. I’ll definitely be picking that up. Thank you Star!!,4,,youtube
publix,Thank you Star!! This was a great haul and extremely helpful! Did you happen to see the Scotch Brite sponge deal? BOGO and $2 paper coupon in flyer! Happy Thanksgiving and thank you again for all these tips!,5,,youtube
publix,Love your sweater I have the same one in black. Thanks for sharing ❤,0,,youtube
publix,"So glad to be visiting family in Florida. I arrived yesterday and already went to Publix to get my BOGO. Thank you Star for this video, so helpful for me ❤",0,,youtube
publix,Thanks for the deals. Have a wonderful Thanksgiving!,0,,youtube
publix,Ibotta is a real pain these days.  Good thing I have your list to refer to because this last shopping trip I had to scan all 9 of my items that had Ibotta rebates.  I also didn&#39;t get my Jiffy rebate.    🙄,0,,youtube
publix,Thank you for lol you do for us! Thankful for you!,0,,youtube
publix,"Great deals as always, Sis! Thanks for the lozenges deal!!!! ❤❤❤",0,,youtube
publix,Thanks for sharing. I hope you and your family have a Happy Thanksgiving ❤,0,,youtube
publix,Happy Thanksgiving!!!! We thank you for all you do.,0,,youtube
publix,Happy Thanksgiving and thanks for all you do!!,0,,youtube
publix,You always bring the best. Thank you,0,,youtube
publix,"Hey Star, <br>Thanks, Happy Thanksgiving!!",0,,youtube
publix,Thanks for these deals Star. I had been saving that meat coupon. 😂,0,,youtube
publix,Happy Thanksgiving to you and your family,0,,youtube
publix,Great shopping and great deals. Happy Thanksgiving Star. ❤,0,,youtube
publix,What can I say?? Amazing deals this week. Thank you for doing all the legwork for us and giving  us the inspirations 🙏🙏,0,,youtube
publix,Thank you for sharing your amazing savings. Have a wonderful time with your family😊❤,0,,youtube
publix,My store just went to the new system BUT my Birds Eye threshold coupon STILL worked at $15 before the Bogo sale!,0,,youtube
publix,Awesome haul Star! Thanks❤,0,,youtube
publix,Thank you. I&#39;m heading to Publix this morning for the frozen vegetables.  I have a $10 off $30 Winn Dixie coupon I plan to roll into these deals.,0,,youtube
publix,Star with the deals as always 🎉,0,,youtube
publix,Thanks for helping me.keep these bills and coins.,0,,youtube
publix,Thank You Star ✨✨<br>Happy Thanksgiving to you and your family  🦃🦃🦃,3,,youtube
publix,Love this sale,0,,youtube
publix,😂 I meant to come back here after I shopped... all the good rebates weren&#39;t on ibotta anymore 😢so sad lol 😆,0,,youtube
publix,Thanks star❤❤❤❤,0,,youtube
publix,Thanks,0,,youtube
publix,Yes yes yes I&#39;m always ready  to watch the master Star 🎉🎉,0,,youtube
publix,"Happy Thanksgiving to you, your family &amp; coupon family 🙏🙏",0,,youtube
publix,Happy thanksgiving to you and your family ❤,0,,youtube
publix,Thanks for sharing great ideas this week.<br>Happy Thanksgiving to you and your family,0,,youtube
publix,"Thankful for you, Star!  I hope you and your family have a Happy Thanksgiving!  Enjoy that sweet potato pie..made me think of my grandma who made a fabulous sweet potato pie.",0,,youtube
publix,Thanks Star ❤ love the hoodie 😊,0,,youtube
publix,👋 Star!!!! Happy early Thanksgiving! Please enjoy and rest when you can. You know I hyped you up. 😁❤️😍🤗,0,,youtube
publix,Great video,0,,youtube
publix,Present 💝 thanks for posting ❤,0,,youtube
publix,You are right! I bought an expired King Arthur! It was 11/9 but annoying.  ❤,0,,youtube
publix,Hi thank you so much for your videos 😊 can you pls share the link for the Dove coupon? Thanks,1,,youtube
publix,Super 🔥🔥🔥,0,,youtube
publix,Hi! Where did you print the dove coupon? Thank you for your videos i love them!,0,,youtube
publix,"Beware the Kraft Cheese Sticks are terrible! I was excited since I&#39;m also on a Protein journey, but I couldn&#39;t even eat 1/3 of one. The rest are going in the trash!",0,,youtube
publix,and the Nature&#39;s own deal gets better. There is a coupon in the extra savings flyer that you can use to make it even a bigger money maker. can use two flyer coupons.,0,,youtube
publix,"On the Sambucus lozenges I was also able to tack on 2 $4 off coupons that were in the extra savings flyer making them completely free at the register + the money back from Ibotta! I heard you mention something about overages in another video, so maybe that would apply here as well since you would only pay $5.99 at the register - $8 extra savings coupon leaving an overage of $3.99? Or is my math all wrong?",2,,youtube
publix,Thank you!,0,,youtube
publix,Hi. Where did you print the Dove coupons?,0,,youtube
publix,It stinks my stores don&#39;t start the sales until Thursdays.  All the good coupons that I can stack with BOGO offers expired on the 19th!,3,,youtube
publix,I might be getting a Publix where I live so I had to watch.  Great deals here just like at CVS.  Have a Happy Thanksgiving Star 😊,0,,youtube
publix,"You mentioned getting access to deals faster that you share, how would I do that?",0,,youtube
publix,hi where did you find the dove coupon?,0,,youtube
publix,Thank you for these deals!! Just question how to print coupons from breyer’s email instead of mobile wallet?,0,,youtube
publix,"Where did you get the printable dove coupons? I have the Publix BOGO one, looking for the others",0,,youtube
publix,My three dollar Birdseye coupon did not come off either.  I am in Virginia and we are still using the old system. I bought $16 worth of bird&#39;s eye and it came down to $8 and change at the register but the $3 did not come off. Did anybody else have this problem?,0,,youtube
publix,Where did you get the dove printed coupon?,0,,youtube
publix,Where can i can get dove coupon,0,,youtube
publix,My Ibotta has different cash back deals. The Yo Crunch is only $.75 but there is a bonus of $.50 if you buy three which would get me to the $1.25 but unfortunately only on 3.  Also if anything is BOGO but out of stock I try and get a rain check.  I did it yesterday on meatballs that were on the last day of BOGO.  Went to customer service and they printed me a voucher.,0,,youtube
publix,No IB offer for yocrunch in FL 😢,0,,youtube
publix,Thank you so much Star. You are helping so many of us out here that are living on retirement incomes. Happy Thanksgiving to you and yours. 🙏🏼🙌🏼🫂,0,,youtube
publix,Do you clip everything in Ibotta? I’m just curious how some items accidentally attach if it’s not clipped,0,,youtube
publix,Can you post the aisle app,0,,youtube
publix,Will the $4 Off Publix Savings Flyer Coupon work for the lozenges ?,1,,youtube
publix,🎉🎉🎉🎉🎉😊😊😊,0,,youtube
publix,The nearest Publix to me is 50 minutes away.  Is it worth it to drive that far to shop at Publix?  I am genuinely curious and trying to save money.,0,,youtube
publix,Good evening. 🙏🙏,0,,youtube
publix,How i go to u whats app group???,0,,youtube
publix,Also you don&#39;t need to buy 3 if it&#39;s 3 for $10! You&#39;ll still get the sale price. I have to remind my husband of this all the time 🤣,20,,youtube
publix,"Im British....and rice pudding , cold, straight out of the can, yummy 😋😊 nice look round.......it&#39;s huge! 😮",9,,youtube
publix,They have the best key lime pie. Thanks for sharing!!😊,8,,youtube
publix,I just LOVE Publix!  The BOGO deals are great!,22,,youtube
publix,I love Publix. Expensive but you gotta shop the deals! Plus their produce is always top notch. They have good keto/ low carb options as well!,17,,youtube
publix,"You: &quot;Look how pretty it is, I should get it&quot;<br>Me: &quot;It looks so neat, I don&#39;t wanna mess it up.&quot;",0,,youtube
publix,Love Publix.  Publix is the high end grocery store of the south.   They will have items other stores won’t have.,11,,youtube
publix,"You are so lucky to have good eaters❣️❣️❣️ My youngest is Mexican-American like myself and won&#39;t eat any hot salsa no matter if it is extremely mild. My dear husband comes from a family who hardly eats any things hot spicy. I come from a family who started us on hot spicy foods before the age of 1 year old. The lady who birth me, would always put hot salsa on everything.‼️🥴😢🤯🌶🌶🌶",2,,youtube
publix,"I live on the Space Coast of FL, and Publix is great for sale items! Everything else is really pricey.",3,,youtube
publix,Publix brand chocolate chip is the BEST ice cream ever!!!!!!!!!!!!!!!!!!!!!!!!,2,,youtube
publix,Publix has best subs chicken and bakery 😊😊😊😊,3,,youtube
publix,"Orlando grocery stores are notorious for being extremely well stocked for tourists! They look pretty and very well organized. Which, you&#39;re so right, make you want to buy more!<br><br>Yes, the Disney souvenirs are so much cheaper outside of Disney! <br><br>Enjoy, Meghan!!!",1,,youtube
publix,Store is beautiful! Enjoy your vacation!,3,,youtube
publix,Cool 😎. The layered apple pie and the Key Lime pie are great ! 😋,2,,youtube
publix,The blue Bell ice cream is very good,1,,youtube
publix,I go to Publix whenever I go to Florida and visit my parents. They are beautiful stores. 😊,1,,youtube
publix,Girl I&#39;d be lost without Publix even though I&#39;m not in Florida I&#39;m close my city in Alabama we have 4 Publix stores. They are like the poor whole markets . Everything is always fresh at Publix they are bit more in price but for what you get for quality is worth the extra😊😊,1,,youtube
publix,"I miss Publix!! They&#39;re a little pricey but their BOGOs make it worth it. You can just create your weekly menu around the BOGO sales. The Bakery and Deli CAN NOT be beat, and you don&#39;t have to go to Walmart where you&#39;re bound to catch someone shooting up in the restroom, parking lot, or in some random corner. Also, the further you get from Disney, the lower the prices will be.",1,,youtube
publix,When I lived in Texas we bought Blue Bell best ice cream…Have fun on your Vacation. ♥️🙏♥️,2,,youtube
publix,Nice video Meghan.  We live in Tampa for the past 33 years and are frequent shoppers at Publix.  Nice store with outstanding customer service.  Employees are well trained. Thanks for the video.,1,,youtube
publix,PUBLIX is the bomb!!!,2,,youtube
publix,Hi Megan and welcome to Florida.  I am in NE florida and love Publix ❤!   They have great sales and they are the place to find things you are searching for.,3,,youtube
publix,Amazing large Publix!!!!,0,,youtube
publix,"Publix is expensive, however, their stores and people are nice, with the buy one get one free you can get just one for half price, their subs are really good and since you like chocolate, the bakery has chocolate ganache cake that is excellent and you can get just a couple of servings if you don&#39;t want a whole cake.",1,,youtube
publix,I only shop at Publix when I buy one and get one.,2,,youtube
publix,"Hi Megan,  Love your channel.I live in Florida and really like Publix.  Their ice cream is the best and their store brands are very good.  Although, they can be pricey.  Enjoy your vacation.😎🌴🌺❤",4,,youtube
publix,"Publix is a very well organized store.  The employees there keep the shelves looking good all the time.  Sometimes I&#39;ll go there instead of Walmart knowing I&#39;m going to have a more pleasant shopping experience compared to Walmart, where shelves can sometime be in disarray.  That produce display DID look very attractive.  There should be a survey on the bottom of your Publix receipt where you can tell them how pleased you were with the appearance of their store.  I love the BOGOs on bread, coffee and grapefruit and orange juice.  While I love Publix and drove 52 miles to the nearest one to me in Virginia at the time, it isn&#39;t my one stop store.  This morning, I needed a half gallon of milk and a small can of baking powder.   When I went online to check Publix&#39;s price for a half gallon of milk, it was over $3 for their store brand.  I just couldn&#39;t bring myself to pay at Publix what would get me a whole gallon at Aldi. I decided I&#39;d just stop at two stores.  Aldi&#39;s half gallon of 1% was $1.75.  Then just to save driving any farther than I had to, I stopped at the closer Winn-Dixie and paid $2.79 for the baking powder.  I didn&#39;t get that at Aldi because they sell the larger can that is more likely to expire before I can use it up.",1,,youtube
publix,That’s a beautifully stocked store!,2,,youtube
publix,Bluebill ice cream is the best it&#39;s originally made in Texas.,1,,youtube
publix,Publix is a nice store.hope your enjoying your vacation ❤,2,,youtube
publix,Blue Bell ice cream is the best!!! ❤,1,,youtube
publix,The eyebrows lol 😅. Publixfried chicken and deli sandwiches are great! We’re from ohio and when we go to Florida. We go in Publix and the prices kill us. Their products are good and fresh. Just glad I don’t shop all year long there. Enjoy your vacation. 😊,3,,youtube
publix,"I&#39;m a store brand kind of gal.  My family calls me cheap, but I say I&#39;m frugal xD",2,,youtube
publix,From Louisiana and love going to Florida and loveeeee Publix and Blue Bell Moo Llenium   crunch is sooooooo good!!!!,2,,youtube
publix,Blue Bell is good ice cream.,1,,youtube
publix,Thanks for sharing.  No Publix near me.  That is a very clean organized store with lots of inventory.  Safe travels back home.,2,,youtube
publix,I miss your cooking videos so much!!!,1,,youtube
publix,"I love Publix!!! BOGO you don’t have to buy two, they sell it to you at half price! Great quality and beautiful produce. Ah I love my Publix stores!!! Pricey, yes but they don’t accept tips for bagging or taking out your orders. Yay Publix!!",1,,youtube
publix,Blue Bell is great!!👍🏻 YUM!😋,1,,youtube
publix,"I&#39;ve found that the Publix brands are really good options.  Also, my stores in Georgia let us only buy 1 item on a bogo and so it rings up for half price.  Great for when you don&#39;t need 2 of the same item.  Love Publix",12,,youtube
publix,Wow they have a lot of valentines and super bowl treats,1,,youtube
publix,"Whenever we go to Florida We stop at Publix and get a Keylime pie. I think they also have a variation with mango. And you can also get a small one as opposed to the full size. Well worth the money as I believe it’s only about 10 bucks for a large one. Also, we almost paid a small fortune for the beach towel clips, but they also sell those at Walmart for under 5 bucks",1,,youtube
publix,"Selection and prices are larger because it is near the Mouse, I live in central FL and love Publix but shop the sales and BOGO. Publix has good people who take care of their customers. The leaders of Publix all came from the bottom up.",1,,youtube
publix,Hi Meghan you are in my neck of the wood. enjoy your stay!,1,,youtube
publix,"Blue Bell ice cream is THE BEST ice cream! You’ve been deprived, my dear. 😂 It’s a Texas brand a ships only to the south, I think. A turnip greens? Season them with some bacon or bacon grease and “they’re fittin’.” And it’s NOO tella.",1,,youtube
publix,"Publix is a little higher than most grocery stores in Florida. However, it is a clean store.",1,,youtube
publix,"The only thing we buy at publix.. fried chicken at the deli, it&#39;s fantastic",2,,youtube
publix,💖💛💖💛💖💛💖💛,1,,youtube
publix,"Prices are a bit higher ,but I watch for good sales.  The thing is I find some things not found at Wally.",1,,youtube
publix,"Glad you’re enjoying Florida ❤❤, I’ve found that with public’s the BOGO’s are the main reason I shop there.. &amp; their subs &amp; hot food",7,,youtube
publix,Publix is the best!  Wish we had them in Illinois,1,,youtube
publix,Don’t forget to grab some of our Red Cactus White Cheese Sauce in the Tex-Mex section! It tastes just like the restaurant white cheese!  Our salsas will be in Publix by the end of June!!!,0,,youtube
publix,"Enjoy your vacation in FL.  I’m in Tampa, Publix brands are really good, Green Wise are also very good 😊 we ❤️ Publix",1,,youtube
publix,Moved to southern Illinois from Georgia almost a year ago - I miss Publix! Favorite grocery store! The Publix brand items are the best.,1,,youtube
publix,Love how neat and well stocked everything is at this store.   Reminds me of Wegmans when I lived in Pennsylvania.,1,,youtube
publix,Chicken tenderloin is 2.49 a lb at my local store,1,,youtube
publix,Blue Bell has the best ice cream 🍨 ❤,1,,youtube
publix,The old Florida chips are really good.,1,,youtube
publix,Love Publix!! The BOGO deals are great.,1,,youtube
publix,I shop at Kroger and I want Boar’s lunch meat and of course they did not have. She told this store is consider a poor store.  Can you believe that.,1,,youtube
publix,ALWAYS get the Blue Blue Ice Cream. Made in Texas and it is absolutely the BEST.,0,,youtube
publix,I envy you. Kansas is in the 40s and cold. Get a beautiful tan and swim as much as you can. Great trip. Thanks for sharing. <br>Love 💕 and Hugs. 💙💙💙,1,,youtube
publix,So interesting. 😮,0,,youtube
publix,You do get familiar with the prices and what to pass on and what to pick up on the BOGO. Also...prices near the resort areas are going to be higher than out in the residential areas.,1,,youtube
publix,Meghan you are wonderful! I wish you were my best friend! ❤️,1,,youtube
publix,Oatly is big here in the UK - but beware contains a lot of seed oils,1,,youtube
publix,Their Tarragon chicken salad is the bomb!  You must try it!,1,,youtube
publix,I have a Publix just a mile from my house. I love the BOGO’s.,1,,youtube
publix,Hi Megan my favorite shopper😊<br>I love shopping with you.<br>Aldi has the best paczkis ever <br>If you&#39;re interested. I&#39;ve never been to Publix but it looks huge and so much stuff.<br>Keep up the great work.❤❤,3,,youtube
publix,"Dam Publix is so expensive, those prices are crazy.",1,,youtube
publix,Publix can be pricey but a good store,1,,youtube
publix,What an amazing store!!  Never been to one so thanks for the tour!  Highest I&#39;ve ever paid for bananas is 69 cents in California.,1,,youtube
publix,I only buy the BOGOs.,1,,youtube
publix,"Living in the north, never saw a Publix before, though I’ve heard of it. Packzi day is February 13th, otherwise known as Fat Tuesday. It’s huge here, up in Michigan. Grocery stores have the “knock off” ones, but to get a “real” packzis, you get them at a Polish bakery. Thanks for sharing!",1,,youtube
publix,Those prices are outrageous,2,,youtube
publix,Publix has the best bakery. Publix is a great grocery store. Always go there when in FL,1,,youtube
publix,"I can relate on the eyebrow thing,, but I woke up with a false eyelash stuck to my forehead!!!,,",1,,youtube
publix,"I’m in Northern Ky, we’re getting a Publix. My first visit to a Publix was in OBX",1,,youtube
publix,I love Publix!! We recently moved back home to Illinois so of course no Publix here. I miss it so much!! It can be a little pricey but the employees are so nice &amp; helpful!! Well worth it!!🥰,7,,youtube
publix,thank&#39;s for showing the indian stuff,1,,youtube
publix,I think varuka means cocoa beans...,1,,youtube
publix,Blue Bell ice cream tastes great!,1,,youtube
publix,I love how u are so bright and bubbly,3,,youtube
publix,Blue bell ice cream is good. They had it in Texas when I lived their.,1,,youtube
publix,I absolutely love Publix’s!!!  Be sure to go to the bakery and the deli. Everything they have is amazing!!!❤,5,,youtube
publix,Love seeing Publix as we don’t have any in Michigan.  It’s amazing but kind of expensive.  Enjoy your vacation!,1,,youtube
publix,You must be in Kissimmee.,2,,youtube
publix,If you go back you need to try the Subs at the deli!  Unless it is bogo you dont need to buy the amount stated.,1,,youtube
publix,"Thank you for taking me to Publix. Those prices will keep the riff-raff out of the store. Rich people&#39;s seal of approval on that I&#39;m sure. Just wish I were &#39;the rich&#39; that&#39;s all.  You did save on Disney souvenirs and balsamic vinegar. <br>I joined your channel before you had 50k, just look at you now. Big thumbs up. I joined last month, Jan 2024.",0,,youtube
publix,"Such a nice store,I would love it.Thanks for sharing.Go Chiefs!!😊",1,,youtube
publix,DO MORE PUBLIX PLZ!!!,0,,youtube
publix,I love Publix they don’t have near me but u will love,1,,youtube
publix,"Blue label, non Public brand, is the best orange juice. This Ohioan loves a vacation trip to Publix. There handmade sandwiches are yum!",0,,youtube
publix,"Tillamook ice cream is very good. I have heard raves about Blue Bell ice cream, but it isn’t sold in my area.",1,,youtube
publix,Thank you for going to Publix I really miss it since I retired and moved back to Indiana! I know their prices are higher but to me it is worth it if I can find the products I am looking for all in one location!,0,,youtube
publix,Publix in Florida is great. In Tennessee they need training.  Lots of training.,1,,youtube
publix,Publix is the best buy its so expensive.  BOGO is great!! Tgeir sandwiches awesome. Bluebell ice cream is so delish. It&#39;s made in Texas!!❤😊,0,,youtube
publix,"I love Publix, but they are pricey, unless the items are on sale. Their produce is great!",1,,youtube
publix,NC Memory Makers went to Florida.,0,,youtube
publix,Yay! Friday video! Getting my cardio in and playing catch up with your videos. 😏🥳🫶🏼💯☺️,0,,youtube
publix,"No idea if I&#39;m spreading fake news here, but my Aunt has a Brazil nut every day (maybe 2 I forget), but anywhoooo apparently just don&#39;t eat too many of them at once or they can make you sick. lol. ALSOOOO hope we will get to see the Hot Honey bowl on one of you daily eating videos, I don&#39;t have TikTok so I wanna see the recipe!",0,,youtube
publix,The Knorr coupons work without buying the chicken. I’ve done that deal twice with no chicken and it worked both times! Enjoy!,5,,youtube
publix,Thank you Kayla and axel ❤,0,,youtube
publix,Great haul Kayla.   Here in South Florida the sale starts tomorrow and I will be taking advantage of a lot of these deals.,3,,youtube
publix,"Thank you,  Kayla.   Some good deals.   ❤",0,,youtube
publix,I&#39;m ridiculously excited for the household deals 🤗,0,,youtube
publix,Awesome haul Kayla! Thanks ❤,0,,youtube
publix,I wish we had Publix! Great deals❤,0,,youtube
publix,Thanks! I got most of the things you have. I’ll be going back for the things I didn’t know about.,0,,youtube
publix,Yay have been waiting !!! Thank you,0,,youtube
publix,"Hello , I have been waiting for this video ! Thank you !",0,,youtube
publix,"Thanks, Kayla!<br>If you go back, the Tate&#39;s double chocolate chips are some of the best store bought cookies out there...definitely recommend!",0,,youtube
publix,I have a 5.00 digital for the fresh press and a 1.70 back from fetch  made it a money maker,3,,youtube
publix,Great haul! My store never has the peelies 😞,0,,youtube
publix,I have a Fetch offer for the Fresh Press for 1700 points,4,,youtube
publix,My Eggland’s Best offers disappeared too. 😢 I was looking forward to trying the quiches at a great discount,0,,youtube
publix,Truvia is also b1g1 free. So just a few cents for the 40 ct. With the $1 digital coupon,0,,youtube
publix,I&#39;m new to this.. where is the digital coupon?,0,,youtube
publix,I can’t find the printable list.  How do I find and print?,0,,youtube
publix,Awesome haul Kayla thank you for sharing ❤😊,0,,youtube
publix,💜🙏✝️<br>I Always Clip My Dqs  Filtered by Newest 😉,13,,youtube
publix,"Thank you,❤😊,<br> much appreciated❤😊.",2,,youtube
publix,Thanks for sharing ❤❤❤,2,,youtube
publix,Gracias por tus buenos videos ❤,2,,youtube
publix,Hey star! Thanks for the deals make shopping so easy ❤,1,,youtube
publix,"Hey Star, I went to Aldi&#39;s a couple of hours ago and bought 5 individual Perfect Bars and Ibotta paid .50¢ for 5 and 1.00 for 5. I also received 10 points!!",1,,youtube
publix,I feel like I need a cheat sheet of all the external coupon apps I need lord I can’t get organized,2,,youtube
publix,Star always come with the good deals,1,,youtube
publix,Thanks for the tip m clipping coupons early,0,,youtube
publix,Yay! So happy to help with the deals friends! ❤ saltines for everyone!! 😂,2,,youtube
publix,My Publix had the Colgate max fresh (white box) on clearance for $2.49 (the $4 off 2 digital applied at the register). And I was able to finally get the “g” air wick 2ct ! It worked like a charm at self check out.,0,,youtube
publix,Morning Star I ALWAYS click my coupons. I check it 2-3 times a week. Great deals today I will be doing the bounty deal. Have a great day and thanks for sharing.,2,,youtube
publix,Wish I had this store near me,0,,youtube
publix,I only got .50 from the eggs too. And I had .75/2 for the saltines. But still grateful!,2,,youtube
publix,"I&#39;m so aggravated with Ibotta. I was really hoping to try the soft scrub toilet cubes and get a bottle of the cleanser. I clipped those early this morning in Ibotta but by the time I got to the store they disappeared. I&#39;m just glad I thought to scan the items to make sure they were attaching before I checked out. That&#39;s how I knew they were gone. Not such a great deal on them without those Ibotta rebates. On the plus side I got the bird&#39;s-eye vegetables, eight of the Old spice deodorants, the Bounty paper towels, eggs and butter at a great deal thanks to you Star! My store was out of the Cetaphil wipes and the Neutrogena bars but overall it was a great shopping trip ❤",9,,youtube
publix,The Bounty qualifies for the P&amp;G NFL rebate spend $20 get $5 or spend $50 get $15.,0,,youtube
publix,Thanks Star. Im doing tacos and needed sour cream. But if I was running to the Pub I needed to watch your video first and scored some great deals. Celestano has GF ravioli so that BOGO is insanely good price for GF!,0,,youtube
publix,Thanks for these deals Star. Thanks forcthe reminder about the coupons. I missed out on the Marie Calendar because i didn’t clip when it was available 😢.  You had a great haul this week!!,2,,youtube
publix,Now that’s a deal!,0,,youtube
publix,I appreciate you Star!,0,,youtube
publix,"Great deals, Sis! ❤❤ That Stocking Spree deal….🔥🔥🔥",0,,youtube
publix,Great deals ❤,0,,youtube
publix,Thank you Star,0,,youtube
publix,Thank you for another amazing video!!,0,,youtube
publix,Thank you Star!!!,0,,youtube
publix,I am a new mom and new to couponing and appreciate your videos so much 🧡  do you have any recommendations on orderly ways to keep up with your rebates? Trying to make sure my budgeting is correct but having a little difficulty when going back to plug in rebates and such from my out of pocket prices in store. I looked through your videos quickly but apologies if I missed a video on this or for organization. Thanks so much for all you do.,1,,youtube
publix,Much appreciated Star! Thank you,0,,youtube
publix,That Celentano pasta price goes up every month it seems,2,,youtube
publix,"Publix is not showing as a store for the soft scrub coupon, I found this out after buying the product. I will be returning them, I have lots of it.",1,,youtube
publix,"Thanks for  sharing Star ❤  always happens to me 🤭FYI  If you don&#39;t check your app daily and Clip ,next day they are gone",0,,youtube
publix,Thank you star 🌟,0,,youtube
publix,No publix in AZ😢,0,,youtube
publix,Hi Star Thanks for the awesome video.,0,,youtube
publix,Great haul as always!!!❤,0,,youtube
publix,Ms Star thank you for the video 🙏🙏. Also thank you for the Premium Rebate. I got it in my store Giants and in Ibotta got it $1.00 each. Yes Yesssssssssssssss. 😊,0,,youtube
publix,Ibotta pulled soft scrub from Publix 😢,3,,youtube
publix,"I can’t wait for your weekly Publix videos thank you so much! You are the best.❤ I just started using the app be frugal, it’s like Swagbucks but a little more confusing until you get used to it. On that app the orchard valley snack is a money maker",1,,youtube
publix,"Thanks for the deals. I always look forward to your videos. When I submit to stocking spree, it always takes the total after coupons/discounts... not the presale price. It did last year though. 🙁",0,,youtube
publix,How do you sign up for stocking spree?,0,,youtube
publix,Hi star do you have the link fir the saltines,0,,youtube
publix,Hi Star ❤❤ good as always,0,,youtube
publix,Thank you I think I&#39;m going to do the bounty,0,,youtube
publix,How do you get the saltine rebate? Via email or mail? And how long and does it take? Thanks!,0,,youtube
publix,How do you know if it is the old system?,0,,youtube
publix,❤EXCITED TO WATCH!!!,0,,youtube
publix,I&#39;m so sad.  My fetch is only giving me credit for the items AFTER coupons now.  So my Old Spice deal was NOT a good one.  I&#39;m sad. 😢,0,,youtube
publix,"Sadly, I&#39;m in FL and my Publix account digital coupons are mostly all for personal care items, very few food coupons these days.",4,,youtube
publix,Can you do the old spice deal if you buy 3 of the cheaper and one more of the slightly more expenisive and use the 5 off 20?,0,,youtube
publix,"Yes yes yes, Star here watching my favorite video 🎉🎉",0,,youtube
publix,Great deals! I bought 6 of the old spice but only one of my $5 coupons came off. I assume the 5 off 20 didn&#39;t. Any reason why you think this might&#39;ve happened? I know my store is on an older system (I verified at a register before) but I did this transaction as self checkout... makes me wonder if it was different.,0,,youtube
publix,Yes ma’am I was waiting on youuuu woot woot,0,,youtube
publix,did anyone able to get the $2 rebate for the Nellie Eggs? I didnt get the text message.,0,,youtube
publix,Tysm! I need 98 more points to get my 12 gift cards 😁,2,,youtube
publix,I was watching the Epstein saga until your notification came through. I’m here.,1,,youtube
publix,Cetaphil was a no go. Coupon specifically excludes the wipes but you can still get $2CB from Ibotta. Not terrible but not as good as your offer. I’m almost convinced they give you coupons the rest of us peasants aren’t worthy of. 😂,1,,youtube
publix,"Star, Yes, yes, yes! You are the best!   <br><br>Just putting this out there.  Publix has a second deal on Bounty that comes out cheaper than the deal in your video.<br><br>Bounty triple rolls, 6=18 pkg<br>Regular price $24.99, save $8<br>Sale price $16.99<br>Digital coupon -$3.00<br>Pay $13.99<br>makes price for “regular roll” <br>$13.99 / 18 =$0.78<br> <br>VS. buying TWO 4=8 double roll<br>$7.49 x 2 =$14.98<br>makes price for “regular roll”<br>$14.98 / 16 =$0.94",0,,youtube
publix,I shouldn’t have got the saltine at cvs😢 I didn’t realize I don’t have $1 back each on ibotta . I have $0.75 must by 2,1,,youtube
publix,What day do you post usually?,2,,youtube
publix,"My Marie Callender’s coupon didn’t come off for some reason. My system isn’t updated, I got two of the meals for $7.39 each before the sale and one of the mini pies for $3.09 before sale. Coupon attached to all products",0,,youtube
publix,"Thank you Star!  I downloaded the Nellie eggs from your address, but there’s no place to submit my receipt. What should I do?  I’ll check my emails. There’s still no place to submit the receipt.😢",0,,youtube
publix,"GM, how do you determine which coupons to clip?",0,,youtube
publix,"I found you yesterday! It’s like you were big sister I’ve always needed! Thank you for posting this content. A few of your videos has really motivated me to start couponing. It’s always been so overwhelming but with only starting at one store and you as a teacher, I know I’m ready!",5,,youtube
publix,How long did it take for the saltines to go tru,0,,youtube
publix,"Wait, I think im missing something. How are the 8 old spice and 2 bounty only 14 dollars?",0,,youtube
publix,Do you have a link or number I can text for the Nellie’s Aisle offer?  I am having difficulties finding it.  Thanks so much!,0,,youtube
publix,Hey..I didn&#39;t get my.75 cents back.,0,,youtube
publix,"Love your videos!!! So quick &amp; to the point, yet full of info easily presented!😊",16,,youtube
publix,Just did the &quot;FREE Cleveland Kitchen&quot;  rec money back within 1 hour!  Thanks,1,,youtube
publix,Thanks for sharing 🎉<br>This was stressful but got alot of items,0,,youtube
publix,Thanks Star! I bought the Seventh Gen the big size on clearance for 2/$10.24. I was ecstatic with the $2dq. Scanned my fetch no alert on the $3.50. Saw your vid went right to edit my cart. Thx!!! Fetch ain&#39;t what it used to be. You got to watch em😂,4,,youtube
publix,Thank you Star! 😀👍,0,,youtube
publix,Thank you so much Star. Heading to the Pub now!!,2,,youtube
publix,Thank You Star ✨✨,0,,youtube
publix,Love your videos you are so precise and get to the point.,0,,youtube
publix,Wow! Thanks a lot for sharing. I will try this to see how I do.,0,,youtube
publix,Awesome skills on these great buys! I love how you put deals together. I&#39;ve told multiple people about you and said they should watch you if they want to save money at Publix and CVS.<br><br>I&#39;d love it if you did more Kroger deals or videos.,4,,youtube
publix,"Ms Star,<br><br>At the <a href=""https://www.youtube.com/watch?v=hE9IE63oFBo&amp;t=860"">14:20</a> mark you stated Silk is a dollar back but did not say on which app.",1,,youtube
publix,There&#39;s the super Star!,1,,youtube
publix,Thank you star I love your videos 🥰,0,,youtube
publix,"Thank you Star! ❤🎉 The pub is on 🔥 this week!<br><br>By the way, extra love and thank you for always looking out for us Florida&#39;s, many couponers don&#39;t bother share how to do the deals for us. I appreciate you!",0,,youtube
publix,"Yes yes, saying always present to my favorite video with the Pro Star.🎉🎉",0,,youtube
publix,Thanks for sharing ❣️,0,,youtube
publix,Great deals STAR. 👏🏼👏🏼👏🏼👏🏼,0,,youtube
publix,Thank you! The strawberry crumble wouldn’t scan as a qualifying item for me on Ibotta. I really wanted to try them.,0,,youtube
publix,Omg you are looking great!!! Thank you for the deals 🎉,2,,youtube
publix,Thanks,0,,youtube
publix,Hello from Miami 😊😊😊,0,,youtube
publix,Don’t forget stocking spree for those Crests!,1,,youtube
publix,What a Beautiful Situation💕,0,,youtube
publix,Good evening Ms Star. Thank you 🙏🙏,2,,youtube
publix,🎉🎉 tfs,0,,youtube
publix,We are back at the pub😂🎉,1,,youtube
publix,🫶🏾 loving these deals,0,,youtube
publix,Woo hoo!!  Time to wheel and deal with Star!😊,1,,youtube
publix,The daves strawberrry crumble bars are absolutely amazing! Get them!!,0,,youtube
publix,Thanks Star 🌟 I have to remember to check out the dish cloth area. Some good rebates in this haul. There is a Tom&#39;s class action going on. I know we couponers have picked it up In the time frame listed in the lawsuit. Let us know how you like the Dave&#39;s breakfast bars.Thanks again. Great net cost 🎉🎉🎉,0,,youtube
publix,"Great job, Sis❤❤",1,,youtube
publix,"Thank you, star❤",1,,youtube
publix,Not too bad,0,,youtube
publix,"Good morning from Florida! Thank you so much for sharing. You did amazing!!! Do you know for the quilted northern toilet paper, if we have those $1.50 off $10 coupon can we stack those with the same? I think last week someone said we could have grabbed 4 and used 3 coupons because of the presale price.",0,,youtube
publix,"Fetch Hillmann&#39;s offer:  For those of us that have 3 offers, did you get credit for all 3?  I bought one mayo &amp; 1 flavored mayo.  I got 1200 points for 2 products, &amp; 1000 points for the flavored.  For the Hellmann&#39;s or Best foods mayo &amp; flavored mayo, it&#39;s only crediting me for 1 item, thus not getting the 1000 points.  Shouldn&#39;t it credit for 2 items for the 1000 points?",0,,youtube
publix,Thank you Star.,0,,youtube
publix,Thank you for sharing gems sis❤,0,,youtube
publix,Which app are you using,0,,youtube
publix,Yesss yess yall! ❤,1,,youtube
publix,Can I use the paper coupon on self check out? How? Thank you,0,,youtube
publix,Hey Star 🥰,0,,youtube
publix,Happy pub day,0,,youtube
publix,Thanks for video star ⭐️ I want to ask you does Swag bucks having problems giving points? It’s says pending for long then still not given anything. Please help if you know thanks.,0,,youtube
publix,Hello😊🎉,1,,youtube
publix,I ran to do the oxi! I wanted to try it and it helped me finish my Ibotta bonus. 😅,0,,youtube
publix,"The Herdez taco sauces are also bogo with $1 ibotta rebates (limit 5), if anyone needs a few more deals to hit their April bonus.",1,,youtube
publix,The daves bars fall apart as soon as you open the package .. why do they scare you? I may not get them anymore,0,,youtube
publix,"I stay clipping my Ibotta offers especially for the Odor blasters and mine is gone already 😢😢 but thanks for the deals!!<br><br>EDIT: NVM, Found it!",0,,youtube
publix,I did the Tom’s toothpaste didn’t attach to 2 off coupon,1,,youtube
publix,Can u use 2 lactaid coupon for 2 creamers?,0,,youtube
publix,They removed the oxiclean on my way to the store,3,,youtube
publix,Hey girlfriend,1,,youtube
publix,Thank you.  Very helpful.,0,,youtube
publix,Awesome haul Kayla that’s big savings thank you so much for sharing ❤😊,1,,youtube
publix,Awesome haul Kayla! Thanks ❤,1,,youtube
publix,Thanks. Those Miltons taste horrendous 😅😅😅,4,,youtube
publix,Thank you Kayla 🎉,0,,youtube
publix,Thank you,0,,youtube
publix,Nes-ca-fay (like Nes and Cafe). Awesome deals. Thanks so much. 😊,0,,youtube
publix,Love these 🎉,1,,youtube
publix,"Thanks Kayla, I am going to do most of your purchase.  Hope all work out with your car.🎉🎉",1,,youtube
publix,I was curious if the Cetaphil would work! Thanks! Thumbs up 👍 for Apollo and the new baby! 😺 ❤ 🐈‍⬛,1,,youtube
publix,It only used the 2.00 off digital on finish not both,0,,youtube
publix,I hope oxi clean is still on ibotta   Tomorrow mine says 1 day left 😮,0,,youtube
publix,love the vehicle what is it and does the 3rd row comfortable,0,,youtube
publix,Ibotta already pulled my oxiclean rebate. 😥,0,,youtube
publix,I tried the Heinz Ketchup and the coupon did not work for me,0,,youtube
publix,Does that coupon work with the ketchup? Did you try it? Because I really need the ketchup 😅.  I&#39;m stocked up on mayo😊,0,,youtube
publix,"Thanks for sharing, sounds good❤",1,,youtube
