chain,text,engagement,date,source,sentiment,sentiment_label
walmart,"Walmart in texas lol Images:
	https://preview.redd.it/6rf06zf7su0f1.jpeg?auto=webp&amp;s=c785e568b9644ca3e1166885e71beec15d1ffcde",8688,2025-05-15T02:01:53.000Z,reddit,0.4215,positive
walmart,I saw a sign in Georgia that said “No Sock or Tiddy Money”!,566,2025-05-15T02:20:26.000Z,reddit,0.0,neutral
walmart,Respect for using the double-d spelling variation.,177,2025-05-15T03:13:42.000Z,reddit,0.4767,positive
walmart,Same for Missouri. My local Dollar store has it on the counter.,58,2025-05-15T04:30:58.000Z,reddit,0.0,neutral
walmart,"“cuz come on, that’s nasty”",19,2025-05-16T01:35:13.000Z,reddit,0.0,neutral
walmart,I work in a grocery store and want to hang up this sign so badly,9,2025-05-18T01:07:41.000Z,reddit,-0.5706,negative
walmart,"Worked cashier at Walmart for a bit.

More then once I had CSM (customer service representative)  handle boob, sock transactions because I refused to touch that shit.

Of course, ymmv, I had another job, one that scheduled and produced every certificate they needed to open every day. You all know the wall. The Wall with all the licenses and tax certs and health dept scores needed displayed 24x7.

Hate to see that delayed, or misplaced for a week or 2.

That gave me a bit of leverage, but, where was I?  Oh yea boob money, yea not in my line and managers not wanting to lose a week of buisness meant I didn't have to deal with idiots.",6,2025-05-19T14:41:15.000Z,reddit,-0.424,negative
walmart,Ane no licking your fingers before touching your bills that you hand to us!,199,2025-05-15T02:26:08.000Z,reddit,0.3164,positive
walmart,"I once watched a guy full on tongue out lick his debit card when it didn’t read in the chip reader, it was a nauseating experience",125,2025-05-15T02:31:33.000Z,reddit,0.0,neutral
walmart,But did it work?,12,2025-05-15T21:10:07.000Z,reddit,0.0,neutral
walmart,"Unfortunately yes, so that means he will continue to go around traumatizing poor cashiers with his card licking skills 😭",50,2025-05-15T21:12:07.000Z,reddit,-0.8481,negative
walmart,Works 60 percent of the time......everytime.,6,2025-05-18T22:46:48.000Z,reddit,0.0,neutral
walmart,Never gets old like having to blow the cartridge,4,2025-05-17T02:13:58.000Z,reddit,-0.2755,negative
walmart,I remember doing that to my Gameboy and DS games and it worked everytime.,1,2025-06-02T01:03:48.000Z,reddit,0.0,neutral
walmart,Never let them know your next move I guess because what the hell,4,2025-05-18T22:48:05.000Z,reddit,-0.6808,negative
trader_joes,"Outkast Fans in the TJ Crew??? Images:
	https://preview.redd.it/6gyzgudm09pg1.jpeg?auto=webp&amp;s=8d02e62d5da4f46019798a41120fa927851cc9ad",8107,2026-03-15T18:02:03.000Z,reddit,0.0,neutral
trader_joes,"Posts that don't follow r/traderjoes subreddit rules may be subject to removal. 

**Friendly reminder: No vague or non-descriptive post titles, this includes questions.**


Choosing descriptive post titles with product names, descriptions and/or exact question mentioned is preferred as not everybody is able to view image captions, it also yields better subreddit search results and helps blind and visually impaired Redditors who use Screen Reader Software or Text-to-Speech apps. to access Reddit. Thank you.

IF THIS MESSAGE DOES NOT APPLY TO YOUR POST, PLEASE IGNORE.


*I am a bot, and this action was performed automatically. Please [contact the moderators of this subreddit](/message/compose/?to=/r/traderjoes) if you have any questions or concerns.*",1,2026-03-15T18:02:04.000Z,reddit,0.8719,positive
trader_joes,"omg this rules

I’m a crew member and I wish our art team was allowed to do creative stuff like this!",4,2026-04-09T04:39:13.000Z,reddit,0.8122,positive
trader_joes,LOL I actually just heard hey ya when I went to Trader Joe’s today.,1,2026-04-06T22:25:19.000Z,reddit,0.5473,positive
trader_joes,Worlds are colliding.,3,2026-04-04T10:18:26.000Z,reddit,-0.128,negative
trader_joes,Cool! Sadly we were told no more people on signs in our region,13,2026-03-19T02:18:49.000Z,reddit,-0.4574,negative
trader_joes,"Yea, copyright issue",2,2026-04-03T17:28:43.000Z,reddit,0.0,neutral
trader_joes,Alright alright alright alright alright alright alright alright.,24,2026-03-18T22:31:32.000Z,reddit,0.9001,positive
trader_joes,Who made this? I think I just found my NEW BESTIE!,20,2026-03-17T06:34:38.000Z,reddit,0.0,neutral
trader_joes,Get your Polaroid out! 📷,21,2026-03-17T00:03:03.000Z,reddit,0.0,neutral
trader_joes,Shake. Shake. Shake it.,8,2026-03-18T07:08:59.000Z,reddit,-0.4767,negative
trader_joes,Love it!!,12,2026-03-16T21:24:52.000Z,reddit,0.6988,positive
trader_joes,"I love it !

***ICE COLD !***

Alright, alright, alright, alright, alright, alright, now ladies!",65,2026-03-16T18:27:28.000Z,reddit,0.9334,positive
walmart,Don't do it! I came in on my regular day off to cover for an associate that called in. Thinking I was getting OT they took one of my regular scheduled days. That was the last time. Don't let them play you. Stick to the schedule unless you are getting extra hours. Please come to r/UnionWalmartSamsClub have a great day everyone.,7663,2025-05-05T14:15:24.000Z,reddit,0.6864,positive
walmart,They never ask anyone to leave early at my store. It's always a longer lunch break,821,2025-05-05T14:32:08.000Z,reddit,-0.0516,negative
walmart,"That's because a longer lunch break doesn't show up as a show up as a discrepancy. Clocking in or out early/late does.

It covers up their ass with the bosses.",455,2025-05-05T14:55:47.000Z,reddit,-0.5423,negative
walmart,"So that's why they hate me, makes sense. I absolutely refuse to kill time on lunch, I will always come in late or leave early. It doesn't matter how you spread it, 40 hours a week is 40 hours a week. Why would anyone kill time at work and not at home?",181,2025-05-05T16:57:13.000Z,reddit,-0.9526,negative
walmart,"Some people enjoy the company of those they work with. Not on Reddit so much, but in the real world, it happens.

Being off at 6 and lingering until 10 or 20 after was not unheard of at previous jobs I’ve held. It only stopped because I work remotely now, so there’s no one to harass after hours. And also I’m already home.",54,2025-05-05T17:13:14.000Z,reddit,-0.8302,negative
walmart,If I liked you enough we'd spend time outside of work. Why do I want to waste my time at work that could be better spent elsewhere? It has nothing to do with my coworkers,56,2025-05-05T21:36:18.000Z,reddit,0.4939,positive
walmart,I like some of them enough to bullshit with for an extra hour but not enough to make out of work commitments with,21,2025-05-06T00:37:38.000Z,reddit,0.0258,neutral
walmart,"You need to find one of those places that you have a ""work"" bar like 200 ft out of the parking lot.

Makes such a great place to convince everyone that. Oh, we should leave early on Friday and have a group bonding exercise.",1,2025-05-09T20:30:43.000Z,reddit,0.8126,positive
walmart,Ease of access. The people someone might like are right there stuck with them.,3,2025-05-06T23:41:43.000Z,reddit,0.4588,positive
walmart,Nah that’s crazy talk. Seen them enough after 8 hours. No hanging around,18,2025-05-05T22:12:54.000Z,reddit,-0.6124,negative
walmart,"I am an introvert and always hated those people who wanted to talk after work to the point they would follow you out to your car.  

(Not saying that’s what you did)",10,2025-05-05T23:58:26.000Z,reddit,-0.6369,negative
walmart,Same. And they can’t read body language or take a damn hint I do NOT care to talk and wanna go home!!,9,2025-05-06T05:18:54.000Z,reddit,-0.7106,negative
walmart,That is not introvert you just don't like them,1,2025-05-08T02:42:32.000Z,reddit,-0.2755,negative
walmart,"By the end of a long day of work, my social energy meter was always on zero.",1,2025-05-08T03:01:55.000Z,reddit,0.2732,positive
walmart,"&gt;Some people enjoy the company of those they work with. Not on Reddit so much, but in the real world, it happens.


This I like the peeps I work with and love coming in at 1145. Shift starts at 1230",7,2025-05-05T19:49:54.000Z,reddit,0.9032,positive
walmart,"I understand why they do that but if you're a manager, you need to learn to take the hit. Have your associates leave early and you explain it, or actually pay overtime",122,2025-05-05T14:57:45.000Z,reddit,-0.2263,negative
trader_joes,"Just another reason to love TJ’s. I’m a stay at home mom and I have a 3 month old, which means my baby runs all my chores with me. Ordinarily I wear her in her little carrier and she falls right to sleep like the little angel that she is. My last grocery run, this was not the case. I put her on and she didn’t immediately fall asleep but I figured she would eventually and went inside. She discovered her big girl voice in the produce section. I could not console her and started panicking because I didn’t want to be that person. A crew member came over to me (likely because of the stress on my face) and asked if my baby was hungry because she had a quiet, private place I could feed her. I always feed her right before errands so I knew she wasn’t hungry. I told this to the gal and thanked her anyway. She responded with, “Well, give me your grocery list. I’ll help you shop.” I darn near started crying because of this act of kindness. Tell me any other grocery store that would offer to do that. Their crew members are literally the salt of the earth. 

Also my baby stopped crying and fell asleep a few minutes later. 🙃",7810,2025-10-17T22:52:35.000Z,reddit,-0.4588,negative
trader_joes,"Thank you for sharing! 

Please be sure to share your local experience with Trader Joe’s online here - https://www.traderjoes.com/home/contact-us/local-tjs-feedback

You can mention your store’s location there.

“Share an experience you had or ask a question about the store where you shop. We sincerely value your comments and read every message you send us. With 99% of our people out in the stores or traveling the world searching for amazing products, it may take some time for us to get back to you. Thank you for your patience.”",1,2025-10-17T23:25:04.000Z,reddit,0.969,positive
trader_joes,I think Trader Joe’s is able to do this because all of the locations have a full crew on site,38,2025-10-23T16:45:45.000Z,reddit,0.0,neutral
trader_joes,They have a full crew it's because they treat their employees decently.,31,2025-10-29T20:21:17.000Z,reddit,0.4019,positive
trader_joes,"This warms my heart! I am so glad you had this good experience with your lil bubb, I have been there myself mama, so happy to hear helping hands and a big heart showed up for you both ♥️",19,2025-10-21T21:37:19.000Z,reddit,0.9837,positive
trader_joes,"Awh! I have tears in my eyes. Thank you for posting.  Its so easy to overlook the good things in life and only focus on the stressful ones.  This is wonderful, I'm so glad you found support where you weren't even looking@",15,2025-10-21T20:45:25.000Z,reddit,0.9316,positive
trader_joes,This cheered me up! And we need good stories like this,5,2025-10-22T17:24:15.000Z,reddit,0.8398,positive
trader_joes,I absolutely agree!! 😁,5,2025-10-22T19:22:25.000Z,reddit,0.7489,positive
trader_joes,TJs is the best! Kindest employees and good products. My late cousins wife works for them and they were amazing to her and her family as she dealt with his long cancer battle.,14,2025-10-21T00:21:20.000Z,reddit,0.636,positive
trader_joes,Very nice work and good of you to tell us ♥️,8,2025-10-20T23:09:54.000Z,reddit,0.8805,positive
trader_joes,Big believer in take care of your employees and they take care of your business. This is the way!,17,2025-10-20T20:56:11.000Z,reddit,0.7712,positive
trader_joes,I’m in CO and I don’t even get grocery bags anymore 😂😭,-2,2025-10-20T22:07:49.000Z,reddit,-0.0516,negative
trader_joes,meanwhile i cant even get someone to bag my groceries at a normal grocery store,10,2025-10-20T19:19:18.000Z,reddit,0.0,neutral
trader_joes,I recently saw a TJs employee helping a customer with visual impairment shop and it warmed my heart,20,2025-10-20T04:27:37.000Z,reddit,0.8176,positive
trader_joes,that is awesome,7,2025-10-20T05:56:09.000Z,reddit,0.6249,positive
trader_joes,One time I got way more stuff than anticipated (which of course happens fairly often) and I said I was so sorry but just needed to grab another bag and he could take the next person in line. He said “here you go!” and gave me a reusable bag no charge (we’re in NJ). It was just so nice. I’ve also had an employee offer to help me pick out flowers for a bouquet.,22,2025-10-20T01:46:48.000Z,reddit,0.7647,positive
walmart,"This guy really expected Walmart to ""Eat the tariffs""? Images:
	https://preview.redd.it/zuem30qzzc1f1.jpeg?auto=webp&amp;s=457b13b7e3305be5360562b1a8fcf569ace2d0d7",6834,2025-05-17T15:18:03.000Z,reddit,0.0,neutral
walmart,"Wait, I thought he said China was supposed to be footing the bill? Why does he expect Walmart, a US company, to eat the tariffs? 🤔🤔🤔

Edit: 4 days later and I'm still getting Republicans in my responses, so I'm adding their default replies so I can hopefully stop getting useless notifications.

1: ""REEEE Walmart made BILLIONS! With a B! I just learned about this letter yesterday! Why are you defending Walmart!""

1 response: I don't care if Walmart has to pay more taxes. If the goal was to make corporations pay more taxes, they should've just raised corporate taxes and I would've applauded the move. Instead, Trump tanked the economy by throwing massive tariffs at China while lying to the American people by claiming ""China will pay for it."" (Much like how he said Mexico would pay for the wall...) Now China isn't paying the tariff because that's not how tariffs work and he is using Walmart as a scapegoat. He wants the American public to blame Walmart for their higher grocery bill because Walmart makes a lot of money, when in reality it is Trump's fault because he tanked the economy with his tariffs. Also, retail profit margins are pretty slim. Nowhere near enough for Walmart to just absorb a 150% price increase and stay in business. I suppose with how many times Trump has files bankruptcy, it makes sense that he thinks retailers can just operate in the negative indefinitely.

2: ""UHHHH TRUMP NEVER SAID CHINA WOULD PAY!""

2 response: here is his [interview](https://x.com/ABC/status/1917318025168007247) on ABC where he said China would probably eat the tariffs. Here's an [article](https://www.nbcnews.com/politics/donald-trump/fact-check-trump-says-china-paying-his-tariffs-he-s-n1038751) from 2019 where he claimed the same thing would happen on his previous tariffs. It is VERY well documented the he told everyone China would pay the tariffs. He said that about everyone, hence why he wanted to tariff every country because ""we were getting a bad deal."" 

3: ""Trump is just trying to say Walmart should pay their fair share because they made so much money during Covid!"" (Or some other imaginary message inserted into Trump's post)

3 response: no, he is not. He wants a scapegoat, so he is blaming Walmart for increasing prices so people won't blame him for raising prices through tariffs. There is no hidden message, his post is incredibly clear. He wants Walmart to pay the tariff that he said China would pay because Walmart makes money. There is no hidden rationale to be read from the post.",1495,2025-05-17T15:32:37.000Z,reddit,-0.9457,negative
walmart,Like mexico paying for the wall 🤣🤣,657,2025-05-17T16:17:35.000Z,reddit,0.836,positive
walmart,Boomers love to forget about that,216,2025-05-17T18:18:57.000Z,reddit,0.5106,positive
walmart,"A lot of boomers voted for Harris, and a lot Gen Z men voted for Trump.",109,2025-05-17T20:50:21.000Z,reddit,0.0,neutral
walmart,"I know man, I know. It's just that, the demographic for Trump worshippers is seemingly mostly old people. At least, that's how it is in Oregon. You're right though, I've met people in all age ranges that have voted for a party you wouldn't expect",66,2025-05-17T20:58:53.000Z,reddit,0.5423,positive
walmart,"My grandmother, may she rest peacefully, repeatedly referred to Donald Trump as “the dumbest cocksucker to ever walk this planet.” She passed away just over six years ago now and was 95. 


Plenty of older people definitely support him but unfortunately his messaging did resonate with enough people and the Democratic Party has not done much these last three election cycles to really crush his messaging.",49,2025-05-18T00:27:41.000Z,reddit,-0.1753,negative
walmart,your grandmother was a smart person 👍,16,2025-05-18T16:13:37.000Z,reddit,0.4019,positive
walmart,My dad (79) calls him “the orange turd”. 😂,13,2025-05-18T20:04:34.000Z,reddit,0.4404,positive
walmart,Shout out to your BASED ass pops. 🫡,7,2025-05-18T20:40:44.000Z,reddit,-0.5423,negative
walmart,"Share this one with your dad: 🍊 💩 ler (unless it'll offend him, then don't. But it is step further on the same naming convention. 🤭)",2,2025-05-21T02:25:38.000Z,reddit,0.6486,positive
walmart,"&gt;My grandmother, may she rest peacefully, repeatedly referred to Donald Trump as “the dumbest cocksucker to ever walk this planet.

they didnt call them the greatest generation for nothing.

also 95 is too old to be boomers. These are people that remember the Great Depression and the Democrats under FDR were the ones to get us out and rebuild the economy and give us the social safety net that MAGA are ripping out while they drive us head first into a economic depression using tariffs just like they did before with the Smoot–Hawley Tariff last go around.",8,2025-05-18T08:44:58.000Z,reddit,0.296,positive
walmart,"Holy shit, what a stunner of a name your grandmother came up with for him. I’ll be remembering and using that one from now on. She sounds like she was one kickass woman",8,2025-05-18T06:30:57.000Z,reddit,-0.2732,negative
walmart,Absolutely NOT. Lots of 20’s people support Trump where I live. It’s not a boomer thing. Please stop insulting an entire generation of people as if they all believe the same thing. No generation has one belief.,47,2025-05-17T22:10:38.000Z,reddit,-0.3818,negative
walmart,significantly more older people then young voted for trump,15,2025-05-18T05:46:24.000Z,reddit,0.0,neutral
walmart,Young people don't vote.,5,2025-05-18T11:56:02.000Z,reddit,0.0,neutral
walmart,"Why would people buy this? Images:
	https://preview.redd.it/uy3ne9qjhc4f1.png?auto=webp&amp;s=2daac1dcfa9674464c6bc6bf8b5356899c51f427",5691,2025-06-01T16:46:38.000Z,reddit,0.0,neutral
walmart,"A Walmart trucker that's been there his whole career? Lol 

People are weird and they'll be bought",1475,2025-06-01T16:52:34.000Z,reddit,0.2732,positive
walmart,Yeah truckers buy their kids and grandkids truck toys because they want them to think of them.,695,2025-06-01T17:08:14.000Z,reddit,0.3612,positive
walmart,"I went to a girlfriends place once in high-school and her dad showed me his truck collection. I have zero clue what that stuff is worth, but he seemed convinced he had around $200k worth of toy trucks. Mostly because many were rare or limited editions of specific companies. 

Seems crazy to me.",206,2025-06-01T19:03:52.000Z,reddit,0.2263,positive
walmart,"I'm no expert either but i could imagine some toy truck that's worth a grand. If he had 200 such trucks, Bob's your uncle.",121,2025-06-01T19:50:07.000Z,reddit,0.6956,positive
walmart,Damn if his gf’s dad is his uncle…,53,2025-06-01T20:14:53.000Z,reddit,-0.4019,negative
walmart,Keeping it in the family,35,2025-06-01T21:46:56.000Z,reddit,0.0,neutral
walmart,[ Removed by Reddit ],3,2025-06-02T20:05:04.000Z,reddit,0.0,neutral
walmart,"Now there's a man who knows how to date his cousin. 

I tweaked it from Community but the message still sends.",5,2025-06-02T12:58:47.000Z,reddit,0.0,neutral
walmart,Such a good toast,2,2025-06-02T23:30:36.000Z,reddit,0.4404,positive
walmart,My collection of legos got me the down payment on my house some of my sets that were 5.99 went for over $100... To be fair legos beat the stock market on return,3,2025-06-02T11:14:00.000Z,reddit,0.3182,positive
trader_joes,South Park Cream Fraiche Display Saw this post on Facebook about Cream Fraiche being displayed at a local Trader Joe's store with Randy Marsh,6640,2025-08-25T21:26:11.000Z,reddit,0.0,neutral
trader_joes,"Posts that don't follow r/traderjoes subreddit rules may be subject to removal. 

**Friendly reminder: No vague or non-descriptive post titles, this includes questions.**


Choosing descriptive post titles with product names, descriptions and/or exact question mentioned is preferred as not everybody is able to view image captions, it also yields better subreddit search results and helps blind and visually impaired Redditors who use Screen Reader Software or Text-to-Speech apps. to access Reddit. Thank you.

IF THIS MESSAGE DOES NOT APPLY TO YOUR POST, PLEASE IGNORE.


*I am a bot, and this action was performed automatically. Please [contact the moderators of this subreddit](/message/compose/?to=/r/traderjoes) if you have any questions or concerns.*",1,2025-08-25T21:26:12.000Z,reddit,0.8719,positive
trader_joes,"As someone who hasn't seen the episode (or very much South Park in general), please enlighten me. ✨️",16,2025-08-27T10:40:17.000Z,reddit,0.6808,positive
trader_joes,Randy gets real into fancy cooking and adds crème fraîche to everything. He also says it in a very affected way which makes the bit funnier. Worth watching the episode.,48,2025-08-27T17:27:45.000Z,reddit,0.4033,positive
walmart,"This is insane Images:
	https://preview.redd.it/klbpckpikvdf1.jpeg?auto=webp&amp;s=01a3acd7c40faef26689f394c8acfa40bb47a87a",5688,2025-07-19T18:34:23.000Z,reddit,-0.4019,negative
walmart,Cream freesh! My boyfriend refuses to pronounce it any other way lol,14,2025-08-27T17:38:33.000Z,reddit,0.4753,positive
walmart,"it's the start of shrimp season, and they've doubled it. doesn't send a good message of the upcoming season. It's still $3-5/lb on the docks, though.",588,2025-07-19T19:08:40.000Z,reddit,-0.3412,negative
walmart,Please savor every drop of his crème fraîche.,2,2025-09-25T03:15:04.000Z,reddit,0.0516,positive
walmart,"You don’t have to buy it if you think the price is too high. If there ends up not being enough people willing to dish out at the higher price, it will force the price back down in time. Markets worked this way long before any corporations existed. It’s the natural ebb and flow of supply and demand.",44,2025-07-20T08:04:04.000Z,reddit,0.25,positive
walmart,He shouldn’t,1,2025-08-31T23:19:29.000Z,reddit,0.0,neutral
walmart,"That's utter bollocks. The idea that the market is ""free"" is an illusion when the regular person doesn't have the same access to the market, forced to buy through supermarkets.",67,2025-07-20T09:21:47.000Z,reddit,0.0772,positive
walmart,This is the only thing I think of when I see crème fraiche,43,2025-08-27T00:22:42.000Z,reddit,0.0,neutral
trader_joes,"My Trader Joe’s has their crew pets posted on a board 🥹 Images:
	https://preview.redd.it/4jmtuzwvzmkf1.jpeg?auto=webp&amp;s=71a5e65d42971eef69cae1064eaafd1e4095e371",6316,2025-08-22T21:13:24.000Z,reddit,0.0,neutral
trader_joes,This is actually so funnny,47,2025-08-26T16:39:42.000Z,reddit,0.0,neutral
trader_joes,awww that is amazing,1,2026-02-17T00:48:12.000Z,reddit,0.5859,positive
trader_joes,"Read “Money, Markets, and Morals” by Michael Sandel. It covers this topic nicely.",8,2025-07-21T04:57:55.000Z,reddit,0.4404,positive
trader_joes,Cute but why so few pit bulls? That is concerning.,1,2025-08-31T21:26:51.000Z,reddit,0.25,positive
trader_joes,"Do you mean “What Money Can’t Buy: The Moral Limits of Markets”?
“Money, Markets, and Morals” is a Harvard EdX course he teaches (which I should take).",2,2025-07-23T17:05:55.000Z,reddit,0.0,neutral
trader_joes,"I mean, this is less than 40 people at one store. By that logic you could argue why so few German shepherds",5,2025-09-01T20:21:10.000Z,reddit,-0.34,negative
trader_joes,And all the ingredients that are grown here in the United States are forced on to the farmers as GMO seeds. They can’t even buy the seeds they want. They have to plant with the government tells them to.,4,2025-07-20T23:50:58.000Z,reddit,0.0258,neutral
trader_joes,Tegridy Farms,45,2025-08-26T16:09:50.000Z,reddit,0.0,neutral
trader_joes,"True, but German shepherds aren’t as good of dogs as pit bulls.",-1,2025-09-02T20:08:49.000Z,reddit,0.6956,positive
trader_joes,They’re not even allowed to harvest the seed and keep it for next year to plant they make them buy new seed every year,3,2025-07-20T23:51:27.000Z,reddit,0.0,neutral
trader_joes,That's clearly Lonny Laloush,6,2025-08-26T15:45:55.000Z,reddit,0.4019,positive
trader_joes,you're genuinely an unhinged person lol,1,2025-12-09T08:24:53.000Z,reddit,0.4215,positive
trader_joes,"I cooked, you clean!",36,2025-08-26T05:51:55.000Z,reddit,0.4574,positive
trader_joes,Hahahahah wrong,3,2025-09-02T20:35:06.000Z,reddit,-0.4767,negative
trader_joes,Also when corporations essentially collude to keep prices high.,3,2025-07-21T01:59:15.000Z,reddit,0.0,neutral
trader_joes,I think of this reference any time I see crème fraîche,100,2025-08-26T05:07:13.000Z,reddit,0.0,neutral
trader_joes,Hahahaha right,0,2025-09-02T20:47:53.000Z,reddit,0.0,neutral
trader_joes,Let me go run to the Lake Michigan market for some shrimp 🤣🤣🤣 you know how nasty that lake is?!?!,5,2025-07-20T12:50:43.000Z,reddit,0.7872,positive
trader_joes,Every time I buy this from Trader Joe’s I say it in Randy’s voice too 😂,7,2025-08-26T21:09:09.000Z,reddit,0.4404,positive
trader_joes,you’re actually wrong and wildly ignorant,3,2025-09-02T21:11:31.000Z,reddit,-0.6369,negative
trader_joes,I hear crème fraîche in Randy's voice lol,38,2025-08-26T06:55:31.000Z,reddit,0.4215,positive
trader_joes,The feeling is mutual 😘,0,2025-09-02T21:31:26.000Z,reddit,0.5106,positive
trader_joes,I don't think pollutants are the issue with Lake Michigan shrimp.,3,2025-07-20T23:17:35.000Z,reddit,0.0,neutral
trader_joes,this is a 11 day old comment but i just want to say that pit bulls fucking suck,6,2025-09-13T09:35:30.000Z,reddit,-0.5913,negative
trader_joes,The point is you're not forced to buy anything. Shrimp is not a need.,6,2025-07-20T11:45:57.000Z,reddit,0.357,positive
trader_joes,"""Food is not a need"" yeah okay buddy",10,2025-07-20T15:48:24.000Z,reddit,0.0031,neutral
trader_joes,hello Allegra,6,2025-08-26T05:18:49.000Z,reddit,0.0,neutral
trader_joes,"Boy, howdy is Cupcake ever Done. With. All. Of this.",10,2025-08-26T05:34:15.000Z,reddit,0.0,neutral
trader_joes,Do you allow pets in the store?,-3,2025-08-25T22:14:57.000Z,reddit,0.2263,positive
trader_joes,"Most Trader Joe’s don’t allow Pets of any kind. But service animals are required to be accepted by law. I can see how having this wall of beautiful fur babies could mix that signal though. 
No need to be rude. If OP is too insecure to say they don’t know, say nothing. “Go touch Grass and stay away from my dog.”",5,2025-08-25T23:06:58.000Z,reddit,0.0387,neutral
trader_joes,"Now I could see if you weee talking grains and talking food , but saying the cockroach of the sea is food item ,  yeah",7,2025-07-20T21:12:42.000Z,reddit,0.4215,positive
trader_joes,You can only eat shrimp and you're allergic to everything else?,4,2025-07-20T22:19:31.000Z,reddit,-0.296,negative
trader_joes,"My mother is dead, and I am a curious person. I hope your life gets better.",0,2025-08-25T22:35:07.000Z,reddit,0.4215,positive
walmart,"A picture is worth more than a million words Images:
	https://preview.redd.it/i31zht1a4jze1.jpeg?auto=webp&amp;s=f7027b4313f7248b152717ac21858602749fdb98",5314,2025-05-08T09:44:03.000Z,reddit,0.2263,positive
walmart,"Yep, and with how they are trying to push people faster and faster, we are all going to be like that",573,2025-05-08T09:55:59.000Z,reddit,0.5719,positive
walmart,"She doesn’t look happy, Look at her face.",192,2025-05-08T17:58:16.000Z,reddit,0.5719,positive
walmart,I like how they had to be in her celebration picture .. like it's about them,135,2025-05-08T20:45:14.000Z,reddit,0.6124,positive
walmart,I mean they let her work for 10 years. They the real mvps xD,62,2025-05-08T23:48:44.000Z,reddit,0.5859,positive
walmart,I doubt either of them where there when she started,23,2025-05-09T19:53:16.000Z,reddit,-0.3612,negative
walmart,That one on the left was but the one on the right was still in middle school,8,2025-05-09T23:58:48.000Z,reddit,0.0,neutral
walmart,I worked with them both around 9 or 10 years ago. The guy is chill but the woman to the left is a hag. Also pretty sure she was in trouble for embezzlement but it's been a while so I don't quite remember.,5,2025-05-10T10:48:32.000Z,reddit,0.5719,positive
walmart,"Nope. That's why Chuck is smiling so hard. He's only been there 15 months and been promoted twice. He'll keep getting a nice, substantial pay bump with each promotion, while here pay won't even keep up with inflation.",2,2025-05-10T12:57:55.000Z,reddit,0.774,positive
walmart,It's nothing if not performative.,9,2025-05-09T19:54:16.000Z,reddit,0.0,neutral
walmart,If narcissism was a company,6,2025-05-09T23:04:36.000Z,reddit,0.0,neutral
walmart,I bet she didn't want a picture taken and be posted on the internet.,9,2025-05-09T20:51:38.000Z,reddit,-0.0572,negative
walmart,She got a $2 shitty cake,27,2025-05-09T01:56:28.000Z,reddit,-0.5574,negative
walmart,They just let her hold it for the picture.,18,2025-05-09T19:52:53.000Z,reddit,0.0,neutral
walmart,She didn’t even get the 9x13 one,6,2025-05-10T00:49:28.000Z,reddit,0.0,neutral
walmart,They probably made her pay for the cake!,9,2025-05-09T20:15:57.000Z,reddit,-0.1759,negative
trader_joes,"Sometimes you just need to buy yourself a Trader Joe’s pumpkin spice mini sheet cake and eat it in the car. I regret nothing. Images:
	https://preview.redd.it/dscnilg1fymf1.jpeg?auto=webp&amp;s=e77c0db6cf8905010d1edbb6e546f98d22a3295c",5231,2025-09-03T13:46:10.000Z,reddit,-0.4215,negative
trader_joes,From far away without any context I thought you were scraping off a cabin air filter!,1,2025-11-18T05:17:43.000Z,reddit,0.0,neutral
trader_joes,Don’t tempt me stink😩😅,2,2025-09-30T01:21:20.000Z,reddit,-0.3182,negative
trader_joes,The carrot one was soooo insanely good,3,2025-09-29T21:40:25.000Z,reddit,0.4404,positive
trader_joes,One of those days for sure 🥺,1,2025-09-22T18:53:05.000Z,reddit,0.3182,positive
trader_joes,Ok went to TJ's today and ran into someone also looking for this - and they said they sell out before lunch.  So now gotta get there in the morning.  Hope no one is out camping out waiting in line.....,5,2025-09-15T05:23:58.000Z,reddit,0.4404,positive
trader_joes,Homemade guava cheese poptarts with guava fruit spread! Thumbnail: https://b.thumbs.redditmedia.com/UgewltFES6QJtwXDJ7Bz2OeILYo-XjY2WcwCo2wNh6M.jpg,5570,2025-06-09T00:37:51.000Z,reddit,0.0,neutral
trader_joes,"Posts that don't follow r/traderjoes subreddit rules may be subject to removal. 

**Friendly reminder: No vague or non-descriptive post titles, this includes questions.**


Choosing descriptive post titles with product names, descriptions and/or exact question mentioned is preferred as not everybody is able to view image captions, it also yields better subreddit search results and helps blind and visually impaired Redditors who use Screen Reader Software or Text-to-Speech apps. to access Reddit. Thank you.

IF THIS MESSAGE DOES NOT APPLY TO YOUR POST, PLEASE IGNORE.


*I am a bot, and this action was performed automatically. Please [contact the moderators of this subreddit](/message/compose/?to=/r/traderjoes) if you have any questions or concerns.*",1,2025-06-09T00:37:52.000Z,reddit,0.8719,positive
walmart,"Truth ... Images:
	https://preview.redd.it/y7869wlh5i9f1.jpeg?auto=webp&amp;s=5e8cae82d85dacbbc29da456dd7860c771e206bc",4296,2025-06-27T17:10:23.000Z,reddit,0.3182,positive
walmart,What is the season for the carrot cake?,1,2025-09-27T00:35:31.000Z,reddit,0.0,neutral
walmart,"Saw this on Facebook and it made me chuckle. Figured I'd post it here. Images:
	https://preview.redd.it/syzs0eeznfjf1.jpeg?auto=webp&amp;s=0df22e34c429ca69290951ea5d93e5a593c4fbe6",4540,2025-08-16T19:30:11.000Z,reddit,0.4019,positive
walmart,This looks AMAZING,6,2025-07-05T09:14:06.000Z,reddit,0.6739,positive
walmart,Is there now! Just got one Sunday,2,2025-09-29T21:40:52.000Z,reddit,0.0,neutral
walmart,I always responded with “do you pump your own gas?” And they went dead silent. Every single time.,446,2025-08-17T02:08:57.000Z,reddit,-0.6486,negative
walmart,Can you please elaborate on the exact ingredients you used so we can also make it?what kind of cheese is this? What kind of dough is this? Can I use it at trader joes? How long do I took it for and at what temperature?,5,2025-06-28T13:25:28.000Z,reddit,0.504,positive
walmart,"It used to be that you didn't need to sign into your app to do the AES surveys. I know know it's suppose to be confidential, but I don't completely trust that on a survey done on your phone under your login.",275,2025-06-27T17:16:48.000Z,reddit,-0.5965,negative
walmart,https://www.reddit.com/r/traderjoes/s/eFD66TMLEA,1,2025-06-28T14:06:55.000Z,reddit,0.0,neutral
walmart,"I bought one today. Proud to say I cut it into six slices. Could I eat it in a sitting, heck yes.",10,2025-09-08T01:40:11.000Z,reddit,0.5719,positive
walmart,"They changed this so we can see your department.  When the AES asks you about your supervisor, it's not talking about management. For associates, it's aiming at your lead. For leads, it's aiming at their direct manager, etc.",121,2025-06-27T17:32:26.000Z,reddit,0.0,neutral
walmart,NJ RESIDENTS ARE SHAKING RN,221,2025-08-17T03:03:54.000Z,reddit,-0.1779,negative
walmart,"I did a couple years of starting with ""Hello SM's name"" and just go off about each thing the coaches I was dealing with would do wrong. I would try and find good things to add, But that was the hard part. The bad just flows out better when its so fucking abundant.

Ended my last one with ""Your store is a Joke and I ain't laughing""

I don't type out anything in those now. I just make a ""**=(**""  and that it",79,2025-06-27T17:54:35.000Z,reddit,-0.501,negative
walmart,😭😭😭 there is deff shame after lol,4,2025-09-07T23:43:56.000Z,reddit,-0.8625,negative
walmart,Thank you!!!,1,2025-06-28T14:08:43.000Z,reddit,0.5229,positive
walmart,That was the part I hated about jersey the most.,80,2025-08-17T03:31:28.000Z,reddit,-0.6369,negative
walmart,"Where are these kept in the store? i've never seen anything like it. 



eta: are they by the breads? or kept cold",1,2025-09-07T23:32:07.000Z,reddit,-0.3549,negative
walmart,Recipe/instruction,11,2025-06-16T22:16:36.000Z,reddit,0.0,neutral
walmart,"See it should ask about your coach also since my TL does their best to support us, but our Coach rather just stay in the office all day or spend time with their significant other",29,2025-06-27T19:08:31.000Z,reddit,0.6858,positive
walmart,That’s why I never visited Oregon. I’m pumping my own gas.,5,2025-08-17T23:20:16.000Z,reddit,0.0,neutral
walmart,Usually always near the breads! Which are usually near the baked/dry desserts,2,2025-09-10T01:04:59.000Z,reddit,0.0,neutral
walmart,Ermagerd. I still have a box of frozen puff pastry in the freezer that I bought late last year. I've gotta try this.,2,2025-06-16T21:46:59.000Z,reddit,0.0,neutral
walmart,"Keeping in mind that the ""most agree/least agree"" quiz is direct supervisor, the comment box is for whatever you want to say.  You can include names.

Stuff like ""Mark does the best he possibly can to support our department, but he is not given any support from Chase who spends all of his time in the office.""

I promise you, your CM is going to read every one of these.",32,2025-06-27T19:40:24.000Z,reddit,0.7432,positive
walmart,They’re usually right next to breads in my tj’s! Usually next to the brownies and other small desserts :),1,2025-09-08T07:45:52.000Z,reddit,0.5093,positive
walmart,Thats a thing? Ive definitely pumped my own gas in Oregon,6,2025-08-18T03:37:22.000Z,reddit,0.4019,positive
walmart,Are the puff pastries back at TJs? I thought they were seasonal?!,1,2025-06-12T06:10:06.000Z,reddit,0.0,neutral
walmart,"I wanted to buy this the other day and decided not to, and now I regret not buying it 😭",3,2025-09-07T19:40:08.000Z,reddit,-0.7096,negative
walmart,"It only became legal to pump your own gas August of 2023, in 16 more populated counties, they still have to have attended service, with no more than 50% of the pumps designated for self service. 20 rural counties, gas stations can offer self service 24/7, at ALL pumps.",9,2025-08-18T03:42:03.000Z,reddit,-0.1779,negative
walmart,Yeah they had to make it require LOG IN because managers would go in afterwards and fill out the survey over over to boost scores. Blame them.,22,2025-06-27T18:04:25.000Z,reddit,0.3612,positive
walmart,"I was last there in April of 23, maybe I just happened to stop at a place that didn't care",2,2025-08-18T03:44:46.000Z,reddit,-0.5897,negative
walmart,"I haven't eaten it in the car, but I like that cake very much.",1,2025-09-07T17:14:43.000Z,reddit,0.5023,positive
walmart,It’s homemade pie crust,11,2025-06-12T06:11:41.000Z,reddit,0.0,neutral
walmart,The way it was explained to me is that the survey is linked to your name but no one will look at that except at corporate and they will only look if the answers contain threats of some kind.  Otherwise corporate sees it by site and department and they don't look at or see individual results or share individual results with anyone.,4,2025-06-27T19:16:43.000Z,reddit,0.2263,positive
walmart,"Out of state visitors have always been exempt, they probably just saw your _non-Oregonian_ license plate and was like ""oh, alright"".",1,2025-08-19T05:45:40.000Z,reddit,0.5994,positive
walmart,Oh my gosh that looks fantastic!,3,2025-06-12T02:32:33.000Z,reddit,0.5983,positive
walmart,"Jersey (along with Staten Island) is “conservative NYC”… at least before all the boomer retirees moved to Florida.

It’s where all NYC’s assholes come from, I swear. Hahaha

I know there will be plenty of people that will say I’m wrong, but I swear up and down that it’s true. lol",4,2025-08-18T16:13:19.000Z,reddit,0.705,positive
walmart,This reminds me of Porto’s guava cheese rolls (LA natives know what I mean lol),14,2025-06-11T18:52:40.000Z,reddit,0.4215,positive
walmart,A member of AP said something verbatim back to me I put in the survey . Zero chance that survey is anonymous lol .,2,2025-07-09T16:22:37.000Z,reddit,0.5859,positive
walmart,New Jersey must not have been that bad if that's what you hated the most about it. Pumping gas is one of the easiest things to do.,19,2025-08-17T12:56:35.000Z,reddit,-0.7096,negative
walmart,Da bomb,1,2025-06-30T01:23:48.000Z,reddit,-0.4939,negative
walmart,"yes which is why i imagine its annoying to be legally prohibited from doing so yourself within the state, and having to wait for the attendant to perform such a trivial task",41,2025-08-17T13:07:05.000Z,reddit,0.0772,positive
walmart,Best day in the teachers lounge is when a parent brings in Porto’s as a treat!,4,2025-06-12T04:52:36.000Z,reddit,0.8016,positive
walmart,Had one break half the fuel door off my car and didn't tell me. Didn't notice until I went to pump gas in Connecticut.  🤬,4,2025-08-18T15:59:24.000Z,reddit,0.0,neutral
walmart,"Not putting Walmart on my phone was probably my best move. I like drinking vodka coolers and smoking cigs while seated in the parking lot during my break. They tell you the sky is the limit, but I just see it all as an hour-counter. Maybe I'll earn enough to afford to eat properly.",1,2025-07-04T01:44:47.000Z,reddit,0.5187,positive
walmart,They look so yummy,3,2025-06-11T08:54:47.000Z,reddit,0.656,positive
walmart,This is common in Cuba &amp; Puerto Rico. They call them  “”pastelitos de guayaba “  ( plain guava  or guava  &amp; cream cheese with puff pastry ),8,2025-06-11T07:03:15.000Z,reddit,0.0,neutral
walmart,"same here. had the dude slam the nozzle into my gas port, and he actually did it hard enough to crack the plastic around the ez-fill port. threw a check engine light I was chasing for months. I don't care if its ""against the law"" im pumping my own gas.",1,2025-08-18T17:49:50.000Z,reddit,-0.6836,negative
walmart,Haha I remember when I was in New Jersey and wasn’t aware of this law. I was pumping my own gas and was wondering why everyone was looking at me weird.,1,2025-08-18T13:00:06.000Z,reddit,0.3182,positive
walmart,"I never hide what i say anyways, everyone knows what im pissed about, I have never lied on a survey and i won't, could care less.",55,2025-06-27T17:54:44.000Z,reddit,-0.6281,negative
walmart,Irs a job at least,4,2025-08-17T15:54:25.000Z,reddit,0.0,neutral
walmart,fr man. if it’s bad management it’s bad management 🤷‍♀️,12,2025-06-28T02:10:34.000Z,reddit,-0.7906,negative
walmart,"As a manager that has looked at the report every year for the last decade... it is anonymous unless you are stupid.

  
We can see the department you are in and what you said.  That is all.

If you are stupid enough to mention a specific event that common sense would tie you to, then we will know who you are.

Complain all you want, but when you throw in a ""one time 'manager x' told me to do 'x' when they saw me doing 'y'"" you will be known.",117,2025-06-27T17:31:23.000Z,reddit,-0.6124,negative
walmart,Shit I signed the damn thing some years. Fuck it.,54,2025-06-27T18:00:36.000Z,reddit,-0.8689,negative
walmart,this guy..,8,2025-06-27T21:44:39.000Z,reddit,0.0,neutral
trader_joes,"You may forget, but Trader Joe's remembers As I was walking through my local store this evening, a crew member stopped and said ""You forgot a pita bread on the counter the last time. [Me, thinking ... I remember missing something ... weeks ago?] Just take another one, don't pay,  and tell them &lt;hername&gt; said it's okay.""

This is not the first time I've had a crew member recognize me after weeks, even months, to fix some problem. 

They are *so awesome*!",4700,2025-11-13T07:46:14.000Z,reddit,-0.6806,negative
trader_joes,"Posts that don't follow r/traderjoes subreddit rules may be subject to removal. 

**Friendly reminder: No vague or non-descriptive post titles, this includes questions.**


Choosing descriptive post titles with product names, descriptions and/or exact question mentioned is preferred as not everybody is able to view image captions, it also yields better subreddit search results and helps blind and visually impaired Redditors who use Screen Reader Software or Text-to-Speech apps. to access Reddit. Thank you.

IF THIS MESSAGE DOES NOT APPLY TO YOUR POST, PLEASE IGNORE.


*I am a bot, and this action was performed automatically. Please [contact the moderators of this subreddit](/message/compose/?to=/r/traderjoes) if you have any questions or concerns.*",1,2025-11-13T07:46:15.000Z,reddit,0.8719,positive
trader_joes,"I kid you not, I truly considered leaving my shiny high paying job for employment at TJ! When I was coming out of a very deep depression, my dream job was working at Trader Joe’s because the people at my local one are the nicest and just seem so wholesome. Always willing to help, chatting with you about your day, helping the houseless man outside, very nice to my kids… There were no openings back then and that was that!",4,2025-12-12T17:53:08.000Z,reddit,0.6361,positive
trader_joes,"I hope you are doing better now. 

When I lived in Silicon Valley, my local Trader Joe's employed at least one rich retired person, who was there for the vibes. Makes complete sense.",3,2025-12-12T22:34:38.000Z,reddit,0.8555,positive
trader_joes,lol - they see a customer left something - then check the cameras - print out a photo - put it on the bulletin board like the old days with the bounced checks.  BOLO’s Tj style - not creepy at all right just good ole customer service,4,2025-12-08T23:20:29.000Z,reddit,0.802,positive
trader_joes,I love it but I can never sneak through there on a bad day when I’m so shut down.,18,2025-11-22T17:24:17.000Z,reddit,-0.4854,negative
trader_joes,"look for the cashiers that look ""so done"", well get you out fast",5,2025-12-12T22:40:04.000Z,reddit,0.2732,positive
trader_joes,"A couple of years ago, I went to Trader Joe’s a couple weeks after giving birth to my daughter. I had mentioned to the cashier that it was the first outing on my own with my daughter since giving birth. The cashier rang a bell and whispered something to another employee who then grabbed a small bouquet and gifted it to me. It was the sweetest gesture and something I’ll never forget!",55,2025-11-17T03:17:41.000Z,reddit,0.6964,positive
trader_joes,"Wow!  And that’s how you make a customer for life.

 Congratulations ❤️",1,2025-12-05T07:25:57.000Z,reddit,0.8398,positive
trader_joes,They did the same thing for me after my first born!,10,2025-11-18T00:51:34.000Z,reddit,0.0,neutral
trader_joes,Once I had just gotten a new debit card and it was all I had with me... Well for some reason it wasn't working. I also had a newer phone that I hadn't added my other cards to yet. They were fully willing to let me leave without paying. They encouraged it! I refused and stepped aside to wait while I had my son bring me my wallet so I could pay with another card. I thought that was a really generous thing to do. I'll never forget it.,24,2025-11-16T16:23:06.000Z,reddit,0.3564,positive
trader_joes,Trader Joe’s: checking your fridge when you’re at work.,18,2025-11-16T14:23:14.000Z,reddit,0.0,neutral
trader_joes,If only the same could be said of corporate.,17,2025-11-16T01:49:44.000Z,reddit,0.0,neutral
trader_joes,"Corporate allows the employees to give bouquets of flowers at the store’s discretion for free on a case by case basis. Additionally, if you left something at the store and you paid for it, it’s no issue for you to get it at your next visit.",2,2025-12-08T12:59:45.000Z,reddit,0.2732,positive
walmart,90’s Walmart 👌 Thumbnail: https://b.thumbs.redditmedia.com/yccWo33DkdBUPPs_NdO6ZgIN0EPpwssmqyfxpRBhNqY.jpg,4031,2025-06-12T04:17:39.000Z,reddit,0.7297,positive
walmart,"It’s getting serious over here New store manager sucks ass, first day he started working we had to stop wearing an earbud. Nobody’s really taking to that rule tho, so here we are. Made me laugh, but it was sadly removed after a couple hours",4000,2025-07-28T02:44:07.000Z,reddit,-0.7311,negative
trader_joes,"Another example of why you should check your receipt 🤣 FWIW I had bought 4 peppers, we all had a good laugh when I noticed at least!",4638,2025-05-06T22:58:04.000Z,reddit,0.8748,positive
trader_joes,Planted a small Trader Joe’s basil plant I bought a small fresh basil plant and put it in a pot once it got warm out and I can’t believe how much it’s grown!,4615,2025-07-20T00:49:24.000Z,reddit,0.5411,positive
trader_joes,I miss the smiley face guy all over the store signage :(,140,2025-06-12T04:55:14.000Z,reddit,-0.2023,negative
trader_joes,"Posts that don't follow r/traderjoes subreddit rules may be subject to removal. 

**Friendly reminder: No vague or non-descriptive post titles, this includes questions.**


Choosing descriptive post titles with product names, descriptions and/or exact question mentioned is preferred as not everybody is able to view image captions, it also yields better subreddit search results and helps blind and visually impaired Redditors who use Screen Reader Software or Text-to-Speech apps. to access Reddit. Thank you.

IF THIS MESSAGE DOES NOT APPLY TO YOUR POST, PLEASE IGNORE.


*I am a bot, and this action was performed automatically. Please [contact the moderators of this subreddit](/message/compose/?to=/r/traderjoes) if you have any questions or concerns.*",1,2025-05-06T22:58:06.000Z,reddit,0.8719,positive
trader_joes,"Posts that don't follow r/traderjoes subreddit rules may be subject to removal. 

**Friendly reminder: No vague or non-descriptive post titles, this includes questions.**


Choosing descriptive post titles with product names, descriptions and/or exact question mentioned is preferred as not everybody is able to view image captions, it also yields better subreddit search results and helps blind and visually impaired Redditors who use Screen Reader Software or Text-to-Speech apps. to access Reddit. Thank you.

IF THIS MESSAGE DOES NOT APPLY TO YOUR POST, PLEASE IGNORE.


*I am a bot, and this action was performed automatically. Please [contact the moderators of this subreddit](/message/compose/?to=/r/traderjoes) if you have any questions or concerns.*",1,2025-07-20T00:49:24.000Z,reddit,0.8719,positive
trader_joes,And the smiley face stickers,44,2025-06-12T18:40:05.000Z,reddit,0.4019,positive
trader_joes,Fresh basil is the BEST,4,2025-08-19T20:05:24.000Z,reddit,0.8038,positive
trader_joes,"I once typed the zeros in even though our pos did it automatically. Charged a client $10,300 instead of $103. The charge went through and I had to call her and tell her what I’d done 😭",32,2025-05-11T19:03:38.000Z,reddit,-0.5994,negative
trader_joes,We still have those in my store,16,2025-06-12T19:16:30.000Z,reddit,0.0,neutral
trader_joes,The herb 🪴’s are good? I see the ones at the nurseries and they look like the orchids at costco.,3,2025-08-19T06:02:28.000Z,reddit,0.6597,positive
trader_joes,"\&gt; $10,300   
\&gt; The charge went through

God that must be nice.",16,2025-06-03T07:36:17.000Z,reddit,0.5994,positive
trader_joes,Right???,5,2025-06-04T16:30:31.000Z,reddit,0.0,neutral
trader_joes,"They execute you guys with a gun? Totally unfair, we only have the electric chair at our store.",1194,2025-07-28T03:12:58.000Z,reddit,-0.6997,negative
trader_joes,Exactly bring back the smiley face mascot,9,2025-06-13T01:26:27.000Z,reddit,0.4019,positive
trader_joes,"You'll get even more if you separate the plants from the original container a little bit, I usually break it into 8 chunks of seedlings and give them a little more space to grow",1,2025-08-16T05:52:04.000Z,reddit,0.3182,positive
trader_joes,"this happened to me once, but when i was buying the butter chicken",8,2025-05-10T15:55:16.000Z,reddit,0.0,neutral
trader_joes,And those big bags of popcorn my mom used to get for my sister and me when we went grocery shopping.,5,2025-06-14T01:39:58.000Z,reddit,0.0,neutral
trader_joes,"Well, that's shocking",465,2025-07-28T03:15:51.000Z,reddit,-0.1531,negative
trader_joes,"This is an inspirational post!!  I bought my TJ's basil about a month and a half ago.  Pinched off new growth and it's been holding strong, despite my using it regularly in cooking.  It greened up more, but the pot was quite full when I bought it.  It didn't even cross my mind to repot it, but this makes me think I should.  It is really overgrown in the pot, and I'm watering it daily &amp; can't keep up.  Only problem with repotting is I'd have to move it off my island.  But looking fantastic there!!  And I will add mine is one of the best tasting basil's I've ever had, in addition to being great value sized.",6,2025-08-13T02:07:45.000Z,reddit,0.9755,positive
trader_joes,"Not sure I'd need to check the receipt to know my 8 items shouldn't have been $3000. That error would jump out immediately before purchasing. 

Had the same thing happen at a hardware store. Bought a few various pieces of lumber and they rang up several thousand 2x4s at checkout. I didn't need to double check the receipt to notice the $15,000 mistake.",11,2025-05-10T13:00:59.000Z,reddit,-0.7237,negative
trader_joes,Some of the ones up in B.C. still have it!,2,2025-06-14T01:45:38.000Z,reddit,0.0,neutral
trader_joes,r/angryupvote,113,2025-07-28T04:23:17.000Z,reddit,0.0,neutral
trader_joes,You are a basil god it seems!,6,2025-08-10T18:47:11.000Z,reddit,0.3382,positive
trader_joes,"This happened to me once at ikea and I almost got charged like $2,000 for a bag of candy. I couldn’t stop laughing.",24,2025-05-09T03:01:49.000Z,reddit,0.4048,positive
trader_joes,"I miss the smiley face guy too. With how much of a huge fanbase the smiley face guy has, I am surprised that Walmart hasn't brought him back in recent years.",2,2025-06-16T12:31:48.000Z,reddit,0.7906,positive
trader_joes,"I've been growing and using my TJ basil plant for over a year now. It's on my kitchen counter, because it gets too hot here to have it outside much. I think I'm ready for a new one this week, as it's gotten pretty woody and it's no longer keeping up with my consumption. 

Best basil I've had in so long. Very strong and fragrant.",14,2025-07-24T12:47:42.000Z,reddit,0.9225,positive
trader_joes,I'm completely electrified by you're statement.,71,2025-07-28T05:24:34.000Z,reddit,0.0,neutral
trader_joes,How do you successfully grow one indoors like that?,3,2025-07-26T22:59:59.000Z,reddit,0.6908,positive
trader_joes,It’s currently the top post.,27,2025-07-28T05:43:31.000Z,reddit,0.2023,positive
trader_joes,that’s a lotta fajita,15,2025-05-08T23:57:22.000Z,reddit,0.0,neutral
trader_joes,Both the coke machine and Pepsi machine are the ancient logos lmao,32,2025-06-12T04:30:08.000Z,reddit,0.5994,positive
trader_joes,"I made this mistake when working as a cashier many years ago. I entered the plu for the next item when I was supposed to enter the quantity. To make it worse, it was an organic item so the plu was five digits, starting with a 9. In my case, the entire register crashed and had to be rebooted.",30,2025-05-08T23:01:56.000Z,reddit,-0.705,negative
trader_joes,Still is,2,2025-07-29T01:02:11.000Z,reddit,0.0,neutral
trader_joes,"I keep it next to my kitchen sink, near a sunny window. It has done better there than when I've put it outside.",5,2025-07-27T02:32:06.000Z,reddit,0.6908,positive
trader_joes,I have not been able to get them to grow inside. I’m going to buy a TJ one.,1,2025-08-16T17:15:55.000Z,reddit,0.0,neutral
trader_joes,I’m pretty sure I was severely electrocuted because these high-voltage puns have me deader than an iPhone battery after 10 years,2,2025-07-29T01:39:31.000Z,reddit,0.3612,positive
trader_joes,That definitely looks like what happened here!! Looks like they entered the PLU instead of quantity!!,1,2025-05-11T16:32:27.000Z,reddit,0.8346,positive
trader_joes,"Could be late 90s, maybe early 00s the Sams cola checks out.

Edit. Haven't seen news paper dispensers like that outside a Walmart in a LONG time.",4,2025-06-12T09:45:19.000Z,reddit,0.3612,positive
trader_joes,I ate them faster than they grew...,5,2025-07-24T09:02:31.000Z,reddit,0.0,neutral
trader_joes,"That’s wild. I definitely know what you’re talking about with the plu’s, did that myself a few times thankfully ours required an override for a high quantity so could just cancel it easy and wouldn’t accidentally go through",2,2025-05-09T19:03:20.000Z,reddit,0.577,positive
trader_joes,"Costs too much for bullets and walmart is cheap af, they just make u work without water in carts all day until u keel over, replacing u. Rinse n repeat",53,2025-07-28T04:43:00.000Z,reddit,0.0,neutral
trader_joes,Wow. Nice signage compared to today’s penitentiary signage.,3,2025-06-12T05:16:48.000Z,reddit,0.765,positive
trader_joes,"Did you pinch off the new leaves and let it bush out?  Then when using take leaves evenly from around the plant, esp on the bottom??  Mine tends to fill in.  Although I will say I've had basil plants from other stores that started out smaller and didn't thrive like TJ's do!",1,2025-08-13T02:09:56.000Z,reddit,-0.4482,negative
trader_joes,This happened to me! They tried charging me for 19 bags of green beans for $65.,5,2025-05-08T22:48:15.000Z,reddit,0.0,neutral
trader_joes,"Good eye, machines look like current ones",2,2025-06-12T07:22:21.000Z,reddit,0.6597,positive
trader_joes,"Nah, they wouldn't replace just put you in a chair at the register and say they have a body to work",25,2025-07-28T07:04:32.000Z,reddit,-0.1027,negative
trader_joes,I had this happen once. It made for an epic photo and great laugh with friends.,16,2025-05-08T15:19:33.000Z,reddit,0.8957,positive
trader_joes,"If you look at a basal plant, you will likely see new leaves coming up on each stem.  I don't know how to more clearly say pinch them off.  Then, the energy that would grow to those leaves, will cause the plant to become fuller down below.  Plants have a tendency to become stringy if we don't do this.


It's also a good rule of thumb with some house plants like pathos and crawling philadendrum varieties. ( Although you'll need scissors or little plant shears for those... And rather than pinching, you'll want to cut them long enough for you to root them in water).   If I could figure out how to post pictures in this silly app. I would gladly show you, i'm actually about to replant Trader Joe's basil.",1,2025-08-16T21:40:32.000Z,reddit,0.8812,positive
trader_joes,You think they would let you sit,9,2025-07-28T15:46:02.000Z,reddit,0.0,neutral
trader_joes,"There seems to be too many American references in these pictures for it to be Canadian. 

I suspect this was one of the holdouts to be remodelled and that these pictures aren’t actually from the 90s, but late 2000s to early 2010s",2,2025-06-12T13:00:13.000Z,reddit,-0.1531,negative
trader_joes,haha! and not a lime in sight!,27,2025-05-08T11:07:26.000Z,reddit,0.555,positive
trader_joes,Odds are it probably just closed instead of remodeling,1,2025-06-12T13:06:59.000Z,reddit,0.0,neutral
trader_joes,"I mean, dead bodies can't stand up so, the chair would have to work, unless they are strapping them to a support beam, lol",7,2025-07-28T16:00:26.000Z,reddit,0.0516,positive
trader_joes,No I take mine off the top to eat. They are generally the biggest.,1,2025-08-13T07:20:08.000Z,reddit,-0.1027,negative
trader_joes,They'll just cram a pushbroom handle up your ass to hold you upright.,3,2025-07-29T14:10:03.000Z,reddit,-0.5423,negative
trader_joes,But a body would still fall over some how,2,2025-07-29T15:40:30.000Z,reddit,0.0,neutral
trader_joes,Maybe that's who is really running those robot floor cleaning machines 🤔 The ghosts of past Walmart employees RIP 😪,2,2025-07-30T02:58:51.000Z,reddit,0.0,neutral
trader_joes,"Y'all got the chair? Damn, they'd make us stand out by the loading dock for guillotine demonstrations. We'll Never forget you Nancy ✊😔",17,2025-07-28T14:03:28.000Z,reddit,-0.1862,negative
walmart,"Our Walmart shopper just delivered double of almost everything from my order This isn't even everything - I checked and I was only charged for 1 of each item, except the bananas (I was charged for two). I'm definitely not complaining, I'm really just wondering how this could've happened and should I add more to their tip?

I tried adding my receipt, but it would only let me add one image.",3263,2025-08-16T19:03:30.000Z,reddit,0.089,positive
walmart,"We've had issues in the past where an order gets ""cloned"". If this was an express delivery, the driver is probably a moron, though.",943,2025-08-16T19:12:14.000Z,reddit,-0.4939,negative
walmart,"""Sir 200 thousand units of this order are ready with another million more on the way""",125,2025-08-16T20:45:31.000Z,reddit,0.3612,positive
walmart,"""Your clones are impressive, you must be proud""",12,2025-08-18T01:45:20.000Z,reddit,0.7506,positive
walmart,"I had that happen with two cases of seagrams sugar free ginger ale a week and a half ago. got my order on saturday..and then tuesday a duplicate showed up. only got charged for the one. both packages matched my order number.

so, my advice? dont look a gift horse in the mouth. thats one less order ya gotta make this month.",332,2025-08-16T20:24:31.000Z,reddit,0.1012,positive
walmart,"I ordered a 45 rpm Beach Boys record, with the original 3 color picture sleeve in NM- condition, with the only flaw being writing on the front of the sleeve. It arrived a day early, then I got a notice from Amazon that the order was lost in shipment, then a week later I got another one basically exactly like the first one but different writing on the sleeve. I contacted Amazon and they said both sellers were paid so I could keep both copies. Score.",23,2025-08-17T16:34:21.000Z,reddit,0.4854,positive
walmart,Amazon shipped us stuff multiple times we did not order and told us to keep it. Last night was a bed frame whom we gifted to someone else.,2,2025-09-09T07:52:58.000Z,reddit,0.1779,positive
walmart,I had it happen with flea medicine for my dogs and definitely not gonna complain with the price of those things,3,2025-08-19T16:56:44.000Z,reddit,0.5873,positive
walmart,Had this happen to me recently for diapers! The driver even reported it but they made him shop and redeliver it.,36,2025-08-17T01:01:08.000Z,reddit,0.0,neutral
walmart,Lol I order 2 of a order of cookies n I got 16 during 2020,18,2025-08-16T23:23:30.000Z,reddit,0.4215,positive
walmart,So who ends up paying for it? Walmart?,13,2025-08-17T02:04:32.000Z,reddit,0.0,neutral
walmart,"To my knowledge,  there is no way to pay for the overage,  and returning them, even for free,  will cause them to be tossed - at least at my Walmart. They don't sell returned food for safety reasons. 

When I have returned items via the app because I accidentally purchased them, etc., Walmart refunds the money and tells me to keep the item.",43,2025-08-17T02:41:39.000Z,reddit,0.2732,positive
walmart,"That actually happened to me with a couple mattresses! I didn't like the first or second one, so I ordered the third they refunded me for the first two. I got to keep them all! It was amazing because I was able to give those two mattresses to a couple of mom's in need. ❤️",3,2025-08-19T20:14:40.000Z,reddit,0.5063,positive
walmart,"Yeah. they can't resell any food that has touched your doorstep, so even if you returned it they'd have to trash it. A couple of someone else's bags ended up in one of my deliveries so I called and they said welp, congratulations on some free stuff, basically. I still gave a list of the items just so it would be easier for the next person to show what was missing from their order.",17,2025-08-17T02:52:28.000Z,reddit,0.875,positive
walmart,"I would say just take the extra and consider it a gift. If you can't store it, maybe give it to neighbors. Either way, don't return food to us because it will go to waste.",10,2025-08-17T15:01:15.000Z,reddit,0.0258,neutral
walmart,"We did, don't worry. Ate what we could and shared with neighbours what we couldn't",3,2025-08-17T21:43:16.000Z,reddit,0.5867,positive
trader_joes,Bought some Trader Joe's flowers for the first time 😃 My local florists are selling these for $$$!!!! I LOVE that Trader Joe's carries them! Still shook I paid less than $20 for this bouquet 💐,4411,2026-02-01T03:59:25.000Z,reddit,0.8482,positive
trader_joes,These are so pretty,2,2026-02-26T16:39:39.000Z,reddit,0.6269,positive
trader_joes,"I guess I wasn’t raised where we would have fresh flowers in the house unless we picked them from outside. I see flowers in like half the peoples shopping cart, is this something most people do.",3,2026-02-22T15:37:09.000Z,reddit,0.5859,positive
trader_joes,"I don’t know about “most”, but many. I don’t “always” have them but k often have them because I love flowers and they make me happy.",1,2026-02-27T14:08:59.000Z,reddit,0.9161,positive
trader_joes,No it’s very expensive to always have fresh flowers.,1,2026-02-24T20:42:36.000Z,reddit,0.0258,neutral
trader_joes,"I wasn't raised in a house that would ever buy fresh flowers, which is why I do it now! A small bouquet on my desk while I work brings me joy.",4,2026-02-22T15:51:55.000Z,reddit,0.75,positive
trader_joes,Beautiful!!!,1,2026-02-18T00:09:30.000Z,reddit,0.6981,positive
trader_joes,Oh my gosh so pretty 🥹,3,2026-02-07T20:59:19.000Z,reddit,0.6269,positive
trader_joes,"I purchased all my flowers for my wedding at trader joes. total was about $300 &amp; my friend did the arrangements, bouquets and boutonnieres.",10,2026-02-05T02:32:52.000Z,reddit,0.4939,positive
trader_joes,Same!! It was really fun to put them together with some of my bridesmaids (we spray painted them) and made it work with our theme really well. I was stoked!,1,2026-02-22T17:49:57.000Z,reddit,0.7822,positive
trader_joes,Same !,1,2026-02-22T10:03:00.000Z,reddit,0.0,neutral
trader_joes,"https://preview.redd.it/p39rzzqfqihg1.jpeg?width=4284&amp;format=pjpg&amp;auto=webp&amp;s=cf6457d9f6aa71dcb09db09a57e7c7726a865c7a

Love TJs flowers",9,2026-02-04T18:09:54.000Z,reddit,0.6369,positive
trader_joes,Please post a picture of whatever you make out of those!!,1,2026-02-04T18:15:20.000Z,reddit,0.4374,positive
trader_joes,"These were from last week but this is from what I did this week!

https://preview.redd.it/fdz2vf7g4lhg1.jpeg?width=4032&amp;format=pjpg&amp;auto=webp&amp;s=7fb5df63731022d321804ca27e9c98796db17834",5,2026-02-05T02:11:50.000Z,reddit,0.0,neutral
trader_joes,Stunner 😍,1,2026-02-05T07:17:30.000Z,reddit,0.4588,positive
trader_joes,The roses that I buy last almost 2 weeks. And they are cheap.,8,2026-02-03T13:47:05.000Z,reddit,0.0,neutral
trader_joes,"Trader Joe peonies will always be my favorite seasonal product This is my 6th year going out of my way to Trader Joe’s specifically to buy a bouquet of peonies. I suck at putting together fancy bouquets with a variety of flowers, but I like the simplicity of peonies on their own :)

It’s beginning to feel like my emotional support peony because I keep dragging it around with me to different rooms in my home, depending on where I’m hanging out. It smells so good!",4127,2025-05-16T22:35:42.000Z,reddit,0.9698,positive
trader_joes,Oh I love this color…,2,2025-05-22T04:17:02.000Z,reddit,0.6369,positive
trader_joes,https://preview.redd.it/rlfw6ryzr02f1.jpeg?width=4284&amp;format=pjpg&amp;auto=webp&amp;s=b8201f5712e7bef987496bd5083b5559a35cbd52,10,2025-05-20T23:15:34.000Z,reddit,0.0,neutral
trader_joes,Wow those are huge! I love how the color and size can vary so much,2,2025-05-21T00:35:21.000Z,reddit,0.8908,positive
trader_joes,It was a week long show 💗,2,2025-05-23T02:55:02.000Z,reddit,0.7096,positive
trader_joes,"https://preview.redd.it/9xvojs3aos1f1.jpeg?width=2268&amp;format=pjpg&amp;auto=webp&amp;s=669039ecd37998790a9bab63eb3f125445f187c4

Every year I forget just how gorgeous they are",9,2025-05-19T20:00:47.000Z,reddit,0.4767,positive
trader_joes,* *adds to shopping list!* *,3,2025-05-19T07:46:43.000Z,reddit,0.0,neutral
trader_joes,Beautiful pic. This made my day a bit brighter,3,2025-05-18T21:20:29.000Z,reddit,0.7579,positive
trader_joes,When do they have them usually? I never seem to be lucky 🥹,5,2025-05-18T18:54:50.000Z,reddit,0.4215,positive
trader_joes,I’ve only been lucky enough once. 😭😭😭,2,2025-05-19T13:07:58.000Z,reddit,-0.7579,negative
trader_joes,hell yeah and i gotta make a TJ run today!!!,1,2025-05-18T15:59:42.000Z,reddit,-0.6458,negative
walmart,What in the Walmart crap is this? So now Walmart wants to send work calls to my personal phone? Screw that! Fix your internal phone system because the first customer call i get on my personal phone I'm uninstalling the app.,3241,2025-06-05T08:27:14.000Z,reddit,-0.565,negative
trader_joes,"Please enjoy Maple, our Trader Joe’s kitty Thumbnail: https://b.thumbs.redditmedia.com/x5JAhUQLT-TPFazM_wCZvIbV3OxhQX3QAfqDz-aglqc.jpg",4096,2025-10-24T16:14:41.000Z,reddit,0.6705,positive
walmart,"You cant make this up For context: I tried to refund a Walmart+ subscription, and the agent talked me out of it in exchange for 2 free months. After the chat ended, the ""unsubscribe"" option (that i used 10 minutes prior) completely disappeared from the Walmart app. The photo is the second agent.",3191,2025-08-23T00:24:26.000Z,reddit,0.2748,positive
trader_joes,Apple Shortbread box —&gt; gift tags! Almost threw this box in the recycling bin when I realized it might make beautiful gift tags! Now I have a reason to buy the apricot ones.,3827,2025-08-30T03:54:56.000Z,reddit,0.8829,positive
trader_joes,MY HEART 😭 oh how I love black cats 🖤,1,2025-11-18T07:29:28.000Z,reddit,0.9049,positive
trader_joes,Trader Joe’s is like the only place near me that has ever sold peonies 🤞,6,2025-05-18T09:48:19.000Z,reddit,0.3612,positive
trader_joes,This looks pretty much exactly like what my target uses around the store. A lot of called just end up routing back to customer service and then get called out on a radio for like 5-10 minutes til either someone in the department answers or a manager takes the call. Doesn’t work very well.,526,2025-06-05T08:51:08.000Z,reddit,0.8622,positive
walmart,"No, bitch Images:
	https://preview.redd.it/61aiofp4ky8f1.jpeg?auto=webp&amp;s=1aca03b48aca4e982f077a3c5e5dc3c253b07a4e",3107,2025-06-24T23:16:50.000Z,reddit,-0.5859,negative
walmart,Hilarious. This timeline is fucked.,431,2025-08-23T00:32:26.000Z,reddit,-0.4019,negative
walmart,"Posts that don't follow r/traderjoes subreddit rules may be subject to removal. 

**Friendly reminder: No vague or non-descriptive post titles, this includes questions.**


Choosing descriptive post titles with product names, descriptions and/or exact question mentioned is preferred as not everybody is able to view image captions, it also yields better subreddit search results and helps blind and visually impaired Redditors who use Screen Reader Software or Text-to-Speech apps. to access Reddit. Thank you.

IF THIS MESSAGE DOES NOT APPLY TO YOUR POST, PLEASE IGNORE.


*I am a bot, and this action was performed automatically. Please [contact the moderators of this subreddit](/message/compose/?to=/r/traderjoes) if you have any questions or concerns.*",1,2025-08-30T03:54:59.000Z,reddit,0.8719,positive
walmart,"Target basically has a pop-up over whatever you're doing and since you're pretty much always doing something even if it takes 3 seconds to finish it, you have to decline the call before you can do it.  

Target also barcodes every backroom shelf (bin) location (position), and every each has to be counted and scanned in, so if you're anywhere in that process, you can't answer.

Target also has an issue where you frequently don't get connected to your department when you clock in and a lot of 1 person departments, so it's normal for it to just not ring for half a shift until you go ""it's awfully quiet today"" or someone calls ""parked call for [department on 201] or...never if the only Team Lead in the building is Engagement &amp; Experience and they're running the cash office.

The system is almost *designed* to make it impossible to answer the call, but there's probably no mechanism in the OS to have it work better.

I already need a second phone some of the time to do mod things on one phone and UPC scanning on another since for whatever reason we can't have separate apps.",111,2025-06-05T11:32:41.000Z,reddit,0.631,positive
walmart,black kitties are the best!!,6,2025-10-31T21:04:35.000Z,reddit,0.6988,positive
walmart,"“I’m afraid I can’t do that, Dave.”",344,2025-08-23T01:21:13.000Z,reddit,0.0,neutral
walmart,"If I could look one more time, I wouldn’t have nil picked it in the first place",856,2025-06-24T23:20:55.000Z,reddit,0.0,neutral
walmart,"my fiancé destroyed these in a day, we’re going back tomorrow. should’ve financed a Prius",7,2025-09-24T02:22:14.000Z,reddit,-0.4939,negative
walmart,which costco??!,1,2025-06-04T15:37:24.000Z,reddit,0.0,neutral
walmart,"Daisy, Daisy, give me…",50,2025-08-23T03:05:01.000Z,reddit,0.0,neutral
walmart,"I mean, you could look until your eyes bleed. You're just not going to find it.",260,2025-06-25T00:01:46.000Z,reddit,0.0,neutral
walmart,Target did have this when I worked there but target also had there own work phones that we would grab and put back every day. I honestly think that’s way better then forcing your workers to use they’re own phones I think Walmart is being super cheap,57,2025-06-05T15:45:39.000Z,reddit,0.9349,positive
walmart,Does anyone know which variety of peony that specific color is? I used to get them at Trader Joe’s but I moved away years ago and never found out.,13,2025-05-18T03:35:07.000Z,reddit,0.0,neutral
walmart,So crafty. Love it 😀,5,2025-09-04T16:53:51.000Z,reddit,0.7893,positive
walmart,Did you look with your special eyes?,90,2025-06-25T04:48:21.000Z,reddit,0.4019,positive
walmart,SHEEEEEEEEILAAAAAA NOOOOOOOOO!!!,4,2025-08-24T09:58:16.000Z,reddit,0.0,neutral
walmart,"Walmart issuing phones varies from store-to-store and when you do get a phone, it's only your so you don't have to worry about if someone took it into the employee bathroom and left it on the floor on the last shift, but you need 3x the phones. 


The thing about Targets Zebras was always I'm talking on the computer I need to look up the answer your question, so you end up putting people on hold or on speaker.  Neither of which is great.",19,2025-06-05T16:00:58.000Z,reddit,0.8102,positive
walmart,Beautiful cat! 🥰🥰🥰,5,2025-10-30T20:00:13.000Z,reddit,0.98,positive
walmart,"Agree with previous commenter that these look like Coral Charm, Coral Sunset, Pink Hawaiian Coral (these bud redder than a lot of corals) or Coral &amp; Gold. If you’re on the upper west coast, they’ve peaked early this year (last week, May 10th or so), but not sure about other climates. Corals are usually early season for bloom…a beautiful variety!",3,2025-05-18T23:59:56.000Z,reddit,0.82,positive
walmart,Great idea! How were the cookies?,2,2025-09-03T00:16:33.000Z,reddit,0.6588,positive
walmart,Sheila! Sheila! Wait.. who’s Sheila?,3,2025-08-24T14:59:55.000Z,reddit,0.0,neutral
walmart,My brand!,57,2025-06-25T04:53:45.000Z,reddit,0.0,neutral
walmart,"Ew target used their zebras as phones too? I worked at Kohl's and they had the zebra system too, I would have quit the second they tried to make me use one as a phone. Those things were disgusting.

I'm also someone that takes my case off and cleans my phone every day so I guess take it as you will.",2,2025-06-07T23:22:33.000Z,reddit,-0.5267,negative
walmart,"I love these cookies -are they back? Also, great hack. The box is a work of art!",2,2025-09-02T04:14:30.000Z,reddit,0.8622,positive
walmart,How beautiful!,2,2025-10-29T06:40:13.000Z,reddit,0.636,positive
walmart,"In my state it's illegal to use your personal phone even if you want to. When I worked there, they gave everybody Samsung XCovers or whatever they're called. I threw one under the freezers, then broke one and they went back to letting me use the OG scanners (the ones that actually work to scan things, the phones can't read plastic/not perfectly flat and matte finish barcodes)",13,2025-06-05T20:40:34.000Z,reddit,-0.8614,negative
walmart,They will be soon :)),3,2025-09-03T04:01:29.000Z,reddit,0.0,neutral
walmart,"this is a vocal stim for me and all of my coworkers are too young to get it, I almost felt crazy for remembering the commercial 😆 I love you for this

Also, exception shopping is the bane of my existence.",19,2025-06-25T08:24:52.000Z,reddit,0.6786,positive
walmart,Is this a new or returning fall item?,14,2025-10-28T00:18:26.000Z,reddit,0.0,neutral
walmart,"Pro tip here from someone who prints packaging. 
Light interferes with bar code reading, sometimes holding a shadow with your hand over it will allow a better reading.",4,2025-06-06T04:10:15.000Z,reddit,0.7906,positive
walmart,Genius… idea stolen.,8,2025-09-02T03:29:28.000Z,reddit,-0.4939,negative
walmart,That’s almost as bad as not knowing what to do with an annuity and you need cash now,14,2025-06-25T12:46:39.000Z,reddit,-0.4976,negative
walmart,Awwww my cat loves the Trader Joe’s bags too!!,6,2025-10-27T19:55:41.000Z,reddit,0.6467,positive
walmart,"It worked sometimes, but a lot of the frozen stuff wouldn't ever scan, a lot of dairy had issues too if I remember correctly. The lasers just worked better, idek know how they read some of the ones they did",2,2025-06-06T04:32:59.000Z,reddit,0.5927,positive
walmart,LOVE these,11,2025-08-31T23:50:48.000Z,reddit,0.7125,positive
walmart,"CALL J.G. WENTWORTH!
877-CASH-NOW!",10,2025-06-25T14:19:06.000Z,reddit,0.0,neutral
walmart,A tank,3,2025-08-24T18:13:01.000Z,reddit,0.0,neutral
walmart,She was my friend...,2,2025-08-24T18:42:48.000Z,reddit,0.4939,positive
walmart,She is adorable!!!,6,2025-10-27T01:05:42.000Z,reddit,0.6219,positive
walmart,"As someone who helped set up a new Target store, can confirm. Everything is super complex.",8,2025-06-05T20:22:19.000Z,reddit,0.5994,positive
walmart,r/zerowaste,47,2025-08-31T14:16:38.000Z,reddit,0.0,neutral
walmart,What about a structured settlement?,7,2025-06-25T14:38:58.000Z,reddit,0.0,neutral
walmart,Omg this is brilliant ♻️,33,2025-08-31T06:54:37.000Z,reddit,0.5859,positive
walmart,"It’s your money, use it when you need it",5,2025-06-26T04:08:26.000Z,reddit,0.0,neutral
walmart,What aisle did you find her in?,6,2025-10-27T11:26:11.000Z,reddit,0.0,neutral
walmart,eek are these back?!,18,2025-08-31T06:42:03.000Z,reddit,0.0,neutral
walmart,Ya a lot of retailers are moving towards that. My old job at best buy just straight up stopped taking calls all together everything routes through the 1800 number now even if you call the local number on Google.,4,2025-06-05T19:27:41.000Z,reddit,0.7003,positive
walmart,I'm now extremely happy that associates get Walmart + for free,246,2025-08-23T01:09:58.000Z,reddit,0.807,positive
walmart,What aisle are these on?? 😻,9,2025-10-26T20:08:21.000Z,reddit,0.5204,positive
walmart,My wife didn’t get it either when I said it. Had to show her the OG video and then the Mass Effect one.,7,2025-06-25T10:23:30.000Z,reddit,0.0,neutral
walmart,This is fantastic! Thank you for sharing!,11,2025-08-31T04:43:36.000Z,reddit,0.8585,positive
walmart,Beautiful void 😻,8,2025-10-26T13:23:17.000Z,reddit,0.7845,positive
walmart,"Wait, do you have to use your personal cell phone for routine work?",3,2025-06-07T19:40:14.000Z,reddit,0.0,neutral
walmart,Stop spending your money at a company that underpants and treats you poorly. Go to aldis,70,2025-08-23T09:54:13.000Z,reddit,-0.296,negative
walmart,The people who post on Reddit are not the same people this is directed at. I've seen people nil pick things there were sitting in the shelf plugged one item over or one item was plugged in front of it. People need to pay more attention.,53,2025-06-25T02:21:26.000Z,reddit,-0.1027,negative
walmart,This is such a cleaver sustainability hack!,29,2025-08-31T02:52:22.000Z,reddit,0.0,neutral
walmart,This is the point so ppl will just hang up,11,2025-06-05T18:05:05.000Z,reddit,0.0,neutral
walmart,"Oh gosh, that's just too cute!",3,2025-10-26T08:43:37.000Z,reddit,0.5093,positive
walmart,"I've seen them nil pick items that were in the correct location, and there was plenty of them.",31,2025-06-25T03:50:40.000Z,reddit,0.0,neutral
walmart,Can confirm. It was funny this sub was recommended to me because Reddit said I subbed to Target lol,2,2025-06-05T23:24:55.000Z,reddit,0.7579,positive
walmart,Those watercolor boxes are beautiful,25,2025-08-31T00:47:20.000Z,reddit,0.5994,positive
walmart,I hate being underpantsed,184,2025-08-23T10:40:45.000Z,reddit,-0.5719,negative
walmart,The void is leaking out of the bag,6,2025-10-26T08:32:05.000Z,reddit,0.0,neutral
walmart,But if you wanna move up....,18,2025-08-23T17:49:57.000Z,reddit,0.0,neutral
walmart,I genuinely believe the ogp don’t get things if they’re across the store. Sometimes I’ll order a random fishing or hardware item and it never ever is in the bag or reported as that I’m not getting it,15,2025-06-25T06:05:20.000Z,reddit,0.0,neutral
walmart,So happy to see these cookies back! I really enjoyed the apricot ones they released during summer.,13,2025-08-30T23:10:32.000Z,reddit,0.835,positive
walmart,Oh yeah? You kinky?,11,2025-08-23T17:40:29.000Z,reddit,0.3736,positive
walmart,"https://preview.redd.it/i6w4pigddexf1.jpeg?width=3024&amp;format=pjpg&amp;auto=webp&amp;s=e24b9afb5acf7968cfee90f568a9d21c9b1fc759

Oliver loves TJ bags!!",17,2025-10-26T06:06:56.000Z,reddit,0.6467,positive
walmart,"Target has a similar system that rings every phone in the department.  

Literally everyone pushes ""decline"" on the calls and it just rings forever for the caller.  

It's probably cheaper than having a Front-end person to answer the phone, but it's more expensive and basically equivalent to just not having a phone.

My first week there, my TL made it pretty clear answering it was frowned upon and I was being annoying asking for help for people's weird problems on the line.  ~~Customers~~ ""Guests"" also all know this and just dial random departments until a person answers and ask someone in electronics a question about a drive up return issue or something similar.  There's no KPI for answering the phone (or subsequently solving a guest's issue); there's tons of KPI for getting freight the hell out of the backroom.",241,2025-06-05T11:15:05.000Z,reddit,-0.6124,negative
walmart,"I had to cancel an order for an AC, and send it in again a day or two ago, because who ever was doing picking for first order was being lazy. I seen it sitting on the shelf when in store after it was cancelled, but it was 20$ cheaper when ordering online.

2nd time I sent as a delivery order though, cause I wasn't about to drive back out for it in this heat when my car doesn't have AC.",5,2025-06-25T07:06:02.000Z,reddit,-0.4118,negative
walmart,i giggled at this 😭,2,2025-08-24T18:52:27.000Z,reddit,-0.1531,negative
walmart,Excuse me it seems your syrup is burnt,3,2025-10-26T03:31:00.000Z,reddit,0.0772,positive
walmart,LMFAO THATS WILD,1,2025-08-30T16:36:49.000Z,reddit,0.5423,positive
walmart,"My cat's favorite game when he was much smaller was to be picked up in the Trader Joe's bag and carried around the apartment.  We called it baguette time, because he looked like a little orange bread stick peeking out of the top!",10,2025-10-26T01:21:52.000Z,reddit,0.7644,positive
walmart,"Eh.

ACs in summer can sell extremely fast on hot days. I've seen entire pallets go in a few hours. Often management will have someone will stock them the second they are off the truck instead of waiting for overnights.",1,2025-06-25T21:36:47.000Z,reddit,0.0,neutral
walmart,BEST comment ever!,19,2025-08-23T14:11:39.000Z,reddit,0.7371,positive
trader_joes,"I couldn’t believe my eyes - Fresh lychees at Trader Joe’s As the title states, fresh lychees at TJ and thr prove is good. I bought 2 boxes and I hope they are good. Has anyone had them?",3661,2025-06-13T23:21:31.000Z,reddit,0.9062,positive
trader_joes,"Posts that don't follow r/traderjoes subreddit rules may be subject to removal. 

**Friendly reminder: No vague or non-descriptive post titles, this includes questions.**


Choosing descriptive post titles with product names, descriptions and/or exact question mentioned is preferred as not everybody is able to view image captions, it also yields better subreddit search results and helps blind and visually impaired Redditors who use Screen Reader Software or Text-to-Speech apps. to access Reddit. Thank you.

IF THIS MESSAGE DOES NOT APPLY TO YOUR POST, PLEASE IGNORE.


*I am a bot, and this action was performed automatically. Please [contact the moderators of this subreddit](/message/compose/?to=/r/traderjoes) if you have any questions or concerns.*",1,2025-06-13T23:21:32.000Z,reddit,0.8719,positive
trader_joes,Amazing!  haven't seen these in a while in ATL,1,2025-07-13T00:09:44.000Z,reddit,0.6239,positive
trader_joes,We get them every year,5,2025-06-20T22:24:28.000Z,reddit,0.0,neutral
trader_joes,That's obscurely cheap! Are they ripe?,8,2025-06-18T05:06:41.000Z,reddit,0.0,neutral
trader_joes,They are ripe and taste very good.,5,2025-06-18T12:01:07.000Z,reddit,0.4927,positive
trader_joes,"I guess it has been a few years, but we had them on demo.The other day.They're pretty good.The pits taste a lot like the center of an acorn though",3,2025-06-17T20:22:39.000Z,reddit,0.8201,positive
trader_joes,I don’t think you’re supposed to eat the pits…,6,2025-06-24T15:05:31.000Z,reddit,0.0,neutral
trader_joes,😆 truuuuuuue,1,2025-06-24T21:14:52.000Z,reddit,0.3612,positive
trader_joes,"I always get them at Asian markets, but I like that TJ's has them as well. Less trips for me.",3,2025-06-16T18:35:28.000Z,reddit,0.7096,positive
trader_joes,These were soo good!! My bf and I killed the whole pack,7,2025-06-15T21:54:32.000Z,reddit,-0.4912,negative
trader_joes,We get ours at Costco,3,2025-06-15T18:28:12.000Z,reddit,0.0,neutral
trader_joes,"Good lookin’! 
I knew I was gonna have to go to TJ’s this morning!
Happy Father’s Day!",7,2025-06-15T14:52:40.000Z,reddit,0.8164,positive
trader_joes,Oh wow. I've only ever had fresh from HMart. I love lychee 💗,6,2025-06-15T07:58:18.000Z,reddit,0.9451,positive
walmart,"UPDATE on my ex writing things in the bathroom at my store First, since a ton of people keep asking, no I don't have HIV. I get tested regularly and of course I got retested Incase he was trying to tell me he gave me something. I am negative for everything and will keep getting tested regularly. 


I talked to the two coaches again and they still say they can't ban/trespass my ex unless I was to bring them some sort of proof. I have a letter he wrote and left on m car with his signature but this doesn't help. The police say they can't do anything about the graffiti still also. My coaches said the store manager said they can't trespass him unless he was trying to talk to me in the store with my temporary protection order. I really don't think there is anything else I can do that won't get me fired.

I have my next court date on September 12th for going forward with the protection order. Hopefully they can actually find and serve him before then this time. I will keep reporting each new instance of graffiti but I know it won't do much. 

Some people asked this also, I am 20 and my ex is 46. I have what was previously called Asperger's or high-functioning autism. I live independently but I do still struggle with things like self advocacy and doing new things and going new places. When people are saying things like ""sue him,"" I know they probably mean well but those words mean like nothing to me because what are even the steps. Also, I don't have money?? I work a lot a Walmart and support myself lol.

I had to go get graffiti removed from a convenience store yesterday morning after I got out of work because I got another text from some guy looking for a prostitute. He at least told me where the graffiti was instead of being rude when I told him I'm not a prostitute, I'm just being harassed by my ex. 

Thank you to everyone who tried to help. Sorry the situation and I are doomed lol.",3068,2025-08-12T05:43:28.000Z,reddit,0.921,positive
walmart,46 year old acting like a kid…,614,2025-08-12T06:08:51.000Z,reddit,0.3612,positive
walmart,A psychotic one.,175,2025-08-12T07:36:25.000Z,reddit,0.0,neutral
walmart,My dad is almost 60 and he still acts this way as well.,74,2025-08-12T16:00:56.000Z,reddit,0.2732,positive
walmart,Dude is old enough to be the dad and immature enough to be the son 💀,230,2025-08-12T11:00:23.000Z,reddit,0.0,neutral
walmart,Im 21 and my dad is 44 so this makes me feel very much creeped out 😭,82,2025-08-12T18:11:35.000Z,reddit,-0.4767,negative
walmart,I do not miss my 46 year old unemployed toddler lmao,101,2025-08-12T12:27:00.000Z,reddit,0.6535,positive
trader_joes,Thank you schoolhouse cookies for saving me from having to pipe letters! Very much a beginner cake decorator… the cinnamon cookies saved me from having to pipe lettering. I think it turned out pretty cute!,3164,2025-11-01T18:58:39.000Z,reddit,0.9018,positive
trader_joes,Were you financially helping him? I am so sorry. Absolutely stand up for yourself and advocate repeatedly until you get the help you need. Ask for resources from the police officer also that you might be interested in for your diagnosis.,24,2025-08-12T13:45:11.000Z,reddit,0.7058,positive
trader_joes,He moved in with me even though I didn't want him do an repeatedly told him I didn't want him to. He was homeless so he would guilt me when I tried to kick him out.,42,2025-08-12T14:27:55.000Z,reddit,-0.4229,negative
trader_joes,"Posts that don't follow r/traderjoes subreddit rules may be subject to removal. 

**Friendly reminder: No vague or non-descriptive post titles, this includes questions.**


Choosing descriptive post titles with product names, descriptions and/or exact question mentioned is preferred as not everybody is able to view image captions, it also yields better subreddit search results and helps blind and visually impaired Redditors who use Screen Reader Software or Text-to-Speech apps. to access Reddit. Thank you.

IF THIS MESSAGE DOES NOT APPLY TO YOUR POST, PLEASE IGNORE.


*I am a bot, and this action was performed automatically. Please [contact the moderators of this subreddit](/message/compose/?to=/r/traderjoes) if you have any questions or concerns.*",1,2025-11-01T18:58:45.000Z,reddit,0.8719,positive
trader_joes,genius! I love it,3,2025-11-25T03:03:32.000Z,reddit,0.6696,positive
trader_joes,"If this ever happens again, you call the police immediately and tell them a person is refusing to leave your home! Whether it’s your ex or someone new. Never let anyone take advantage of your good heart ever again! Sick and desperate people see our kindness as weakness and target us specifically because they think it will be easy to manipulate us into doing what they want and sucking the life out of us! My ex kept saying he would kill himself if I left. So glad we both found the strength to leave! Be good to yourself and start making you your priority. Prayers for you!",51,2025-08-12T14:57:41.000Z,reddit,0.8816,positive
trader_joes,The sign for Fresh Corn referencing the “It’s corn!” meme video made me laugh in the store Found a couple weeks ago in the Oakland-Rockridge Trader Joe’s. My whole family loves the video and repeats it every time we see corn. Glad to see my local TJs get in on the humor!,3425,2025-09-29T23:26:47.000Z,reddit,0.9358,positive
trader_joes,Brilliant!,7,2025-11-07T12:51:06.000Z,reddit,0.6239,positive
walmart,"Power went out. Over 300k dollars worth of food thrown away So the other day at our Wally World, the power went out at 7:30pm and store then ran on a generator and then the generator went out at 10:30 and all of the frozen and chilled foods sat for over 5 hours. When a second generator was used, the store ran on it until someone could come in and fix the power but until then, we stayed closed from customers (except the pharmacy) and all orders from OPD were canceled along with the automotive department (except emergencies such as a nail in the tire, so I’ve heard). Nevertheless, it was all hands on deck to get everything out. From ice cream, chicken, all the meats, everything in the freezer in the deli and bakery, live bait, and the chilled dog food. We opened the store at 3 when the marketing director came in and said that we had to open the store, cause we were initially gonna stay closed the whole day. Wild",3017,2025-06-20T15:51:50.000Z,reddit,0.1154,positive
walmart,"Want to second this and reinforce that you are NEVER responsible for other people's actions or threats of harm to themselves or others. You can always call a help line if you suspect potential harm and have the emotional bandwidth to call, but beyond that, focusing on keeping yourself safe (in every way it can apply) should always be your first and foremost priority 💜",7,2025-08-13T17:39:31.000Z,reddit,0.7557,positive
walmart,"Homeless but just got a job (meat/produce) wish me luck I just wanna be inside an house soon Images:
	https://preview.redd.it/p00txqs61cbg1.png?auto=webp&amp;s=f4e85a367804671e2a4d1be958fd20e91cc8114a",3063,2026-01-04T13:13:58.000Z,reddit,0.8201,positive
walmart,"Posts that don't follow r/traderjoes subreddit rules may be subject to removal. 

**Friendly reminder: No vague or non-descriptive post titles, this includes questions.**


Choosing descriptive post titles with product names, descriptions and/or exact question mentioned is preferred as not everybody is able to view image captions, it also yields better subreddit search results and helps blind and visually impaired Redditors who use Screen Reader Software or Text-to-Speech apps. to access Reddit. Thank you.

IF THIS MESSAGE DOES NOT APPLY TO YOUR POST, PLEASE IGNORE.


*I am a bot, and this action was performed automatically. Please [contact the moderators of this subreddit](/message/compose/?to=/r/traderjoes) if you have any questions or concerns.*",1,2025-09-29T23:26:50.000Z,reddit,0.8719,positive
walmart,Love it!!,1,2025-11-05T14:40:27.000Z,reddit,0.6988,positive
walmart,"When the power went out, why didn’t your management get refrigerated trailers ordered? That’s what I used to do lol",1094,2025-06-20T15:55:44.000Z,reddit,0.4215,positive
walmart,"Sorry, you said you’re 20 and he’s 46? How old were you when you met him? It almost sounds like he started dating you while you were still underage? Yikes!

Either way, this whole situation is awful, he’s clearly a predator, and you should definitely get any evidence you can. Some lawyers will also take cases with the understanding that they only get paid if they win, so I recommend looking into that. They might not sue him, but they can use any evidence you have to argue for a better order of protection. 

I recommend transferring to another store as well. If your managers are making excuses not to ban him for violating a temporary protection order, I doubt they’ll be willing to ban him when/if he violates the permanent protection order.

Also, you should look up domestic violence survivor resources in your area. They should be able to help you, and they’ll also be able to offer more specific advice for your situation. Remember, you deserve to feel safe in your own home, and it’s not selfish to be your own first priority.",3,2025-08-16T16:13:26.000Z,reddit,0.7003,positive
walmart,I would have died laughing if I saw this. Makes me love TJ's even more now. :),3,2025-10-24T17:02:16.000Z,reddit,0.7951,positive
walmart,Good luck to you and congrats. I hope you thrive 🌺🌺💜💜,467,2026-01-04T13:17:04.000Z,reddit,0.9666,positive
walmart,This is adorable….,6,2025-11-03T20:37:42.000Z,reddit,0.0,neutral
walmart,I've done that and just not gotten assistance getting them in a timely manner far too many times.,455,2025-06-20T16:06:20.000Z,reddit,0.0,neutral
walmart,Ugh this was such a stim for me lol,1,2025-10-23T10:50:03.000Z,reddit,0.0,neutral
walmart,"I want to add do NOT EVER let someone in that situation use your address to receive mail. They can then use that as evidence why they can't be kicked out. No mail. At all. Then if it comes down to needing to remove them, the cops can actually remove them. If they get mail there, they can't.",3,2025-08-17T01:27:02.000Z,reddit,-0.2263,negative
walmart,"That is such a great idea! It looks adorable. My son is almost 15. He has always loved the ""letter cookies."" 😊",85,2025-11-02T16:45:14.000Z,reddit,0.9551,positive
walmart,Thank you,132,2026-01-04T13:24:19.000Z,reddit,0.3612,positive
walmart,"It’s better if you can get them to outsource it, might cost more but it’s cheaper than losing 300k",242,2025-06-20T16:11:20.000Z,reddit,-0.3506,negative
walmart,I can hear it now,1,2025-10-20T13:07:24.000Z,reddit,0.0,neutral
walmart,"If it's any consolation, I was homeless when I got a job at Walmart.  That was nine years ago.  I have been in management 7 1/2 years of my nine years there.  You can do it!",148,2026-01-04T21:35:13.000Z,reddit,0.0,neutral
walmart,The birthday girl calls them “leller cookies” and I hope she never outgrows that 🥰,31,2025-11-02T17:16:49.000Z,reddit,0.6927,positive
walmart,"Yikes I’m so sorry he took advantage of you. Please don’t ever date a man that much older than you ever again. Don’t even go for 30s. You’re not even a full year into adulthood and guys much older who can relate to people way younger always have something wrong with them. 

Read this book before you date again, it helped me a lot: https://ia801407.us.archive.org/6/items/LundyWhyDoesHeDoThat/Lundy_Why-does-he-do-that.pdf",2,2025-08-16T06:58:48.000Z,reddit,-0.1384,negative
walmart,"Hey, yo' That's amazing 👏!!! Congrats on that huge accomplishment. Keep going. 🎉",42,2026-01-05T01:48:32.000Z,reddit,0.9198,positive
walmart,"For Walmart it isn't. 

They'll just file an insurance claim. When I busted a fire sprinkler in one of our freezers, our *goal* was to hit the magic $50K damages number so that we could file a claim and it wouldn't impact our Sam$hare yearly bonus. 

If it's under $50K in damages, Walmart self insures and eats it out of our bonus. 

Luckily no drugs in my system then (not like it would of mattered) and since I was well liked, no write up either. Just a 30 day forklift ban and retrain.",236,2025-06-20T16:37:04.000Z,reddit,-0.2287,negative
walmart,Gluten Free!,3,2025-10-03T16:55:20.000Z,reddit,0.5562,positive
walmart,Aw that's adorable. 😍,2,2025-11-02T17:29:45.000Z,reddit,0.7351,positive
walmart,20 and 46 💀,979,2025-08-12T05:45:17.000Z,reddit,0.0,neutral
walmart,"Much luck and love to you, you've got this!",7,2026-01-05T17:45:34.000Z,reddit,0.8172,positive
walmart,Forklift in the freezer?,85,2025-06-20T17:00:49.000Z,reddit,0.0,neutral
walmart,This is ADORABLE 🩷,10,2025-11-02T15:09:58.000Z,reddit,0.6037,positive
walmart,Talk to your coach about applying for the ACNT program. Associate critical need trust. They can pay you up to $1500 if you are facing a hardship like homelessness.,364,2026-01-04T13:32:46.000Z,reddit,0.2023,positive
walmart,"Yes. 

If you ever been in a Costco, Sam's Club or other warehouse clubs, their freezers are large rooms with doors around the parameter for members to shop products placed on steel like you'd see on the salesfloor but we load pallets for frozen food storage (ideally) on top of the member area. I'd guess the ceilings are about 20-30ft high.

In reality it's a mix of shit on the floor not wrapped or half passed wrapped that needs to be moved at closing to restock and access anything which is easier with a lift. And the pallet you always need in the steel is buried from all the shit on the floor in the way.",78,2025-06-20T17:11:37.000Z,reddit,0.9144,positive
walmart,No fr. A 46 yo man is fr acting like a high schooler leaving notes in the bathroom. What a joke of a human.,772,2025-08-12T05:47:25.000Z,reddit,0.3612,positive
walmart,You have to wait 90 days right ? Or are there any exceptions,130,2026-01-04T13:34:13.000Z,reddit,0.0,neutral
walmart,"Unsure if it hit the minimum claim, but a guy I worked with at Sam's hit a sprinkler head over all the TVs and laptops on display.  That was a thing.",9,2025-06-21T16:32:51.000Z,reddit,-0.128,negative
walmart,Awww… my Sophie will be 22 soon.  It goes by fast…,70,2025-11-02T03:58:28.000Z,reddit,0.0,neutral
walmart,"Even getting the paperwork started, or the pathways shown to you now wont hurt. And who knows, someone might be able to pull some strings",151,2026-01-04T14:36:45.000Z,reddit,0.4168,positive
walmart,Forklifts operate in freezers all the time.  They have racking like any other section of the warehouse.  I've worked in 3 of them.,5,2025-06-21T12:55:41.000Z,reddit,0.34,positive
walmart,Wholesome,3,2025-10-03T00:36:18.000Z,reddit,0.0,neutral
walmart,aww!!!,7,2025-11-02T07:10:32.000Z,reddit,0.0,neutral
walmart,"I’ve worked in a Walmart Grocery warehouse before, why is this a surprise, exactly?

We had order pickers driving pallet trucks to get freight and there would be one Forklift driver assigned to replenish pallets in there for the order pickers.",3,2025-06-21T14:00:00.000Z,reddit,0.2732,positive
walmart,"This what it says when I try to apply ""You have not been employed at the company long enough.You will be eligible when you have been at the company for 90 days. You have currently been at the company for 3 days. Your available ACNT balance will be above $0 on Wed Apr 01 18:00:00 CDT 2026""",77,2026-01-04T14:42:36.000Z,reddit,0.0,neutral
costco,Sometimes you get lucky at the pump Apparently diesel fuel got mixed in with unleaded fuel around some stations in town. My Costco was affected. So they are offering premium for the price of unleaded for the inconvenience while they clean the unleaded tanks 🙂,64585,2026-01-09T22:51:57.000Z,reddit,0.6258,positive
costco,"Posts that do not follow r/Costco subreddit rules **MAY** be subject to removal. 

**Reminder: No vague non-descriptive post titles or availability questions.**

When applicable, please make sure that you're using a descriptive post title with product name(s) and/or exact question mentioned as it yields better subreddit search results. 

**Including item number, price, and approximate location or region where found is also helpful since product availability can vary.**


*I am a bot, and this action was performed automatically. Please [contact the moderators of this subreddit](/message/compose/?to=/r/Costco) if you have any questions or concerns.*",1,2026-01-09T22:51:59.000Z,reddit,0.9041,positive
costco,This is happening to us in the Denver metro area. It's because Costco was delivered diesel fuel by mistake and they had to shut down the regular fuel lines.,3102,2026-01-09T23:00:37.000Z,reddit,-0.34,negative
costco,And Murphy’s and King Soopers. A lot of people’s cars are about to be all messed up.,858,2026-01-09T23:06:33.000Z,reddit,-0.34,negative
costco,"That’s gotta be a free engine rebuild or car from Costco, right?",284,2026-01-10T00:41:27.000Z,reddit,0.5106,positive
costco,When I was a tech at the dealer this same exact scenario happened at the Costco near me. We just dropped and cleaned the fuel tanks and sent them on their way. Diesel in a gasser isn't nearly as detrimental as gas in a diesel.,712,2026-01-10T00:57:22.000Z,reddit,0.0,neutral
costco,"I didn’t know that. Interesting, thanks",193,2026-01-10T01:04:22.000Z,reddit,0.6808,positive
costco,I have seen people successfully dilute the diesel and just run it through.,106,2026-01-10T01:14:06.000Z,reddit,0.4939,positive
costco,Lil smoky but fine,61,2026-01-10T02:04:07.000Z,reddit,0.296,positive
costco,Running that E75 lol,65,2026-01-10T02:35:49.000Z,reddit,0.4215,positive
costco,hey I mean some cars can run E85 just fine,30,2026-01-10T03:42:08.000Z,reddit,0.2023,positive
costco,Any car can run on e85.....for a while,30,2026-01-10T03:54:39.000Z,reddit,0.0,neutral
costco,"It's a bit hard on the catalytic converters and will probably throw a code, but a little diesel in gasoline usually won't do any permanent damage.",15,2026-01-10T04:13:04.000Z,reddit,-0.6705,negative
costco,Like mezcal,15,2026-01-10T09:19:12.000Z,reddit,0.3612,positive
costco,"that's right, you don't necessarily NEED to flush the fuel lines. while it's going by the wayside in a lot of new cars, in a lot of cars on the road now, fuel circulates: 
from the pump, up the supply line, to the engine, where a pressure regulator controls fuel pressure by relieving overpressure into a return line which goes back to the tank. 

Accordingly, even if you have filled the fuel system with diesel, you can drain the diesel from the tank, replace it with unleaded, and crank till she splutters to life.",29,2026-01-10T02:40:21.000Z,reddit,-0.2263,negative
costco,Almost all the vehicles on the road are returnless high pressure systems now.,16,2026-01-10T03:48:45.000Z,reddit,-0.296,negative
costco,"The one thing our grandpa wanted for his 100th birthday Images:
	https://preview.redd.it/e9p1g6nn3alg1.jpeg?auto=webp&amp;s=314d8203df10a00d1905b63297da309152261ced",53883,2026-02-23T17:24:19.000Z,reddit,0.0,neutral
costco,"Posts that do not follow r/Costco subreddit rules **MAY** be subject to removal. 

**Reminder: No vague non-descriptive post titles or availability questions.**

When applicable, please make sure that you're using a descriptive post title with product name(s) and/or exact question mentioned as it yields better subreddit search results. 

**Including item number, price, and approximate location or region where found is also helpful since product availability can vary.**


*I am a bot, and this action was performed automatically. Please [contact the moderators of this subreddit](/message/compose/?to=/r/Costco) if you have any questions or concerns.*",1,2026-02-23T17:24:22.000Z,reddit,0.9041,positive
costco,Happy 100th birthday! I hope Costco will be around in 34 years when I celebrate my 100th too!,586,2026-02-23T17:32:55.000Z,reddit,0.8975,positive
costco,Me too but in 79 years,77,2026-02-23T22:08:25.000Z,reddit,0.0,neutral
costco,"Me too. At 35, feeling like 100. 
Broke …",29,2026-02-24T01:14:02.000Z,reddit,0.0516,positive
costco,And it'll still be $1.50 with a drink,24,2026-02-24T02:06:28.000Z,reddit,0.0,neutral
costco,36 for me. We just got a second Costco. I went in to check it out and it overwhelmed me. I’m getting old.,8,2026-02-23T23:46:25.000Z,reddit,0.0516,positive
costco,I'm 21 and I'm an executive member,14,2026-02-24T00:47:17.000Z,reddit,0.0,neutral
costco,"Geez, I don't even hope I'm around for my 100th.",6,2026-02-24T08:16:55.000Z,reddit,-0.3412,negative
costco,Very smart man.  Hope he enjoyed his dog!  HAPPY BIRTHDAY TO YOU!,856,2026-02-23T17:27:40.000Z,reddit,0.9379,positive
costco,"At 100 years old, he knows exactly what’s worth celebrating. Truly a legendary move.",200,2026-02-23T17:57:00.000Z,reddit,0.8176,positive
costco,Hotdog still a nickle after all these years,29,2026-02-23T21:48:55.000Z,reddit,0.0,neutral
costco,"""I remember when frankfurters only cost a nickel.""",10,2026-02-24T00:56:05.000Z,reddit,0.0,neutral
costco,Enjoy that glizzy,8,2026-02-23T22:55:55.000Z,reddit,0.4939,positive
costco,"I was a Costco butcher for Halloween, handing out “ground werewolf” rice crispy treats to the kids. Images:
	https://preview.redd.it/v43jxe08evyf1.jpeg?auto=webp&amp;s=686a4284d202a45833ea6cb8631941b61ba6fb62",49105,2025-11-02T16:25:51.000Z,reddit,0.0,neutral
costco,"It’s beyond me how any of you could report this post to try to get Reddit’s overly sensitive Automod to pull it. Shame on you. 

We got you, OP.

Edit: Sending Reddit Cares after me is priceless.",1,2025-11-02T21:05:49.000Z,reddit,-0.0258,neutral
costco,I like the attention to detail. Including the font used for the price/description sheet.,3534,2025-11-02T17:36:11.000Z,reddit,0.3612,positive
costco,"&gt; Including the font used

This website can identify fonts for you:

https://www.myfonts.com/pages/whatthefont",840,2025-11-02T17:57:00.000Z,reddit,0.0,neutral
costco,"This is so helpful, thank you!! I just emailed this to myself at work, along with a couple co-workers.",189,2025-11-02T18:59:53.000Z,reddit,0.7893,positive
costco,Matcherator and adobe fonts might also be helpful for you!,40,2025-11-02T23:03:42.000Z,reddit,0.4753,positive
costco,I must see a close up of your rice crispy treats!,1999,2025-11-02T17:37:24.000Z,reddit,0.0,neutral
costco,https://preview.redd.it/lybgexmhuvyf1.jpeg?width=1320&amp;format=pjpg&amp;auto=webp&amp;s=a67b5b4d7b5584aa3195129da659e357ec69a8eb,4399,2025-11-02T17:57:03.000Z,reddit,0.0,neutral
costco,"This is precisely the kind of detail oriented Halloween setup I love! Great job on everything! I know if I was a kid, I’d definitely be afraid of eating these 😭",338,2025-11-02T18:28:58.000Z,reddit,0.8585,positive
costco,[video of my set up](https://www.instagram.com/reel/DQfmxsCjVpc/?igsh=dzllc201YzFvb2dj),885,2025-11-02T18:01:52.000Z,reddit,0.0,neutral
costco,Wish i could do something like this... but there are just too many kids that show up.,398,2025-11-02T20:02:17.000Z,reddit,0.3818,positive
costco,I get about 140,368,2025-11-02T20:33:56.000Z,reddit,0.0,neutral
costco,"Over 700 here. 5 bags of costco candy, all gone. Constant stream of kids from 5-9 or until we run out.",343,2025-11-02T20:37:04.000Z,reddit,0.0,neutral
costco,"Damn, that actually sounds exhausting! If you don’t mind me asking, how much money do you usually spend on candy/treats for halloween?",155,2025-11-02T20:46:30.000Z,reddit,-0.6696,negative
costco,"I get the bags from costco. So 100 bucks now.

Not that long ago it was half the price.",170,2025-11-02T21:00:24.000Z,reddit,0.0,neutral
costco,So were most things friend.,136,2025-11-02T21:45:21.000Z,reddit,0.539,positive
costco,My ode to the unbeatable $1.50 Hot Dog Deal in stained glass I was halfway through the project when they switched the soda choices on me but the blue is lovely anyways. No AI was used in the making of this piece at any stage!,39844,2025-10-05T21:12:39.000Z,reddit,0.5707,positive
costco,This is great! Nicely done!,1010,2025-10-05T21:27:41.000Z,reddit,0.8217,positive
costco,Beautiful! Did you take a class or just watch some tutorials online?,193,2025-10-05T21:50:16.000Z,reddit,0.636,positive
costco,I took a class from my local studio in July and got hooked. Ended up buying some equipment off of a guy closing his stained glass shop locally and then entirely too much glass from my local craft store. It definitely has a price tag to get in it but feels well worth it when a project is completed.,484,2025-10-05T21:56:13.000Z,reddit,0.705,positive
costco,"Did you have no experience prior to July? That's super cool for a newly picked up skill, I might have to give stained glass a go! It looks great",83,2025-10-06T00:37:40.000Z,reddit,0.8553,positive
costco,I did not actually! Always been creative but never “touched glass” until July. It was easier than I thought but it’s also slower than I thought. Takes a lot of time to trace then cut then grind then foil then solder then patina but it’s also incredibly therapeutic. I really hit my stride when I broke my ankle in August and spent a ton of time sitting. Definitely try a class and I couldn’t recommend it higher!!,178,2025-10-06T00:47:26.000Z,reddit,0.7891,positive
costco,"lmfao, ""touch glass""

thanks for the winter hobby inspo!",107,2025-10-06T00:50:42.000Z,reddit,0.7712,positive
costco,"&gt;hit my stride when I broke my ankle

Ok.  If that wasn’t intentional then I’m doubly impressed. lol",13,2025-10-06T05:07:00.000Z,reddit,0.4767,positive
costco,"Please tell me you want to make another one and sell it to me,",34,2025-10-06T01:49:59.000Z,reddit,0.3818,positive
costco,"Don't go there, the Costco Sign Police will be a'knockin',  babbling about Copyright infringement, with a Cease &amp; Desist order...",15,2025-10-06T02:43:27.000Z,reddit,-0.4767,negative
costco,"Change the next one to say ""Korkland"" and they'll never notice!",20,2025-10-06T03:21:05.000Z,reddit,0.0,neutral
costco,Problem solved  Awesome !,5,2025-10-06T03:25:09.000Z,reddit,0.5848,positive
costco,This is so cool! Makes me want to give it a shot. When I was a kid my elderly aunt had a stained glass studio in her basement. I remember being so fascinated by the fractals and patterns and colors whenever we’d make the long road trip to visit every couple years. Ive always regretted that we lived so far and I wasn’t able to really get into it with her before she passed because I was so young. Thanks for sharing how you got started!,5,2025-10-07T17:06:13.000Z,reddit,0.9051,positive
costco,"I broke my ankle end of July and nothing to show for it!
Good job using your down time wisely",2,2025-10-08T01:38:17.000Z,reddit,0.4926,positive
costco,I think this should end up in the Costco magazine- you should reach out to them!,561,2025-10-05T21:52:53.000Z,reddit,0.1007,positive
costco,I’d love if it made its way there! Didn’t know they had a magazine so cool!!,218,2025-10-05T21:59:27.000Z,reddit,0.8429,positive
costco,"Costco manager saved my dad's life My 79 year old dad had a massive stroke in the Winston-Salem, NC, Costco on Tuesday, July 22nd. He had stopped for a watermelon and some grill stuff and then bought a hot dog and soda as he was leaving. 

He went to grab the soda cup and his right foot tripped over his left leg as it was paralyzed. A manager saw his face was drooping and yelled for a wheelchair and called a trauma team and an ambulance. They kept him calm until the ambulance got there. 

The doctor said only 2 out of 10 people survive this kind of stroke and that it would be a different outcome had the store not acted so quickly. Now my dad is home with no stroke side effects and he made some galbi on the grill last night. The well-trained Costco manager saved my dad's life 😭

UPDATE: Costco responded to the email and had also seen this post. They are going to recognize the employees and share my email with them. My dad has been too tired to leave the house, but we're going to try and get to Costco tomorrow for his watermelon and to thank them in person.",43470,2025-07-27T23:52:14.000Z,reddit,0.3071,positive
costco,"Posts that do not follow r/Costco subreddit rules **MAY** be subject to removal. 

**Reminder: No vague non-descriptive post titles or availability questions.**

When applicable, please make sure that you're using a descriptive post title with product name(s) and/or exact question mentioned as it yields better subreddit search results. 

**Including item number, price, and approximate location or region where found is also helpful since product availability can vary.**


*I am a bot, and this action was performed automatically. Please [contact the moderators of this subreddit](/message/compose/?to=/r/Costco) if you have any questions or concerns.*",1,2025-07-27T23:52:14.000Z,reddit,0.9041,positive
costco,"please share with corporate,  they have a special recognition for employees! its the president's award.  very prestigious and hard to get recognized.  usually its from saving a life!  please speak up so the manager and employees involved get recognition!   email corporate,  they can also review camera feed to help identify employees, if you dont have their names!",4246,2025-07-28T00:08:05.000Z,reddit,0.9349,positive
costco,That's awesome. One more reason to like Costco,813,2025-07-28T02:32:27.000Z,reddit,0.7823,positive
costco,I wish they had a Costco hospital where the Costco doctor could treat their Costco patients as recommended by the Costco manager while shopping at the Costco store.,571,2025-07-28T13:49:20.000Z,reddit,0.7351,positive
costco,Welcome to Costco. I love you.,252,2025-07-28T14:59:46.000Z,reddit,0.802,positive
costco,"""Yah I know this place pretty good, I went to law school here.""",137,2025-07-28T15:04:02.000Z,reddit,0.7269,positive
costco,“It’s a 2 day walk from here”,24,2025-07-28T17:18:00.000Z,reddit,0.0,neutral
costco,Buy ten X-Rays and save,52,2025-07-28T16:33:44.000Z,reddit,0.4939,positive
costco,Can’t say no to affordable healthcare!,43,2025-07-28T14:37:50.000Z,reddit,-0.3595,negative
costco,Honestly: their pharmacy is excellent.,42,2025-07-28T18:03:57.000Z,reddit,0.7717,positive
costco,"I know we are currently living in a dystopia, but that sounds like the actual setting of a cyberpunk novel.",30,2025-07-28T15:08:22.000Z,reddit,0.7351,positive
costco,Pretty sure that’s the actual setting of *Idiocracy*.,18,2025-07-28T19:13:57.000Z,reddit,0.6705,positive
costco,With their Costco pharmaceuticals,9,2025-07-28T16:51:20.000Z,reddit,0.0,neutral
costco,LieutenantButthole is right once again!,7,2025-07-28T16:13:45.000Z,reddit,0.0,neutral
costco,"Oh, you mean a Costpital?",7,2025-07-28T17:44:47.000Z,reddit,0.0,neutral
publix,"Pub Sub in Japan Images:
	https://preview.redd.it/dun2js4131ug1.jpeg?auto=webp&amp;s=550837962219d9a1c54b6328761429c5b42989dd",7388,2026-04-08T20:41:58.000Z,reddit,0.0,neutral
publix,Does not compute,424,2026-04-08T20:49:43.000Z,reddit,0.0,neutral
publix,"Bro I literally did this meme when I saw the post:

![gif](giphy|RILsqUte1MME7TzQJ9)",87,2026-04-09T05:56:51.000Z,reddit,0.0,neutral
publix,Me too! Lol.,6,2026-04-09T15:19:20.000Z,reddit,0.4753,positive
publix,But….why,310,2026-04-08T20:53:20.000Z,reddit,0.0,neutral
publix,Mental illness,202,2026-04-08T21:06:27.000Z,reddit,-0.4019,negative
publix,https://preview.redd.it/xei5nov481ug1.jpeg?width=552&amp;format=pjpg&amp;auto=webp&amp;s=a32f227b5bb49d1e20b4b2baa57a96157c922e5c,127,2026-04-08T21:10:37.000Z,reddit,0.0,neutral
publix,I imagine if you’re there for long enough and crave a staple meal from back home… this would fit the bill,20,2026-04-09T00:51:27.000Z,reddit,0.3612,positive
publix,"My brother-in-law brought one on a cruise and ate it a few days in. Naturally he got really sick because it had just been sitting in his suitcase for the first 2 days. 

It was HILARIOUS!",10,2026-04-10T20:36:11.000Z,reddit,-0.1159,negative
publix,Yeah for you. But not for his butthole,5,2026-04-10T22:54:08.000Z,reddit,0.1531,positive
publix,So basically not the hot Cuban that you want on a cruise but the one you deserve,3,2026-04-11T23:38:30.000Z,reddit,0.0387,neutral
publix,"Imagine doing all this and realizing you added ""mayo both sides"" and now you cant eat it lol",9,2026-04-10T02:51:27.000Z,reddit,-0.3252,negative
publix,To bring Publix to Japan!,3,2026-04-10T07:23:03.000Z,reddit,0.0,neutral
publix,What! Question would be why not?,5,2026-04-09T00:47:12.000Z,reddit,0.0,neutral
publix,How Is that thing even still edible at this point?,177,2026-04-08T21:01:34.000Z,reddit,0.0,neutral
publix,"It’s not, it’s like six months old

That said there’s a company near me in South Florida called Russo’s subs that will overnight subs worldwide. They started doing it to send subs to service members during desert shield/desert storm and they’ve kept doing it ever since.",185,2026-04-08T21:49:08.000Z,reddit,-0.2755,negative
costco,Guillermo from Jimmy Kimmel visited my location to demo and promote his salsa! Recently had the pleasure of meeting Guillermo Rodriguez! Comedian and cohost of Jimmy’s Kimmel’s show and he was super nice! He was demoing his salsa brand at my location the other day. I said hi and told him I didn’t want to bother him but that my girlfriend and I were huge fans. He asked if I wanted a picture and I was ecstatic. The salsa was really good and tasted fresh and will definitely be a buy this upcoming weekend. Dreams do come true,29393,2026-02-05T02:16:50.000Z,reddit,0.9873,positive
publix,Publix for the win (reposted from NextDoor),6905,2026-03-12T18:00:12.000Z,reddit,0.5859,positive
publix,"Posts that do not follow r/Costco subreddit rules **MAY** be subject to removal. 

**Reminder: No vague non-descriptive post titles or availability questions.**

When applicable, please make sure that you're using a descriptive post title with product name(s) and/or exact question mentioned as it yields better subreddit search results. 

**Including item number, price, and approximate location or region where found is also helpful since product availability can vary.**


*I am a bot, and this action was performed automatically. Please [contact the moderators of this subreddit](/message/compose/?to=/r/Costco) if you have any questions or concerns.*",1,2026-02-05T02:16:53.000Z,reddit,0.9041,positive
publix,Publix is also more expensive than Whole Foods 😂😂😂😂,496,2026-03-12T18:33:37.000Z,reddit,0.891,positive
publix,Love that dude. And not at all surprised to hear he’s a good guy,1098,2026-02-05T02:19:47.000Z,reddit,0.7531,positive
publix,"Every story about him just sounds wholesome, funny, and genuinely kind.",262,2026-02-05T03:01:54.000Z,reddit,0.743,positive
publix,"I liked it when Guillermo del Toro was a guest and I think he hugged Guillermo and went ""My brother!""",114,2026-02-05T07:51:34.000Z,reddit,0.6996,positive
publix,I swear if ICE fuvks with him....,54,2026-02-05T04:55:03.000Z,reddit,-0.0516,negative
publix,They already re haven’t you seen how they are readying his brothers and sisters? We all in this together. Thats what they don’t understand,11,2026-02-05T19:07:28.000Z,reddit,0.0,neutral
publix,"I just said the same thing to my father, we drive 25 minutes to go to whole foods now.",114,2026-03-12T20:02:46.000Z,reddit,0.0,neutral
publix,Guillermo is absolutely as authentic and nice as you can imagine. My wife and I ran into him and his wife a year ago in Hawai’i and they talked to us for like 20 min about what attractions and activities they should check out around the resort. Just incredibly genuine and kind people.,35,2026-02-05T19:53:12.000Z,reddit,0.8948,positive
publix,His whole thing is being a good guy.,11,2026-02-05T15:28:37.000Z,reddit,0.4404,positive
publix,I said this in the sub a few months back and got 2k plus downvotes.,142,2026-03-12T21:07:25.000Z,reddit,0.0,neutral
publix,could not agree more!,1,2026-02-06T00:00:48.000Z,reddit,-0.3404,negative
publix,He’s like Jimmy may get canned again I gotta get hustling,654,2026-02-05T02:20:30.000Z,reddit,0.3612,positive
publix,"![gif](giphy|26DNioenMF55ocuWY)

HES BACK FOR MORE!!! SEIZE HIM!!",113,2026-03-12T21:31:35.000Z,reddit,0.0,neutral
publix,"https://i.redd.it/0opgn6rc5rog1.gif

/s",41,2026-03-13T05:56:32.000Z,reddit,0.0,neutral
publix,![gif](giphy|hrEw3hdISgH1KtYOEJ),13,2026-03-13T13:07:08.000Z,reddit,0.0,neutral
publix,Selena sells salsa down by...la biblioteca?,15,2026-02-05T07:13:58.000Z,reddit,0.0,neutral
publix,"Uno salsa, por fovor",3,2026-02-05T11:51:27.000Z,reddit,0.0,neutral
publix,I won't buy until I see a salsa dancing class with Guillermo on youtube,3,2026-02-05T07:14:00.000Z,reddit,0.0,neutral
publix,"I’ve done math, publix is 100% more expensive than Whole Foods. Compare 1lb of Salmon between Whole Foods, Trader Joe’s, Aldi, Sprouts, Walmart, etc and Publix will be the highest.",38,2026-03-12T21:51:26.000Z,reddit,0.0,neutral
publix,"I remember when I realized how expensive Publix is compared to other stores.

The price they charge on produce is insane. ""You want an onion? That'll be $3""

Meanwhile I can go to Aldi or other grocery stores and get 3 times as much for around the same price. 

Publix is a nice place to shop, but damn it's expensive. Especially now.",25,2026-03-13T03:10:34.000Z,reddit,-0.5187,negative
publix,"I go to Publix for 2 main reasons

-Prepared food
-Convenience

And even prepared food I have to be intentional about. Wings, subs, and fried chicken are a better deal than a restaurant, but rotisserie chicken is as much if not more than almost every other grocer.",12,2026-03-13T09:36:04.000Z,reddit,0.431,positive
publix,I only go if they got the meat on bogo 🤣everything else too damn expensive.,11,2026-03-13T17:02:38.000Z,reddit,-0.4019,negative
publix,"from what people are describing, its seems like with the bogo you’d be getting the same amount of meat you’d get at the other stores lol. like if its twice as much at normal price at public compared to other grocery stores, your bogo would equal what it’d be to just buy the two neats out right no sale at the other stores right? like if ground beef is $8 a pound at publix and theres a bogo you can get two pounds for $8. but say walmart of whole foods its $4 a pound normal price you can get two lbs without there even being a sale lol (i’ve never been to a publix theres never been one in the states i’ve lived till now) and obviously these numbers are random",2,2026-03-14T06:37:10.000Z,reddit,0.8316,positive
publix,Since I work there and need to pick a few things up I do it. But always regret it each time. 4 items and it might be 30$ or under if i'm lucky.,4,2026-03-14T10:36:33.000Z,reddit,0.0,neutral
publix,I go for bogos. Very rarely will I buy something if it’s not buy-one-get-one.,3,2026-03-14T03:31:29.000Z,reddit,0.0,neutral
publix,"The prepared food at Whole Foods is on another level. I picked up a family tray that contained 4 big pieces of salmon, string beans, and sweet potatoes. It was $30 and that was my lunch for 4 days! At $7.50 per serving eating grilled salmon with high quality sides man I’m never going back to cooking!",3,2026-03-14T14:03:50.000Z,reddit,0.6688,positive
publix,"Took this by happen chance. Turned out insanely metal. Images:
	https://preview.redd.it/qfl3g49xmh3f1.jpeg?auto=webp&amp;s=435690f5ab9a6830206d5ba00f5015bd2f86d60c",6377,2025-05-28T09:01:35.000Z,reddit,0.25,positive
publix,"*happenstance

And yes, very cool",110,2025-05-28T13:03:05.000Z,reddit,0.6478,positive
publix,Fuck no you right why did I write chance???,42,2025-05-28T13:32:30.000Z,reddit,-0.6416,negative
publix,Post it to their X account! Great Pic!,7,2025-05-28T15:28:58.000Z,reddit,0.6892,positive
publix,I did!,2,2025-05-30T18:34:33.000Z,reddit,0.0,neutral
publix,Yours is right too too though.  Words are just sounds that mean ideas.  Your ideas work perfectly here,-4,2025-05-29T15:10:50.000Z,reddit,0.6369,positive
publix,This should be one of the images on the training computer's screensaver.,79,2025-05-28T14:57:40.000Z,reddit,0.0,neutral
publix,Me when I'm at the Evils Publix,79,2025-05-28T13:20:32.000Z,reddit,-0.5719,negative
publix,"Publix has lost their minds. Had to do a stop, drop, and roll when I saw this today.

$20 for a tub of coffee. These were less than $8 before covid. The Walmart down the street sells these for 11.98.   

How does Publix justify being almost double the cost of competitors? I worked in the warehouse for 5 years and we definitely did not get treated good enough to justify these prices.",6595,2025-05-17T22:11:05.000Z,reddit,-0.6492,negative
publix,"Evil Publix: Where shopping is a Displeasure 

Buy one get none free

Sub pubs

5 dollar sushi is on Tuesday",15,2025-05-29T17:08:05.000Z,reddit,-0.7965,negative
publix,"Because people buy it, simple as that",640,2025-05-17T22:15:21.000Z,reddit,0.0,neutral
publix,Publix of doom and despair,20,2025-05-28T21:03:43.000Z,reddit,-0.6124,negative
publix,"This is a boomer staple.  Those folks would pay any price because that's their coffee.

edit-  obviously I'm generalizing here.  I've worked in restaurants and grocery stores since the 90s.  I'm not wrong that the age group that drinks this the most is older people.",322,2025-05-17T22:26:54.000Z,reddit,0.2856,positive
publix,Just like the people who pay $10 for something at Starbucks .,170,2025-05-17T22:40:19.000Z,reddit,0.2732,positive
publix,Abandon hope all ye who enter here,16,2025-05-28T22:25:31.000Z,reddit,0.0,neutral
publix,"If you think about it, no matter which way you put it, the boomer still smarter since you can make a whole WHOLE lot of coffee cups off of that, vs Gen Z doofuses(I’m Gen Z) are paying 10-15$ for a single cup of coffee that sounds like a football play rather than an actual coffee😂",88,2025-05-17T22:43:45.000Z,reddit,0.8666,positive
publix,👏🏼👏🏼👏🏼👏🏼👏🏼,1,2025-05-31T14:34:24.000Z,reddit,0.0,neutral
publix,Well it’s $11 at Walmart. So the boomers would still be idiots if they grabbed this from Publix. lol you can’t move the goalpost to justify something so over priced,25,2025-05-18T11:16:29.000Z,reddit,0.5994,positive
publix,any publix with an island deli,3,2025-05-31T16:46:28.000Z,reddit,0.0,neutral
publix,"My time is worth more than going to Walmart. I don’t drink coffee, but if I did it would be worth $10 not to be at Walmart.",23,2025-05-18T19:03:01.000Z,reddit,0.4215,positive
publix,"I agree with this logic; sometimes I’ll break if im doing a big order I could just order from Walmart and pickup to go but when its the one or 2 items and im paying $5-$10 more… yeah I prefer Publix. 

I also feel like you pay for the peace of mind of Publix (usually).",10,2025-05-18T20:21:30.000Z,reddit,0.899,positive
publix,i gasps! 🙀,1,2025-05-31T16:49:32.000Z,reddit,-0.3382,negative
publix,Post this to the Google images for your store,16,2025-05-28T14:11:10.000Z,reddit,0.0,neutral
publix,"This is actually the reason behind publix prices. When I worked there, I was told in training that people are “paying for the experience” because they know they’ll always be shopping at a clean, well stocked, well maintained store with kind and helpful associates. 

Take that as you all please",6,2025-05-18T20:17:19.000Z,reddit,0.9246,positive
publix,Master of Publix is pulling your strinnnnngs,12,2025-05-28T16:08:46.000Z,reddit,0.0,neutral
publix,Yea but I like to see the critters of wal mart every now and then. U see some amazing sites.,6,2025-05-20T11:53:35.000Z,reddit,0.8573,positive
publix,"Unrelated: There are always pretty women shopping at Publix. I shop at Publix for food (hot, deli) because it’s closest to my house. Walmart I use for cleaning supplies, toiletries, laundry detergent because the prices are cheaper. That’s just me.",6,2025-05-20T16:54:58.000Z,reddit,0.4939,positive
publix,I’ll do you one better… get the cvs app and clip the coupons. Also take advantage of the extra bucks.  I pay damn near nothing for those type of products and they pay you to shop there essentially.,2,2025-05-22T01:35:32.000Z,reddit,-0.3612,negative
publix,"One of my first jobs was at a Harris Teeter, and that is exactly why their prices are higher. We were constantly cleaning and straightening aisles, as well as making sure we were prepared to help people find things quickly. People 100% pay for the experience, and for feeling they are buying quality products.",3,2025-05-20T01:38:02.000Z,reddit,0.7964,positive
publix,"Sometimes their prices are up, sometimes they are down.

It’s a Harris Teeter-totter.



I’ll see myself out.",2,2025-05-20T21:28:57.000Z,reddit,0.0,neutral
publix,"In my area, the Publix locations all have decent to good produce, while (10+ years ago) the two Walmart locations routinely have produce that is rotting on the shelf or is bad within a day or two. Publix does tend to have higher prices overall than grocery stores like Kroger. But I usually go there for produce and then take advantage of some of the BOGO deals.

Again, I haven't been inside a local Walmart in over 10 years. And as I understand it, Publix employees are treated significantly better.",2,2025-05-20T21:04:03.000Z,reddit,0.7783,positive
publix,"It's almost like those are the basic requirements for having a business to begin with......so paying extra for ""peice of mind"" is just as stupid and another excuse to over charge someone ...... It's quite literally the bare minimum of their job to have their store stocked cleaned maintained and respectfully staffed... Stop letting people sell yall dirt just because it came from the beach 😂",2,2025-05-20T21:26:37.000Z,reddit,0.0276,neutral
publix,"Publix employees in the 80's Images:
	https://preview.redd.it/hi485ir41sze1.jpeg?auto=webp&amp;s=ae79a5a7daf3bfc97fe2bd237bab7e896faa8313",5543,2025-05-09T15:42:26.000Z,reddit,0.0,neutral
publix,"I thought this was her arm and I had questions.

https://preview.redd.it/gs8hdiajfsze1.jpeg?width=1179&amp;format=pjpg&amp;auto=webp&amp;s=0c7c0dc8dd7ceed3b85f60f7b53dfa48889331e6",88,2025-05-09T17:03:16.000Z,reddit,0.0,neutral
publix,Miss those green stamps. Mom would take us to the store and pick out stuff when she had enough books.,34,2025-05-09T17:20:18.000Z,reddit,-0.1531,negative
costco,"I hate lazy ass Mfer who leaves perishables behind. Why do people do this, if you don’t want it put it back and not just throw it anywhere else it doesn’t belong. I mean sure it’s more “justified” if it’s non perishable but come on…this just irks me",24916,2026-01-10T21:06:32.000Z,reddit,-0.5499,negative
costco,I hadn't thought about those things in ages. I remember them laying around the house.,8,2025-05-09T21:51:16.000Z,reddit,0.0,neutral
costco,"Posts that do not follow r/Costco subreddit rules **MAY** be subject to removal. 

**Reminder: No vague non-descriptive post titles or availability questions.**

When applicable, please make sure that you're using a descriptive post title with product name(s) and/or exact question mentioned as it yields better subreddit search results. 

**Including item number, price, and approximate location or region where found is also helpful since product availability can vary.**


*I am a bot, and this action was performed automatically. Please [contact the moderators of this subreddit](/message/compose/?to=/r/Costco) if you have any questions or concerns.*",1,2026-01-10T21:06:36.000Z,reddit,0.9041,positive
costco,That's Rhondatron. She's a machine.,9,2025-05-10T05:24:02.000Z,reddit,0.0,neutral
costco,I don't go to Costco to get a king-sized hatred of mankind but I usually leave with one.,2046,2026-01-10T21:09:48.000Z,reddit,-0.4404,negative
costco,Those 80s shoulder pads. 😂,3,2025-05-13T20:32:08.000Z,reddit,0.4404,positive
costco,Lemme park my shopping cart perpendicularly here while I take 10 minutes picking through every bunch of bananas,535,2026-01-10T21:16:57.000Z,reddit,0.0,neutral
costco,"Let’s walk my entire extended family down the aisle, shoulder to shoulder, at the slowest pace possible while completely ignoring all of our surroundings",424,2026-01-10T21:41:21.000Z,reddit,-0.4576,negative
costco,Let's stop 3 carts blocking the entire aisle to wait for the sample lady.,169,2026-01-10T23:08:35.000Z,reddit,-0.5859,negative
costco,"Back when you could support a family of 4 on just a full time, non management wage. I was born a few decades too early lol",87,2025-05-09T17:36:30.000Z,reddit,0.6705,positive
costco,"You know where I should have a conversation with this acquaintance I just ran into? How about at the end of the aisle, completely blocking anyone from getting in, or out.",98,2026-01-10T23:24:16.000Z,reddit,-0.4391,negative
costco,"You guys crack me up. You could probably scrape by supporting a family of four back then MAYBE on a meat cutter’s wage. Not a cashier or clerk of any kind. Seriously, what do you think the cashiers and clerks were making back then?",25,2025-05-09T17:50:58.000Z,reddit,0.6808,positive
costco,"Let me commandeer the entire rotisserie chicken area as I repeatedly pick up chicken bag after chicken bag, weigh them in my hands, turn them around to scrutinize them from all angles, decide they are not adequate, put them back on the shelf, and pick up another.",80,2026-01-10T23:57:11.000Z,reddit,-0.1695,negative
costco,"It’s not so much how much they made, as to how much they made in comparison to how much things cost then. An entry level house today is in the high 300’s where I’m at. Rent starts at $2k.",51,2025-05-09T18:04:44.000Z,reddit,0.0,neutral
costco,"I'm just going to bump your Achilles tendons with my overloaded cart. Oops, so sorry!",48,2026-01-11T13:28:25.000Z,reddit,-0.2578,negative
costco,Explain tariffs to them next!,14,2025-05-10T05:14:43.000Z,reddit,0.0,neutral
costco,It really is Costco’s and Sam’s Club’s fault. It isn’t designed for anyone to hang out anywhere for long. You’re always in someone else’s way.,15,2026-01-11T17:43:43.000Z,reddit,-0.4019,negative
costco,"Nope.  And they severely limited the number of full timers.  Out of like 150 employees at a store, 25 made a living wage.  I worked part-time through college and topped out at $5.50 an hour.  They were a crappy place unless you were male and the manager liked you.  Meat department did best because they were union.",3,2025-05-10T20:34:17.000Z,reddit,0.777,positive
costco,"It may be an instigator, but ultimately people are responsible for their own actions. Parking your cart in the middle of 2 others completely blocking the way so you can wait on a sample while there's a line of people trying to get through is a choice, and not the stores.


There are other places to park your cart.",11,2026-01-11T17:50:53.000Z,reddit,-0.2238,negative
costco,Yeah but we had fewer billionaires and that makes conservatives sad.,2,2025-05-10T16:28:29.000Z,reddit,-0.5499,negative
costco,i know they had the hottest break room tea,82,2025-05-09T17:04:52.000Z,reddit,0.0,neutral
costco,"Honestly the most aggravating situation in my experience is when two sample carts decide to park across the same isle. It NEVER goes well and they still do it every time. Get like nine people and somehow twelve carts piled up around the nastiest looking food samples 

The one near me consistently does this in the frozen section. Making it a total deadlock consistently.",24,2026-01-10T23:31:55.000Z,reddit,-0.5994,negative
costco,And cigarettes!,28,2025-05-09T17:50:42.000Z,reddit,0.0,neutral
costco,The Costco near us has employees do sweeps to tell people to keep aisles clear. Some people have been kicked out because they get all aggressive over having to leave a path for other people.,57,2026-01-11T01:20:29.000Z,reddit,0.2023,positive
costco,👏🏽👏🏽 that is fantastic and I wish to Costco near me had the gumption to do that.,26,2026-01-11T02:54:29.000Z,reddit,0.743,positive
costco,My newest hate has been people who shop together. Usually older women with two carts side by side.,3,2026-01-11T16:18:17.000Z,reddit,-0.5719,negative
costco,I took my 84 year old friend there last week and we ended up in a fight. He grabbed the hotdogs and then got a phonecall on the way to the soda fountain and just stopped dead in his tracks. The guy behind him had to stop short so I kept trying to get him to move since he was blocking everyone and he refused. I ended up yelling at him to GTFO of everyone's way. I won't be bringing him back.,101,2026-01-10T21:33:07.000Z,reddit,-0.891,negative
costco,Costco CEO Ron Vachris eats a hotdog From Costco's Instagram,21944,2026-03-19T15:31:47.000Z,reddit,0.0,neutral
costco,"It’s very clear he’s wearing clothing purchased exclusively at Costco, too.",5215,2026-03-19T16:29:16.000Z,reddit,0.4391,positive
costco,He’s Costco through and through. he started out at Costco as a forklift operator.,3701,2026-03-19T16:37:50.000Z,reddit,0.0,neutral
costco,"Guessing most everything in his house, including the food he eats, furniture and car he drives are through Costco as well.  That's part of what makes Costco so successful.  Not only are they true believers in the products and services being offered, but many of the folks in management (operational) positions started off entry level and worked their way up, so they also understand the employee perspective as well.",1417,2026-03-19T16:55:59.000Z,reddit,0.7925,positive
costco,"One of the reasons I love em too. 

Look, capitalism is fucked but costco at least kinda does it with some ethics. 

Wild that just treating your employees and customers like human beings is all it takes these days but thats where we're at I guess.",1032,2026-03-19T16:58:14.000Z,reddit,0.4854,positive
costco,"Welcome to Costco, I love you!",374,2026-03-19T17:43:27.000Z,reddit,0.8172,positive
costco,Yah I know this place pretty good. I went to law school here.,149,2026-03-19T17:58:24.000Z,reddit,0.7269,positive
costco,Do you know if the brawndo is still past the Starbucks?,58,2026-03-19T18:44:52.000Z,reddit,0.0,neutral
costco,Sure is! Just watch out for Upgrayedd; you do NOT want to run into him!,24,2026-03-19T19:04:16.000Z,reddit,0.3944,positive
costco,With 2 Ds for a double dose of his pimpin’,17,2026-03-19T21:45:14.000Z,reddit,0.0,neutral
costco,I don’t know if we have time for a hand job.,36,2026-03-19T20:29:57.000Z,reddit,0.4939,positive
costco,There’s always time for a hand job.,19,2026-03-19T21:04:29.000Z,reddit,0.4939,positive
costco,"I think what most C\*O executive leaders miss is that broad loyalty to your employees will bring out the best in people, crop up problems on the floor that can lead to efficiency or capabilities and low turnover provides an intangible stability at that level.

I guess my point is is that looking at other metrics other than profit and stock price can more accurately measure success over the long term (and not just quarterly earnings) which provides value to all even stockholders.

So, I'd argue that there's a capitalistic incentive to treating your employees with more respect. It's just that we're not measuring the right things (beyond profits/stock toward employee satisfaction, brand loyalty, etc. instead) at the right time (beyond quarters of a year to quarters of centuries instead).",69,2026-03-19T19:03:52.000Z,reddit,0.9749,positive
costco,Costco is American Capitalism gone right,93,2026-03-19T18:35:44.000Z,reddit,0.0,neutral
costco,"Ask the employees. We must maintain our culture. Rewarding shareholders is #5 in line of the code of ethics, however, lately it’s been seeming to be #1. Ahead of members, employees and vendors.",30,2026-03-19T19:24:24.000Z,reddit,0.5267,positive
costco,"100%.

The pay is definitely better than similar retail, but everything else has been getting worse quickly.",22,2026-03-19T19:41:38.000Z,reddit,-0.3716,negative
costco,"I’m begging you, move out of the way! 😩 If you’re going to bring your *e n t i r e* family to Costco, can you guys PLEASE stop walking side by side shoulder to shoulder making it impossible for others to get by? And while we’re at it, can you also stop leaving your cart in middle of the aisle while you run off to grab something?  Please just have some spatial awareness and be considerate of other shoppers in one of the busiest retail environments known to man. Thank you! Rant over. 

**TLDR  If you’re rolling with a crew, let people through!**",17307,2025-07-11T17:44:13.000Z,reddit,0.6211,positive
publix,"Saint Pete Beach Publix burns down… comments are ruthless Images:
	https://preview.redd.it/2sp0gmuza01f1.jpeg?auto=webp&amp;s=37504d697de0f3739f9548d70a289ccefe92847e",5398,2025-05-15T20:36:07.000Z,reddit,0.0,neutral
publix,"Posts that do not follow r/Costco subreddit rules **MAY** be subject to removal. 

**Reminder: No vague non-descriptive post titles or availability questions.**

When applicable, please make sure that you're using a descriptive post title with product name(s) and/or exact question mentioned as it yields better subreddit search results. 

**Including item number, price, and approximate location or region where found is also helpful since product availability can vary.**


*I am a bot, and this action was performed automatically. Please [contact the moderators of this subreddit](/message/compose/?to=/r/Costco) if you have any questions or concerns.*",1,2025-07-18T03:29:08.000Z,reddit,0.9041,positive
publix,Black smoke…. A new store manager was not chosen…,635,2025-05-16T00:05:24.000Z,reddit,0.0,neutral
publix,Now do the people who arrange themselves like seagulls around the sample stations.,4216,2025-07-11T17:45:58.000Z,reddit,0.3612,positive
publix,Hahaha,50,2025-05-16T01:24:13.000Z,reddit,0.5574,positive
publix,“MINE! MINE! MINE! MINE!”,1815,2025-07-11T17:54:27.000Z,reddit,0.0,neutral
costco,"Surely I can’t be the only one who does the extra ride home slice. No one is ever the wiser. Also, what’s everyone’s best method for reheating ? My toaster over gets it too crispy.",17033,2026-03-02T22:33:23.000Z,reddit,0.7964,positive
costco,These people act like they’ve never had food before.,334,2025-07-11T19:19:53.000Z,reddit,0.3612,positive
costco,![gif](giphy|f8lDluiWJ7yQTtdS3L),44,2025-05-16T01:54:13.000Z,reddit,0.0,neutral
costco,My Buddy Got An Insane Costco Tattoo... Done by [instagram.com/jillans.ink](http://instagram.com/jillans.ink),17143,2025-05-17T04:23:56.000Z,reddit,-0.4019,negative
costco,"Posts that do not follow r/Costco subreddit rules **MAY** be subject to removal. 

**Reminder: No vague non-descriptive post titles or availability questions.**

When applicable, please make sure that you're using a descriptive post title with product name(s) and/or exact question mentioned as it yields better subreddit search results. 

**Including item number, price, and approximate location or region where found is also helpful since product availability can vary.**


*I am a bot, and this action was performed automatically. Please [contact the moderators of this subreddit](/message/compose/?to=/r/Costco) if you have any questions or concerns.*",1,2026-03-02T22:33:25.000Z,reddit,0.9041,positive
costco,"No, it means The Others are coming.",6,2025-05-17T04:49:19.000Z,reddit,0.0,neutral
costco,"My favorite is they then feel like they need to give feedback to the person serving it or others also blocking the way eating it.  Like its some picnic food tasting event.  ""That sauce is delicious and the mouthfeel is on point""... Like, dude...  its a hotpocket ffs get out of the way..",328,2025-07-11T20:27:44.000Z,reddit,0.7783,positive
publix,"Publix Is Living Off a Reputation It No Longer Deserves Publix is not the company people think it is anymore.
My mother has worked at Publix for over 20 years. After two decades of loyalty, experience, and reliability, she makes $23 and change an hour—and her annual raise is a laughable 15–25 cents.
Publix used to do evaluations every 6 months. Now it’s once a year, and they claim (yes, this is a direct quote) that employees “actually make more money this way.”
Anyone with basic math skills knows that’s complete nonsense.
They also say she’s “maxed out” on pay. Apparently, 20+ years of service has a ceiling—and it’s low.
What really makes my blood boil:
If she works even an hour or two of overtime, management will force her to leave early another day just to avoid paying time-and-a-half. Imagine treating long-term employees like a liability instead of an asset.
I’ve worked at Publix myself. Don’t do it.
This company is not what it used to be.
Back when George Jenkins ran Publix, the philosophy was simple: take care of your employees and customers, and everything else follows. And it worked. Publix earned its reputation.
Then his son took over—and greed took the wheel.
Now:
Stores are chronically understaffed
Employees are doing 2–3x the workload for the same pay
Management claims they “don’t have the hours”
(Reminder: Publix is a billion-dollar company)
The worst part? Customers suffer too. Shelves aren’t stocked, lines are longer, departments are stretched thin—but corporate still pats itself on the back.
And let’s talk prices.
Shopping at Publix is basically volunteering to get ripped off. Almost everything they sell can be found for dollars less at other grocery stores. I genuinely don’t understand how people fill entire carts and don’t notice the markup.
Meat quality has gone down, prices have gone up, and the experience keeps getting worse.
I could list hundreds more reasons why Publix is slowly killing itself, but honestly? I’d rather watch it crash and burn than pretend this is still a “great place to work.”
And before anyone says I’m just being emotional or defending my mom—
She’s been there since I was a kid. Now she’s stuck. Her retirement and healthcare are tied to this company, so walking away isn’t an option.
Publix didn’t just change.
It abandoned the very people who built it.",5260,2025-12-26T18:31:18.000Z,reddit,-0.8782,negative
publix,You are a true scholar,3152,2026-03-02T22:35:13.000Z,reddit,0.4215,positive
publix,"Posts that do not follow r/Costco subreddit rules **MAY** be subject to removal. 

**Reminder: No vague or non-descriptive post titles or availability questions.**

When applicable, please make sure that you're using a descriptive post title with product name(s) and/or exact question mentioned as it yields better subreddit search results. 

**Including item number, price, and approximate location or region where found is also helpful since product availability can vary.**


*I am a bot, and this action was performed automatically. Please [contact the moderators of this subreddit](/message/compose/?to=/r/Costco) if you have any questions or concerns.*",1,2025-05-17T04:23:58.000Z,reddit,0.9041,positive
publix,"I'm actually conflicted with this, as I have always thought the same. I always thought the workers were only taking the work that they could get.....and needed the work. So, I just let them be, in order to give them some hassle-free time.

But, as I've worked with aging adults. I've learned that they need the human interactions, to feel valued, and actually talk to people. It's the same for everyone. Otherwise, you become depressed. And that is very easy to do when you feel invisible, unvalued, and never get a chance to talk to anyone.",106,2025-07-12T01:43:02.000Z,reddit,0.3776,positive
publix,"Wicked, I love that one….",7,2025-05-16T08:39:36.000Z,reddit,0.2023,positive
publix,"Taking care of your employees used to be a philosophy for a lot of companies but everyone is just profit motivated now. employees are not valued, which is exactly why I feel zero loyalty to any of my employers. I have quit more jobs in the last four years than I have in my 50 years of working because I realize that they’re all about profit and what’s their bottom line. so I’m all about my bottom line. if I find something better I leave. sometimes I give notice and sometimes I don’t.",564,2025-12-26T18:37:30.000Z,reddit,0.9638,positive
publix,Everyone at work now thinks I'm crazy for laughing by myself. You earned my upvote.,3,2025-05-16T19:39:32.000Z,reddit,0.2023,positive
publix,Gonna be awkward when they switch to coke products,3004,2025-05-17T04:26:28.000Z,reddit,-0.1531,negative
publix,"I’ve convinced my wife that all pizza places always make pizzas one slice short.

Can’t believe she’s fallen for it for 20 years.",903,2026-03-02T22:46:59.000Z,reddit,0.0516,positive
publix,"I said thank you for a sample one time and the lady just about started crying, late afternoon, I was the first person all day to say thanks to her.",70,2025-07-12T23:34:43.000Z,reddit,0.3182,positive
publix,"That’ll only make it more valuable, like a rare edition",1018,2025-05-17T04:30:49.000Z,reddit,0.7328,positive
publix,That’s not what I meant when I asked for my sub toasted,526,2025-05-15T21:03:20.000Z,reddit,0.0,neutral
publix,Stakeholder vs Shareholder. Corporations were stakeholder focused until the mid/late 80s when they became shareholder focused. Jack Welch at GE had a lot to do with this as well as executive pay shifting to be more stock heavy. In 1993 they changed the tax code in a way where it became much more beneficial to have stock heavy compensation packages than straight salary. Now the C levels have a ton of stocks which makes it more personally beneficial to worry about the stock price at that moment of time versus the stability of the company.,60,2025-12-26T21:00:23.000Z,reddit,0.8826,positive
publix,"We have a mouse that lives in both of our cars, depending on who is doing pickup.  We have named him ""Nibbles"" and we frequently comment on that 'lil stinker' when there is obvious food missing after a pickup.  Though it's mostly an issue with pizza, nobody knows about the car fries.",369,2026-03-02T23:11:54.000Z,reddit,-0.5719,negative
publix,I guess you and I are in the minority here.  I always say thank you to the sample folks and it really does make a difference.  But it shocks me how few others don't do this.,67,2025-07-13T00:03:10.000Z,reddit,-0.3919,negative
publix,That lardass Costco kid gonna gnaw his arm off like a feral hyena and his dad is gonna try to ebay that arm like a Pokémon card to afford the family’s Crisco habit.,125,2025-05-17T04:40:47.000Z,reddit,0.6124,positive
publix,I laughed harder than I should've at this comment. Take my upvote.,63,2025-05-15T23:00:18.000Z,reddit,0.4588,positive
publix,Thanks. This greed has been building for a long time. I heard someone say we are in the end stages of capitalism.  Seems about right,25,2025-12-26T23:22:50.000Z,reddit,0.0516,positive
publix,"There's nothing wrong with saying hello or commenting on the food but be quick with it because there's someone standing behind you. You can stop to talk to the CDS people. Just step to the side and let other people get to the samples. Don't block the entire table standing there saying, ""MmmmmMMmmmmMm... man.. this is GOOD. What is it Turkey? It kinda has that smoked aristocratic flavor that goes good with a nice chardonay...""",25,2025-07-13T00:25:43.000Z,reddit,0.9391,positive
publix,"There’s actually a tattoo museum in Tokyo, with displays of human skins collected by a pathologist (autopsy doctor) who has tattooed individuals donate their skin when they die.

https://cvltnation.com/dead-skin-living-art-the-museum-of-tattooed-skin/",71,2025-05-17T05:54:08.000Z,reddit,-0.5994,negative
publix,"&gt;nobody knows about the car fries.

My wife: ""Wow five guys usually gives us way more fries than this""

Me who hit every red light on the way home:

https://preview.redd.it/eu3a20ve4qmg1.jpeg?width=201&amp;format=pjpg&amp;auto=webp&amp;s=97e510eb0c8fbba41806fefbd483c123e812f10c",423,2026-03-03T00:20:35.000Z,reddit,0.5859,positive
publix,yeah we want our subs…steamed,37,2025-05-15T22:09:16.000Z,reddit,0.3612,positive
publix,Right like it’s a tasting event or a social event. 🤣,41,2025-07-11T21:20:10.000Z,reddit,0.6908,positive
publix,"psychopathologist, maybe.",50,2025-05-17T06:24:44.000Z,reddit,0.0,neutral
publix,End stages is Foxconn. You’ll live where you work with employer subsidized housing.,14,2025-12-26T23:47:56.000Z,reddit,0.0,neutral
publix,French fry tax,60,2026-03-03T02:50:12.000Z,reddit,0.0,neutral
publix,*Claaaarice*,26,2025-05-17T07:43:44.000Z,reddit,0.0,neutral
publix,going back to company towns,10,2025-12-27T04:40:29.000Z,reddit,0.0,neutral
publix,"![gif](giphy|9Bpv0NoXnZQ2c)

I thought you said steamed hams",13,2025-05-16T13:28:15.000Z,reddit,0.0,neutral
publix,Carrying charges.,9,2026-03-03T21:52:35.000Z,reddit,-0.2732,negative
publix,I shouldn’t have clicked that with food in my mouth,11,2025-05-17T14:12:11.000Z,reddit,0.0,neutral
publix,"Hey, it’s my Saturday night at the 'club'.",29,2025-07-12T00:14:44.000Z,reddit,0.0,neutral
publix,That is actually in the works,7,2025-12-27T10:14:03.000Z,reddit,0.0,neutral
publix,They feel guilty because they have no intention of actually buying the product they’re sampling… They just wanna pound three or four samples for free.,7,2025-07-12T11:36:48.000Z,reddit,-0.1779,negative
publix,Doesn't seem that far off.,7,2025-12-26T23:59:06.000Z,reddit,0.0,neutral
publix,Or when the sample attendant says where it is and the taster feels the need to make an excuse why they're not gonna buy it at that point.,5,2025-07-12T14:38:02.000Z,reddit,0.0772,positive
publix,I regret it even without food lol,7,2025-05-18T03:22:23.000Z,reddit,-0.6288,negative
publix,"Does anyone remember that old black and white movie about a company town?  Pretty sure it was US based and Hollywood produced, not British.  I watched some of it a long time ago, but it was so dreary and depressing I didn't finish.  I had no idea that there was such a thing and that they existed in the US.  I remember seeing them written about in Victorian literature in the north of England, but somehow don't remember it ever being talked about in any of my history classes in school.",3,2025-12-27T16:08:04.000Z,reddit,-0.841,negative
publix,Fries lose half their value when you drive off the lot. Must eat them while they're hot!,7,2026-03-04T03:36:44.000Z,reddit,-0.1511,negative
publix,It might have been The Grapes of Wrath.,3,2025-12-27T19:10:58.000Z,reddit,0.0,neutral
publix,Car fries are the best fries,78,2026-03-03T01:07:28.000Z,reddit,0.6369,positive
publix,Like Amazon employees,3,2025-12-27T04:44:03.000Z,reddit,0.4939,positive
publix,Cooler Bucky origin story,2,2025-05-17T13:11:06.000Z,reddit,0.0,neutral
publix,I know. It’s a snack not a meal. Just take one and move aside.,19,2025-07-12T00:52:18.000Z,reddit,0.0,neutral
publix,Seymour the Publix is on fire,11,2025-05-16T16:02:10.000Z,reddit,-0.34,negative
publix,Combines with the Regan era union busting and massively failed econmic policy.,6,2025-12-27T00:46:35.000Z,reddit,-0.5106,negative
publix,"https://preview.redd.it/c1aye4tmlqmg1.jpeg?width=1080&amp;format=pjpg&amp;auto=webp&amp;s=baef3f3f08d5e58e1e020ac5901438c1e72d1b6f

hehehe",205,2026-03-03T01:57:42.000Z,reddit,0.0,neutral
publix,It's so embarrassing. That's why I don't even stop.,32,2025-07-11T20:58:18.000Z,reddit,-0.2512,negative
publix,Legitimate tears of laughter for having read it in her voice. Take my upvote.,6,2025-05-16T16:07:41.000Z,reddit,0.3182,positive
publix,"Yeah, until then that patch of flesh would barely be worth harvesting.",3,2025-05-17T12:15:39.000Z,reddit,0.4256,positive
publix,Reagan or Clinton...... it never fails everything that's gone wrong always traces back to those two 🤦🏾‍♂️😑😒,2,2025-12-28T04:21:56.000Z,reddit,-0.1945,negative
publix,"THIS!

BOTTOMLINE!  

Can’t blame ANYONE but yourself when it comes to being loyal to those who are not loyal to you.",155,2025-12-26T18:43:13.000Z,reddit,0.1786,positive
publix,Let's assume he's got 2 arms. Back to the tattoo shop!,12,2025-05-17T11:32:21.000Z,reddit,0.0,neutral
publix,"No Mother, that's just the northern lights",5,2025-05-16T21:44:14.000Z,reddit,-0.296,negative
publix,I want to be the car fires just so I can look up at this magnificent bweest before i get chomp,15,2026-03-03T03:18:51.000Z,reddit,0.7118,positive
publix,"""I KNOW MOTHER!""",2,2025-05-16T16:11:32.000Z,reddit,0.0,neutral
publix,https://preview.redd.it/fbvbdskaz61f1.png?width=1156&amp;format=png&amp;auto=webp&amp;s=a4663fa533a0b1c53db1a7c6e34250be7c4edb95,4,2025-05-16T19:03:05.000Z,reddit,0.0,neutral
publix,"Bagglers. Stragglers that fall out into the bottom of the bag. Bagglers are fair game for the driver, if they’re bringing you food they get bagglers for their efforts!!",9,2026-03-03T16:13:55.000Z,reddit,0.4374,positive
publix,Yeah f the 2wks notice they don't give you notice before they let you go,12,2025-12-26T20:27:05.000Z,reddit,0.296,positive
publix,Time to shave a butt cheek.,4,2025-05-17T14:04:43.000Z,reddit,0.0,neutral
publix,"I wish Chick-fil-A fries could make it home, but mine never do.",6,2026-03-03T01:43:40.000Z,reddit,0.2144,positive
publix,"&gt;Taking care of your employees used to be a philosophy for a lot of companies

I hate to be a buzzkill but this is romanticizing the past and it's just not true. Companies have always taken advantage of their employees for profit. Only government regulation (minimum wage, safe workspaces, requiring companies to pay in dollars instead of company scrip) prevents companies from killing you for profit.",48,2025-12-26T19:43:50.000Z,reddit,0.747,positive
publix,Its the devil's bakers dozen.,22,2026-03-02T23:09:56.000Z,reddit,0.0,neutral
publix,Expansion gap.,21,2026-03-02T22:48:40.000Z,reddit,0.0,neutral
publix,"Repost: Location in Florida unknown. This would be my last day as a Publix customer, if I saw this.",4124,2025-11-01T18:06:39.000Z,reddit,0.0,neutral
publix,"Comments are now locked and will stay that way due to multiple breaks of rule two and for several other comments alluding to committing acts of violence against others with guns, which is not tolerated in this sub.",1,2025-11-01T20:06:39.000Z,reddit,-0.5859,negative
publix,"someone like that is just looking for attention, give them none.",813,2025-11-01T18:12:53.000Z,reddit,0.3612,positive
publix,"He’s definitely the Call of Duty type and drives some ridiculous type of car with nitro and tinted neon.  Born with money and privilege will never see a day of hard work or actual combat in his life.  Possible incel, definitely wants attention and someone to pick a fight with him.   

He’s just looking for an excuse to pull the trigger then claim he’s the victim, hide behind the flag and wait for some right winger with a podcast to swoop up, lawyer up and protect him.",245,2025-11-01T19:08:18.000Z,reddit,0.0258,neutral
publix,Discord nitro or nitrous oxide im thinking the first one no way he'd have the knowledge to install that safely,40,2025-11-01T19:29:43.000Z,reddit,-0.1779,negative
publix,There has been a picture going around of someone on a bike who looks just like him. I wouldn’t be surprised if it’s the same one.,18,2025-11-01T19:37:31.000Z,reddit,0.5267,positive
publix,Forgive my ignorance - bike as in bicycle or motorcycle (Harley v Crotch Rocket).  And thank you.,10,2025-11-01T19:50:39.000Z,reddit,0.2732,positive
publix,Motorcycle,9,2025-11-01T19:50:58.000Z,reddit,0.0,neutral
publix,And start a go fund me for him.,3,2025-11-01T19:24:33.000Z,reddit,0.0,neutral
publix,He wants to be the next Kyle Rittenhouse.,21,2025-11-01T19:27:58.000Z,reddit,0.0,neutral
publix,Imagine being so full of fear that you need a gun to go to Publix.,66,2025-11-01T19:40:42.000Z,reddit,-0.7063,negative
publix,I doubt that is done in fear. It is attention seeking.,68,2025-11-01T19:53:44.000Z,reddit,-0.6908,negative
publix,He's clearly compensating,31,2025-11-01T19:05:45.000Z,reddit,0.4019,positive
publix,Keeping things civil is one of this subs rules. It appears you need a little reminder.,4,2025-11-01T19:53:35.000Z,reddit,0.0,neutral
publix,"True or False? Images:
	https://preview.redd.it/1fx66dmvmkjf1.jpeg?auto=webp&amp;s=232ebdb784809c1708830f6e1b83be7276f9a1b8",3740,2025-08-17T12:13:13.000Z,reddit,0.4871,positive
publix,I would change the Publix picture to the oldest person possible,486,2025-08-17T12:20:57.000Z,reddit,0.0,neutral
publix,Agreed. I would know. I work there 😐,21,2025-08-17T19:51:39.000Z,reddit,0.2732,positive
publix,You’re not kidding. I had to pop in for few things during the day on a weekday and I felt like the Flash. I’m pretty sure the elderly person I passed in the bakery was just getting to the Deli by the time I hit checkout.,15,2025-08-18T03:20:23.000Z,reddit,0.772,positive
publix,"There’s three stores within a couple minutes in my house, I drive past one all the time because it’s one of the smaller stores in the aisles are super tight, it’s impossible to navigate due to all the old people clogging  the aisles. The parking lot it also very cramped and must test fate walking passed all the grand marquis blindly backing out of the handicap spots",7,2025-08-18T11:49:25.000Z,reddit,0.7906,positive
publix,Taking five hours at the deli meats “ no I said thin!”,5,2025-08-18T11:37:06.000Z,reddit,-0.3595,negative
publix,"I quit Publix in 2012, but I still have nightmares about slicing ham for crazy old ladies",6,2025-08-18T11:56:58.000Z,reddit,-0.4767,negative
publix,"Great band name. 

*Sliced Ham and The Crazy Old Ladies*",5,2025-08-19T02:15:12.000Z,reddit,0.4019,positive
publix,Not true at my store.  The elderly are not majority age. It’s families with children at my store.,12,2025-08-17T14:45:59.000Z,reddit,-0.3252,negative
publix,"It's funny you say that cause in my area it's rare to even see children at Publix in general, let alone whole families. Definitely lots of elders though",5,2025-08-18T05:15:00.000Z,reddit,0.5574,positive
publix,"You don't see the kids because regardless of the age, they are sitting in the carts with their tablets.  I swear I think there is an epidemic of children who can't walk.

We saw a buggy with a kid sleeping in it, no one around.  We go over to make sure he's ok, his parents were around the next aisle.  The kid was 8 or 9ish.  I'm not talking about toddlers.",2,2025-08-19T15:52:36.000Z,reddit,-0.0258,neutral
publix,I just realized I don’t remember the last time I saw someone at Publix that wasn’t an elderly person or a young professional.,8,2025-08-17T18:53:14.000Z,reddit,0.0,neutral
publix,"Mostly in the morning, if you go in the afternoon all the elderly are already asleep at their homes...",2,2025-08-18T16:09:30.000Z,reddit,0.0,neutral
publix,Depends on location. The one I used to work at was *loaded* with 20 something’s women.,1,2025-08-19T17:40:36.000Z,reddit,0.0,neutral
publix,"I dont know if yall got Ingles down there , but Ingles takes the cake for having the oldest mfs possible shop there",1,2025-08-19T17:53:58.000Z,reddit,0.0,neutral
costco,"Costco lands victory with Supreme Court ruling against tarrifs Images:
	https://external-preview.redd.it/E1usiavXOrCyZvItRul9sWh6SewrU5-i6CtS6DicIKQ.jpeg?auto=webp&amp;s=f5d42e21d83f7df8a6836d8a988ff152f2801d8e",15525,2026-02-20T15:55:59.000Z,reddit,0.5574,positive
costco,"Every Costco Parking Lot [Meme] Artist: Matt Shirley

Source: https://www.instagram.com/p/DKP2h_QS3ao/?igsh=Zzliemg1OXBjando",16385,2025-05-29T22:02:44.000Z,reddit,0.0,neutral
costco,https://preview.redd.it/5qp9nehecpkg1.jpeg?width=3608&amp;format=pjpg&amp;auto=webp&amp;s=d41beeb31f3a58719574b79951a7fc43d1294362,950,2026-02-20T19:36:06.000Z,reddit,0.0,neutral
costco,"Posts that do not follow r/Costco subreddit rules **MAY** be subject to removal. 

**Reminder: No vague or non-descriptive post titles or availability questions.**

When applicable, please make sure that you're using a descriptive post title with product name(s) and/or exact question mentioned as it yields better subreddit search results. 

**Including item number, price, and approximate location or region where found is also helpful since product availability can vary.**


*I am a bot, and this action was performed automatically. Please [contact the moderators of this subreddit](/message/compose/?to=/r/Costco) if you have any questions or concerns.*",1,2025-05-29T22:02:45.000Z,reddit,0.9041,positive
costco,feels like buying those in bulk is a very good investment.  stick em in the linen closet until you need em.,266,2026-02-20T19:32:23.000Z,reddit,0.6901,positive
costco,I usually just park in the back if possible. Way easier than circling for a spot for 10 minutes,1878,2025-05-29T22:10:43.000Z,reddit,0.4215,positive
costco,"Not with this court, 90% of them are moldy before you open the pack",65,2026-02-20T23:30:42.000Z,reddit,0.0,neutral
publix,"This is getting out of hand... Almost $7 for 2 slices of wet bread, one slice of cheese, and 2 slices of roast beef? 

Publix, are you okay?",3327,2025-12-05T14:02:34.000Z,reddit,0.6662,positive
publix,"Agree. And if the back is full, then I probably don't even want to attempt going inside.",739,2025-05-29T22:30:50.000Z,reddit,0.3134,positive
publix,"We've got a cabinet of boutism, best I can offer",5,2026-02-21T02:36:15.000Z,reddit,0.6369,positive
publix,I went to Denny’s for the first time in at least 10 years yesterday and a side of toast (2 toasted slices of bread cut in half with butter) was $4.50. Food prices are insane right now.,340,2025-12-05T14:06:38.000Z,reddit,-0.5859,negative
publix,"You could probably make a chart that had ""Available Costco parking spots Monday through Friday,"" which would feature a gradient color scheme that lightened the further away you got from the store's entrance. There's no need for a weekend chart because it would be monochromatic.",177,2025-05-29T22:43:28.000Z,reddit,-0.296,negative
costco,"I painted one of the Costco guys in watercolor was told you guys might like this. so here it is! Title is ""Piece of Meat""",16017,2025-09-03T12:43:00.000Z,reddit,0.4199,positive
costco,And there is always that one flavor that nobody wants.,135,2026-02-20T19:38:04.000Z,reddit,0.0,neutral
costco,Weekends are easy mode. Monday afternoon though? Holyyyyyyy.,44,2025-05-30T01:29:22.000Z,reddit,0.4404,positive
costco,"Posts that do not follow r/Costco subreddit rules **MAY** be subject to removal. 

**Reminder: No vague non-descriptive post titles or availability questions.**

When applicable, please make sure that you're using a descriptive post title with product name(s) and/or exact question mentioned as it yields better subreddit search results. 

**Including item number, price, and approximate location or region where found is also helpful since product availability can vary.**


*I am a bot, and this action was performed automatically. Please [contact the moderators of this subreddit](/message/compose/?to=/r/Costco) if you have any questions or concerns.*",1,2025-09-03T12:43:02.000Z,reddit,0.9041,positive
costco,I’d be more partial to Bennys filing dankruptcy,9,2025-12-06T13:47:01.000Z,reddit,0.0,neutral
costco,Damn jalapeno watermelon cucumber...,82,2026-02-20T20:25:12.000Z,reddit,-0.4019,negative
costco,"I'm sure you took a photo and painted from the photo, but I'd really like to imagine that you rolled up with an easel and parked yourself until he took his lunch break. Don't break my heart and let me live this lie.",1149,2025-09-03T12:55:02.000Z,reddit,0.0612,positive
costco,I’d be dore bartial to Penny’s miling fankruptcy,6,2025-12-07T04:06:19.000Z,reddit,0.0,neutral
costco,"I call Tuesday morning ""hangover Costco"". People who work M-F tend to go on the weekends. People with out M-F jobs (like weekend workers or retirees) tend to have Monday off, so they go then. So Tuesday is like the hangover day where almost no one is waiting at the door before they open. Wednesday would work better being the middle of the week, but lots of the retirement communities bring busses in so the aisles are packed with old people just out for a look.",53,2025-05-30T02:19:41.000Z,reddit,0.4816,positive
costco,That sounds incredibly delicious.,39,2026-02-20T20:51:30.000Z,reddit,0.6115,positive
costco,The idea of painting plein air in a Costco is so unhinged. Theyd definitely escort me out of the building. I do paint outdoors though,903,2025-09-03T12:57:08.000Z,reddit,0.4522,positive
costco,Sounds like a great margarita to me!,2,2026-02-23T16:29:56.000Z,reddit,0.784,positive
costco,"Well just because they filed for bankruptcy doesn't mean they're closing all stores but it is indicative of the potential for that to happen at some point, unless they already announced that's part of the plan.",5,2025-12-06T02:26:01.000Z,reddit,0.1406,positive
costco,If you ask first I bet they would allow it.,181,2025-09-03T14:44:09.000Z,reddit,0.2263,positive
costco,"Yeah Tuesday was the ""back to normal"" restock situation. Could also be parents starting their prepping for kids' summer vacations. 

Who am I kidding, though - my Costco is always slammed. It's not just the only store in my state, but also like 1/8 mile away from our much more populated southern neighbor. They have sales tax and we don't. You could probably guess which store is mine just from that info.",16,2025-05-30T03:57:09.000Z,reddit,0.6187,positive
costco,I'll take that if you don't want it,11,2026-02-20T22:19:57.000Z,reddit,-0.0572,negative
costco,A giant watercolor mural at the meat section would go hard,175,2025-09-03T16:39:28.000Z,reddit,-0.1027,negative
costco,"Bad news, so did the Bread company… Amazon selling it under cost, as he gains a bigger monopoly on goods by running other folks out of business … watch out medicine!.. Walgreens cvs local pharmacy’s are the target and once there gone, meds go up in price .. watch",2,2025-12-07T07:17:02.000Z,reddit,-0.1759,negative
costco,Could work as a margarita,2,2026-02-21T16:56:27.000Z,reddit,0.0,neutral
costco,Im submitting that idea to my warehouse,2,2025-09-13T03:50:52.000Z,reddit,0.0,neutral
costco,"I was going to guess the one Costco in Delaware but it’s not that close to Maryland or Pennsylvania. So I assume based solely on no tax, the only store, and being close to the southern border, it’s NH? 

I also looked up the Costcos in Montana, another no sales tax state and it seems like most are built purposely on the states borders. Curiouser and curiouser.",3,2025-05-30T11:37:11.000Z,reddit,-0.3291,negative
costco,"idk. I honestly think they’d allow it if you asked. 

I feel like as long as you 1) pick a time that isn’t too busy 2) don’t take up too much space and set up in a spot that minimizes being in the way of workers and shoppers 3) don’t make a mess
they might be chill with it.

every time I’m at costco I always see multiple clueless shoppers who randomly stop in the middle of a lane of flowing cart traffic and don’t realize like 4 people have to stop or go around them and then each of those 4 people cause the same effect and so on…. and I can imagine a scenario where you’re less disruptive than that. 

I like the painting. is it just for you or would you consider giving it to your meat man muse?",46,2025-09-03T21:21:46.000Z,reddit,0.4576,positive
costco,The end is near if you see waffle house filing bankruptcy.,3,2025-12-07T20:32:18.000Z,reddit,0.0,neutral
costco,Boof that one.,6,2026-02-20T23:14:21.000Z,reddit,0.0,neutral
costco,Also lots of deals starts on Wednesday.,6,2025-05-30T03:35:30.000Z,reddit,0.0,neutral
costco,Meat man muse is crazy lol but I dont think I could personally handle being in a grocery store while painting. Its just so much stimulation.,28,2025-09-04T02:33:52.000Z,reddit,0.0516,positive
costco,"Village inn got me that way. They charged me full price for every fountain drink refill, upcharged me $2 for the 3 chocolate chips that were in my “chocolate chip pancakes” and then another $3 for sprinkling cheese and onions slivers on hashbrowns. They also added in automatic gratuity",26,2025-12-05T15:35:25.000Z,reddit,-0.2023,negative
costco,"Monday evening, everyone who has a weekday job but was out of town for the weekend is there resupplying. If Monday was a holiday, shift this to Tuesday evening but moreso.",5,2025-05-30T03:33:03.000Z,reddit,0.5499,positive
costco,Sounds like a Thomas to me.,2,2026-02-21T02:38:00.000Z,reddit,0.3612,positive
costco,Shop like they drive.,4,2025-09-03T23:37:10.000Z,reddit,0.3612,positive
costco,Exactly. You'll walk out breakfast for two 50.00 or more not careful. It's crazy,18,2025-12-05T18:18:43.000Z,reddit,0.0807,positive
costco,"It’s hard to explain how much I enjoy this joke. 

I know you can’t see or hear me, but I’m giving you a standing ovation. 

The people around me are grumbling about the clapping.

At least this time I’m wearing pants.",131,2026-02-20T20:04:16.000Z,reddit,0.6956,positive
costco,"I found the best days were Tuesday and Wednesdays. I'd go to the gym, then hit up Costco and ask my roommates what they needed or they would meet me. My dad is retired and he said the best time is within an hour of open.",3,2025-05-30T05:27:21.000Z,reddit,0.8555,positive
costco,I bet they would. I might actually go insane if I had to spend that long in a grocery store though,4,2025-09-03T14:45:19.000Z,reddit,-0.4019,negative
costco,"This is true. I'm a tall guy and can eat. Coffee, hashbrowns with cheese and peppers and onions. Corn beef hash a biscuit gravy side plate with bacon and toast. Now include a tip. Comes out around $25-$30. It's kind of crazy. I remember diners giving a full stack plate of biscuits and gravy with coffee for $4. Whole family ate for $20. It sucks now. I miss the 90's.

Edit: spelling",8,2025-12-07T14:48:45.000Z,reddit,-0.1513,negative
costco,Friday afternoons here. We're the closest Costco to the majority of the population of Wyoming and it seems like they all decided that Friday afternoons is when they all come down.,4,2025-05-30T02:54:19.000Z,reddit,0.3612,positive
costco,Totally unhinged and that's why my imagination likes it. I looked at some of your other posts and it makes me wanna give watercolor a revisit. Your stuff is amazing!,42,2025-09-03T15:45:48.000Z,reddit,0.784,positive
costco,Somehow that felt like a haiku,14,2026-02-20T22:06:26.000Z,reddit,0.3612,positive
costco,$65 after their gratuity,7,2025-12-05T20:58:30.000Z,reddit,0.0,neutral
costco,Payday is usually Friday. I’ve had the best luck Thursdays because a lot of people are broke waiting for Friday,5,2025-05-30T18:06:47.000Z,reddit,0.6597,positive
costco,Naw ill just walk out and never come back lol,2,2025-12-06T02:22:47.000Z,reddit,-0.6288,negative
costco,You should! Watercolor is truly the best,18,2025-09-03T16:02:48.000Z,reddit,0.8122,positive
costco,Am employee. I would walk by without a word and then walk by again in a bit to see what you've got so far. I'd probably ask you to bring it by my department when you're done so I could see the finished product.,41,2025-09-03T16:34:17.000Z,reddit,0.0,neutral
costco,"Yup. If the back is full, I'll drive the 15 minutes back home.",26,2025-05-30T00:36:26.000Z,reddit,0.0,neutral
costco,"I used to enjoy Village Inn back in the day, great pies to go.",3,2025-12-05T21:07:12.000Z,reddit,0.8074,positive
costco,It reminds me of the couple who got married in an ALDI recently...,14,2025-09-03T16:25:13.000Z,reddit,0.0,neutral
costco,Same with Denny’s. They were called Mother Butler’s Pies. Long gone now. Just a faint memory.,5,2025-12-06T05:52:19.000Z,reddit,0.0,neutral
costco,I wish the happy couple ALDI best.,32,2025-09-03T17:46:30.000Z,reddit,0.891,positive
costco,"Whoa, memory unlocked. In my 20s, drunk and exhausted after a night at the club (alt, not like …. a pop nightclub). We go to Denny’s and every time I remark on how the sign looks like it reads MOTHER BUTLER DIES. 

It was at that Denny’s that my bestie and I could not remember Madame’s human handler. From across the room: “WAYLAND FLOWERS!!!” and a friendship was born.",2,2025-12-07T05:27:46.000Z,reddit,-0.3582,negative
publix,"Just finna leave this here. It warms my heart to know that we all work soooo hard to get this man his salary!. 🥰🤗

I know this a lil late since he isn't CEO anymore, but it shows the insane compensation disparity. This is from 2023.

https://www.tampabay.com/news/business/2022/12/14/these-are-tampa-bays-20-highest-paid-ceos/",3097,2025-05-23T15:05:37.000Z,reddit,0.63,positive
publix,"The median salary for full-timers is $45,890? What fantasy world is this?! I’ve been FT grocery since ‘08 &amp; I make $10K less than that - at a busy-ass store.",354,2025-05-23T16:05:06.000Z,reddit,0.0,neutral
publix,"They probably factor full-time management into that equation.

Edit: I forgot about warehouse and corporate.",184,2025-05-23T16:11:16.000Z,reddit,0.0,neutral
publix,"That's likely what they're doing. That's $22+ an hour, which is more than most position maxes outside meat cutters in general stores",70,2025-05-23T16:23:49.000Z,reddit,0.0,neutral
publix,This plus that inflated total rewards number they’re starting to send every year..,21,2025-05-23T16:47:29.000Z,reddit,0.6087,positive
publix,They’re factoring every corporate position in this too. Publix isn’t just retail workers we have a whole side of corporate workers as well,16,2025-05-23T17:11:34.000Z,reddit,0.2732,positive
publix,"I would posit that a majority of employees are on the retail side, and most likely part time.",11,2025-05-23T17:12:36.000Z,reddit,0.0,neutral
publix,"They’re probably counting things like health insurance and other things like stocks, not just the actual gross pay itself.",7,2025-05-23T18:43:17.000Z,reddit,0.128,positive
publix,More than likely I’m an assistant bakery manager and they sent me a thing in the mail at the beginning of this year saying I “made 69k with all my stuff combined”. I only make 50k last year,7,2025-05-23T18:48:40.000Z,reddit,0.0,neutral
publix,Assistant only 50k? Wow I thought you guys made more. Publix execs are really siphoning all profit upward,2,2025-05-23T18:51:58.000Z,reddit,0.7884,positive
publix,Brother how? I was full time deli last year and made a little over 40k for the year. $18.10 per hour. I know grocery isn't far off from deli pay scale so this is impossible. You should be maxed out if you started in 2009. You're getting screwed hard at your store or you're lying.,18,2025-05-23T18:46:00.000Z,reddit,-0.8126,negative
publix,that’s what i’m saying. 35k a year in 2025 is absolutely nefarious,11,2025-05-24T04:42:36.000Z,reddit,0.0,neutral
publix,"It probably accounts for corporate positions, as well as management. So if that's the median, exactly half the associates make more and the other half make less.",3,2025-05-23T19:27:40.000Z,reddit,0.2732,positive
publix,Since '09? Only making $35K? Why are you still there?,5,2025-05-23T19:02:18.000Z,reddit,0.0,neutral
publix,"You guys don’t make near 46k with stocks and OT?

![gif](giphy|XCmFwjt9wPotobw1xn|downsized)",3,2025-05-23T18:53:46.000Z,reddit,0.0,neutral
publix,"FT grocery, you should be atleast 17-19/20$ an hr. How are you making 35k a year?",2,2025-05-23T17:27:20.000Z,reddit,0.0,neutral
costco,Executive Members entering Costco at 9am be like…. Felt great to run in and out so quickly without fighting a crowd!,14759,2025-07-22T20:28:49.000Z,reddit,0.776,positive
costco,"Posts that do not follow r/Costco subreddit rules **MAY** be subject to removal. 

**Reminder: No vague non-descriptive post titles or availability questions.**

When applicable, please make sure that you're using a descriptive post title with product name(s) and/or exact question mentioned as it yields better subreddit search results. 

**Including item number, price, and approximate location or region where found is also helpful since product availability can vary.**


*I am a bot, and this action was performed automatically. Please [contact the moderators of this subreddit](/message/compose/?to=/r/Costco) if you have any questions or concerns.*",1,2025-07-22T20:28:52.000Z,reddit,0.9041,positive
costco,"Hahaha!! I feel seen. 

Seriously, I was shocked at how many of my friends with families  that don't have executive memberships. With the executive memberships 2% back, wrapped in with the Costco Visa's generous percent back, we easily pay for our executive membership and get a fat check every year. Frickin love Costco. The early entry is just a cherry on top!",1093,2025-07-22T20:44:44.000Z,reddit,0.9448,positive
costco,"We've already pretty much decided we're only shopping during early hours. In the LA area, there's NEVER a time where Costco's aren't crazy busy, but now between 9 - 10AM.. they're actually bearable!",300,2025-07-22T20:54:40.000Z,reddit,0.4423,positive
costco,"I’m on the other side of the country, but my Costco is empty at 9.  I couldn’t believe it at first.  By 10am, this isle would be packed.  This is a Saturday, BTW.

https://preview.redd.it/3y59dccw2qef1.jpeg?width=1536&amp;format=pjpg&amp;auto=webp&amp;s=5c5612f913023f3f686f2714314a323311df8288",44,2025-07-24T01:10:58.000Z,reddit,-0.296,negative
costco,"Yup. If we know we just need a few goods, we make the drive to the Business Center in Commerce. We’re between Los Feliz, Alhambra, and Burbank, which are never not insanely packed.",24,2025-07-23T04:27:24.000Z,reddit,0.0,neutral
costco,"Antelope Valley needs a business center because Lancaster is always a shit show. I don't know when to go when it's NOT busy. I've been literally at 10 a.m. in the middle of the week and nope, still busy AF.",3,2025-07-24T23:13:57.000Z,reddit,-0.5574,negative
publix,"Luck was on my side this weekend Images:
	https://preview.redd.it/ng84trnt5tqg1.jpeg?auto=webp&amp;s=f0c4136b65c507877f5a8ba014a8adb9d885eadd",2956,2026-03-23T14:50:59.000Z,reddit,0.4588,positive
publix,Someone wasn't paying attention to the scale lol,365,2026-03-23T15:28:16.000Z,reddit,0.4215,positive
publix,"Same! And it’s easy to get the things that people usually hoard, like rotisserie chicken!",7,2025-07-23T04:27:48.000Z,reddit,0.717,positive
publix,"Might have been the sticker that was used to test the printer. 

I did have someone charge me for a single wing once. I even told the cashier but she shrugged and didn't ring it up as 6. I took the win and enjoyed my wings.",9,2026-03-26T06:43:51.000Z,reddit,0.8922,positive
publix,now if they only refunded the difference in coupon items back to the visa within 30 days automagically? bonus.,73,2025-07-22T20:54:56.000Z,reddit,0.5423,positive
costco,Never Forget. The Supreme. It's not OK,14496,2025-10-11T14:25:03.000Z,reddit,-0.5702,negative
costco,"I’d imagine Costco is losing money (aka lower profit) when they do complimentary refunds, so I don’t see why they would make it automatic.

For example, if Costco has an agreement with the vendor to have a lower price in July, but you bought it in June, Costco will sacrifice their margins giving you the difference.

Now there’s the whole “return and rebuy” aspect but most people won’t bother to go through the effort.",45,2025-07-22T20:58:49.000Z,reddit,0.1542,positive
publix,"Why do people do this If you do this….. just know, I have beef with you

Also, if you work at Publix or any grocery store and have gotten carts before, do you also hate when customers do this?",2964,2026-01-31T12:40:11.000Z,reddit,-0.5719,negative
publix,"Am I the only one that feel like they get enough value out of Costco that these tactics are unnecessary? Like maybe on a big ticket item, but saving $4 on a jar of pickles because they went on sale a month after purchase feels dirty.",54,2025-07-22T23:43:59.000Z,reddit,-0.1655,negative
publix,"I would argue that this is a sign. Another cart corral needs to be added somewhere near there. I had this same problem at a Lowe’s and the SM refused to have another added because the lot was already too small a tight… they added one about 3 months after I left and expanded the garden section to take up a whole row of the parking lot

Edit: thanks for the award! 

Edit 2: GUYS. I KNOW PEOPLE ARE LAZY. That’s why I suggest to better design around said laziness. I also understand it’s not full proof, I’ve been to grocery stores myself. But 1 or 2 not correctly placed is better than 7 or 8. It’s the shear number that shows the issue being design, not that cart being out itself.

Edit 3: I do not care about the typos. I’m gonna leave them. I’m human, I make mistakes.",503,2026-01-31T12:47:18.000Z,reddit,-0.4767,negative
publix,"Posts that do not follow r/Costco subreddit rules **MAY** be subject to removal. 

**Reminder: No vague non-descriptive post titles or availability questions.**

When applicable, please make sure that you're using a descriptive post title with product name(s) and/or exact question mentioned as it yields better subreddit search results. 

**Including item number, price, and approximate location or region where found is also helpful since product availability can vary.**


*I am a bot, and this action was performed automatically. Please [contact the moderators of this subreddit](/message/compose/?to=/r/Costco) if you have any questions or concerns.*",1,2025-10-11T14:25:05.000Z,reddit,0.9041,positive
publix,"Hi External_Shoulder_14, I am the bot of r/publix.  My job is to help weed out spam accounts, but sometimes nab real users in the process. Your account is either less than a week old or is an account with negative/low karma, so the AutoModerator has removed your submission. Please message the Mod team for approval. Confused about karma? [A Guide to Reddit Karma](https://www.reddit.com/r/NewToReddit/comments/cncbt1/a_guide_to_reddit_karma/) for more information

*I am a bot, and this action was performed automatically. Please [contact the moderators of this subreddit](/message/compose/?to=/r/publix) if you have any questions or concerns.*",2,2026-03-24T12:37:41.000Z,reddit,0.8205,positive
publix,I think that’s why a lot of people don’t bother.,17,2025-07-22T23:50:28.000Z,reddit,-0.34,negative
publix,We didn’t know what we had until it was gone 😩,492,2025-10-11T14:32:45.000Z,reddit,-0.2732,negative
publix,"Yeah, I always take my carts back. Even if it's a ridiculous chore. But damn there are some cart corral deserts in this world.

The only exception was when I had small children that I couldn't leave for a 200 yard trip haha.",120,2026-01-31T13:22:53.000Z,reddit,0.1336,positive
publix,We see what they're done for others with the bulgogi pizza,94,2025-10-11T15:40:24.000Z,reddit,0.0,neutral
publix,"If you see the return line as a disincentive then you're probably the average customer in this regard.

Discount programs that require labor on your part are designed to give the discount only to the most price sensitive of us, such that it gives them a feeling of pride an accomplishment for ""earning"" a deal.  Most smaller stores set it such that the discount's value proposition is actually negative for most people.",15,2025-07-23T00:05:25.000Z,reddit,0.1531,positive
publix,"I’m one of those people who is obsessive about getting in 10k steps per day, so I have no problem walking the cart back to the store, it triples my steps!",38,2026-01-31T17:08:18.000Z,reddit,0.2296,positive
publix,the WHAT,19,2025-10-11T16:37:09.000Z,reddit,0.0,neutral
publix,That’s not 0.01 lbs. of meat,18,2026-03-23T17:19:54.000Z,reddit,0.0,neutral
publix,"Within 30 days of purchase, you can get a price adjustment if things go on sale. There’s no need to return and rebuy. Just bring the receipt to the special adjustment register that’s off the side of the normal check out lines and wait/ask for an employee to do it. I do consider returning items, especially used, after the 30 day limit with the intention to repurchase to be an unscrupulous hack.",6,2025-07-23T04:55:13.000Z,reddit,0.128,positive
publix,"Just wanted to up vote you bc you're absolutely right. I always take my cart back with the exception of when my children were small and I couldn't leave them in the car unattended that long bc they would freak out. It's not simply about convenience, it's sometimes necessary. I used to get annoyed when people left their carts, but I've become a lot softer about it after being forced to myself bc there ain't a cart corral within 150 feet of the available parking spots.",23,2026-01-31T17:32:31.000Z,reddit,-0.7701,negative
publix,[bulgogi pizza.  ](https://www.reddit.com/r/Costco/comments/1o1k29i/yangae_seoul_korea_costco_food_court_bulgogi/)I need this.,25,2025-10-11T19:25:55.000Z,reddit,0.0,neutral
publix,I hope you bought them all and went through self check out.,231,2026-03-23T15:30:04.000Z,reddit,0.4404,positive
publix,It's things like this that make you think twice about judging ñothers.,6,2026-02-01T05:22:11.000Z,reddit,0.3612,positive
publix,"Holy crap didnt know about the 2% and I've bought sheds, sofas, all sorts defo would have paid for itself. 

Balls.",20,2025-07-22T21:14:37.000Z,reddit,-0.3818,negative
publix,Why would it matter? Publix promise states that if it rings up for the wrong price you get it free,195,2026-03-23T15:39:05.000Z,reddit,0.3818,positive
publix,They need to start opening a world-wide costco in every major city that cycles through the products from costcos all around the world.,3,2025-10-26T01:15:00.000Z,reddit,0.0,neutral
publix,"I parked next to the cart corral when I had small ones with me. Cart usually available right away, quick and easy cart disposal when you're done.",5,2026-02-01T20:34:33.000Z,reddit,0.4404,positive
publix,You Costco doesn't automatically enroll you in it when you buy big ticket items? Mine did luckily,6,2025-07-23T05:08:49.000Z,reddit,0.5106,positive
publix,I miss bulgogi pizza,3,2025-10-12T02:34:15.000Z,reddit,-0.1531,negative
publix,Self checkout keeps the butcher person from getting canned 🤫,247,2026-03-23T15:49:38.000Z,reddit,0.0,neutral
publix,Bulgogi pizza sounds amazing wheres that at,3,2025-10-11T17:41:30.000Z,reddit,0.5859,positive
publix,I work for people who are paralyzed and don't always want to walk all the way back and leave them in a running vehicle for too long. I could just see someone jumping in the can and taking off with them,18,2026-01-31T15:57:25.000Z,reddit,-0.1083,negative
publix,Lol fair,30,2026-03-23T15:51:33.000Z,reddit,0.6249,positive
publix,They would fire him/her over making a mistake on the price of two burgers? jeez.....,25,2026-03-23T16:22:12.000Z,reddit,-0.5859,negative
publix,Jumping in the can? Where are you leaving them?,9,2026-02-01T00:03:43.000Z,reddit,0.0,neutral
publix,"Korea, probably?",7,2025-10-11T18:05:04.000Z,reddit,0.0,neutral
publix,The nearest porta-potty,3,2026-02-01T05:46:53.000Z,reddit,0.0,neutral
publix,Polish dog :'(,11,2025-10-11T20:52:56.000Z,reddit,-0.4939,negative
publix,"I can help it of they is so poor all they can afford is a can on wheels. And yes, I do have to run to catch up with them after I leave them in it with it running",3,2026-02-01T02:19:12.000Z,reddit,0.0538,positive
publix,They certainly wouldn’t be getting promoted over it,72,2026-03-23T16:24:50.000Z,reddit,0.6369,positive
publix,Chopped onions and the deli mustard 😭,3,2025-10-12T04:20:50.000Z,reddit,-0.4767,negative
publix,"Also, I’ve seen several reasons why. A mom with a baby in her arms, an elderly man that has trouble walking, someone with a baby they have placed in the car and don’t want to walk away from. It’s not always that people are lazy. These are just examples of things I’ve seen over the years. Just another perspective🙂",3,2026-01-31T18:55:26.000Z,reddit,-0.2944,negative
publix,Funny the down votes. People approving of someone getting fired over a simple mistake. I own 3 vape shops and if a good employee misrings something and it's not habitual I would never think of firing them. This from the company that charges double what most places charge on a lot of items lol. Great company.,48,2026-03-23T16:55:04.000Z,reddit,0.7674,positive
publix,"Awhile back, a Publix person on here said they can't always have cart corrals in certain spots due to leasing agreements (something like that).  Ours doesn't have corrals anywhere on one side and it's a pain.",28,2026-01-31T13:00:24.000Z,reddit,0.34,positive
publix,The Combo!,1026,2025-10-11T14:27:20.000Z,reddit,0.0,neutral
publix,Why are you overexplaining yourself in response to *downvotes*,5,2026-03-24T17:32:54.000Z,reddit,0.0,neutral
publix,"When I worked at Publix, none of them had cart corrals because the policy was to take every customer out so there was no need for them.",12,2026-01-31T15:56:47.000Z,reddit,-0.3535,negative
publix,"What is even more upsetting is that the combo calzone exists. They have the ingredients to make it, they just won't.",541,2025-10-11T15:14:35.000Z,reddit,-0.5256,negative
publix,Now they don’t ask.,13,2026-01-31T17:49:20.000Z,reddit,0.0,neutral
publix,I believe the combo calzones are pre made,178,2025-10-11T15:18:47.000Z,reddit,0.0,neutral
publix,Those were the days…,6,2026-02-01T01:51:10.000Z,reddit,0.0,neutral
publix,I mean I get it but at the same time if they used frozen veggies on a combo pizza I wouldn't be mad.,111,2025-10-11T15:57:55.000Z,reddit,0.5334,positive
publix,Not over explaining myself because of down votes. Probably explaining my stance instead of one sentence.,4,2026-03-24T17:59:32.000Z,reddit,0.0772,positive
costco,"Enlightenment sold in bulk Saw this on another sub, figured it belongs here",13687,2025-12-18T21:34:29.000Z,reddit,0.0,neutral
costco,"Posts that do not follow r/Costco subreddit rules **MAY** be subject to removal. 

**Reminder: No vague non-descriptive post titles or availability questions.**

When applicable, please make sure that you're using a descriptive post title with product name(s) and/or exact question mentioned as it yields better subreddit search results. 

**Including item number, price, and approximate location or region where found is also helpful since product availability can vary.**


*I am a bot, and this action was performed automatically. Please [contact the moderators of this subreddit](/message/compose/?to=/r/Costco) if you have any questions or concerns.*",1,2025-12-18T21:34:31.000Z,reddit,0.9041,positive
costco,I’m enlightened and proud of it. I wear my full-on Costco outfit right in and stand in front of the pile proudly telling everyone who stops how I rate the fit.,1086,2025-12-18T21:40:20.000Z,reddit,0.8957,positive
costco,Buying clothes and socks at Costco is one level of enlightenment. Buying shoes there is the next level. I wonder how many people buy shoes there like me,301,2025-12-18T22:06:31.000Z,reddit,0.3612,positive
costco,I just took off my pair of Pumas I got at Costco.,108,2025-12-18T22:20:35.000Z,reddit,0.0,neutral
costco,I wish Costco stocked New Balance instead.,57,2025-12-19T01:48:37.000Z,reddit,0.4019,positive
costco,I wear my Hoka’s from Costco 24/7,39,2025-12-19T02:51:01.000Z,reddit,0.0,neutral
costco,Hoka’s?! I need to upgrade my Adidas from Costco stat.,38,2025-12-19T02:59:20.000Z,reddit,0.0,neutral
costco,They used to carry the Clifton. It was sold out instantly.,13,2025-12-19T07:16:45.000Z,reddit,0.0,neutral
costco,Hoka at Costco? Which model? Lead the way sifu,18,2025-12-19T05:47:22.000Z,reddit,0.0,neutral
costco,"...they have some listed on their website.

[Men's shoes](https://www.costco.com/mens-footwear.html)

[Women's shoes](https://www.costco.com/womens-footwear.html)",13,2025-12-19T07:20:01.000Z,reddit,0.0,neutral
costco,Your Costco has Hoka’s??!! LUCKY 😤,8,2025-12-19T04:51:11.000Z,reddit,0.668,positive
costco,"I've never seen Hoka at Costco. I do see a lot of $30 sneakers that make me feel a bit sus about the quality. Maybe they're good, idk. I've bought some shirts and shorts though, fwiw.",3,2025-12-19T11:00:48.000Z,reddit,0.3612,positive
costco,"You can order them online! 😀They have a variety of options. Here is one of the options.

https://preview.redd.it/7xiganq2i58g1.jpeg?width=960&amp;format=pjpg&amp;auto=webp&amp;s=e7da5623fcf9ee518c287e8b810f4b375e6e5688",3,2025-12-19T12:02:30.000Z,reddit,0.4199,positive
costco,I bought the pumas and they the worst shoes I’ve ever owned.,3,2025-12-19T14:00:38.000Z,reddit,-0.6249,negative
costco,"https://preview.redd.it/1iep6ikvud8g1.jpeg?width=554&amp;format=pjpg&amp;auto=webp&amp;s=d08d7e20ffd53a689baef5f0ec2ae6f58efaabac

Predator shoes",2,2025-12-20T16:08:29.000Z,reddit,0.0,neutral
publix,"Your typical Publix Manager Images:
	https://preview.redd.it/yvenc1majzyf1.jpeg?auto=webp&amp;s=03579dedff777563a93167d95b20354582bd7282",2939,2025-11-03T06:21:24.000Z,reddit,0.0,neutral
publix,"My old CSM reminded me exactly of this mf too

https://preview.redd.it/q7y6olpcn1zf1.jpeg?width=606&amp;format=pjpg&amp;auto=webp&amp;s=24382b62c77113928c7cc6be19d1a9aff211cd52",136,2025-11-03T13:27:42.000Z,reddit,0.0,neutral
publix,"This is making the rounds. Legit? Images:
	https://preview.redd.it/xnfvkrxm1h4g1.jpeg?auto=webp&amp;s=31e40f0d7fd0b3ad0696bf00896cd2701462753b",2957,2025-11-30T22:35:10.000Z,reddit,0.0,neutral
publix,This is how I picture every CSTL in my head.,0,2025-11-06T01:54:42.000Z,reddit,0.0,neutral
publix,https://preview.redd.it/ekc2cfbq2h4g1.jpeg?width=719&amp;format=pjpg&amp;auto=webp&amp;s=26cd50a933d336b8fcd675f175ad1bd8be69bcca,368,2025-11-30T22:41:19.000Z,reddit,0.0,neutral
publix,"They either have that or buzz cut, or bald",159,2025-11-03T06:54:12.000Z,reddit,-0.2732,negative
costco,"If only I had the disposable income I would Images:
	https://preview.redd.it/gbnvlcwtbfjf1.jpeg?auto=webp&amp;s=8a10f8f88a46e172b2504c709f7afc0afceeac5a",13477,2025-08-16T18:22:10.000Z,reddit,0.0,neutral
costco,He should have turned around and proposed to the girl who is celebrating.,97,2025-11-30T22:50:47.000Z,reddit,0.5719,positive
costco,Sooo like 90% of guys?,31,2025-11-03T23:32:49.000Z,reddit,0.3612,positive
costco,"Posts that do not follow r/Costco subreddit rules **MAY** be subject to removal. 

**Reminder: No vague non-descriptive post titles or availability questions.**

When applicable, please make sure that you're using a descriptive post title with product name(s) and/or exact question mentioned as it yields better subreddit search results. 

**Including item number, price, and approximate location or region where found is also helpful since product availability can vary.**


*I am a bot, and this action was performed automatically. Please [contact the moderators of this subreddit](/message/compose/?to=/r/Costco) if you have any questions or concerns.*",1,2025-08-16T18:22:14.000Z,reddit,0.9041,positive
costco,i’m saying. “all the male publix managers look like dudes”,5,2025-11-05T04:01:56.000Z,reddit,0.3612,positive
costco,That could have been the coolest moment in history. It may have ended entropy as we know it.,19,2025-12-01T00:27:00.000Z,reddit,0.0,neutral
costco,Opening bid $1.50.,3955,2025-08-16T18:24:49.000Z,reddit,0.0,neutral
costco,"Bald, as I pulled mine out along the way up",1,2026-02-17T02:53:41.000Z,reddit,0.0,neutral
costco,You just taught me a new word 🤯🤣,3,2025-12-01T02:13:58.000Z,reddit,0.4939,positive
costco,"I was at Publix and there was no paper towels by the sink but someone was in the stall. So, I waited and waited and waited and then I noticed the guy in the stall was very tall and he was peeking at me. Well, fuck him I need to blow my nose! So I continued to wait. Oh he had flushed and run the sink btw. So I continue to wait. Long fucking time people. It's awkward cuz I'm just standing there with my nose running. Anyway he finally comes out and it's the Publix store manager. He finally leaves and I blow my nose and split but when I exit the bathroom he's at the end of the hall like waiting for me and as soon as he sees me exit the bathroom he vroom vrooms it on back to whatever he wasn't doing! I don't think I look homeless or like a drug addict but who knows? I think I was wearing a backpack but I can't remember for sure. Anyway, moral of the story is Publix managers are fkn weirdos for sure!",49,2025-11-03T10:40:54.000Z,reddit,-0.6019,negative
costco,Bro looks like Sal Vulcano from impractical jokers,12,2025-11-30T23:56:34.000Z,reddit,0.3612,positive
costco,"Sorry, increments of $1.50 only.",407,2025-08-16T18:28:30.000Z,reddit,-0.0772,negative
costco,"He prob didn’t want you to know that the store manager was taking a shit. So he waited, and waited, and waited… but you won the awkward war.",61,2025-11-03T12:08:41.000Z,reddit,-0.5187,negative
costco,"""Sal, for your punishment, all you have to do is find the woman with the pink backpack and ask her to marry you.""",11,2025-12-01T00:00:05.000Z,reddit,-0.4939,negative
aldi,"Mosi loves his new couch Images:
	https://preview.redd.it/395agn94xtng1.jpeg?auto=webp&amp;s=329ea26e7b33c2c4658410268810cc1460d98b7d",7363,2026-03-08T14:11:35.000Z,reddit,0.5719,positive
aldi,"Posts and comments that don't follow r/aldi subreddit rules may be subject to removal. No Ai. Please see rules for more information. Please no false reports. This comment is completely automated.       


*I am a bot, and this action was performed automatically. Please [contact the moderators of this subreddit](/message/compose/?to=/r/aldi) if you have any questions or concerns.*",1,2026-03-08T14:11:37.000Z,reddit,-0.1895,negative
aldi,TY OP. This is also how i sleep on the couch,665,2026-03-08T14:17:30.000Z,reddit,0.516,positive
aldi,Thank you for the suggestion to post here!,77,2026-03-08T14:18:02.000Z,reddit,0.4199,positive
aldi,"Holy crap….I actually won a gift card from the receipt survey! Cannot believe I actually won this, I just saw a post from someone the other day asking if anyone actually wins these and the next day I got one in the mail!  I am honestly shocked",41940,2025-12-22T22:32:57.000Z,reddit,0.9458,positive
aldi,This would be me on a summer break late afternoon nap then waking up not knowing where I was or what time it was.,50,2026-03-08T14:41:31.000Z,reddit,0.0,neutral
aldi,is this also how you tug your tail ?,5,2026-03-08T15:10:31.000Z,reddit,0.0,neutral
aldi,That cat is a unit!!!,286,2026-03-08T14:39:05.000Z,reddit,0.0,neutral
aldi,r/chonkers,69,2026-03-08T14:46:56.000Z,reddit,0.0,neutral
aldi,r/dechonkers,33,2026-03-08T14:50:55.000Z,reddit,0.0,neutral
aldi,There’s always another cat sub 😆,19,2026-03-08T14:52:31.000Z,reddit,0.3612,positive
aldi,"I thought that was the sub I was looking at, not Aldi",5,2026-03-08T21:50:40.000Z,reddit,0.0,neutral
aldi,Animal abuse.,4,2026-03-08T15:56:27.000Z,reddit,-0.6369,negative
aldi,"Yep. Underrated comment and no idea why you’re being downvoted. The fact people think overweight animals is ‘so cute’, whilst shortening their life span is wild to me. Yeh.. they really love their animals.",14,2026-03-08T19:01:02.000Z,reddit,0.4576,positive
aldi,"Stop reporting the post, holy moly. It's not advertising, it's not a spam post. This is the second person who has actually won the survey gift card, proving it's not a bunch of bunk for feedback. The post is staying up.",1,2025-12-23T08:46:32.000Z,reddit,0.7587,positive
aldi,It infuriated me to see this picture.,2,2026-03-26T04:42:45.000Z,reddit,-0.6124,negative
aldi,Okay people actually win these holy shit. I’m gonna do the survey every time. Congrats!!!,1384,2025-12-22T22:46:15.000Z,reddit,0.7488,positive
aldi,Oh lawd he coming!,16,2026-03-08T16:26:36.000Z,reddit,0.0,neutral
aldi,![gif](giphy|ztx5OISHSwlmLvSetd|downsized),254,2025-12-22T23:50:31.000Z,reddit,0.0,neutral
aldi,Was going to post same r/absoluteunit,11,2026-03-08T15:43:23.000Z,reddit,0.0,neutral
aldi,My ex won an iPad from a KFC survey once... I always complete those surveys now,172,2025-12-23T00:50:38.000Z,reddit,0.5719,positive
aldi,"My dad won a fuckin Xbox from Taco Bell. When you turn it on, it does the bell sound from their commercials lol.",378,2025-12-23T00:56:12.000Z,reddit,0.7579,positive
aldi,omg that’s awesome,94,2025-12-23T01:15:24.000Z,reddit,0.6249,positive
aldi,"The worst part is this man barely used it, like I think he used it to watch Netflix and occasionally my nephew would game on it whenever he was over at his house... I might have to see if I can steal it from him lol",70,2025-12-23T02:25:52.000Z,reddit,-0.5046,negative
aldi,You definitely should bc that sounds awesome lol its cool it makes the taco bell noise,46,2025-12-23T02:42:56.000Z,reddit,0.8979,positive
aldi,I feel like a collector would pay extra for that.,39,2025-12-23T03:56:52.000Z,reddit,0.2732,positive
aldi,"Yes i would, and smile ear to ear. While drinking a baja blast ofc.",28,2025-12-23T08:31:53.000Z,reddit,0.6369,positive
aldi,"Dude Thats probably super collectible to the right person, might be worth looking into if it’s worth a few thousand sell it and get a new model

Edit: either way though Thats really cool, the bell sound.",9,2025-12-24T18:59:15.000Z,reddit,0.8516,positive
aldi,"yep i had a friend years ago that won one of those from them.

a few months ago one of my mother's coworkers, her son won like 50k or 100k off a $2 scratch-off ticket from a gas station in our small rural town. so, it happens.",34,2025-12-23T02:34:28.000Z,reddit,0.936,positive
aldi,A lady at my job won $50k from Publisher's Clearing House before the pandemic. The prize patrol showed up there with a giant fake check and a camera crew.,30,2025-12-23T02:43:17.000Z,reddit,0.5994,positive
aldi,holy crap had no idea that was still a thing,22,2025-12-23T03:06:30.000Z,reddit,-0.5859,negative
aldi,"Later on, this all involved fraud, didn't it?",2,2025-12-23T07:15:38.000Z,reddit,-0.5859,negative
aldi,Every day we drift further from god Was out shopping with the significant other when we walked passed this abomination. We laughed about how absurd of a combination it was. Like who thought this was a good idea and how many other people had to pretend it was good for it to end up on the shelves? As a prank we bought it and ate it in one sitting,7214,2026-04-17T19:28:18.000Z,reddit,0.9153,positive
aldi,"Posts and comments that don't follow r/aldi subreddit rules may be subject to removal. No Ai. Please see rules for more information. Please no false reports. This comment is completely automated. Your post has not been removed. This automated comment appears on all posts.        


*I am a bot, and this action was performed automatically. Please [contact the moderators of this subreddit](/message/compose/?to=/r/aldi) if you have any questions or concerns.*",1,2026-04-17T19:28:21.000Z,reddit,-0.1895,negative
aldi,Adding 7 Up or Sprite to cake mix is a pretty common thing.,3179,2026-04-17T19:32:42.000Z,reddit,0.4939,positive
aldi,"We had to make sure so we ate it in one sitting. Nothing happened so we got another, then another. Anyways long story short these are delicious and I'm banned from my local Aldi, if anyone can spare a cake or two",1432,2026-04-17T19:58:14.000Z,reddit,0.4588,positive
aldi,"If you are a cake connoisseur like me and like coconuts, try this

https://www.justapinch.com/recipes/dessert/cake/coconut-creme-better-than-sex-cake-2.html",177,2026-04-17T20:06:50.000Z,reddit,0.6124,positive
aldi,Coconuts are solid! Just tried making it but I'm not sure it turned out right? https://imgur.com/a/CXjE7HZ,170,2026-04-17T20:19:19.000Z,reddit,-0.3474,negative
aldi,Found on TikTok We need more content like this.,7070,2025-10-27T22:02:26.000Z,reddit,0.4173,positive
aldi,It looks like you made the 7up cake again,75,2026-04-17T20:31:57.000Z,reddit,0.3612,positive
aldi,I love these posts. My family suffers from “can’t think of any meal besides the four that we have had on rotation for the past ten years” syndrome,1991,2025-10-27T22:28:45.000Z,reddit,0.2732,positive
aldi,Check out “recession chef” on TikTok and Instagram. He shows these kind of meals and how to prepare them,318,2025-10-27T23:26:18.000Z,reddit,0.0,neutral
aldi,You got me,35,2026-04-17T20:32:22.000Z,reddit,0.0,neutral
aldi,Him and Townsends on some of the Victorian era recession food for some real old school struggle meals.,74,2025-10-27T23:37:26.000Z,reddit,-0.6249,negative
aldi,Lines After Self-Checkout Removal These lines with only 2 cashiers are driving me crazy 😩😩 does anyone know why they removed self-checkout? Too much theft?,6346,2025-10-13T18:07:17.000Z,reddit,-0.7149,negative
aldi,*angrily upvotes*,33,2026-04-17T23:17:42.000Z,reddit,-0.4215,negative
aldi,We discovered Townsends last night with their Forgotten  Hot Drinks of History video and ended up having tea before bed last night 😅 immediate subscribe.,40,2025-10-28T01:10:57.000Z,reddit,0.1531,positive
aldi,"&gt;  Victorian era recession food

example?",9,2025-10-28T02:43:55.000Z,reddit,-0.4215,negative
aldi,Haaa same,6,2026-04-18T00:04:01.000Z,reddit,0.0,neutral
aldi,I live in an area where we never got self checkout. The cashiers go so fast and set up the next line to call for backup and the crowds die down rather quickly,2018,2025-10-13T18:20:07.000Z,reddit,-0.5994,negative
aldi,"For example, one kind of big deal is meat and soup/stew. You were able to feed more people nutrients by putting meat into a soup or stew than you were able to by giving cooked meat. This was mostly because you got a broth that had some nutrients in it that could be shared with more people.

Beans, grains, soups, and breads. Even covering the shortage of wheat in England leading to using potatoes and other grains for breads because flour was too expensive. Of course they also used a bit of ash and maybe sawdust too, but yeah.",26,2025-10-28T03:37:39.000Z,reddit,0.5719,positive
aldi,From my experience aldi cashiers are very fast and efficient.   It’s usually the customers that slow it down.,979,2025-10-13T19:30:31.000Z,reddit,0.4703,positive
aldi,"Yep, like waiting until the cashier's done ringing everything up to dig around in their wallet or purse for their credit card. Like, you couldn't have had that ready to go?  Or God forbid dig around for their money if they're paying cash.",313,2025-10-13T20:21:21.000Z,reddit,0.8779,positive
aldi,"Not just ready to go, it can be scanned before the cashier is done.",141,2025-10-13T20:35:43.000Z,reddit,-0.2755,negative
aldi,"Oh, maybe this bread contains alum and chalk,

Or sawdust chopped up very fine,

Or gypsum in powder about which they talk,

Terra alba just out of the mine.

And our faith in the butter is apt to be weak,

For we haven’t a good place to pin it

Annato’s so yellow and beef fat so sleek,

Oh, I wish I could know what is in it?

-government food chemist Harvey Wiley",10,2025-10-28T15:40:32.000Z,reddit,0.7645,positive
aldi,"Ah the more things change, the more they stay the same.",4,2025-10-28T15:44:51.000Z,reddit,0.0,neutral
aldi,"when i was a cashier it made me so mad when people did that. now, if i make a mistake it involves a refund rather than just taking it off the computer",66,2025-10-13T21:30:02.000Z,reddit,-0.7591,negative
aldi,"Beans and rice(at least nowadays, back then they didn't know rice was the king of caloric efficiency) are the O-mothafuckin-G of sustenance in poverty.",6,2025-10-28T16:48:13.000Z,reddit,-0.2023,negative
aldi,The cashiers by me tell people to swipe while they’re scanning…,63,2025-10-13T21:36:44.000Z,reddit,0.0,neutral
aldi,"A big part of that is because you get all the essential amino acids when you mix rice and beans.

Rice is low in the amino acid lysine, while beans are low in the amino acid methionine. The two foods complement each other's amino acid profiles.",3,2025-10-30T13:30:14.000Z,reddit,-0.4939,negative
aldi,Okay I nearly spit my food out laughing 🤣,11,2026-04-18T00:02:19.000Z,reddit,0.8074,positive
aldi,50% of the customers just stare at you when you tell them that and don’t do it. It’s like there’s a spot on the floor that puts them into sleep mode.,7,2025-10-14T10:56:19.000Z,reddit,0.3612,positive
aldi,"Yep!

I like stuffed cabbage as a poverty dinner too. Pound of beef, 1/2 cup of rice to stretch it out, diced tomatoes, and some salt and pepper mixed together. Boil a cabbage, trim the stem out, put the mix in the leaf, roll it, and put it in a pan. Pour more diced tomatoes on top and make sure the liquid coats the bottom of the pan, cover, and bake.",2,2025-10-28T16:54:06.000Z,reddit,0.5848,positive
aldi,Similar to the Polish gołąbki.,2,2025-10-30T13:31:59.000Z,reddit,0.0,neutral
aldi,"I used to work at blockbuster.   On a Friday night the line was easily 20-30 minutes.  If someone got to the front and had to dig in their purse or flip through their wallet, I would take the next person.   I know you can’t do that at the grocery store, but it rarely happened twice to the same person.",56,2025-10-13T21:47:59.000Z,reddit,0.4854,positive
aldi,![gif](giphy|wR7LHlfuRUjHW|downsized),2,2026-04-19T01:48:19.000Z,reddit,0.0,neutral
aldi,It should be roughly the same. My godmother showed me and she's Polish.,2,2025-10-30T14:15:29.000Z,reddit,0.0,neutral
aldi,And look what your vigilante line justice did to blockbuster..,110,2025-10-14T01:11:22.000Z,reddit,0.8074,positive
aldi,"I absolutely love Townsends. I found Tasting History through them as well, which is awesome.",3,2025-10-30T13:26:05.000Z,reddit,0.8932,positive
aldi,"Ha! I found a handwritten copy of my late grandmother’s recipe for this. She did include the pineapples. She was pretty buttoned up so I had to laugh at her writing out “better than sex” - I wonder if she was scandalised, or if she thought it was funny. Thanks for bringing up this memory :)",45,2026-04-17T21:05:38.000Z,reddit,0.9422,positive
aldi,Hahahaha!!!,28,2025-10-14T01:24:50.000Z,reddit,0.0,neutral
aldi,"Man same exact thing with my grandma, she made a cook book also and I just found the recipe! She was so nice and tiny but she could cook better than anyone and don’t piss her off cause she was a dead shot on anything under 260 yds lol",16,2026-04-17T22:14:40.000Z,reddit,-0.2344,negative
aldi,Dollar Tree Dinners as well.,35,2025-10-28T00:36:33.000Z,reddit,0.2732,positive
aldi,I’ll never forgive you 🥲,16,2025-10-14T02:07:21.000Z,reddit,-0.2057,negative
aldi,This just made me so nostalgic. I wish for those days again.,30,2025-10-13T22:44:44.000Z,reddit,0.4522,positive
aldi,"i use to work at hollywood video, man i wish i worked at blockbuster because they made us wear stupid bow ties and white shirts that were a pain to keep clean.",19,2025-10-13T23:35:40.000Z,reddit,0.3818,positive
aldi,That’s my greatest fear. Not being ready when it’s my turn in line.,4,2025-10-14T14:00:56.000Z,reddit,-0.0284,neutral
aldi,"Not sure of your POS system but most don't required that unless you've tendered it already. If you're still scanning, you cant tender.",11,2025-10-13T22:14:18.000Z,reddit,0.0693,positive
aldi,"I bought it for my granddaughter… ….but my furry son had to demonstrate it.  

I may have to find another one!",6249,2026-02-22T20:00:00.000Z,reddit,0.0,neutral
aldi,"Posts and comments that don't follow r/aldi subreddit rules may be subject to removal. No Ai. Please see rules for more information. Please no false reports. This comment is completely automated.       


*I am a bot, and this action was performed automatically. Please [contact the moderators of this subreddit](/message/compose/?to=/r/aldi) if you have any questions or concerns.*",1,2026-02-22T20:00:00.000Z,reddit,-0.1895,negative
aldi,Is your cat the granddaughter?,618,2026-02-22T20:03:22.000Z,reddit,0.0,neutral
aldi,😂 no He isn’t lol he is my SON 🥹,532,2026-02-22T20:26:05.000Z,reddit,0.5423,positive
aldi,So you have a kitten in the house? Its for a grand cat?,129,2026-02-22T20:27:18.000Z,reddit,0.5204,positive
aldi,"No, it’s for the human granddaughter! But Inky seems to think it’s for him.  
The human baby is not walking yet, so she doesn’t mind.",166,2026-02-22T20:34:09.000Z,reddit,0.0,neutral
aldi,OMG INKY THATS PRESH,15,2026-02-24T09:45:05.000Z,reddit,0.0,neutral
aldi,"He’s going to recruit the granddaughter. Signs of conversion include meowing, sprouting of tail, destruction of property and a neverending desire for treats.",46,2026-02-22T23:29:31.000Z,reddit,-0.25,negative
aldi,MeeMeow will keep her eyes open for signs 👀 🔍,26,2026-02-22T23:31:32.000Z,reddit,0.0,neutral
aldi,At least they’re union though. The Catsters have that good Nine Lives health insurance.,16,2026-02-22T23:32:16.000Z,reddit,0.4404,positive
aldi,That Always On Your Feet™️ guarantee really gives you peace of mind.,14,2026-02-22T23:35:04.000Z,reddit,0.6969,positive
aldi,"Found a nice ad from Aldi in the newspaper Images:
	https://preview.redd.it/g5nq3lsnw3sg1.jpeg?auto=webp&amp;s=3699f0056afab920c9a8e93da006ab5bde5c378b",5053,2026-03-30T04:03:21.000Z,reddit,0.4215,positive
aldi,Paws! Four paws of claws!,10,2026-02-22T23:35:37.000Z,reddit,0.0,neutral
aldi,"Mods have pinned a [comment](https://reddit.com/r/aldi/comments/1s7g9z2/found_a_nice_ad_from_aldi_in_the_newspaper/od983ar/) by u/enderjaca:

&gt; For those who don't get it, this is a fake ad in The Onion paper which is well known for being satire. 

**Note:** This is marked humor- allowed

^([What is Spotlight?](https://developers.reddit.com/apps/spotlight-app))",1,2026-03-30T15:11:23.000Z,reddit,0.0258,neutral
aldi,Your son is perfect.,23,2026-02-23T01:13:20.000Z,reddit,0.5719,positive
aldi,"For those who don't get it, this is a fake ad in The Onion paper which is well known for being satire.",1783,2026-03-30T04:23:59.000Z,reddit,-0.25,negative
aldi,He truly is 🖤,14,2026-02-23T01:30:26.000Z,reddit,0.7964,positive
aldi,It should be a first glance type of thing. There is 0% chance that Aldi would use that language or tone.,324,2026-03-30T07:41:25.000Z,reddit,0.25,positive
aldi,"Dude it took years going from people assuming so much shit to people being hated on for assuming too much shit, and that's good but I don't want to go back to that time where people are simply supposed to assume shit and if they assumed wrong, they're laughed at and ridiculed.

Why can't pics like the OP not at least include the logo of the paper?",60,2026-03-30T12:26:30.000Z,reddit,-0.9492,negative
aldi,Purrfect. Fixed it for you.,6,2026-02-23T17:29:38.000Z,reddit,0.0,neutral
aldi,Eye spy someone who isn’t supposed to be here Guessing Aldi and Walmart uncrustables are made in the same place! Had to do a double take when Tetrising our groceries in the freezer.,4899,2025-12-13T02:10:55.000Z,reddit,0.0,neutral
aldi,"Posts and comments that don't follow r/aldi subreddit rules may be subject to removal. Please see rules for more information. This comment is completely automated.       


*I am a bot, and this action was performed automatically. Please [contact the moderators of this subreddit](/message/compose/?to=/r/aldi) if you have any questions or concerns.*",1,2025-12-13T02:10:58.000Z,reddit,0.5574,positive
aldi,"Yeah, the OP's just trying to be cute by saying 'the newspaper' instead of 'the Onion.' By 'cute' I apparently mean 'deliberately confusing.'",22,2026-03-30T19:57:58.000Z,reddit,0.743,positive
aldi,That is your son’s shopping cart now. You must buy another for your granddaughter.,6,2026-02-23T22:39:07.000Z,reddit,0.0,neutral
aldi,"Yeah why should this ""person"" above me have to read more than a headline or look at more than 1 picture to get the full story! 

If it can't fit in more than 1 sentence or 1 picture then why bother!",-2,2026-03-30T13:53:31.000Z,reddit,-0.3249,negative
aldi,It seemed...out of character for sure,6,2026-03-30T13:58:55.000Z,reddit,0.3182,positive
aldi,"Yogurt is mostly Chobani. (I'm in the deep South but have used USDA codes to check.)

[https://www.whereismymilkfrom.com/](https://www.whereismymilkfrom.com/)

Anyone can easily check dairy and see who (usually local) is supplying your goods.",407,2025-12-13T02:20:46.000Z,reddit,0.4767,positive
aldi,Can confirm it's chobani :) Family member works for them.,176,2025-12-13T02:35:29.000Z,reddit,0.4588,positive
aldi,Actually they do snarky and silly social media posts sometimes,2,2026-03-31T14:33:56.000Z,reddit,0.0258,neutral
aldi,Don’t worry. Someone on Facebook will post their outrage instead of doing the most minimal of research.,87,2026-03-30T08:16:10.000Z,reddit,-0.7351,negative
aldi,Which ones? I've never liked any aldi brand yogurts I've tried but I like chobani.,63,2025-12-13T03:16:37.000Z,reddit,0.3786,positive
aldi,Erika Kirk is going to try and sue them for slander,43,2026-03-30T11:16:19.000Z,reddit,0.0,neutral
aldi,"I'll ask for the full list, but I know for sure the plain whole milk  is.

Edit- it's plain and strawberry blended :)",95,2025-12-13T03:18:53.000Z,reddit,0.7876,positive
aldi,Nice one!,4,2026-03-30T12:37:41.000Z,reddit,0.4753,positive
aldi,Interesting !!!!,9,2025-12-13T04:41:44.000Z,reddit,0.5951,positive
aldi,oh boy i can't wait to see a fool and their money part ways some more,1,2026-03-31T05:24:52.000Z,reddit,-0.4404,negative
aldi,You can check via the USDA codes but I've tracked for months and months the whole milk reg Aldi and it's 100% Aldi and I've even done both blind tasting and made my own yogurt from both as starter culture.,7,2025-12-13T05:06:03.000Z,reddit,-0.5499,negative
aldi,"That is hilarious but even if it wasn’t, I wouldn’t be offended because I know Aldi isn’t talking to me 🙂‍↔️ I never mocked them!",6,2026-03-30T18:33:48.000Z,reddit,0.6854,positive
aldi,More than likely the Specialty Selected yogurts.,3,2025-12-13T04:43:01.000Z,reddit,0.0,neutral
aldi,Oh I just commented that I suspected this! Aldo yogurt always seemed to have that Chobani quality to me. Cool to have it confirmed.,37,2025-12-13T03:35:13.000Z,reddit,0.1759,positive
aldi,Their ads have been the best part of the restarted newspaper.,3,2026-03-30T20:24:44.000Z,reddit,0.6369,positive
aldi,"I got on a kick off checking my milk codes for a few years. It is absolutely interesting to see where it’s coming from, and while traveling seeing who does or doesn’t seem to have their own milk. 

The milk at my ALDI, Walmart and Target are all exactly the same codes. They have the same code as a larger more local and more expensive brand as well. 

The butter codes were all the same as well and included Costco. I haven’t bought butter at Sam’s. But both Sam’s and Costco have milk codes from another state, so I always get milk from elsewhere.",9,2025-12-13T14:22:13.000Z,reddit,0.476,positive
aldi,Is it? Because that must mean the onion has permission to use Aldis IP,1,2026-03-31T04:25:37.000Z,reddit,0.0,neutral
aldi,That's a shame.  [Chobani recently entered a partnership with Ivanka T's company.](https://www.usatoday.com/story/money/food/2025/09/24/chobani-boycott-planet-harvest-controversy/86328106007/),7,2025-12-13T14:48:05.000Z,reddit,-0.4767,negative
aldi,"24/7, 365",2,2025-12-13T19:06:12.000Z,reddit,0.0,neutral
aldi,Yogurt is mostly from new york iirc,6,2025-12-13T04:18:09.000Z,reddit,0.0,neutral
aldi,Does this include the moo tubes?,2,2025-12-13T10:21:05.000Z,reddit,0.0,neutral
aldi,"Feeling grateful Last year I got this quarter keychain at Aldi to keep my quarter in for my weekly shopping trips. I keep it in my car so it is there when I need it. I went shopping on Friday and between putting my cart away and going to my car, I dropped it. Didn't realize until I got home. This morning I went back to the Aldi to see if I could find it. I had no luck and figured I would ask an employee if someone turned it in. Something told me that the type of shopper at Aldi would turn it in. I asked the employee if someone turned in a keychain and after describing it, he went to the cash register and pulled this out. Some kind person turned it in instead of keeping it for themselves. I do not know who turned it in, but I am thankful and it restores my faith in humanity a bit.",4107,2026-02-28T20:18:29.000Z,reddit,0.9195,positive
aldi,"Posts and comments that don't follow r/aldi subreddit rules may be subject to removal. No Ai. Please see rules for more information. Please no false reports. This comment is completely automated.       


*I am a bot, and this action was performed automatically. Please [contact the moderators of this subreddit](/message/compose/?to=/r/aldi) if you have any questions or concerns.*",1,2026-02-28T20:18:31.000Z,reddit,-0.1895,negative
aldi,"This absolutely tracks. 

Aldi people are definitely the ""oh hey I found this on the ground I should turn it in"" kind of people.",662,2026-02-28T20:26:08.000Z,reddit,0.4019,positive
aldi,And also the this is my Aldi quarter and it’s lucky kind of people. Which is cute lol,111,2026-02-28T21:26:35.000Z,reddit,0.8225,positive
aldi,We haven’t been to Aldi yet. Do you get your same quarter back?,14,2026-03-01T02:59:21.000Z,reddit,0.0,neutral
aldi,"It depends.   At my Aldi, the checkout has an empty cart ready to put your scanned groceries in. When you're done you take the other, filled cart and leave your original, now empty cart behind.  
But you do keep your cart if you opt for self checkout.",23,2026-03-01T03:50:28.000Z,reddit,0.128,positive
aldi,Yes it goes into the cart you use so when you take it back it pops your quarter back out.,9,2026-03-01T03:26:12.000Z,reddit,0.4019,positive
aldi,That’s so cool! Thanks!,6,2026-03-01T03:39:58.000Z,reddit,0.7473,positive
aldi,Unless you pay it forward to someone who doesn't have a quarter or looks like they're having a rough day :-),22,2026-03-01T05:11:55.000Z,reddit,0.5267,positive
aldi,"Yes I do this especially if it’s their first time and they don’t know. Or if i’m using the cart and im walking back to put it away but someone else is walking in, they will give me their quarter and i give them my cart lol",14,2026-03-01T06:05:39.000Z,reddit,0.6757,positive
aldi,Yesss I’m more this type than the lucky quarter type. My partner works at Aldi and has a lot of customers with lucky quarters so I know they’re out there,6,2026-03-01T12:58:12.000Z,reddit,0.6808,positive
aldi,"&gt;Unless you pay it forward to someone who doesn't have a quarter or looks like they're having a rough day :-)

This is the Aldi people way. 

I've lost a handful of Aldi Quarters this way over the years and I'll keep doing it. A parent with their hands full trying to get kids to a cart without one of them running off, someone who just needs a hand, people who are unfamiliar with the Aldi Quarter ways and don't have one, etc.",6,2026-03-01T16:27:25.000Z,reddit,0.6486,positive
aldi,This is what I do every time I go. I just leave it in the cart.,4,2026-03-01T13:17:20.000Z,reddit,-0.0516,negative
aldi,It’s my daughter’s favorite when someone “gifts” us a cart.,2,2026-03-06T16:30:08.000Z,reddit,0.4588,positive
aldi,"I rotate between Aldi, Publix, and my local International market for most of my groceries. Aldi is my absolute favorite. Over the years I've encountered the kindest strangers at Aldi.",13,2026-03-01T02:46:05.000Z,reddit,0.4588,positive
aldi,Some lady hit my mom with her cart at Aldi lol the type of shopper may be locational.,1,2026-03-05T15:38:01.000Z,reddit,0.4215,positive
aldi,"I tried an Aldi mango bar and blacked out I grabbed a box of these popsicles from Aldi the other day, thinking they’d just be… fine. You know, something cold to gnaw on while I contemplated why I exist and convince myself this is better than eating Oreos at 11PM. 

I took one bite and immediately had to sit down. It wasn’t just “mango flavored.” No. It was as if Aldi had hired a team of angels to hand press the very concept of joy into frozen form and then said, “Yeah, we’ll sell these for like $3.”

My taste buds went through all five stages of grief in under 30 seconds. Denial (this can’t be that good), anger (why didn’t anyone tell me?), bargaining (I’ll never eat chips again if I can keep these in stock), depression (realizing the box only has four bars), and acceptance (that I now have a new personality centered around Aldi mango bars).

If by the highly likely chance, you see me standing in the frozen aisle at Aldi with a crazed look in my eye and 12 boxes in my cart, mind your business.",4565,2025-09-17T06:49:42.000Z,reddit,0.8896,positive
aldi,One of the few products left that doesn’t use Stevia or Sucralose. Thanks!,561,2025-09-17T12:46:29.000Z,reddit,0.4926,positive
aldi,"Thanks, I was wondering about that. So many things I can't eat due to that.",101,2025-09-17T12:51:58.000Z,reddit,0.4404,positive
aldi,"Same- just found out Liquid IV, even the sugared version also uses stevia.",50,2025-09-17T12:54:03.000Z,reddit,0.0,neutral
aldi,They are putting it in everything now. Sucks. So many things I can't eat anymore.,41,2025-09-17T14:46:20.000Z,reddit,-0.3612,negative
aldi,"Ugh yep. Allergic to sucrulose and it's in everything. I found dill pickles with that in them, like why??",28,2025-09-17T21:24:12.000Z,reddit,-0.168,negative
aldi,"Same, it's wild the stuff they put it in. Things that don't even need sweeteners. I found I am ok with Munkfruit in tiny amounts. (by accident of course). But almost everything else, I get hives within an hour.",11,2025-09-17T21:50:11.000Z,reddit,-0.1154,negative
aldi,Even the chili Doritos use it!! Like wtf,2,2025-09-18T13:38:19.000Z,reddit,-0.4374,negative
aldi,"Found that out recently as well, $33 wasted. Found a replacement with sugar only from Skratch Labs, quite refreshingly tasty instead of sickeningly sweet salty vileness.",2,2025-09-18T23:14:25.000Z,reddit,-0.296,negative
aldi,"Why, whats wrong with stevia?",18,2025-09-17T17:54:35.000Z,reddit,-0.4767,negative
aldi,"Can’t speak to everyone else, but I personally not only hate the taste and can always taste it, but I actually have a sensitivity to it and it actually makes me itchy and nauseous.",64,2025-09-17T19:41:28.000Z,reddit,0.3285,positive
aldi,"Do you happen to have a ragweed pollen allergy? Stevia is known to be cross-reactive with that, and for that reason it *really* needs to be listed in allergen information but for some reason they've skated by without a required disclosure.",12,2025-09-19T07:07:55.000Z,reddit,0.0,neutral
aldi,I had no idea about this correlation and am allergic to both. THANK YOU!!🙏,4,2025-09-21T04:50:18.000Z,reddit,-0.1904,negative
aldi,Stevia gives me terrible pressure headaches. I avoid it like the plague.,3,2025-09-20T05:13:33.000Z,reddit,-0.6124,negative
aldi,a lot of people get diarrhea/bloating etc from sweeteners,30,2025-09-17T20:03:46.000Z,reddit,0.0,neutral
aldi,My body bloats and I have a pretty severe ibs reaction to it and other artificial sweeteners,9,2025-09-17T23:45:21.000Z,reddit,0.1531,positive
aldi,Pet hats in the Aldi Finds aisle today! He loves his new hat!!,2924,2025-06-22T01:05:21.000Z,reddit,0.6784,positive
aldi,"https://preview.redd.it/2sw0kifesd8f1.jpeg?width=1170&amp;format=pjpg&amp;auto=webp&amp;s=eceb9f35435d39499dae3c68c76f775a8051ef38

Omg how cute! Here’s my girl with one they had a few years ago. She absolutely hated it 😂",211,2025-06-22T01:26:53.000Z,reddit,0.1776,positive
aldi,That LOOK!🤣😂,29,2025-06-22T02:30:14.000Z,reddit,0.75,positive
aldi,Can't blame her. No one likes anything under their chin.,17,2025-06-22T04:24:13.000Z,reddit,0.1511,positive
aldi,"I worked 19 years for a real estate development company before I retired.  If I had to wear a suit and tie every work day, it would have felt like 190 years.",11,2025-06-22T05:18:26.000Z,reddit,0.3612,positive
aldi,"A Message from My 80+ Year Old Dad to Aldi Corporate My boomer parents are ShopRite people. They don't shop Aldi much. But this past week I have been telling them how good the Aldi frozen cooked mussels are. 

Side note, I'm a rabid Aldi fan. I love everything about their no-nonsense business model.

So my dad finally ventured into the Aldi in his part of the state to pick some up. He and my mom reported back with a mostly positive review. They liked the mussels.

Then at Christmas my dad said about his Aldi experience, ""I have never seen people working in a supermarket running around like maniacs the way they do.""

I said yes, I brought our Aldi workers some Christmas cookies because I feel like they probably don't get many treats and they work their butts off.

And my dad said, why do they do that?? and I said because Aldi operates on the bare minimum staff.

He said why! That doesn't seem right, and I said well that's just how they  keep prices low. Employees are timed for productivity and how many sales they ring up.

Then my old Italian father looked at me very seriously and said:

""This is not healthy. Tell them it's not healthy for the people who work there.""

I said, maybe you should write a letter and send it to corporate.

I guess I could try to do that myself. But it would be a pretty big project to try and figure out who send a letter to.

So, I just will tell the internet. 

My 80+ year old dad is now concerned about the health of people who work at Aldi. 

Does the current business model factor in unexpected, everyday chaos? Or can that be padded some way to help the employees endure less stress at the stores?

I doubt that Aldi Corporate folks hang out on Reddit. But if you do, please consider this suggestion.

Perhaps just one more, gopher type employee at each store would help lighten the load for all.",3992,2025-12-25T13:03:46.000Z,reddit,0.9803,positive
aldi,"Posts and comments that don't follow r/aldi subreddit rules may be subject to removal. Please see rules for more information. This comment is completely automated.       


*I am a bot, and this action was performed automatically. Please [contact the moderators of this subreddit](/message/compose/?to=/r/aldi) if you have any questions or concerns.*",1,2025-12-28T14:44:15.000Z,reddit,0.5574,positive
aldi,Ohhhhh my goodness!!,1,2025-06-25T23:34:32.000Z,reddit,0.555,positive
aldi,"I know the workers are rarely doing nothing but it hasn't been my experience to see them ""running around like maniacs"".",948,2025-12-25T13:19:18.000Z,reddit,0.1154,positive
aldi,https://preview.redd.it/1zu8kqao2e8f1.jpeg?width=4284&amp;format=pjpg&amp;auto=webp&amp;s=c09816312b0dc9cd98546555a12676bb1484812b,115,2025-06-22T02:23:24.000Z,reddit,0.0,neutral
aldi,"Aldi worker for over 4 years here, we’re definitely running around like maniacs our entire shift 😴

Bless your dad OP!",1154,2025-12-25T13:41:02.000Z,reddit,0.7263,positive
aldi,The Cat in a Hat!,23,2025-06-22T02:37:43.000Z,reddit,0.0,neutral
aldi,"I think some employees are just really good at looking calm under pressure. I've always assumed that y'all are like us nurses - maniac in your head, chill on the outside.",326,2025-12-25T15:06:13.000Z,reddit,0.4005,positive
aldi,your cat looks so polite,13,2025-06-22T15:04:58.000Z,reddit,0.0,neutral
aldi,"As a former Aldi employee, I never really felt that way. Once you’re there for a bit, it becomes very routine, which is one of the things I loved about the job.

Ever since I left my weekly steps and activity have plummeted, unfortunately. I lost like 10 pounds working there, but I loved that about the job. Very physical (especially as an opener) and you really do have to keep moving, but it’s the minor efficiencies that add up over time and you can sort of slow down but still get things done on time or faster. 

I don’t think it’s the kind of job for passive people, generally. It’s great for doers and for people who enjoy the manual and physical aspects of labor, and who have a decent bit of common sense. 

They also pay above average for the industry, post everyone’s pay publicly so that it’s kept fair, and give raises to keep up with inflation. By 6 months I was slated for $19/hr after starting at $17.50, *as a part time opener*. That $19/hr was on par with some supervisor positions at other local stores, and the $17.50 surpassed all other starting pay rates locally. 

I know I sound like a shill, but I genuinely enjoyed my time at Aldi and if I were to quit teaching for any reason, I’d go right back to Aldi (and fortunately, I know they’d hire me on the spot).",241,2025-12-25T15:21:07.000Z,reddit,0.9856,positive
aldi,I need it. My cat will hate it,111,2025-06-22T01:16:22.000Z,reddit,-0.5719,negative
aldi,Truly one of the most cat owner things to say,30,2025-06-22T03:45:48.000Z,reddit,0.4404,positive
aldi,"I left towards the end of 2021 when it was clear it was going down that path too. That combined with our SM changing (our original SM had been amazing and got offered a flagship store), the leadership structure changing and all shift managers leaving, our then-new SM being incapable of running a busy store, and the two remaining veteran employees trying to keep everything afloat because the newer employees refused to do their share and we had to keep fixing their messes (one guy always took *eight hours* to do freezer and still left half of it not done)... 

That terrible SM did get fired shortly after the two of us left, though, which was great to hear after having our issues ignored (by the DM too) for so long. 🤭",36,2025-12-25T18:33:44.000Z,reddit,0.8874,positive
aldi,Mine will like it just as much as they like that cat exercise wheel I bought them 2 months ago. Untouched.,5,2025-06-22T16:29:10.000Z,reddit,0.6124,positive
aldi,"I’m speaking locally, of course, not for every single Aldi in the nation.",11,2025-12-25T20:46:54.000Z,reddit,0.0,neutral
aldi,"This is me hahahah 

My fiance and I have 2 cats and I think one will at least let me put it on him and be nonchalant, and the other one will probably run away and absolutely hate it 😂😂",2,2025-06-23T19:54:44.000Z,reddit,0.204,positive
aldi,When was that. My company pays that much with advancement and bonus opportunities.,6,2025-12-25T16:27:17.000Z,reddit,0.7269,positive
aldi,Like… September?,4,2025-12-25T20:45:32.000Z,reddit,0.0,neutral
aldi,"https://preview.redd.it/pzj3wuk8he8f1.jpeg?width=4284&amp;format=pjpg&amp;auto=webp&amp;s=bb0dd591dbf65ea8f7fce51ca2fb971e82f6b928

Radish has some thoughts on her new hat. Mainly that she wishes she wasn’t wearing it for the picture 😂",81,2025-06-22T03:45:23.000Z,reddit,0.5423,positive
aldi,Or at all.,10,2025-06-22T04:27:41.000Z,reddit,0.0,neutral
aldi,"I’m in another industry (commercial medical-adjacent) and I’m not making your start pay even after 3+ years in the job.

(I’m in an at-work state with federal-level minimum wage, so not surprising, but still disappointing.)

The Aldi employees in the stores near me are constantly moving, unless they’re seated behind the register. And their checkout times are faster than any other grocery store I’ve ever shopped.",13,2025-12-25T21:49:59.000Z,reddit,-0.7224,negative
aldi,"Good news!! It’s really annoying for me to go to the closest Aldi to me (in Queens), I have to go through a lot of traffic and into a parking garage. So hopefully they are building one closer to meeeee!!",2786,2025-08-12T11:57:46.000Z,reddit,0.6774,positive
aldi,I would strongly suggest you be very very careful when sleeping!,9,2025-06-22T14:48:24.000Z,reddit,0.5519,positive
aldi,I never got to cashier but I would’ve rocked that shit. When I worked at Sam’s Club I sucked at selling the credit cards but everyone went to my line because it moved the quickest,8,2025-12-25T23:07:37.000Z,reddit,-0.7579,negative
aldi,"They’re spreading through my area at Dollar General speed &amp; I love this for them &amp; for me (I was able to hit 4 within 20 minutes this weekend). Still, I can’t shake the worry that we’ll hit the usual tipping point that happens to stores where popularity brings higher prices &amp; lower quality. Curious what others think. Am I overthinking this or is this a legit concern?",411,2025-08-12T12:10:42.000Z,reddit,0.5859,positive
aldi,It’s already happening. They’ve changed some of their product formulations and carry more junk.,199,2025-08-12T13:45:18.000Z,reddit,0.0,neutral
aldi,"Pay varies based on location. Some stores start at different rates than others. If you're curious, you can verify this by checking job openings in different cities/states.",3,2025-12-26T02:20:33.000Z,reddit,0.2263,positive
aldi,"In my younger years I worked at a banquet hall.  Before I started they used to have 2 guys restocking the buffet lines per room and a couple people running coffee/water and assisting guests.   

Once I figured out my rhythm I was able to keep 2 buffet lines stocked myself.  I was busy but I made it look calm.   The chef and I developed a shorthand language so I could tell him the next things I needed and he would get them ready for me.   

This freed someone up to assist guests.",26,2025-12-25T15:53:33.000Z,reddit,0.8857,positive
aldi,"I hate the fact that they’re adding artificial sweetener to a lot of products, and don’t label them when they do. I’m allergic to it so I’ve stopped shopping at Aldi for that reason.",100,2025-08-12T15:47:51.000Z,reddit,-0.7951,negative
aldi,"Complain to corporate. Not the US corporate, German corporate, they might care more. When the CEO of Aldi US was complaining about cashiers being allowed to sit, German corporate told him to shove it.",146,2025-08-12T17:21:18.000Z,reddit,-0.0258,neutral
aldi,"I have quite a few Aldi stores within 20min of me. NONE of the employees sit around! I also have a grocery store near me that I absolutely hate because of the high cost, so I specifically drive to Aldi. Thank you Aldi worker, and if corporate reads this, do better by your employees!",34,2025-12-25T17:40:22.000Z,reddit,0.2479,positive
aldi,"My local aldis just got rid of cashiers.

If there is one, there's only one.",27,2025-08-13T01:00:00.000Z,reddit,0.0,neutral
aldi,Same where I live,3,2025-08-13T04:53:55.000Z,reddit,0.0,neutral
aldi,Same with mine,1,2025-08-14T13:00:36.000Z,reddit,0.0,neutral
aldi,"Oh that f ing sucks. The ones in my area still all have cashiers, but there's one I visited in Maryland that are self check out. F that",1,2025-09-11T19:11:22.000Z,reddit,-0.1901,negative
aldi,I went last week and now half the self check outs are closed. Still at least 1-2 security officers and only one cashier. Really sucks.,1,2025-09-11T19:56:06.000Z,reddit,-0.101,negative
aldi,Deliberately misleading comment,0,2025-08-13T15:14:08.000Z,reddit,-0.4019,negative
aldi,"I mean, 3 different stores go from 4 cashiers to a bunch of self check outs over the last two years, which is pretty obvious. Replace cashiers with a security officer, who stands at the front, and suddenly, no one is sitting to work.",0,2025-08-13T15:21:22.000Z,reddit,0.5267,positive
aldi,"I guess the confusion was over ""just got rid of cashiers"".  I don't consider something I did 2 years ago as something that I just did now.  


Im also shocked your stores have a security officer.  0/5 Aldi stores I've been to near me have a security officer, and I haven't heard of any of the others employing one.",1,2025-08-13T15:24:57.000Z,reddit,0.0772,positive
aldi,"A lot of the grocery stores in my city have security now. Aldi, Kroger, even the Publix in the 'nice area' of town. Way of the world now.",1,2025-08-13T15:31:00.000Z,reddit,0.6369,positive
aldi,"It doesn’t have to be this way, the US just decided social safety nets aren’t necessary and well… folks gotta eat.",3,2025-08-14T13:44:03.000Z,reddit,0.4215,positive
aldi,My 8 month pregnant daughter was a victim of pick pocketing in an Aldi’s in Detroit in July. She ran after the guy and the security guard confronted him but the guy got away with my daughter’s wallet and her 250.00 she made that week as a nanny. Sad to say they haven’t caught the guy yet.,1,2025-08-13T15:39:23.000Z,reddit,-0.6597,negative
aldi,"Score at goodwill today!! Images:
	https://preview.redd.it/8vwl3g0iexng1.jpeg?auto=webp&amp;s=41e3ed32f66e6157523fad2328727a3bd3401180",2623,2026-03-09T01:54:19.000Z,reddit,0.0,neutral
aldi,"Posts and comments that don't follow r/aldi subreddit rules may be subject to removal. No Ai. Please see rules for more information. Please no false reports. This comment is completely automated.       


*I am a bot, and this action was performed automatically. Please [contact the moderators of this subreddit](/message/compose/?to=/r/aldi) if you have any questions or concerns.*",1,2026-03-09T01:54:20.000Z,reddit,-0.1895,negative
aldi,![gif](giphy|twxoPjMpsijwPFBVqs|downsized),223,2026-03-09T02:00:37.000Z,reddit,0.0,neutral
aldi,![gif](giphy|oYtVHSxngR3lC|downsized),68,2026-03-09T02:02:58.000Z,reddit,0.0,neutral
aldi,"Delete this. The Internet is full of animals according to the four of five comments already made. Lmao. 


Good luck to your inbox and dope find.",154,2026-03-09T02:06:55.000Z,reddit,0.8689,positive
aldi,No DM’s yet (and hopefully never 😅) thanks dude! Definitely hyped when i found them especially since I was  finally able to score the Aldi shopping cart last week! Double win!,60,2026-03-09T02:09:57.000Z,reddit,0.8647,positive
aldi,"W's all around, then. 


Do you mean you got a literal shopping cart? As in of your own, to keep?",8,2026-03-09T02:13:53.000Z,reddit,0.0,neutral
trader_joes,"As a mom, I say bring me chocolate pistachios, a cute spatula and flowers 🙂",5,,youtube,0.6915,positive
trader_joes,"Well dang it, now I &quot;have&quot; to go to Trader Joe&#39;s!  PSA: Dul-say (Spanish dulce), dol-chay (Italian dolce)",0,,youtube,0.3382,positive
trader_joes,There’s a pork gelatin in the rice crispy treat!?! Glad I watched this! No thanks!,0,,youtube,0.6664,positive
trader_joes,There’s more banana varieties at the Asian markets.,3,,youtube,0.0,neutral
trader_joes,I got my box of Sees while I was in CA.,3,,youtube,0.0,neutral
trader_joes,A tropical grocer mught have more babana varieties,0,,youtube,0.0,neutral
trader_joes,"If you are ever in Detroit, Buddy’s has a gf Detroit style pizza. So good with the crispy edges 🍕❤️",2,,youtube,0.5777,positive
trader_joes,Daffodils will kill any other flower in the vase   guess you can Google which          flowers are incompatible..same for planting them,0,,youtube,-0.6908,negative
trader_joes,Grana Padano is similar to parmigiano reggiano just not aged as long.,2,,youtube,0.0,neutral
trader_joes,I started taking Creatine powder monohydrate 1 scoop a few days ago. It really helped me with recovery from walking with 10lbs weighted vest for 3 miles,2,,youtube,0.2023,positive
trader_joes,I make a rye whiskey cocktail with that liqueur. It is awesome!,1,,youtube,0.6588,positive
trader_joes,LOVE the Hot Smoked Salmon!,2,,youtube,0.7371,positive
trader_joes,I like the lemon sauce. You reminded me I have a jar in my pantry that I should use next week,0,,youtube,0.3612,positive
trader_joes,"Wow! I never thought about certain flowers not getting along well together, I just assumed that some flowers went bad super fast and caused the others to rot. That’s why I try to avoid floral arrangements that contain stock. Stock seems to rot in a day or two but I guess I don’t know how it behaves in a case alone.",0,,youtube,-0.383,negative
trader_joes,Bloodwork can check creatine levels ...you get lots in certain foods...might not need supplements,0,,youtube,0.3182,positive
trader_joes,Their miso cod is bomb and the ingredients are great.,0,,youtube,0.2263,positive
trader_joes,"We have the salmon in Rhode Island but it&#39;s also a product produced locally and found in every fish market and seafood department. We have different varieties - maple, peppered etc but also bluefish, trout, mackerel, mussels, bay scallops, shrimp, tuna etc. it blows my mind this isn&#39;t common everywhere.😂",1,,youtube,0.5927,positive
trader_joes,That creatine price is crazy expensive for such a tiny amount. I hate it when TJ’s tries to get greedy. I bought the powdered one at Costco. But man that stuff made me look fat af. I had to quit taking it cuz it was effecting my self esteem and made me feel disgusting. I think it made me a full size bigger. 😂,0,,youtube,-0.6542,negative
trader_joes,"Whooo Detroit in the house🍕Im in! Black Sesame Mochi..the BEST, period. Love love love. <br> Interesting that the Lemon &quot;Pesto&quot; sauce doesnt have garlic, YAY!!! No bueno garlic. Is the cheese flave strong? Dont like sharp cheeses at all. Id love to try. <br>Thank you for your videos, very helpful.",2,,youtube,0.9806,positive
trader_joes,I love lychee. I need to find that drink.,0,,youtube,0.6369,positive
trader_joes,Pissed I didn&#39;t try the sour mushroom gummies in time,1,,youtube,-0.6369,negative
trader_joes,Love you Natasha.  Oh my those ingredients in the Lemon pesto sauce are toxic (albeit its yummy).  Shredded cabbage is a great base for egg roll bowls🥣,3,,youtube,0.9136,positive
trader_joes,That Dulce de Leche ice cream looks so good and the black sesame mocha also.  Yummy!,0,,youtube,0.8143,positive
trader_joes,I live alone and not talking is normal lol,0,,youtube,0.2023,positive
trader_joes,Forget Trader Joe&#39;s your skin looks fabulous!,0,,youtube,0.4199,positive
trader_joes,"Well, then you should try the other banana which is called plantain. If you fry them up in a little bit of olive oil or vegetable oil, salt them they’re delicious. They almost looked the same, except the color is very different and they’re not sweet at all.",0,,youtube,0.5139,positive
trader_joes,THX for cashew review….definitely taking a pass on these (not a fan of soft cashews and movie theater flavored butter).,2,,youtube,0.3118,positive
trader_joes,I’m obsessed with the black sesame mochi 🖤,0,,youtube,0.5423,positive
trader_joes,Gran.pradano (sp) is a type of Parmesan cheese.,2,,youtube,0.0,neutral
trader_joes,Lychee is pronounced &quot;Lie chee&quot;.,2,,youtube,0.0,neutral
trader_joes,"Its not  pronounced newww orleas.its pronounced  Na,lins.",2,,youtube,0.0,neutral
trader_joes,"not sure why anyone takes creatine, its hard on your Kidneys and if you have too much in you it can give you symptoms of the flu?????????????????  Your body releases creatine when you workout for a reason!",0,,youtube,-0.7017,negative
trader_joes,Chicagos deep not detroit,0,,youtube,0.0,neutral
trader_joes,You say &quot;um&quot; way too much.,0,,youtube,0.0,neutral
trader_joes,"Whipped ricotta cheese idea: toast some nice bread, spread with the ricotta top with grilled pineapple, and drizzle with honey (lavender honey if you can find it is bomb.)",55,,youtube,0.1027,positive
trader_joes,"Mix some of the ricotta cheese with lemon zest, put it in pancake batter. You’re welcome😊",17,,youtube,0.8402,positive
trader_joes,Drizzle honey over ricotta cheese with berries,21,,youtube,0.0,neutral
trader_joes,Cashew butter cashews 🤔,8,,youtube,0.0,neutral
trader_joes,"I&#39;m really sensitive to scented lotions and often have to steer clear, but that Brazil nut scent isn&#39;t too much and I&#39;m so happy that I can wear it!",2,,youtube,0.8659,positive
trader_joes,Pink for Mother&#39;s Day :),0,,youtube,0.4588,positive
trader_joes,Whipped Ricotta on breakfast baked oats for a high protein faux cannoli situation.,6,,youtube,0.0,neutral
trader_joes,The whipped ricotta is a returning item. Love it! Great in salad 🥗,2,,youtube,0.8622,positive
trader_joes,"I put the whipped ricotta on sourdough toast with a drizzle of hot honey, a ton of arugula and top with olive oil and flakey salt. So good it’s my breakfast 5 days a week.",0,,youtube,0.6748,positive
trader_joes,"Tender greens makes an avocado toast that I love , ricotta , topped with mashed avocado , pickled red onions, parsley, and chopped red chilies (just like 2 lil thin slices ) they give it to you on a slice of  sourdough that was grilled with olive oil and on the side a half a lemon that was also slightly grilled it even has the char marks . <br><br>Long story short , try it on avocado toast 😂",6,,youtube,0.8625,positive
trader_joes,Can add ricotta to you pancake batter for a more moist pancake,0,,youtube,0.0,neutral
trader_joes,"One of my favorite things with ricotta is to get a good piece of bread toasted, add on the ricotta, top with a blueberry jam, sprinkle of flaky salt.",1,,youtube,0.7717,positive
trader_joes,"I think TJ&#39;s might already sell a canoli dip, but that&#39;s what I&#39;d use the ricotta for",1,,youtube,0.0,neutral
trader_joes,I bought the Brazil Nut body trio and idk if they need to go back to the drawing board with the body spray cause it was a no for me  and the oil was JUST okay 🫩 . The body butter itself is always good 👍🏽,1,,youtube,0.296,positive
trader_joes,I don&#39;t know if you covered this already but today I discovered garlic butter Irish potato chips.  They are incredible.  Highly recommend.,3,,youtube,0.6258,positive
trader_joes,Cheese blintzes filled with ricotta and fruit or jam of choice,2,,youtube,0.0,neutral
trader_joes,Mix some honey and lemon zest into the whipped ricotta and dip pita chips in it.,1,,youtube,-0.5267,negative
trader_joes,Cannoli,2,,youtube,0.0,neutral
trader_joes,Are the Ube tea cookies out yet? I’ve been dying to get a box!,0,,youtube,0.0,neutral
trader_joes,"Mix a little fresh squeezed lemon juice &amp; lemon zest into the ricotta. I put on crackers / toast, especially brioche toast. Sometimes I&#39;ll sprinkle little sea salt or drizzle little  honey, homemade mashed raspberries that has little sugar mixed in on top. I use butter / not to sweet sugar cookie for the raspberry topping. So yummy &amp; sort of healthier snack. At least the way I rationalize howI can eat more snacks.",0,,youtube,0.6901,positive
trader_joes,What abou the strawberry &amp; cream pancakes? Aren&#39;t those out by srping time?,0,,youtube,0.0,neutral
trader_joes,Yes the bread cheese is back I love it fried in air fryer or skillet til brown drizzled with hot honey so good gotta try the rice crispy treats😊❤,0,,youtube,0.9676,positive
trader_joes,Lol I wasn’t a fan of the rice crispy bars… maybe 2/10<br><br>But the raspberry yogurt pretzels are 10/10… huge problem for me😂,0,,youtube,0.765,positive
trader_joes,I want to know when the s’mores bars will be back,0,,youtube,0.0772,positive
trader_joes,Lemon Ricotta Pancakes.,0,,youtube,0.0,neutral
trader_joes,Has anyone tried their face serum? Or nighttime cream?,0,,youtube,0.0,neutral
trader_joes,New sub!,0,,youtube,0.0,neutral
trader_joes,"I like to toast Sesame French Bread in Olive Oil and Butter, then top with the Whipped Ricotta and Tomato Salad. Sprinkle with Flaky Sea Salt, so yummy!!",0,,youtube,0.85,positive
trader_joes,Tiramisu,0,,youtube,0.0,neutral
trader_joes,did their prices go up?,0,,youtube,0.0,neutral
trader_joes,Put the ricotta on a slice of French bread.,0,,youtube,0.0,neutral
trader_joes,Slap some of that whipped ricotta onto a slab of airfried garlic naan! Or make a white pizza!,0,,youtube,0.2924,positive
trader_joes,Why the rainbow 🌈,0,,youtube,0.0,neutral
trader_joes,The crispy rice bars are delicious!,5,,youtube,0.6114,positive
trader_joes,Ewh! The cashews were kinda nasty… 0.5/10<br>Lol,0,,youtube,0.0,neutral
trader_joes,I just saw a lot of pink things in my store gearing up for Mother’s Day! 🎉💕💐,2,,youtube,0.807,positive
trader_joes,Toss the whipped ricotta with the lemon pesto and pasta.,1,,youtube,0.0,neutral
trader_joes,"I never been to Trader Joe&#39;s,  but I will definitely try it out this month❤",0,,youtube,0.8847,positive
trader_joes,"Check out Nourish using the link: <a href=""http://nourish.com/natashaslist"">http://nourish.com/natashaslist</a> and book your first appointment in under 5 minutes!",0,,youtube,0.0,neutral
trader_joes,Love sauerkraut hot or cold I am from Germany now in calif love it and your videos 💚♥️🧸,1,,youtube,0.9571,positive
trader_joes,"Another awesome video, Natasha! Brodie did a spectacular job once again 😂",0,,youtube,0.807,positive
trader_joes,I always get the grass feed ground beef and the salmon.,0,,youtube,0.0,neutral
trader_joes,Egg salad quick lunch,0,,youtube,0.0,neutral
trader_joes,Warm sauerkraut on a polish sausage or hot dog is pretty standard for those with an EU preference! Delicious 😊,1,,youtube,0.9336,positive
trader_joes,"I really like the TJ&#39;s sour kraut! It&#39;s the one I always get, it&#39;s an underrated TJ&#39;s product, I am glad you talked about it.",0,,youtube,0.7257,positive
trader_joes,Great job Natasha❤,0,,youtube,0.8519,positive
trader_joes,My make my own bone broth to add to soups and strews,0,,youtube,0.0,neutral
trader_joes,I didn’t know that TJ’s had sauerkraut! I’ll have to pick some up for my dad! We are going to TJ’s this weekend and hoping the frozen vegetable fried rice will be back 🤞,0,,youtube,0.5242,positive
trader_joes,I’ve never heard of cold sauerkraut. I’ve always had it warm with chunks of sausage in it or on a bratwurst.,2,,youtube,0.2263,positive
trader_joes,So glad you didn&#39;t scrap this video. It was great!,3,,youtube,0.8264,positive
trader_joes,Love that your life is so real… just like the rest of us..,1,,youtube,0.7884,positive
trader_joes,Loved that you mentioned the easy meal options for this haul. Have a great weekend! 😊,1,,youtube,0.9531,positive
trader_joes,Very fun with the meal ideas and Brody’s funny additions 😂👏🏻,1,,youtube,0.8553,positive
trader_joes,"This video is helpful and hilarious 😂, thank you for the chuckle",1,,youtube,0.9118,positive
trader_joes,I used to be allergic to egg yolks but whites were fine...tjs sells containers of pour able egg whites,0,,youtube,-0.1531,negative
trader_joes,"Hahaha, this was a fun one! I know it was challenging for you, but you pulled through 😊. Brody had a good time w/ you on this one 😂. The ending was too good 😂. Love the ingredient/meal prep ideas, thank you!",1,,youtube,0.9904,positive
trader_joes,Great job Brody with all of those additions.,1,,youtube,0.6249,positive
trader_joes,Pot Pie is hyped about those chia seeds!,1,,youtube,0.0,neutral
trader_joes,"Unless organic, granola:  oats and cherries, high in GMO pesticide",0,,youtube,0.0,neutral
trader_joes,Fantastic insp for the items in your typical TJs haul.  Lots of useful meals rather than the unhealthy sweets they now carry,1,,youtube,0.743,positive
trader_joes,I&#39;m super lazy so I buy the bagged salads (bigger bags are more cost effective). I make my own salad dressing though.,1,,youtube,0.6983,positive
trader_joes,Great video. I&#39;m in L.A./Westerchester visiting my friends,1,,youtube,0.802,positive
trader_joes,My tjs moved everything around...ask where they moved the bone broth,0,,youtube,0.0,neutral
trader_joes,When sauerkraut is heated the probiotics are destroyed. That applies to that which is sold in cans or heated at home.,2,,youtube,-0.4939,negative
trader_joes,"<a href=""https://www.youtube.com/watch?v=xgtr3UDeVM0&amp;t=818"">13:38</a> put the green onion roots in a little glass of water and grow more green onions. Congratulations on making it to the end of the video 😅",1,,youtube,0.7693,positive
trader_joes,"Ok, The ending though.. lol",5,,youtube,0.4215,positive
trader_joes,"Very good video.   If you haven’t tried it yet, Trader Joe’s has a Kale Slaw kit that is delicious.",1,,youtube,0.8748,positive
trader_joes,"My favorite super easy meal is the bibim-goksu cold noodle salad, to which I add tomato, cilantro, onion, etc., and a protein, such as one of the canned fishes like calamari or smoked oysters. (Sardines would work if you like them.). You toss it all in the delicious gochujang dressing that is provided.",0,,youtube,0.9552,positive
trader_joes,My husband has been having issues with diet inflammatory problems. Which peptide are you using? Looking for other options.,0,,youtube,-0.4019,negative
trader_joes,"TJ&#39;S coleslaw with their Thai peanut dressing is delicious. <br>I hope you are not allergic to peanuts, too.<br>New Kitchen? Maybe 😢😢😅",3,,youtube,0.5842,positive
trader_joes,Love Sumos too!,1,,youtube,0.6696,positive
trader_joes,who is Brody,0,,youtube,0.0,neutral
trader_joes,"This is amazing creative!,,,",0,,youtube,0.7901,positive
trader_joes,"Oh, no. Shrinkflation for the totes?!?",2,,youtube,0.0,neutral
trader_joes,Any news on the shampoo review?,0,,youtube,0.0,neutral
trader_joes,"I’m laughing so hard, the only way it could have been better is if the banana costume had made an appearance. Lol seriously lol I love the healthy side of Trader Joe’s, you have so much information on health. Other channels (not mentioning names) focus on all sweets  or another channel try’s all the wines and beers and you can see she and her husband are so drunk I stopped watching both. I only watch you. Thanks😂 ok got to watch this a few more times😂❤😂❤😂 ok back to laughing",4,,youtube,0.992,positive
trader_joes,"<a href=""https://www.youtube.com/watch?v=cNY5d4izkXE&amp;t=104"">1:44</a> I got the teeny tiny peaches and they were a hit with my toddler. The pit is small but it’s still not a large fruit - he wanted 2 of them. But they were pretty sweet and juicy for off-seasons peaches and were ripe at time of purchase.",7,,youtube,0.8519,positive
trader_joes,I love your grocery visits &amp; so appreciate you taking things home &amp; trying them. I value your reviews,5,,youtube,0.8776,positive
trader_joes,"The thai wheat noodles are my favorite item at TJs.  I need that tote bag,  I was born in 1967, hope we have it here in NJ",3,,youtube,0.7096,positive
trader_joes,Your zipper lost it&#39;s zip!😂,6,,youtube,0.2244,positive
trader_joes,"Great video, after beginning the video I ran down to  2 different Trader Joes and got the purple cooler bags I&#39;ve been waiting for, now I just need the mini ones.",3,,youtube,0.6249,positive
trader_joes,"It all looked so delicious. Tfs, we all appreciate you. Stay well. 🌞⭐💛",1,,youtube,0.9292,positive
trader_joes,All their scones are good. I love everything lemony🍋🍋🍋,6,,youtube,0.7964,positive
trader_joes,That dish looks good. I just love your idea&#39;s...really needed here since the kids moved out.,1,,youtube,0.7964,positive
trader_joes,I love my flex mixer “blade” for my kitchen aid. Life saver.,1,,youtube,0.6369,positive
trader_joes,Thank you Gina 🙌🏼😄 just picked up my lavender bag and peaches 🍑😃🙌🏼🙏🏼 I love the brighter color .,0,,youtube,0.946,positive
trader_joes,I really enjoy your podcasts.😁,0,,youtube,0.7574,positive
trader_joes,"I buy the vanilla bean scones everytime I go to TJs. I shouldn&#39;t 😂😂,  but I don&#39;t  get to TJs very often. They are really good. I can&#39;t pass on a good scone.",12,,youtube,0.9009,positive
trader_joes,"Thanks for sharing your meal preparations, Gina. You have some great  ideas!",3,,youtube,0.8777,positive
trader_joes,thanks for taking us along....love the coconut amino sauce with balsamic vinegar as a quick and easy salad dressing. TJ has some surprising good items every time I shop there.,0,,youtube,0.8689,positive
trader_joes,love the recipe ideas!!!,0,,youtube,0.7249,positive
trader_joes,I have the same thing with the zipper for my bag. I have had many insulated bags over the years though and those ones from Trader Joe&#39;s somehow keep everything colder for longer than other bags I&#39;ve used so I just deal with the zipper because it&#39;s the best bag besides the zipper problem.,0,,youtube,0.3612,positive
trader_joes,"Might be time for a trip to TJ&#39;s.  I like some of their spice options, and the roasted sesame oil is fantastic.  The fish nuggets and frozen mac and cheese were also good, but it has been years, so time to try them again.",0,,youtube,0.6124,positive
trader_joes,"Thanks for showing those cookies, I was curious about them. 👍🏼",2,,youtube,0.6369,positive
trader_joes,I have been to Temecula trader Joe once years ago. I was amazed by their wine selection from local winery. My store doesn’t have that many I can even memorize what they have 😆 and I have a thought about that corn rib. I think they raised price. It was $3 something I thought that was expensive for what you are getting and past couple of times there were black corn in the bag. Not a good quality but then I’m so hooked on it I kept buying lol,0,,youtube,0.7047,positive
trader_joes,"Another great video, Gina! I love cookies straight from the oven also...looks delicious! 😋",0,,youtube,0.938,positive
trader_joes,Your chicken and broccoli looked so good!,2,,youtube,0.6166,positive
trader_joes,I always make avocado toast as a light dinner. I’m going to try that cheese 👍,0,,youtube,0.0,neutral
trader_joes,Thanks Gina!❤❤❤,3,,youtube,0.9501,positive
trader_joes,🌼🌼🌿🌼🌼hi Gina!!,2,,youtube,0.0,neutral
trader_joes,"Your videos help me a lot Gina, than you!",2,,youtube,0.4574,positive
trader_joes,"Thank you, Gina! 💕",2,,youtube,0.7959,positive
trader_joes,A simple str-fry always hits the spot.  Those cookies looked great I might have to pick that up for trying. Thanks for another great video.,1,,youtube,0.9022,positive
trader_joes,With the freeze dried strawberries I make myself the refreshers just like the kind they have at Starbucks I use a little bit of cranberry juice and a little bit of lemonade and they taste just like the kind at Starbucks for less than half the price 🤗,17,,youtube,0.93,positive
trader_joes,That was a nice breakfast charcuterie you put together at the end🥰,6,,youtube,0.8779,positive
trader_joes,"HI Gina, your voice and laugh is very soothing. I enjoy your videos.  thank you.",10,,youtube,0.9033,positive
trader_joes,Would be nice if the Parmesan tapenade had more olive oil than sunflower oil.,2,,youtube,0.4215,positive
trader_joes,Store staff are great and will find and reach products for you,0,,youtube,0.6369,positive
trader_joes,"For the OJ, I always get their tangerine juice. To cut OJ sugar, sometimes I&#39;ll by take about 1/2 cup of the tangerine juice over ice and top off with Taj&#39;s sparkling plain water. Refreshing.  I also enjoy the organic (?) Unpasteurized orange juice.",0,,youtube,0.6249,positive
trader_joes,"About the steak tips, just saute with onions and mushrooms , if you like that 😊. Serve with mashed potatoes,  rice or noodles 🍜",3,,youtube,0.8176,positive
trader_joes,Thank you for sharing with us❤❤❤❤❤❤❤❤❤❤❤❤❤,3,,youtube,0.9963,positive
trader_joes,I like the tangerine juice and the pineapple juice❤️,1,,youtube,0.3612,positive
trader_joes,Your  breakfast charcuterie layout looked absolutely beautiful and delicious!,2,,youtube,0.8573,positive
trader_joes,Giving this video a Hype! Loved the charcuterie board at the end ❤.,4,,youtube,0.8955,positive
trader_joes,Love your nails 💅,10,,youtube,0.6369,positive
trader_joes,Always bummed out that they never got a new source for their instant cold brew,0,,youtube,0.0,neutral
trader_joes,"with the salmon &amp; cream cheese, we add capers!!! soo yummy!!",0,,youtube,0.6776,positive
trader_joes,Thanks for trying the food!,5,,youtube,0.4926,positive
trader_joes,"Gina, again another amazing video. I always love your charcuterie boards.   You should make separate videos of all your taste testing and recipes.  Thanks for your honest reviews and delicious recipes.",1,,youtube,0.9578,positive
trader_joes,"My Trader Joe’s was stocked today with all sorts of new goodies.<br><br>I was so saddened, however, to find out my favorite, piquant popcorn was discontinued 😢",0,,youtube,-0.6669,negative
trader_joes,"Stopped at Trader Joe&#39;s yesterday.  Got to try try the OG cheese, loved it! Saw the gozlemes and thought they would be yummy with a drizzle of honey.",0,,youtube,0.7712,positive
trader_joes,Thank you for sharing Gina🌸 I want more Turkish products to Trader Joe’s coz they are insanely delicious😋,0,,youtube,0.8519,positive
trader_joes,The Sweet Karoline blackberries are Outstanding!! 💙,2,,youtube,0.915,positive
trader_joes,"Agreed, the Aged Goat cheese is great of you like those hard, nutty cheese with light crystals. Really enjoyed.  Oh, yup, their whipped cream cheese is good too, and a good price.",0,,youtube,0.9493,positive
trader_joes,"Gina, a cautery bunch, I love the way you think. thank you for an awesome video.  queso fresco!? its taco Tuesday I&#39;m already excited lol. the orange candied slices sound interesting i&#39;ll have to try them.",0,,youtube,0.9583,positive
trader_joes,LEMON! 🍋🍋💛,7,,youtube,0.6696,positive
trader_joes,Loved the Dubai chocolate!,0,,youtube,0.636,positive
trader_joes,"I stopped at Trader Joe&#39;s yesterday I saw the best selection of lamb  their meat department so I got me some lamb burger  some hamburger buns, these hamburger, buns were really delicious like little pillows, smaller than regular hamburger buns, but absolutely delicious, I enjoyed my cheeseburgers, cheese from Trader Joe&#39;s also I made cheeseburgers yesterday out of the Lamb it was so wonderful I love Trader Joe&#39;s 😍😋🤤",2,,youtube,0.9888,positive
trader_joes,"Your brunch looked delicious, Gina! Those vanilla scones are so good!<br>For the citrus juice, we prefer the tangerine. It’s tastes brighter, I think. <br>And for the blackberries, have you tried the Sweet Karoline’s at Trader Joe’s? So good!<br>Thanks for another great video!",0,,youtube,0.9389,positive
trader_joes,Where did you get the corn esquite from?,1,,youtube,0.0,neutral
trader_joes,I love the tangerine juice! Have you tried it?  🧡,2,,youtube,0.8655,positive
trader_joes,"Hi Gina! Have you tried the French Cheese - Port Salut ??? Yummers! TJ offers the best price on this semi soft cheese. Lemon Mini Sheet Cake??? This is new, I hope it’s as good if not better than the mini carrot cake I just adore! Thanks for the tips! 👏🏻👏🏻🪻🌷",0,,youtube,0.9533,positive
trader_joes,Try adding capers and a. Sprig of dill to your salmon crostinis. So good!,0,,youtube,0.6166,positive
trader_joes,I purchase the  Orange Juice that you showed in your video all the time.  It is my favorite!  I also purchase the Grapefruit Juice too.  I used to buy the unpasteurized Orange juices too but they don’t always have it in stock at my Trader Joe’s.,0,,youtube,0.3164,positive
trader_joes,I can tell you are an amazing hostess &amp; like to entertain. I also see that you are an amazing Mom. How old is your daughter?,0,,youtube,0.9081,positive
trader_joes,Wish Trader Joe’s in NJ sold wine,0,,youtube,0.4019,positive
trader_joes,❤❤❤❤❤❤❤❤,1,,youtube,0.9887,positive
trader_joes,I did NOT like the potato cheese sticks from Costco<br>I&#39;m not a mimosa fan and I love OJ with pulp <br>Have you tried the tangerine juice from Costco for a mimosa? I also like the Trader Joe&#39;s tangerine juice,0,,youtube,0.5615,positive
trader_joes,The Gozlemes weren’t great when I made them. All the cheese melted out all over my pan and then when I ate it there was no cheese inside.,1,,youtube,0.4404,positive
trader_joes,You were soooo right about the potatoes on a stick. A giant NO from me. 🫤,0,,youtube,-0.4466,negative
trader_joes,I appreciate that you show pricing too. You truly are helping on my WW journey,1,,youtube,0.7783,positive
trader_joes,That heart shaped pizza!😊❤<br><br>I ❤❤ Trader Joe’s.  Great haul!  Thanks so much!<br><br>Romaine lettuce leaves make great bread less BLTs!!,1,,youtube,0.986,positive
trader_joes,"I wish we had a Trader Joe’s by us! I used to shop at one, but it’s not close enough to go there now. Your grocery haul looks great!",1,,youtube,0.8436,positive
trader_joes,Great haul and info! We recently got a Trader Joe&#39;s fairly close to us!,0,,youtube,0.6892,positive
trader_joes,Hi Nikki and Adam,0,,youtube,0.0,neutral
trader_joes,Great haul. Would love a video on different things you make using Thai noodles,0,,youtube,0.8519,positive
trader_joes,Yess... tastefully simple is still around :) im a consultant lol.. i was going to buy those noodles but wasn&#39;t sure how to use it..maybe you can give us the recipe or show us the recipe when you make the sesame noodles.,1,,youtube,0.705,positive
trader_joes,cilantro mini wontons for the win!!!!,0,,youtube,0.7156,positive
trader_joes,Looks like you picked up many of my TJ staples. I love being 12 minutes to TJ’s. It’s my favorite place to shop. I love having that shelled edamame in freezer too.,0,,youtube,0.9313,positive
trader_joes,I need to get back to Trader Joe’s. I’ve been eating from my pantry so I have plenty of space to stock up!,0,,youtube,0.0,neutral
trader_joes,"I have to drive 90 minutes to go to Trader Joe&#39;s, so I buy a lot when I go.  I love these videos because I will make a list of what I want on the TJ&#39;s site as you discuss each product.  The crispy jalapeno pieces used to be in a canister, love them putting them in your bowl recipes. Hyped!",0,,youtube,0.8748,positive
trader_joes,Love love love your grocery hauls!,3,,youtube,0.9312,positive
trader_joes,Great haul,0,,youtube,0.6249,positive
trader_joes,"Well, needless to say, I did not find the stuffed pretzels at Aldi’s.  I really wish they would realize people in Southern California are generally pretty dang healthy so if there’s gonna be something  in fat, then we deserve it just as much as anybody else!  I mean, I have to order El Milagros tortillas from the company and have them sent to me or Amazon. God knows how long they’ve sat there!  Trader Joe’s does do a much better job at keeping things more accessible to everyone!  I love my oldies, but I’d love it even more if they’d realize I’m from the Midwest and been living in Southern California for 30 some odd years, but I’m still from the Midwest!🤣🤣🤣",0,,youtube,0.9832,positive
trader_joes,"I LOVE❤❤❤ TJs!!!!! Just wish it wasnt over 3hrs away...when I go to Mt Pleasant, MI every month I hit Lansing for TJs &amp; Whole Foods!! Just wish we would get one closer!! Love ❤❤ the vid as always!! The green godess dressin is also good to use as a marinade on chix breast!!",0,,youtube,0.9927,positive
trader_joes,Thanks for the haul!  How do the Thai noodles taste when compared to regular spaghetti?  Are they similar?,0,,youtube,0.5502,positive
trader_joes,Nikki good haul,0,,youtube,0.4404,positive
trader_joes,Great TJ haul. I tried the onion flavored pretzels. They had good onion flavor,0,,youtube,0.7906,positive
trader_joes,"❤ #21 ❤ Liked &amp; Hyped <a href=""UCzH60ksnMwDrMz3YmDHUJ0w/ll7KZpf9NvSn_9EPqqrIqAM""></a><a href=""UCzH60ksnMwDrMz3YmDHUJ0w/ll7KZpf9NvSn_9EPqqrIqAM""></a><a href=""UCzH60ksnMwDrMz3YmDHUJ0w/ll7KZpf9NvSn_9EPqqrIqAM""></a>",0,,youtube,0.9042,positive
trader_joes,Oh my goodness Nikki thank you so kindly for giving us the WW points that takes time and full dedication youre so amazing I appreciate you ❤️ have a fantastic night,0,,youtube,0.9722,positive
trader_joes,the crispy jalapenos?? those are perfect for the viral tuna salad by matthew mcconaughey! u need to make it and give us your review! (or make a slightly healthier version),0,,youtube,0.6852,positive
trader_joes,Breakfast Cookies???? Could you show us how you make them (or link the video if you’ve already done so)?  Thanks!!!,0,,youtube,0.6943,positive
trader_joes,"Although I’m no longer a WW member, I am currently on a weight loss journey using a GLP1 medication that has been successful for me. All the information I learned on WW still has made an impact on me for a healthy lifestyle. I continue to watch your channel because I always like to see healthy food options and recipes. <br>By the way, the closest Trader Joe’s is an hour away from me, but we make a trip 2 to 3 times a year so thank you the ideas.",0,,youtube,0.8386,positive
trader_joes,"Nice sweatshirt! I love how you communicate how we all feel about Trader Joe&#39;s when you say &quot;I grabbed the fresh edamame in case they didn&#39;t have it in the frozen section.&quot; I don&#39;t know about your Trader joe&#39;s, but mine is pretty small, it&#39;s only a matter of 50 ft, but I do <b>not</b> like going backwards in that store! I feel like a bull at a time to shop and when people take the whole fam dambly, it&#39;s TOO crowded!😅",0,,youtube,0.9649,positive
trader_joes,"There were some TJ recalls please check.  information: <br><br>Trader Joe&#39;s Chicken Fried Rice with best by dates from March. 4, 2026 through Feb. 10, 2027. <br>Trader Joe&#39;s Vegetable Fried Rice with best by dates of Feb. 28, 2026 through Nov. 19, 2026<br>Trader Joe&#39;s Japanese Style Fried Rice with best by dates of Feb. 28, 2026 through Nov. 14, 2026<br>Trader Joe&#39;s Chicken Shu Mai with best by dates of March 13, 2026 through Oct. 23, 2026",9,,youtube,0.9643,positive
trader_joes,Good evening Nikki just wanted to check in and see how you’re doing today. I hope you’ve had a great day and I love your videos. I was almost asleep and I heard my phone say you posted so I was like I’ve got it at least tell her hello and I’m thinking of her hope to hear from you and hope you have a great week,0,,youtube,0.9794,positive
trader_joes,"Good afternoon Nikki I wanted to let you know that Trader Joe’s has had a recall on some of the things that were in your video. I was just there today and they said they’re gonna put out a mass recall list the Mushu rolls or something like that that you got. Is for sure on that list and there is a few other things. I can’t remember off the top of my head, but you might want to check into that and before you eat that stuff.",0,,youtube,0.6369,positive
trader_joes,Be careful with the birds eye chilli hot sauce it’s usually 10-20% hotter then jalapeno… I love watching ur videos bc it helps me get new ideas I’ve been on WW since august and have been hitting a plateau,0,,youtube,0.8126,positive
trader_joes,"Hello Nikki, Thanks For Sharing Your Trader Joe&#39;s Grocery Haul With All Of Us. You Got Alot Of Really Good Healthy Foods. I Went Out Today And Got Stocked Up Too. It&#39;s Good To Have Good Healthy Foods In To Meal Prep With. God Bless You And Adam and Trevor And Your Fur Babies Too. 🥰👍👍👍🐶🐶🙏🙏🙏😇😇😇😋😋😋😊",0,,youtube,0.9926,positive
trader_joes,"The Trader Joe’s pasture raised organic eggs never went up in price during that time eggs were super expensive, they stayed $6.99 while Vital Farms went up a few bucks. I feel Trader Joe’s doesn’t really raise their prices that often on most products.",12,,youtube,0.7269,positive
trader_joes,This is an amazing and super helpful video!! Thanks so much for sharing!🙏🙏,5,,youtube,0.9541,positive
trader_joes,"super helpful, keep em comin&#39;. Thanks",4,,youtube,0.8625,positive
trader_joes,Great video thanks,2,,youtube,0.7906,positive
trader_joes,OOOOOH I like that you have posted The List in your notes - nice!❤,0,,youtube,0.8687,positive
trader_joes,Very helpful!! Thank you for sharing 😃,0,,youtube,0.8946,positive
trader_joes,What are the marinated meat marinated in? Canola? Soybean oil? Sugar?,0,,youtube,0.0,neutral
trader_joes,I eat for brain and heart health,0,,youtube,0.6369,positive
trader_joes,The marinated meats are very high in sodium,0,,youtube,0.0,neutral
trader_joes,What!?!  No Ezekiel bread?😢,0,,youtube,-0.7387,negative
trader_joes,"Great finds!  You should try the spinach and kale Greek yogurt dip and the cottage cheese ranch dip.  <br><br>I love the cruciferous crunch salad mix for protein bowls.<br><br>They have some great frozen veggies, like Mexican-style cauliflower rice, cauliflower rice stir-fry, fire-roasted peppers and onions, and root vegetable fries.",2,,youtube,0.945,positive
trader_joes,Try Transparent Labs or Aloha brand. Much cleaner.. less ingredients,0,,youtube,0.1779,positive
trader_joes,Watch out for very high levels of sodium in their products .,0,,youtube,0.0,neutral
trader_joes,Nothing more than junk and processed crap except for produce.   Go to local farmers and get your eggs and meat or order a subscription box.   Those marinated meats…read the ingredients.,5,,youtube,-0.3818,negative
trader_joes,"Those protein bars have all kinds of bad ingredients like seed oils, sucralose, sugar alcohols and fillers. It’s a candy bar basically. If your going to claim to be a nutritionist, you need more education",0,,youtube,-0.25,negative
trader_joes,"Why are you suggesting meats and products that are not either pasture raised or organic? I believe that a part of nutrition is eating food that hasn’t been blasted with pesticides, herbicides, and genetically modified! <br><br>Pasture-raised meat is often considered better for several reasons:<br>Animal welfare: Animals raised on pasture typically have more space and can exhibit natural behaviors.<br>Nutrition: Pasture-raised meat often has higher levels of omega-3 fatty acids, CLA (conjugated linoleic acid), and some vitamins (A, E) compared with grain-fed meat.<br>Taste and texture: Many people find pasture-raised meat has a richer, more complex flavor and firmer texture.<br>Environmental impact: Properly managed grazing can improve soil health, increase biodiversity, and sequester carbon, though impacts vary by practice.<br>Fewer antibiotics/promotants: Pasture-raised systems are less likely to rely on routine antibiotics or growth promoters.",4,,youtube,0.9422,positive
trader_joes,"💖💖💖this, ty! I shop a lot at TJ and buy most of the items you recommend and more🌿🍓🪴",1,,youtube,0.9501,positive
trader_joes,"Stop! Collaborate and listen - Me to Kristin, obviously ;)",79,,youtube,-0.1511,negative
trader_joes,I think we should get an oven thermometer and see if Kristen&#39;s oven is calibrated....,293,,youtube,0.0,neutral
trader_joes,Can we crowdfund yall an airfryer? I feel especially on small bits of food for these taste tests it would likely be easier,235,,youtube,0.4215,positive
trader_joes,I vote for Kristen to cook next episode,35,,youtube,0.0,neutral
trader_joes,"<a href=""https://www.youtube.com/watch?v=JTz40U0WrVk&amp;t=775"">12:55</a>  For the microwave, the time depends on the amount of food and is generally calibrated to the number in the package. For toasted/baked separate items, one item or many items have the same bake time. So, I think Jen is right that it doesn&#39;t matter for this circumstance, and also it sounds like Kristen&#39;s oven cooks hot.",116,,youtube,0.4404,positive
trader_joes,Do I watch these every week? Yes! Does my country have a Trader Joe&#39;s? I don&#39;t think so... Thank you for a great video anyway!,52,,youtube,0.8819,positive
trader_joes,"It shouldn&#39;t matter whether you&#39;re cooking just one thing or the whole bag of things in the regular oven - the time would be the same. If they&#39;re burning at the low end of the time spectrum, something is wrong with the oven temperature. I&#39;d definitely buy an oven thermometer to put in there so you know what the actual temperature is.",61,,youtube,-0.34,negative
trader_joes,Can we get a count on how many times Jen wears the rigatoni sweatshirt in these videos?,64,,youtube,0.0,neutral
trader_joes,"<a href=""https://www.youtube.com/watch?v=JTz40U0WrVk&amp;t=19"">0:19</a>  my autistic self does in fact like it when you stick to a routine 😂",38,,youtube,0.6597,positive
trader_joes,I like crusty bread but not when it&#39;s so hard I risk scraping my gums off like eating a Dorito sideways.,40,,youtube,-0.0887,negative
trader_joes,with an oven it doesnt matter how many you put in. it matters in a microwave. so no it doesnt effect the cooking. im with everyone else in the comments saying kristins oven probably runs hot.,11,,youtube,-0.4292,negative
trader_joes,Not even my internet offing Itself can stop me watching my show,30,,youtube,-0.296,negative
trader_joes,"@<a href=""https://www.youtube.com/watch?v=JTz40U0WrVk&amp;t=226"">3:46</a> &quot;We&#39;ve talked about this&quot; - like an old married couple pretending to be irritated with each other.  💕",6,,youtube,0.6369,positive
trader_joes,"If you&#39;re cooking food from frozen in a conventional oven, the time on the box should be correct regardless of how many items you&#39;ve put in. It&#39;s not like a microwave where the amount (and density!) of food has an impact on cooking time.",11,,youtube,-0.3404,negative
trader_joes,"Okay, this is a genuine question: if kristin’s argument is not to bake the item for the time specified on the bag because that’s meant for the whole bag, then what is the calculation that Jen is supposed to use to determine proper cooking time for only one or two items? (Yes, i know that that sounds like a high school math problem 😭)",8,,youtube,-0.296,negative
trader_joes,In Jen’s favor I cook a small amount of food THE SAME WAY as the package and never have this issue!! I think the oven is running hot,7,,youtube,0.508,positive
trader_joes,“I’m so happy these are in my house” over the lemon muffins 😂 I’ve been thinking about banana nut muffins for days and now I feel validated 😂,12,,youtube,0.8932,positive
trader_joes,&quot;Their popcorn makes me angry.&quot; Lol,10,,youtube,0.4215,positive
trader_joes,oh thank god now i can go to trader joes,23,,youtube,0.5574,positive
trader_joes,"Kristin- Jen is right, it doesn&#39;&#39;t matter when you are baking pieces like you are with cookies, hot pockets, etc. The time would make a difference if it&#39;s something like lasagna. Like e\others are recommending- maybe the oven temp needs recalibrating.",2,,youtube,0.765,positive
trader_joes,"Cookies!!! Generally, cookie recipes call for 9-11 minutes. It might be prudent to bake any cookie you&#39;re trying for 9 minutes, check it, 11 minutes, check it, etc. <br>Thank you for posting!!! 🎉",5,,youtube,0.5951,positive
trader_joes,"Dang, good thing I didn’t spend $4 on a cookie mix that I could replicate for basically nothing! But, I will pick up the goat cheese next time!",9,,youtube,0.3682,positive
trader_joes,"I&#39;m with Jen on the baguette debate. A good one is crunchy and a little chewy and soft in the middle. It is, indeed, fun to sink the teeth into.",1,,youtube,0.7351,positive
trader_joes,Kristin’s dress is spot on! ❤,7,,youtube,0.6696,positive
trader_joes,"<a href=""https://www.youtube.com/watch?v=JTz40U0WrVk&amp;t=499"">8:19</a> the genuine surprise on Jen’s face after that joke is glorious 😂",2,,youtube,0.886,positive
trader_joes,Knife!!! I did miss knife cameos. Love a good knife moment.,4,,youtube,0.8114,positive
trader_joes,"Wait, you&#39;re filming these in the morning and posting it by NOON? Those are some MAD editing skills.",6,,youtube,-0.6037,negative
trader_joes,"I love the destructive, chaotic energy Jen brings to every video😆",2,,youtube,0.1531,positive
trader_joes,My daughter and I sampled the lemon poppyseed muffins last time we were there. She has requested them several times now 😂. I guess I’m going to TJ’s tomorrow. If I’m being honest I was already planning a trip there 😂,7,,youtube,0.8442,positive
trader_joes,"Another reason why popcorn is a problem…unpopped kernels mix in the popped popcorn. No joke, I cracked a filling on unpopped popcorn and needed a f-ing root canal! Okay yeah, the tooth was probably problematic prior to the kernel accident, but still I’m staying clear from it.",2,,youtube,0.3178,positive
trader_joes,"no pressure, but we foodies and everyone needs the laughs ! Starting to look forward to these friendly and funny reviews ! Thanx !",4,,youtube,0.941,positive
trader_joes,Goat with glasses? You mean Dr. Dillamond ? 😂,3,,youtube,0.504,positive
trader_joes,Still waiting on another Wraps/Burritos video to see Kiosk truly snap again. Lol,3,,youtube,0.6908,positive
trader_joes,You two always cheer me up!,0,,youtube,0.5562,positive
trader_joes,"It doesn’t matter not many you’re cooking in the oven, the cook time should be the same. (Also, did anyone catch Jen saying Tater Joes, or was that just me?)",3,,youtube,0.0258,neutral
trader_joes,"In loved the earl grey blondie bars! It tasted like how I like to have my ear grey sometimes, with milk and sugar.",2,,youtube,0.8622,positive
trader_joes,😂 constipation starter pack&quot;,6,,youtube,0.4404,positive
trader_joes,"<a href=""https://www.youtube.com/watch?v=JTz40U0WrVk&amp;t=435"">7:15</a> I need this quote on a t-shirt please and thank you",2,,youtube,0.5859,positive
trader_joes,"good video, thanks! I don&#39;t know why Kristen doesn&#39;t do the food prep part if she&#39;s super particular? totally fine that she is, I&#39;m not complaining. But it does sound like she cares more than Jen? Anyway, thanks for saving me the trip to TJ&#39;s to see what&#39;s new!",1,,youtube,0.9598,positive
trader_joes,"<a href=""https://www.youtube.com/watch?v=JTz40U0WrVk&amp;t=746"">12:26</a> take it back! I LOVE the hot honey popcorn… I didn’t even think they were that spicy",0,,youtube,0.7371,positive
trader_joes,watching this as i bake my bday cake 🎂 best way to pre game 25 &lt;3,7,,youtube,0.6369,positive
trader_joes,"I got a new over and I am over baking everything so I understand Jen, I even check it now 5-10 minutes before the estimated times but so far still learning",3,,youtube,0.0,neutral
trader_joes,That hot honey popcorn is DOPE. Perfect sweet and heat balance.,0,,youtube,0.7717,positive
trader_joes,"I went to a Korean hotdog place, and they sprinkled them with sugar, then mustard and/or ketchup. Surprising, but delicious!",1,,youtube,0.784,positive
trader_joes,"I am honestly shocked about the hot honey popcorn, it&#39;s my favorite!",5,,youtube,0.6114,positive
trader_joes,"Springfield to Foxborough is a long ass drive, plan accordingly because the Mass Pike will throw sand in the gears of your plan.",2,,youtube,-0.5423,negative
trader_joes,Would y’all think about bringing back the cooking competitions??,0,,youtube,0.0,neutral
trader_joes,The amount of times that something I really liked from Trader Joe’s that’s put in the penalty box definitely makes me question all of our tastes 😅,1,,youtube,0.6478,positive
trader_joes,Always interested in what you say about TJ&#39;s.,3,,youtube,0.4019,positive
trader_joes,BEGGING you guys to watch Chris Flemming&#39;s women in Trader Joe&#39;s commedy bit,0,,youtube,0.0,neutral
trader_joes,Makes my Friday every time!,0,,youtube,0.0,neutral
trader_joes,I enjoy the knife show and tells jorn,0,,youtube,0.4939,positive
trader_joes,I like the white cheddar popcorn quite a bit,0,,youtube,0.3612,positive
trader_joes,I think Kitchen should be in charge of the oven from now on…,1,,youtube,0.0,neutral
trader_joes,Thank you Kristin for using the word &#39;temerity&#39; correctly - and it was much needed here also.,0,,youtube,0.3612,positive
trader_joes,"Usually our tastes are very similar, but I tried those earl grey Blondies and I&#39;m blown away, they were so damn good. I love the crunch on the top, I thought the amount of Earl Grey was perfect and they weren&#39;t too sweet",0,,youtube,0.9594,positive
trader_joes,i agree with kristen - crunchy bread hurts my mouth hahah,0,,youtube,-0.1531,negative
trader_joes,TJ’s white cheddar popcorn is the best,1,,youtube,0.6369,positive
trader_joes,Okay why hasn’t someone bought you two an air fryer for these videos yet?<br><br>Also it’s hilarious to see Kristen say “mama needs hot food” to Jen when we all know Kristen needs their hot food hot and their cold food cold 😂<br><br>I love y’all!,0,,youtube,0.8016,positive
trader_joes,"I encourage everyone to watch Jorn in x0.5 speed at <a href=""https://www.youtube.com/watch?v=JTz40U0WrVk&amp;t=274"">4:34</a> 😂 The facial expressions are priceless",0,,youtube,0.7351,positive
trader_joes,Thriving on how chic Kristin looks!!,0,,youtube,0.3987,positive
trader_joes,i fear an air fryer with a bake setting would be y’all’s best friend bc kristen’s oven seems to be a hater,0,,youtube,0.34,positive
trader_joes,I&#39;m at work but that&#39;s not gonna stop me from at least commenting!,2,,youtube,0.3867,positive
trader_joes,I tried the cookies and cream cookies and they&#39;re actually really delicious if you take them out at 11 minutes 😊,0,,youtube,0.8748,positive
trader_joes,Why doesn’t Kristen ever cook if she’s just going to complain that Jen does such a bad job? Jens always running around and she just sits there bitching.,2,,youtube,-0.7964,negative
trader_joes,See you in Springfield!,0,,youtube,0.0,neutral
trader_joes,Domaine Chandon (Yountville) has an earl grey sparkling wine. It is so delicious and even better as a cocktail with ice and lemon 😊,0,,youtube,0.9436,positive
trader_joes,"I shop at TJ’s all the time and in general I’ve found the bake times/cook times per instructions are not long enough an I have to bake/cook longer. But factor in if one is using older or newer appliances, gas vs electric and if the oven has hot spots (most do). I’m with Jorn on this one ☝️",0,,youtube,0.0,neutral
trader_joes,I agree with Kristen about the popcorn. ENOUGH!!!,1,,youtube,0.5229,positive
trader_joes,we need an episode where kristen tastes and ranks all the popcorn!,0,,youtube,0.0,neutral
trader_joes,"you would still need to cook a small amount of things for the same length of time as you would a larger amount of things. overcrowding a pan in the oven can make uneven heating happen, but only having a few things cooking doesn&#39;t mean they&#39;ll become cooked quicker further apart.",0,,youtube,0.0,neutral
trader_joes,Woo! This week we get the pasta top!,0,,youtube,0.6688,positive
trader_joes,GREAT video. right before my TJ’s shopping trip which is perfect. 🎉,0,,youtube,0.9049,positive
trader_joes,I love that this week&#39;s episode was &quot;Kitchen &amp; Jorn: The Musical&quot;,0,,youtube,0.6369,positive
trader_joes,"Man, I love that weird crunchy sugar on top of baked goods. Surprised you guys don&#39;t!",0,,youtube,0.7574,positive
trader_joes,I&#39;d love a knife collection video!! ❤,0,,youtube,0.8745,positive
trader_joes,"I don&#39;t live near a Trader Joe&#39;s yet, but when I do, I will be trying as many of their products as possible",0,,youtube,0.0,neutral
trader_joes,I would love a tj maxx/marshalls food isle taste test:),1,,youtube,0.6369,positive
trader_joes,Stress test my enamel😂😂😂,1,,youtube,0.7096,positive
trader_joes,can i put in a polite request for jorn to finally take us on that knife tour?🗡💕<br><br>--a fellow sapphic who loooves weapons and tools,0,,youtube,-0.4404,negative
trader_joes,"Love you guys so much, just wanted to let you know they had the buffalo chicken poppers for awhile they are not new.",0,,youtube,0.6369,positive
trader_joes,idk what&#39;s going on at your trader joe&#39;s but that hot honey popcorn has been around since at least december lol,0,,youtube,0.5423,positive
trader_joes,Omg I’m leaving to visit my hometown in a few hours and IM FINALLY GOING TO BE REUNITED WITH TRADER JOES,0,,youtube,0.0,neutral
trader_joes,Trader Joe’s coconut flavored almonds are so good !,0,,youtube,0.6166,positive
trader_joes,I&#39;d reallllly like to see you match outfits with your beaded earrings again!!,0,,youtube,0.4738,positive
trader_joes,"I think baguettes have a place in sandwiches and this seems like one of them. There needs to be texture. If you have a really stuffed sandwich that already has crunch, then baguette bye",1,,youtube,0.3612,positive
trader_joes,Microwave-time matters depending on how much is in it. Oven-time vs quantity does not matter! Wonder if the oven is too hot?,0,,youtube,0.0818,positive
trader_joes,I would get an oven thermometer! Seriously the best $7 I spent as a baker. Ovens lie ALL THE TIME.,0,,youtube,0.5848,positive
trader_joes,"Baguette talk, I feel the bad thing about most sandwich bread is how dense the crumb is. I want airy bread and either crunchy or chewy crust",0,,youtube,-0.4939,negative
trader_joes,Why does Kristen heat things if Jen is always over cooking things in her opinion?,4,,youtube,0.0,neutral
trader_joes,"Kristen, your dress is amazing. Love <br>Jen, I’m with you on the bread. Baguettes rule",0,,youtube,0.8402,positive
trader_joes,"Love you crazy kids ❤❤❤❤ I was in the corner, cheering the lemon muffins on, and I was so happy that they succeeded 😂😂😂 signed, lemon lover 👱‍♀️😂🍋",0,,youtube,0.9931,positive
trader_joes,well I like it when they post!,0,,youtube,0.5983,positive
trader_joes,"Wow, I am surprised the strawberry liege waffles are good, gotta check those out next time",1,,youtube,0.8225,positive
trader_joes,I think the honey popcorn and the buffalo chicken are old products,0,,youtube,0.0,neutral
trader_joes,it seems I have the opposite opinion of all of Kristin’s food opinions am I still allowed here,1,,youtube,0.0,neutral
trader_joes,I’m glad I feel justified in not getting the cookies and cream cookie mix. Almost bought it the other day but got the break and bake chocolate chip cookies instead. Cookies and cream cookies was just a little too much cookie inception for me.,0,,youtube,0.431,positive
trader_joes,The synergies popcorn was a bbq popcorn and it was as awful.,1,,youtube,-0.4588,negative
trader_joes,I agree with Jen on the lemon muffins. Mine were too moist to the point of almost being soggy. Yuck.,0,,youtube,0.3612,positive
trader_joes,Weird. I’m actually headed to Trader Joe&#39;s in a couple minutes and this popped up.,0,,youtube,-0.1779,negative
trader_joes,Do a fall Trader Joe’s haul,0,,youtube,0.0,neutral
trader_joes,Just spent $22 there a few hours ago. I had to stop myself,0,,youtube,-0.296,negative
trader_joes,"I know it’s a lot of items, but can I ask you a favor please? I just joined what I love to do is just take a screenshot of the good stuff so I can go shop at Trader Joe’s but you go so fast I can’t see what it is I just listen to what you say Just like an extra two seconds would be great thank you thank you!",0,,youtube,0.9871,positive
trader_joes,"Yes, lady, we know you have nails",1,,youtube,0.4019,positive
trader_joes,"Red velvet is chocolate.  NYC’s Magnolia Bakery, featured in Sex and the City, made cupcakes famous.",6,,youtube,0.0,neutral
trader_joes,Put hot glue dots on slippery tubes to make grip better...also a good thing to put on hangers so clothes don&#39;t  slip off,4,,youtube,0.4404,positive
trader_joes,I used to shop at the Pasadena store with my grandmother in the early 70s. Safe to say I am a long time Joe’s fan!,1,,youtube,0.6696,positive
trader_joes,Red Velvet is chocolate cake with red coloring added,1,,youtube,0.0,neutral
trader_joes,"Been eating Cheetos long enough, time to try those Cheese Crunchies. Thanks for the heads up.",0,,youtube,0.4404,positive
trader_joes,Blonde is vanilla brownie.,3,,youtube,0.0,neutral
trader_joes,Niacin is vitamin B3 :)  So thankful for your vids. They save me so much time when I brave the crowds at TJ&#39;s.,1,,youtube,0.948,positive
trader_joes,I know some friends I’ll have to pick up the earl grey blondies for! I love that TJ’s makes different ones based on the season. I was for sure in my early 20s when I found out that red velvet is just chocolate.,0,,youtube,0.8777,positive
trader_joes,"Just got the coconut cashew caramel clusters. Oh my. They flirt on the edge of too sweet, but they taste so good I don&#39;t care!<br><br>Natasha, have you seen the dark chocolate roasted pistachio toffee? It&#39;s in one of those little 4 in.² plastic tubs. Very very very good. I&#39;m like you - I prefer dark chocolate.",1,,youtube,0.9528,positive
trader_joes,"A blondie is a rich, chewy dessert bar similar to a brownie but without chocolate, flavored with brown sugar, butter, and vanilla for a butterscotch taste. Often called &quot;blonde brownies,&quot; they have a similar texture to brownies but get their flavor from vanilla and caramelized brown sugar, and can be customized with mix-ins like chocolate chips, nuts, or M&amp;Ms. They are known for being quick and easy to make, often in a single bowl, and are best when slightly underbaked to ensure a moist, chewy center. <br>Key characteristics<br>Flavor: Butterscotch, caramel, and vanilla.<br>Texture: Chewy and dense, like a brownie.<br>Base: Brown sugar, butter, flour, eggs, and vanilla.<br>Customization: Easily adaptable with add-ins like chocolate chips, nuts, or white chocolate. <br>How they&#39;re made<br>Melt butter and mix with brown sugar, eggs, and vanilla. <br>Whisk in dry ingredients (flour, baking soda, salt). <br>Fold in desired mix-ins. <br>Bake at 350°F (175°C) until the edges are set but the center is still slightly gooey (around 25-30 minutes). <br>Cool completely before cutting to allow them to set.",4,,youtube,0.977,positive
trader_joes,I am obsessed with the coconut cashew candy clusters….glad I bought a couple of bags,1,,youtube,-0.1779,negative
trader_joes,I use Seen Shampoo-non-frangence.,0,,youtube,0.0,neutral
trader_joes,Niacin a vitamin.. red velvet is a light chocolate flavor,0,,youtube,0.296,positive
trader_joes,Organic small lot 100%!,0,,youtube,0.0,neutral
trader_joes,Not quite allergic is called a sensitivity...,0,,youtube,0.2743,positive
trader_joes,Brody looks exactly like Tom Hanks aka Forest Gump lol,1,,youtube,0.6486,positive
trader_joes,"Red velvet cake originated in the 19th-century Victorian era as a &quot;velvet&quot; cocoa cake, becoming popular in the 1940s/50s, notably through Eaton’s department store and the Waldorf-Astoria. Its characteristic red color historically stemmed from a chemical reaction between cocoa, buttermilk, and vinegar, later enhanced with beet juice or red food dye during WWII rationing.<br><br>Key Historical Aspects:<br>Victorian Origins: Originally, &quot;velvet&quot; cakes were developed to have a fine, soft crumb—distinct from the coarse, dense cakes of the time—using ingredients like almond flour, cocoa, or cornstarch.<br>Natural Coloration: Before food coloring, the red hue was naturally produced when raw, non-alkalized cocoa powder was combined with acidic ingredients like buttermilk and vinegar, creating a brownish-red, &quot;mahogany&quot; color.<br>The Waldorf-Astoria Myth/Legend: While often called the &quot;Waldorf Astoria Cake,&quot; the hotel (along with Eaton&#39;s in Canada) likely popularized it in the 1930s rather than inventing it, with the hotel&#39;s recipe originally using beet juice.<br>Wartime/Adams Extract: During WWII, when food was rationed, bakers used beet juice for moisture and color. John A. Adams, a Texan extract salesman, is credited with commercializing the modern, bright red version by pushing the sale of red dye alongside his cake recipe.<br>Cultural Significance: Today, red velvet is strongly associated with Juneteenth, representing the blood spilled by enslaved ancestors and the resilience of the community.<br>Pop Culture Revival: The cake experienced a massive resurgence in popularity following its appearance in the 1989 film Steel Magnolias. <br>Wikipedia<br><br>Evolution of the Recipe:<br>Frosting: Originally, the cake was paired with a cooked roux-based white frosting (sometimes known as &quot;ermine icing&quot;). It is now most commonly served with cream cheese frosting.<br>Dye Scares: Due to concerns over Red Dye No. 2 in the 1970s, many recipes transitioned to Red Dye No. 40.",2,,youtube,0.9601,positive
trader_joes,Love that OG goat cheese!  Bought three so far.  Yum!,1,,youtube,0.6988,positive
trader_joes,Earl Grey Blondie Bars would be delicious with a London Fog Latte. 😋,0,,youtube,0.5994,positive
trader_joes,Those bugs may be gnats.,0,,youtube,0.0,neutral
trader_joes,Tuna sandwiches with potato chips. 🔥,0,,youtube,-0.34,negative
trader_joes,You don&#39;t need to tip at a coffee shop! The coffees are pricey enough! Don&#39;t get sucked into that trap,1,,youtube,-0.7081,negative
trader_joes,"I have been shopping at TJ’s since the mid 80s, back when they were a liquidator under the original owner and management. At first they had no refrigeration sections and their wines were awful because they were literally rejects for some reason. First expansion was the cheese and frozen foods. Then they started selling stuff under their own label (that was huge). They brought in fresh produce, but it was always prepackaged except the bananas which were sold individually. They added deli items and cured meats and packaged baked goods. The last things added were fresh meats and seafood. They had frozen chicken breasts, for example, years before the fresh ones. Before they were a full line grocery I used them for cheese, spices and condiments, dried fruit and nuts and whatever tempting snack items that would be gone forever if not purchased right then (because they were a liquidator). Every trip was a treasure hunt!  I’m in CA of course. I used to have to ship TJ stuff to friends and family in other states. 😂",4,,youtube,0.923,positive
trader_joes,I am in Montana and have those little bugs too! All over the window sills.,0,,youtube,0.0,neutral
trader_joes,This was fantastic! Brody did a stellar job! The inside the bag clip was fun 😊. You’ve got me thinking about the shampoo. I hope you got the bug problem resolved!,1,,youtube,0.9401,positive
trader_joes,Blondies are non chocolate brownies so they are vanilla or caramel or butterscotch etc,0,,youtube,0.0,neutral
trader_joes,Fruit fly like bugs: trap:  a shallow dish(es) of apple cider vinegar with a drop of Dawn.,1,,youtube,-0.2263,negative
trader_joes,lol what is anthony doing with his hands 🤣,0,,youtube,0.7184,positive
trader_joes,"Brought in two weeks ago  little “fruit flies” …not exactly, multiplied.  Nightmare!  Maybe came in on a TJ’s papaya or kiwi… or…. They are better, not gone.  Shallow dishes with apple cider vinegar and a drop of Dawn.  They love it and drown. 😮",2,,youtube,0.3802,positive
trader_joes,"A brookie is a popular hybrid dessert combining a chocolate chip cookie and a brownie, likely originating in the mid-2000s or early 2010s to satisfy cravings for both treats. While various bakers claim invention, it was popularized by shops like Los Angeles-based Milk + Brookies and Solomon’s Gourmet Cookies. <br><br>Key Historical Details:<br>Origin: The concept emerged around 2006-2007, with one creator, Jason Tenenbaum, claiming invention at Solomon’s Gourmet Cookies. Another source attributes the creation to a 2010 launch of a similar product called the &quot;Brookster&quot;.<br>Popularization: Jovon English, who founded Milk and Brookies in 2014, is credited with popularizing the brownie-cookie cupcake, often cited for bringing the hybrid into the mainstream, including on Shark Tank.<br>Concept: It consists of cookie batter layered over, or mixed with, brownie batter, creating a chewy and fudgy texture.<br>Commercial Adoption: Major bakeries, such as Great American Cookies, have adopted the product, marketing it as the &quot;best of both worlds&quot;.<br>Commonality: Despite specific inventors, the concept is often considered a natural evolution of combining existing, classic recipes.",0,,youtube,0.9753,positive
trader_joes,I&#39;m going to try those blondie bars... they sound goooood.. and the cheese.. 🐄,0,,youtube,0.0,neutral
trader_joes,I love aged goat cheese. It’s hard to find.,0,,youtube,0.5859,positive
trader_joes,"Great video, nice to see Anthony again.",0,,youtube,0.7845,positive
trader_joes,I have been ordering Costa Rican coffee ever since my brother went there and brought me a bag. There is a US distributor who imports it. I love it!,0,,youtube,0.6696,positive
trader_joes,"I LOVE Costa Rican coffee.  Whenever I&#39;d go there, I&#39;d ship huge bags of the coffee home.  Now I can find it in my local grocery store which is so good but I did get some from TJs also.",0,,youtube,0.7173,positive
trader_joes,Red Velvet is a cocoa-flavored cupcake that is dyed red with cream cheese frosting. They also have buttermilk and vinegar for the tang. It was originated at the Waldorf Astoria Hotel in NYC during the 20’s or 30’s as it was served as a luxury dessert.,0,,youtube,0.0,neutral
trader_joes,What is the answer to the TJ’s Trivia question? When did the first Trader Joe’s open up?,0,,youtube,0.0,neutral
trader_joes,"<a href=""https://www.youtube.com/watch?v=lgjUVTqYfz0&amp;t=725"">12:05</a> OMG, yikes! I have been hearing about some new fly in SoCal that likes to attack eyeballs. I hope that’s not it!",0,,youtube,0.4912,positive
trader_joes,"A traditional red velvet is made with cocoa powder,red food coloring, and vanilla extract. Tjs probably used beet juice/powder as they don&#39;t use traditional food coloring.",0,,youtube,0.0,neutral
trader_joes,"Red Velvet cake is very popular in the South. Supposedly vinegar, cocoa &amp; buttermilk are what gives it a unique flavor &amp; texture. <br>Watch every haul &amp; love your podcast. The 1st Trader Joe&#39;s is in Pasadena. Have fun at Coachella!!!",0,,youtube,0.9094,positive
trader_joes,Blondie is a brownie alternative fkavored with brown sugar and vanilla instead if cocoa,0,,youtube,0.0,neutral
trader_joes,Anthony is great!,0,,youtube,0.6588,positive
trader_joes,"I watch all your videos since I ❤ TJ’s! I’m watching from WA state, the closest one to me is about 1/2 hour away, I love trying new things but I have sensitivities &amp; allergies so I don’t get certain things, including the soups since they add a ton of onions and I don’t tolerate them well…I don’t do caffeine so none of the coffee items or dark chocolate :(.   But there are a lot of things I love one of my favorites is the frozen green curry (with tofu sheets although I avoid those) so many other favorite TJ items though!! Thanks for your updates and test reviews!!",0,,youtube,0.9775,positive
trader_joes,I&#39;d love it if Trader Joe&#39;s made versions of Girl Scout cookies! I love the Girl Scouts but the ingredients in their cookies are disgusting. I still buy them but I give them to people I don&#39;t like that much.,2,,youtube,0.484,positive
trader_joes,lets get Brody to taste test.....,0,,youtube,0.0,neutral
trader_joes,I&#39;m from the land of Trader Joe&#39;s.,0,,youtube,0.0,neutral
trader_joes,Girl. The way you have been mentioning your boyfriend in your content -- you KNOW some of your viewers will ask to see him😂😂 (protect your privacy). I live near the OG TJs in Pasadena!,1,,youtube,0.8268,positive
trader_joes,what&#39;s with the dark bushy eyebrows?,2,,youtube,0.0,neutral
trader_joes,smell… scent,0,,youtube,0.0,neutral
trader_joes,Cud it b fruit flies 😮,0,,youtube,0.0,neutral
trader_joes,The jumping in the bag schick is stupid.,0,,youtube,-0.5267,negative
trader_joes,"I don’t mean to be rude, but your eyebrows are distracting.   The right one is thicker and it is much higher than the other.   Also, they need to be lighter and toned down some  😮",0,,youtube,-0.5859,negative
trader_joes,Come on. Never heard of a blondie? No idea what red velvet is? Not buying it. Just like you probably don’t actually “buy” those massive bags of groceries. Children are starving but TJ’s is paying you to take one bite of fifty things and describe them. The world is upside down.,0,,youtube,-0.2755,negative
trader_joes,"In Boston, the world&#39;s biggest and smallest branches of the chain are found on the same street a few paces from each other. I will only shop at a store with a sense of humor, therefore Trader Joes is the only place I shop",13,,youtube,0.2732,positive
trader_joes,So glad they brought the blue cheese Irish potato chips back! They are repulsive and addictive at the same time! Very strong flavor. Buy two bags.,16,,youtube,0.8161,positive
trader_joes,Sounds like your in a tunnel 😂🙌,8,,youtube,0.6597,positive
trader_joes,I thought I was the only one with issues opening packages 🤣,3,,youtube,0.4939,positive
trader_joes,I am not having issues with your sound. Thank you for all you do. Greatly appreciate everything you do for us.,4,,youtube,0.6697,positive
trader_joes,"I had the Buffalo chicken meatballs on Trader Joe’s sandwich bread, and topped it with Trader Joe’s Blue Cheese and coleslaw, it was so good. Even my picky husband liked it. Thank you for the recommendation. Such a fun haul! I spent over $300 this weekend there. So many fun and new things to try. Have a great week. ❤️🐶",0,,youtube,0.9653,positive
trader_joes,Lighting seems to be off today.  Very bright!,6,,youtube,0.54,positive
trader_joes,"<a href=""https://www.youtube.com/watch?v=nQFT-TfqtFI&amp;t=502"">8:22</a> blame that on the yeast extract (ie. MSG)😬",1,,youtube,-0.5859,negative
trader_joes,Sound is off today,10,,youtube,0.0,neutral
trader_joes,Rice cakes with peanut butter,4,,youtube,0.0,neutral
trader_joes,"I would love to try the trio of glazes! I’m so thankful for the Ronald McDonald House for families. My family stayed in the Fisher House which is very similar in Maryland, when we were going through a difficult time. Good luck with your sugar high!",0,,youtube,0.9316,positive
trader_joes,I have stomach trouble with some wonderful North Atlantic salmon. You are the only person i have heard who has trouble with salmon besides me.,0,,youtube,-0.1779,negative
trader_joes,"Hi Natasha, I’m not a really a big fan of pizza., but if I were to make pizza, I would put diced chicken, artichokes, bell<br>Peppers, mushrooms, red onions, tomatos and lots of melted cheese. I prefer a veggie pizza but chicken on it is okay too.",0,,youtube,0.4822,positive
trader_joes,Forgot to bring with me the bee wax spray (name?) I&#39;m in Prague and I got a head cold. I&#39;ve living in Texas 3.5 years and I hadn&#39;t gotten a cold.,0,,youtube,0.0,neutral
trader_joes,Get those pork pot stickers and put in your spinach coconut soup recipe. You can find recipe on here. You can add a few meatballs if you want but not necessary. Drizzle with hot chili sauce.,3,,youtube,0.0387,neutral
trader_joes,🍓🍓🍓HYPED for this awesome haul…so many great goodies‼️,4,,youtube,0.8743,positive
trader_joes,I just don’t understand why she keeps messing with the audio in every video. It’s so bad &amp; odd sounding I literally can’t watch it.,10,,youtube,-0.7938,negative
trader_joes,The shredded pizza seasoned Toscano cheese is so good for pizza and mushrooms,0,,youtube,0.5777,positive
trader_joes,What was the name of the hot chocolate?,0,,youtube,0.0,neutral
trader_joes,Can you provide the link to you hot water kettle ? So cute,3,,youtube,0.5949,positive
trader_joes,"Maybe you’re thinking of the candy,  the lemon drops for the lemon tea?",1,,youtube,0.0,neutral
trader_joes,Not all mortadella has pistachios.,2,,youtube,0.0,neutral
trader_joes,I have not seen Mortadella at Trader Joe&#39;s for years.,0,,youtube,0.0,neutral
trader_joes,Dubai chocolate has toasted  Phylo  shreds ...that&#39;s the glutin source,2,,youtube,0.0,neutral
trader_joes,"Pizza - olive oil, prosciutto, fig jam, red onion and, fontina, asiago, goat and blue cheeses topped with fresh arugula.  Another would be alfredo, just chicken, red onion, sliced olive, mushroom, artichoke hearts, pancetta and mozz/italian blend combo.",1,,youtube,0.765,positive
trader_joes,Are those Laundry DETERGENT sheets or Dryer sheets? I think they might go in the washing machine not the dryer like the balls. Maybe?,2,,youtube,-0.3549,negative
trader_joes,"Lol, I can imagine how Jeff would have reacted to the affogato &quot;structure&quot;! I think it may have needed a lttle more hot water to blend with the ice crean and make ihe instant coffee less bitter.  I doubt that anyone can pronounce those French-inspired sweet pastries. I was reading in the FF that it&#39;s an old Brittany dialect.",1,,youtube,0.7079,positive
trader_joes,"As others have mentioned,  the sound is terrible.",3,,youtube,-0.4767,negative
trader_joes,MUSHROOMS!!,0,,youtube,0.0,neutral
trader_joes,"Your salmon issue could be due to their diet (heavy on shellfish; feed that has an ingredient to make it more pink) or something used during the packaging process. <br><br>Mortadella without pistachio? Cool, I can make an Italian assorted that won&#39;t make my husband puke (intolerance to the &quot;fun nuts&quot; cashews, peanuts &amp; pistachios).",0,,youtube,-0.6555,negative
trader_joes,Pepperoni and hot honey on pizza!,0,,youtube,0.0,neutral
trader_joes,Fun haul….disagree with you re the Dubai chocolate.  We found this one awful and trashed it.  IMO so many other ones that are so much better.,1,,youtube,0.539,positive
trader_joes,I love their toothbrushes,0,,youtube,0.6369,positive
trader_joes,That’s a huge bill for Trader Joe’s!  Wow,7,,youtube,0.75,positive
trader_joes,My dogs love canned whipped cream. I squirt it in their mouths.,0,,youtube,0.6369,positive
trader_joes,"WAS AT TJ&#39;s this morning....the city center location was out of ginger bread ice cream sandwiches<a href=""UCkszU2WH9gy1mb0dV-11UJg/7cIfY5niDOmSkNAP08CA6A4""></a>",3,,youtube,0.0,neutral
trader_joes,"triggering for AN, like I&#39;ve said before....did you hear?",0,,youtube,0.3612,positive
trader_joes,Carbon monoxide 😂😂😂😂🤣,1,,youtube,0.93,positive
trader_joes,"What’s wrong with the sound, it’s terrible",2,,youtube,-0.7351,negative
trader_joes,I love all those shots too. I wish Trader Joe’s would come out with a protein shot. That would be so cool!,2,,youtube,0.8802,positive
trader_joes,The Candy Cane Jo-Jo’s have been recalled - they said not up to their quality!,3,,youtube,0.0,neutral
trader_joes,"😢 I have been following you on your different channels and on YouTube for the last couple of years. I want to be able to share some constructive criticism of your postings. I usually watch your post with my daughter and a couple of friends and then we make our cart list up accordingly and then the following day do a girls lunch and Trader Joe’s trip. We all have a bunch of fun and it is great to compare our respective opinions of the products that you have reviewed. To that end, though I just want to share with you that while I watch your postings, by the time we have finished, I am literally physically exhausted. You speak so fast, you do not complete your sentences you jump all over the place. I don’t know if it’s because of the probiotics, your allergies, your foods that you eat, but it has now gotten into a point where I believe I am going to have to unsubscribe from your YouTube channel. I just can’t follow you during your review reviews of the products. You are just all over the place. You are so knowledgeable and your topics are so interesting but I just am exhausted and generally if your review is over 15 to 20 minutes long, I have to go onto something else, I just cannot concentrate. Please please slow it down a bit. I am 76 years old and I cannot keep up with you. I wish you the best. Happy holidays.",7,,youtube,0.971,positive
trader_joes,Queen Ah mawn,2,,youtube,0.0,neutral
trader_joes,The videos are gettting too long,0,,youtube,0.0,neutral
trader_joes,What happened to the sound again? It’s really tinny like your talking into a pipe? Please go back to your old way. Thanks. (Put cc on &amp; turned down the column it is annoying)🥲,10,,youtube,0.8094,positive
trader_joes,I loved me some Kimichi.,20,,youtube,0.5994,positive
trader_joes,I love your enthusiasm ❤,2,,youtube,0.9062,positive
trader_joes,Big facts about those dag on dark chocolate pretzels. I have my husband hide the bag sometimes and ration them out to me when I ask to stay strong 😅,5,,youtube,0.6249,positive
trader_joes,I liveeee for your Trader Joe’s hauls😂🙌🏾 I’ll be going soon,5,,youtube,0.4404,positive
trader_joes,"You’ve got me nervous about you trying the kimchi, after the way it went with the coconut water. Praying for you girl 😂 🙏🏻",5,,youtube,0.5106,positive
trader_joes,I LOVE kimchi!!!! I also love wontons especially in my pho( dip inside broth),6,,youtube,0.9062,positive
trader_joes,You did well..,0,,youtube,0.2732,positive
trader_joes,The roses are so pretty 😍,0,,youtube,0.8123,positive
trader_joes,I just went and got the chili sauce to try,0,,youtube,0.0,neutral
trader_joes,Girll you better than me I can never stay on budget for the life of me 😂,1,,youtube,0.7003,positive
trader_joes,I love those Moroccan green tea especially with the mint,1,,youtube,0.6369,positive
trader_joes,"Happy Saturday 😊 Those dark chocolate pretzels are SOOOO GOOOD!  The chicken sausage is good, too.  I&#39;ll have to try that ginger drink.  Enjoy your day on purpose ♥️",0,,youtube,0.9652,positive
trader_joes,"Hi Sis, a girl, Hey, I went to the grocery store, too. And got some of the items, but I don&#39;t have a trader. Joe&#39;s so I didn&#39;t get the popcorn, and I didn&#39;t get the dark chocolate pretzels, but I&#39;m gonna try this kimchi, I hope you make a video and try it on camera aint your honest opinion. Thank you have a blessed day❤❤❤",1,,youtube,0.9839,positive
trader_joes,"Definitely recommend trying authentic kimchi from your local oriental market. Omg, it’s soooooo good and healthy for gut and other things. Praying for so much health for you! ❤",0,,youtube,0.9501,positive
trader_joes,"The sauce I put on everything !!!!!! It’s cheap, no in calories saves any boring meal",0,,youtube,-0.6876,negative
trader_joes,This series is so good,0,,youtube,0.5777,positive
trader_joes,"Yessss, for staying on budget ❤❤❤",0,,youtube,0.9274,positive
trader_joes,I will check out a few of those.  Thanks,0,,youtube,0.4404,positive
trader_joes,I tried Kimchi for the first time and they told me before I bought it that if you don’t like cabbage you won’t like kimchi and I love cabbage and it was so good!!,0,,youtube,0.9264,positive
trader_joes,You did good 😄❤️❤️,1,,youtube,0.8126,positive
trader_joes,Good job ❤,0,,youtube,0.7964,positive
trader_joes,Did good!!,0,,youtube,0.5399,positive
trader_joes,Listennnn I will have to go to that store because Publix prices are whewwww😂,0,,youtube,0.4404,positive
trader_joes,You are so pretty,0,,youtube,0.6269,positive
trader_joes,Coconut water gave me diarrhea 🤮,1,,youtube,0.0,neutral
trader_joes,❤❤❤❤ You did great for your $60 and roses too.  Win Win,0,,youtube,0.9842,positive
trader_joes,Do whole food next,17,,youtube,0.0,neutral
trader_joes,LOVE this!! Please do a round 2 of various options that you want to try at Trader Joes!!,9,,youtube,0.8658,positive
trader_joes,You pronounced Korean style bibim guksu so right! Nailed it!😂😂😂,5,,youtube,0.8513,positive
trader_joes,Love this video but I don&#39;t have a Trader Joe&#39;s but still got some great ideas! Could you possibly do the same thing at Walmart?,9,,youtube,0.8605,positive
trader_joes,"I absolutely love the white cheddar puffs, and you need to try the Sour Cream &amp; Onion ones as well. YUM!!",3,,youtube,0.8007,positive
trader_joes,I just recently heard that mangos and cashews are in the same botanical family as poison ivy.,1,,youtube,-0.5423,negative
trader_joes,I love you Daisy sue you are always so nice and considerate❤❤❤,9,,youtube,0.9766,positive
trader_joes,"Try the jalapeño corn puffs snacks, they have so much more flavor .",3,,youtube,0.0,neutral
trader_joes,Those wontons are my favvvv,0,,youtube,0.0,neutral
trader_joes,I have never heard of the noodles either. Looks good! ❤,1,,youtube,0.8122,positive
trader_joes,Need part 2!!!! love this type of video &lt;3 and your ring is SOOO PRETTY,0,,youtube,0.8834,positive
trader_joes,"Daisy this is a great video, Happy Sunday!! 😁❤",2,,youtube,0.9484,positive
trader_joes,Love how I’m watching this video eating Taco Bell 😂,2,,youtube,0.7964,positive
trader_joes,those wontons look so good daisy,0,,youtube,0.5777,positive
trader_joes,Thank you so much,0,,youtube,0.3612,positive
trader_joes,those corn puffs would be so good as a low cal side with a sandwich for lunch,0,,youtube,0.3902,positive
trader_joes,Your videos always put a smile on my face!,1,,youtube,0.4199,positive
trader_joes,My TJ only had the pork won tons yesterday so I got those. Can’t wait to try them!,0,,youtube,0.6114,positive
trader_joes,that chicken burrito bowl looks so good to,0,,youtube,0.5777,positive
trader_joes,The snack time again song killed me in the best way 😂😂 &amp; aww Bear is so cute 🐻 🐶  &amp; Mello haha,0,,youtube,0.9075,positive
trader_joes,Those Wontons would be delicious with the Korean Noodles 😋,0,,youtube,0.5719,positive
trader_joes,"DaisySue, perfect timing. Something to watch while eating lunch. Thanks!",9,,youtube,0.784,positive
trader_joes,New Daisy Sunday Video. Eating Healthy Is Important &amp; Excellent On A Sunday Reset Daisy. Awww Bear Has His Donut. Much Love To You Daisy &amp; Gabe &amp; The Pups. ❤❤❤❤❤,1,,youtube,0.9876,positive
trader_joes,I will say the world&#39;s puffiest in sour cream and onion are even better than the white cheddar. SO GOOD 🤩,0,,youtube,0.8582,positive
trader_joes,I love your videos Daisy!!! 🫶🏼❤️,1,,youtube,0.7249,positive
trader_joes,I don’t have a Trader Joe’s where I live so it’s cool to kinda see the options.,0,,youtube,0.3774,positive
trader_joes,"Great video, once again our Miss Daisy Sue never disappoints💋🤓",0,,youtube,0.2851,positive
trader_joes,I heard gabe clear his throat and turned around thinking it was my man hahaha,1,,youtube,0.7351,positive
trader_joes,"Daisy, that was a great vlog, l really enjoyed it, thanks! 💖",0,,youtube,0.9663,positive
trader_joes,"Daisy, you should make a dish called bibimbap.  You&#39;d love it",0,,youtube,0.6369,positive
trader_joes,daisy sue please do montage and time lapse,1,,youtube,0.3182,positive
trader_joes,I just brought the TJ&#39;s sour cream and onion corn puffs like the cheddar ones you have and they are delicious with amazing texture ❤,0,,youtube,0.9349,positive
trader_joes,I also like the sour cream and onion Puffs. I think they&#39;re more flavorful than the regular white cheddar puffs.,3,,youtube,0.3612,positive
trader_joes,"Hey Daisy!! Love me some Trader Joe’s! Btw, I was confused too when looking, but the protein pancakes are actually in a package over by the eggs (near the overnight oats probably)!",1,,youtube,0.4798,positive
trader_joes,"I would love a part two. <br><br>The jalapeño cheese wontons are phenomenal from there (in frozen section) - they remind me of Panda Express but better. <br><br>The olive oil chips from there are only three ingredients, they have “JUST MANGO” dried mango pieces that’s really good and just mango no additives. You also need to try their green tea mochi",0,,youtube,0.8376,positive
trader_joes,love this!,2,,youtube,0.6696,positive
trader_joes,"omg no way, they just added the first Trader Joe’s in North Idaho and everyone is so happy it’s always crowded, so did a raising canes that just got added up here also from all the population growth. I tried it for the first time yesterday and I love Trader Joe’s now, there food tastes so real and not artificial, I love there branding also.",0,,youtube,0.789,positive
trader_joes,"TJ has a really good spicy lentil wrap that I love and is pretty healthy. It’s in the prepared foods section. It has A sauce, but I actually prefer it cold and without the sauce.<br>They also sell a dim sum sauce that’s so good with their dumplings and won tons.",0,,youtube,0.9572,positive
trader_joes,"Happy Sunday, Daisy. Awesome selections from Trader Joe&#39;s. Definitely need to get there more frequently. The Chicken Burrito Bowl, Asian Stir Fry vegetables, and dumplings all looked especially amazing. Usually more of an Aldi/Lidl food shopper. Costco less so because of the massive quantity servings.😊 Very much appreciation extended to Madeline for providing her expertise to this series of vlogs. Cute seeing Bear. Love your kitchen. Have a great day.🌞",1,,youtube,0.9884,positive
trader_joes,Just found your account a week ago ive binged almost all of them lol,3,,youtube,0.4215,positive
trader_joes,Oh yum! I love me some Trader Joe’s! One thing not on the list that she may approve of is mixing their lentils with bruschetta and some feta. Top with some scallions and dip with those pita chips and oh my goodness - flavor explosion! Fun video 😀,0,,youtube,0.9057,positive
trader_joes,I wish there was a Trader Joe&#39;s near me.  There is only 3 in the whole state of Oklahoma.,0,,youtube,0.4019,positive
trader_joes,The Agua de Kefir pronounced (Keh–Fear) 😊,0,,youtube,0.7184,positive
trader_joes,Never been to a Trader Joe’s items looked good though good video,0,,youtube,0.7003,positive
trader_joes,I need to find my local Trader Joe&#39;s.,0,,youtube,0.0,neutral
trader_joes,Had to do crunchy of course 😅,0,,youtube,0.3612,positive
trader_joes,I like spinach dip,0,,youtube,0.3612,positive
trader_joes,Good trader Joe&#39;s video,0,,youtube,0.4404,positive
trader_joes,"Daisy Sue, Go fresh fruit, and vegies, oats, rice, avacados and salads. My diet is all of this and portion size is important too. I always have more energy when at gym. Keep all processed foods to a minimum. I drink filtered water with ice. Skinny milk with some chocolate flavouring. Porridge for breakfast, with honey and chopped banana. Super yumm dude. I manage to spend about 2 hours per day at my local gym Daisy Sue. A good healthy diet allows me to do this. Am proud of you D.S. ❤😊",0,,youtube,0.9804,positive
trader_joes,"Something that seems to be forgotten here in the healthy search is how much sugar is added and the type of sugar that is added, if any is added.  🤔",1,,youtube,0.2023,positive
trader_joes,I Loved The Spinach And Kale Dip Since In My Trader Joe&#39;s They Were Samplin It 2. I Was Gonna Get One But As Soon As Went To Grab A Sample I Was Told They Were All Sold Out So O Well Better Luck Another Time❤️🤷‍♀️,0,,youtube,0.9295,positive
trader_joes,How does Gabe feel after belching 😂😂😂,0,,youtube,0.8271,positive
trader_joes,Can you do Applebee’s next? 😊,7,,youtube,0.7184,positive
trader_joes,i got a challenge for you guys. <br><br>Gabe takes you to fast food restaurants but you are in the passenger seat and you are blindfolded and you have on earpods w music so you cant see or hear what he got you. <br><br>is that a good challenge?,46,,youtube,0.6652,positive
trader_joes,"I love how I’m watching this healthy video while eating cake in bed lol 😅😂, but I love TJ’s 💜",1,,youtube,0.9677,positive
trader_joes,"Daisy Sue is having her hair fabulous once again<a href=""UCkszU2WH9gy1mb0dV-11UJg/m8MfY4jbFsWJhL0PyouA2Ak""></a>",6,,youtube,0.5267,positive
trader_joes,Those chips are the devils 😂 I bought those and ate the whole bag 😂,0,,youtube,0.2732,positive
trader_joes,Hi dasiy how are you doing today hope you are doing well,1,,youtube,0.6124,positive
trader_joes,Where’s the takis?? They’re the best TJ snack!,0,,youtube,0.7052,positive
trader_joes,Another thing you should look at in frozen meals is the sodium content 😳,0,,youtube,0.0,neutral
trader_joes,What&#39;s up Daisy sue ❤️,0,,youtube,0.0,neutral
trader_joes,what were the calories on those overnight oats? need to know the calorie to protein ratio 😅,0,,youtube,0.3612,positive
trader_joes,"<a href=""https://www.youtube.com/watch?v=2awv4Crc8CU&amp;t=676"">11:16</a>  Costco has these by Bibigo...can get a huge bag for under $10",1,,youtube,0.3182,positive
trader_joes,How much sugar is in the freeze dried fruit,8,,youtube,0.0516,positive
trader_joes,Never drink that before,0,,youtube,0.0,neutral
trader_joes,Absolutely love the nails 😍😍😮‍💨😮‍💨,0,,youtube,0.8883,positive
trader_joes,Who else thinks Daisy is #1,34,,youtube,0.0,neutral
trader_joes,"Hello Miss Daisy! Great idea for a video, and solid info! I&#39;ve mentioned before that I lost 60 pounds last year (220-160) and I&#39;ve been trying to add muscle (bulking) and then lose any extra weight (cutting) in the time since. I&#39;m about 165 now, but much stronger. One of the things I&#39;ve had to do is eat more protein and fiber, and less sugar. Beans are a great start as they are high in protein and fiber and low in fat. Cottage Cheese and Greek Yogurt are great for high protein. Berries are a great choice for antioxidants. So just remember B&amp;B for Beans and Berries as they will get you high protein, fiber, and antioxidants. Almost everything you got I&#39;d love to add to my grocery list. Thanks again for this very helpful and informative video! Every Thursday and Sunday we are blessed with our Dollop of Daisy! BTW, Nutella just released a new version that is made with peanuts not hazelnuts. To me it&#39;s like a better version of Jif Chocolate Peanut Butter. Maybe not &quot;healthy&quot; per se, but not terrible, and would go very well with the freeze dried fruits! ~Be Blessed",2,,youtube,0.9963,positive
trader_joes,"I’m one of your new subscribers and please forgive this question if it’s so obvious but I’ve never seen you wear the same thing twice and I’ve watched a lot of your videos now because I’m totally hooked on you. You’re so adorable and the two of you, you and that gorgeous fiancé of yours,  are hysterical! You make my work day fly!",0,,youtube,0.9414,positive
trader_joes,"I have never been to trader joes. I love  spinach dip but I hate anything greek. so that would make me not want it. I would try the other 2 you mentioned though. Look at you using chop sticks, I wish I could figure out how to use them. I am going to try most of those. I am excited about trying the shrimp burgers. <br>Could you let us know when you try those and the stir fry what your thoughts were?  Thank you.",0,,youtube,0.7284,positive
trader_joes,Its how much sodium that&#39;s in most TJs food that&#39;s not great....but I  LOVE TJs....,2,,youtube,-0.6008,negative
trader_joes,Made my day girl 😊these 2 weeks have been not the best,2,,youtube,0.3883,positive
trader_joes,Love the video and want some tips on starting a vlog channel for me and Michael are thinking of moving to Florida just us together someday and I am learning how to cook for Michael someday and like some pasta and hamburgers,0,,youtube,0.7906,positive
trader_joes,Sounds delicious dazey,0,,youtube,0.5719,positive
trader_joes,Love your bracelets! Where are they from?,0,,youtube,0.6696,positive
trader_joes,Did you ever try the shrimp burgers?  I was interested to see what you thought of them.,0,,youtube,0.4019,positive
trader_joes,Hi Daisy. Have a great week!! ❤😊,1,,youtube,0.9421,positive
trader_joes,those pancakes are premade ones she was talking about (prob in the dairy/ready made section) they are just okay though,0,,youtube,0.2263,positive
trader_joes,I don&#39;t have a trader Joe&#39;s near me,0,,youtube,0.0,neutral
trader_joes,"Ask about this video<br><br>Hello! Curious about what you’re watching? I’m here to help.<br><br>Not sure what to ask? Choose something:<br><br>Recommend related content<br>How to pick healthy Trader Joe’s food?<br>Are freeze-dried fruits good snacks?<br>What are &quot;Hold the Dairy&quot; cones?<br>Summarize the video<br>In this video, Daisy Sue spends 24 hours eating only the healthiest items from Trader Joe&#39;s, based on recommendations from a dietitian (<a href=""https://www.youtube.com/watch?v=2awv4Crc8CU"">0:00</a>-<a href=""https://www.youtube.com/watch?v=2awv4Crc8CU&amp;t=115"">1:55</a>). She reviews various products, focusing on high protein and high fiber options to see if they are actually tasty and worth purchasing.<br><br>Highlights and Food Reviews:<br><br>Peanut Butter Overnight Oats: (<a href=""https://www.youtube.com/watch?v=2awv4Crc8CU&amp;t=163"">2:43</a>) Very filling, delicious, and convenient for a quick breakfast.<br>Freeze-Dried Fruit (Mango &amp; Watermelon): (<a href=""https://www.youtube.com/watch?v=2awv4Crc8CU&amp;t=236"">3:56</a>) A fantastic, crunchy alternative to potato chips.<br>Korean Style Bibimbap Bowl: (<a href=""https://www.youtube.com/watch?v=2awv4Crc8CU&amp;t=338"">5:38</a>) Fresh, crunchy, and healthy, though Daisy suggests adding your own protein to make it a full meal.<br>Spinach and Kale Greek Yogurt Dip: (<a href=""https://www.youtube.com/watch?v=2awv4Crc8CU&amp;t=520"">8:40</a>) A 10/10 snack that is much lower in calories and fat than traditional spinach dip.<br>Chicken Cilantro Mini Wontons: (<a href=""https://www.youtube.com/watch?v=2awv4Crc8CU&amp;t=674"">11:14</a>) Highly recommended for being flavorful, packed with veggies, and quick to cook.<br>Guava Paloma Aqua de Kefir: (<a href=""https://www.youtube.com/watch?v=2awv4Crc8CU&amp;t=712"">11:52</a>) A hydrating, delicious drink that is less intense than traditional kombucha.<br>Gone Berry Crazy Dark Chocolate Strawberries: (<a href=""https://www.youtube.com/watch?v=2awv4Crc8CU&amp;t=870"">14:30</a>) Tasty, but noted to cause tooth sensitivity due to being frozen.<br>White Cheddar Corn Puffs: (<a href=""https://www.youtube.com/watch?v=2awv4Crc8CU&amp;t=969"">16:09</a>) A light, puffy, and guilt-free salty snack.<br>Chicken Burrito Bowl: (<a href=""https://www.youtube.com/watch?v=2awv4Crc8CU&amp;t=1111"">18:31</a>) A very flavorful frozen meal with 22g of protein, which Daisy jazzed up with fresh salsa and onions.<br>Hold the Dairy Mini Coconut Cones: (<a href=""https://www.youtube.com/watch?v=2awv4Crc8CU&amp;t=1387"">23:07</a>) A perfect, small, dairy-free sweet treat to end the day.<br><br><br>How to pick healthy Trader Joe’s food?<br>Are freeze-dried fruits good snacks?<br>What are &quot;Hold the Dairy&quot; cones?<br>Ask a question...<br><br>AI can make mistakes, so double-check it. Learn more<br>Made with Gemini",1,,youtube,0.9862,positive
trader_joes,"I first heard of Trader Joe’s in 1988, it was in Manhattan Beach, CA., it’s still there. My bosses liked TJs coffee. I had to drive thirty minutes to TJs. Buy one canister of their favorite coffee and drive back, they had me do that on my lunch hour and no gas money 🤦🏻‍♀️.. When I first walked into Trader Joe’s, I thought it was the weirdest grocery store, so bohemian! Lol.. I never had the time to look around there and since I lived across town, I didn’t want to waste money on gas (single girl who spent my money in clothes and shoes lol)…I think it took many years until TJs went nationwide. I’m not sure if it’s in every state. I live in a different city and just five minutes from TJs,.. one of our favorite places to buy groceries. 😁",0,,youtube,0.8229,positive
trader_joes,What about the sugar content,0,,youtube,0.0,neutral
trader_joes,How much sugar is in your freeze dried fruit snacks? Mangoes have a lot of sugar,0,,youtube,0.0516,positive
trader_joes,I like the winking squishmallow in the backseat :-),0,,youtube,0.5859,positive
trader_joes,I&#39;m the same. My eyes are bigger than my stomach.,0,,youtube,0.0,neutral
trader_joes,Bear looking sad but cute in that donut!<br><br>I&#39;m most interested in the wontons. Easy to cook and looks delicious.,5,,youtube,0.9526,positive
trader_joes,Why do all of your videos have a hype points thing?,0,,youtube,0.0,neutral
trader_joes,"I have a hard time just understanding the differences between overnight oats and  regular oatmeal, I get that you just put whatever liquids in you want and let it sit overnight but that&#39;s kind of how you make oatmeal before you eat it regularly so.. is the only difference that you dont cook the overnight oats ... I guess I just don&#39;t understand the hype",0,,youtube,-0.0129,neutral
trader_joes,I love you so much daisy sue so beautiful girl pretty awesome when are you getting married soon ❤💙💜💚💖🥰🤩😍😋☺️😊☺️😉,1,,youtube,0.9964,positive
trader_joes,Oh that Bibim-Guksu looked so good. I&#39;ll have to try it sometime.,3,,youtube,0.5777,positive
trader_joes,Peanut butter is all my time favorite ever it’s so delicious,4,,youtube,0.829,positive
trader_joes,You pronounced bibim-guksu correctly for the most part! :) The i&#39;s are more like &quot;ee&quot; so it&#39;s more like beebeem-guksu.,0,,youtube,0.8563,positive
trader_joes,Love you daisy!!!,2,,youtube,0.7249,positive
trader_joes,Poor bear mello want to play with him,0,,youtube,-0.1027,negative
trader_joes,Love your videos!! Daisy!! 🫶✨,3,,youtube,0.8257,positive
trader_joes,"I love Trader Joe’s, but sadly, the nearest one is over 2 1/2 hours away, so I never go, but I live vicariously through you",1,,youtube,-0.2732,negative
trader_joes,"Not sure if you already do and it’s great to be able to read nutrition information in the packaging because they be LYING, but there is an app you can scan the item and it’ll tell you the food score or whatever it is. Theres also one for cosmetics and skin care. Thanks for another great video. Love the switch up",1,,youtube,0.9687,positive
trader_joes,I honestly forgot that spinach and artichoke dip exists. I know I used to get it at some restaurant I used to go to but don’t remember which one. I wonder if I still like it. 🤔,1,,youtube,0.6428,positive
trader_joes,Loved the choices!!!❤,1,,youtube,0.8743,positive
trader_joes,Happy Sunday funday Daisy 🌼! <br>Always look forward to these kinds of videos. As a person with Crohn’s &amp; IBD it’s great to see what different stores have to offer. <br><br>Have a great week! <br><br>💖🌷☀️,1,,youtube,0.9632,positive
trader_joes,two door cinema club in the background 🥰🥰,2,,youtube,0.9393,positive
trader_joes,"Love that coconut smoothie, crunch salad yum 😋",8,,youtube,0.6369,positive
trader_joes,"These all sound quick, easy, nutritious, and delicious! I’m excited to try them. That GF pasta is one of my favorites.",2,,youtube,0.902,positive
trader_joes,Love this! U are awesome I love love the everything u got!,2,,youtube,0.96,positive
trader_joes,Rad song choice and helpful info.,0,,youtube,0.4215,positive
trader_joes,The dressing is so good,0,,youtube,0.5777,positive
trader_joes,Your videos are awesome. Are these low fodmap meals?,1,,youtube,0.4588,positive
trader_joes,I gave that pesto a try but it wasn’t giving. It didn’t taste like pesto 😅,0,,youtube,0.8625,positive
trader_joes,I love tjs!! 🤍 I&#39;ll have to try these out!,1,,youtube,0.7249,positive
trader_joes,Do you drink the bone broth plain? 😊totally curious!,0,,youtube,0.8221,positive
trader_joes,Gonna have to try that coconut smoothie,0,,youtube,0.0,neutral
trader_joes,Thanks You For Everything 😮😮😮,1,,youtube,0.4404,positive
trader_joes,Is mayo better than cashew dressing as far as easy to digest,0,,youtube,0.7003,positive
trader_joes,Ah life before kids lol,0,,youtube,0.4215,positive
trader_joes,Please be careful. Trader Joe&#39;s has had A LOT of recalla,0,,youtube,0.4404,positive
trader_joes,you are in intermitten fasty foodies recent video,1,,youtube,0.0,neutral
trader_joes,Quinoa is horrible for gut health. Per Dave aspey,0,,youtube,-0.5423,negative
trader_joes,That pesto has not good oils in it,0,,youtube,-0.3412,negative
trader_joes,Marry me. 😍,0,,youtube,0.4588,positive
trader_joes,Cookies look like the cookies they sell at IKEA,5,,youtube,0.3612,positive
trader_joes,That sounds good with cream cheese and bagel,4,,youtube,0.4404,positive
trader_joes,I love the hair oil!,0,,youtube,0.6696,positive
trader_joes,I’m looking forward to going to TJ’s at the end of March! :),0,,youtube,0.5093,positive
trader_joes,"You need to put Chicago on your list if you like New York you’ll love Chicago! We have the best restaurants, the best food, the nicest people and the lakefront you gotta come out here during the summer. I highly recommend it!",6,,youtube,0.9708,positive
trader_joes,And the curly pasta is fusilli.,1,,youtube,0.0,neutral
trader_joes,I’ve only been to Carbone in Aria. And the vodka pasta is a must!,1,,youtube,0.0,neutral
trader_joes,I always have a shopping list on my phone or im lost,1,,youtube,-0.3182,negative
trader_joes,Greek chicken salad will be in my cart 😊,2,,youtube,0.7184,positive
trader_joes,"That’s my favorite granola too! <a href=""https://www.youtube.com/watch?v=CL9b9690kG0&amp;t=337"">5:37</a>",1,,youtube,0.5093,positive
trader_joes,Tjs needs delivery service...instacart or something,8,,youtube,0.0,neutral
trader_joes,I have an LMNT everyday..,0,,youtube,0.0,neutral
trader_joes,"Hi Natasha, at Trader Joe’s, we’ve had hot smoked salmon here in the Seattle area for years. I buy it frequently. The packaging is completely different, though.  I had wondered why you were always buying the smoked trout but never the hot smoked salmon. Just didn’t realize you didn’t have it in Southern California.",5,,youtube,0.0,neutral
trader_joes,I am going to see the Wizard at the end of March with friends. Can’t wait!!,0,,youtube,0.5696,positive
trader_joes,Get breakfast at Applejack Diner. My boyfriend and I liked it when his music school visited Carnegie hall,1,,youtube,0.4215,positive
trader_joes,"Hello Natasha, we have the hot smoked salmon here in San Antonio too.",0,,youtube,0.0,neutral
trader_joes,Girl! You gotta get yourself a Hulken Bag!!! I use a Medium for my Trader Joe’s hauls.,1,,youtube,0.0,neutral
trader_joes,NYC Matcha 💚👋🏼<br><br>12 Matcha <br>Sorate <br>Isshiki Matcha <br>Matcha House <br>Le Phin <br>Cha Cha Matcha<br>Coffee Project <br>Hanamizuki Cafe <br>Nana’s Green Tea,1,,youtube,0.8126,positive
trader_joes,Just bought this product in San Diego Traders.,0,,youtube,0.0,neutral
trader_joes,"Is Atlantic Salmon even salmon? <a href=""http://www.youtube.com/results?search_query=%23pnwforlife"">#pnwforlife</a>",0,,youtube,0.0,neutral
trader_joes,The laundry sheets work well and are such a better deal than others on the market. I have used many different ones and these are just as good plus they passed my “Bobby approved” app.,0,,youtube,0.7845,positive
trader_joes,Not a fan of cherries but I think I’ll try the granola! Maybe it will change my mind 🍒 <br><br>I’m giving the black tea an extra star for having top shelf energy despite being on the bottom shelf 🌟,0,,youtube,0.7757,positive
trader_joes,I wish you had a triple spin jump into the bag.,0,,youtube,0.4019,positive
trader_joes,The wizard of oz at the sphere was the best!! Random TJ’s question - do you know if they’re still carrying the yellow cake with chocolate icing? It’s the best and I didn’t see it here in TN last time I was there.,0,,youtube,0.8745,positive
trader_joes,Those came out at Xmas,0,,youtube,0.0,neutral
trader_joes,I’ve tried to like Matcha but I don’t. Maybe it’s how I’m making it. Can you show us sometime how you make yours Matcha drink. Thanks,0,,youtube,0.6808,positive
trader_joes,"How strong is the smoke flavor? I&#39;m generally not a fan, but a little is ok.",0,,youtube,0.1702,positive
trader_joes,did you move to NY,0,,youtube,0.0,neutral
trader_joes,Highly recommend  metal strawa,0,,youtube,0.4201,positive
trader_joes,Whose kitchen are you in?,1,,youtube,0.0,neutral
trader_joes,"I was in a Trader Joe&#39;s the other day and asked one of their guys for help finding something.  The young guy turned around and had shiny metal spikes sticking out of his nose, cheek, and the rest of his face.  I was shocked and repulsed. I walked away from him.  What was the management thinking when they hired this guy to interface with their customers?",2,,youtube,-0.4215,negative
walmart,"😂 my little 13 year old boy talks like that , everything I cook he says : &quot; it&#39;s FIRE  ! 🔥",1,,youtube,-0.1091,negative
walmart,"Love your videos Robin, I feel like I’m having with a friend, we do such similar stuff.  Love this.",1,,youtube,0.9337,positive
walmart,"Yes, in Florida we have had multiple nights of freezing temperatures that have killed a lot of plants. It&#39;s unprecedented. I sure hope Walmart knows what a great job you do for their &quot;Great Value&quot; brand products. 😊",2,,youtube,0.9022,positive
walmart,Love your sense of humor Robin. I buy Great Value whenever I can. I liked the smell of your candles! 😆  you got alot of stuff for that price. Stay safe and warm this weekend 🙏 💕,2,,youtube,0.9788,positive
walmart,"Happy Friday Robin , Really nice grocery haul... Man I can&#39;t get more than three bags for $100",3,,youtube,0.7778,positive
walmart,"Hi Robin. I shop almost exclusively at Wal-Mart, Aldi and Costco. I live alone and shopping at these places really helps me stay on budget. You did great for what you spent! It really helps to buy store brands. Almost always just as good as the name brand. I buy the naan bread from Aldi and use them to make pizza too. Perfect size for one. I&#39;m in southern Maryland and we got snow two weeks ago and the sleet. We still have about 4 inches of solid ice on the ground which is unusual for my area. Possibly getting more snow at the end of next week. Plus it&#39;s been bitter cold. Stay safe, stay warm and thanks for sharing your grocery haul! 💗",1,,youtube,0.9822,positive
walmart,"This morning I had a colonoscopy &amp; they found small polyps. The doctor said he sent them away to be checked but didn’t seem worried. Then afterwards my husband had been having heartburn that had been painful &amp; when he said he had it again I told he had to go to the ER. We got there at <a href=""https://www.youtube.com/watch?v=eSGvTkgy6sE&amp;t=90"">1:30</a> &amp; they did bloodwork for heart problems &amp; also did  an ultrasound. Well he has gallstones &amp; one of them was in an area that was causing him pain &amp; they wanted an MRI. Well about 9 pm still waiting for the MRI, my husband told me to go home but I had to call my daughter to take me home because I couldn’t drive because of anesthesia that I had with the colonoscopy. Well he had the MRI at 10:30 am but it 12:00 am waiting for the doctor for results. I think they were not sure if they were going to admit or not. Probably TMI prayers would be appreciated ❤",1,,youtube,0.9053,positive
walmart,"🤣 Robin, I was feeling a little down today, but your video popped up and it put a smile on my face. You always make me smile or laugh. Thank you so much my sweet friend. You really had a nice grocery haul. I hope you stay safe and warm this weekend. I Pray you don&#39;t get too much more snow, because it is hard to get out and do some things. God Bless till we see you in your next video. 🙏❄️💙  LJA",2,,youtube,0.9949,positive
walmart,"I like thinner, sliced bread, but then Walmart bread just has a tendency to be a little dried out to me. So I buy the nature’s own bread as well. The butter top bread.",0,,youtube,0.6808,positive
walmart,We had some beautiful snow in Virginia yesterday! I’ll take snow over ice any day. Stay safe and warm!,0,,youtube,0.8513,positive
walmart,"<a href=""https://www.youtube.com/watch?v=eSGvTkgy6sE&amp;t=898"">14:58</a> 😂",0,,youtube,0.4404,positive
walmart,"Great haul!!  And, yes, please do a video on the Sudden Change eye serum!  Your undereye area looks amazing!!!",0,,youtube,0.9333,positive
walmart,"Good Morning, Robin! Thats quite a haul!! Have a wonderful weekend!",0,,youtube,0.8302,positive
walmart,Great grocery haul. I buy great value too. I’m going to try those tomatoes you showed. <br>I hope you have a wonderful relaxing weekend and stay safe and warm. God Bless you.,0,,youtube,0.9819,positive
walmart,Great haul! Enjoy your weekend!,0,,youtube,0.8353,positive
walmart,"Mmm your candles smell amazing my kind of scent. I do love the Great Value brand mixed vegetables they&#39;re so sweet and delicious , I occasionally heat up half contents of the bag with butter and eat as a snack 😋",0,,youtube,0.973,positive
walmart,"Hi Robin. Wow, what a nice large grocery haul. Hopefully that means some &quot;cook with me&quot; videos. Stay safe in the snow. We had some snow/ice last weekend and temps have been so low that nothing is really melting. Enjoy your weekend! ❤️🙂",0,,youtube,0.9426,positive
walmart,Enjoy your weekend ❤,0,,youtube,0.8126,positive
walmart,Have a nice weekend Robin!,0,,youtube,0.4753,positive
walmart,"Hi Robin, I buy Ocean Spray too, the cranberry with 0 sugar.  Love it! I live in a beach town and it seems like most Memorial Days (the beginning of tourist season) it rains! I can’t wait until Memorial Day even with rain because I am so sick of being cold. I hope you don’t  get too much snow. You got a nice haul at Walmart.  Enjoy your weekend! 😊❤",0,,youtube,0.9699,positive
walmart,Was at grocery outlet the other day and eggs were $.99 dozen or the $1.97 for the 18 pack I couldn&#39;t believe my eyes 😮 those Campari tomatoes really are good.,0,,youtube,0.4902,positive
walmart,lol your soo funny 😊,0,,youtube,0.8934,positive
walmart,"Hi Robin,,, Yes I also buy a lot of those same Great Value products and I buy that same kind of bread.  Great grocery shopping.  Bless your heart...you are probably tired now. Have a great restful and warm weekend. God bless",0,,youtube,0.9766,positive
walmart,"this is dixie from texas,  do you have a crockpot,  you should make stuff with it.  Also i went to walmart yesterday,  got groceries.  Great haul.",1,,youtube,0.6249,positive
walmart,Oh boy I remember your expensive bag of potatoes lol how awful was that! Talk about the stores price gauging at its best in 2020☹😕,0,,youtube,0.1511,positive
walmart,"I had your video on while I was editing and one after another played. I&#39;m sorry I don&#39;t have all of what you actually said, but I hope all is going well for you and\n You&#39;re getting  Back your electricity and I&#39;ll that&#39;s good.I did read that",0,,youtube,0.7935,positive
walmart,"I am the same way I am cheap, and the foods are amazing for the price. I buy the great value canned salsa I love it. Also great value popcorn is good.",0,,youtube,0.9747,positive
walmart,I love cereal for supper. But the milk just does not work for me any more. I have already done my monthly shop. But think i may try some almond milk next month and see if I like that with cereal. I miss my simple supper.,0,,youtube,0.6059,positive
walmart,"Very nice haul , when I used to shop at Walmart , I&#39;d spend around $200 and it only got me groceries for 5days for two people my little son and myself. And that was mostly the basics. Not anymore , I stopped shopping there.",0,,youtube,0.2944,positive
walmart,"Hi Robin, I listen to your video on the way to Market Basket and then on the way home anyway I just wanted to tell you I don’t know if you like French toast but I love French toast and if the Pepperidge Farm French toast bread is on sale I will buy it but if it is not, I go to the bakery. There’s this bread it’s called Jessica‘s brick oven French toast bread it’s $5.49, but it’s so good to make French toast with sometimes if I don’t feel like making a regular supper I will have this Jessica‘s brick oven French toast and it is so good. I’m just telling you someday try it. It’s in the bakery section. I just picked up a loaf tonight. It flies off the shelves sometimes I’ll look for the bread. They’re sold out so it’s really good bread, it’s great French toast to French toast bread bread, but get the one that says French toast if you like French toast it’s so good. I just wanted to let you know.",0,,youtube,0.9921,positive
walmart,Make some baked beans recipe 🤗Please,0,,youtube,0.4215,positive
walmart,"Nice haul Robin,I&#39;m with you,I buy store brand on most things...If you don&#39;t care, I bought the Sudden Change before because of you, and I evidently don&#39;t do it right, because it hasn&#39;t worked the best for me, what time I&#39;ve used it...I would sure appreciate it my friend, and I hope you have a good weekend!🤗👍💞",0,,youtube,0.9843,positive
walmart,Enjoyed the video. Thanks for showing the prices. Greetings from Philadelphia PA USA,0,,youtube,0.8402,positive
walmart,Happy New Year and thank you for 2025! Love from Sweden &lt;3,1,,youtube,0.8932,positive
walmart,Sure have missed your hauls!,1,,youtube,0.1007,positive
walmart,Great haul,0,,youtube,0.6249,positive
walmart,Enjoyed xx,0,,youtube,0.5106,positive
walmart,🩷Good morning blessings and Happy New year to you and yours🙏🏾<br>Hyped video 🩷,2,,youtube,0.802,positive
walmart,"Happy Wednesday, Vanessa.",1,,youtube,0.5719,positive
walmart,"You got taken at Walmart with their exorbitant price for meat.  Aldi, Costco, and BJs are much cheaper.  Shop around",0,,youtube,0.0,neutral
walmart,Shepherd&#39;s pie is made with lamb. It&#39;s called cottage pie when you use beef. Enjoy your meal.,2,,youtube,0.4939,positive
walmart,"Week 1 link - <a href=""https://www.youtube.com/watch?v=PmwyN20Z5Sw"">https://youtu.be/PmwyN20Z5Sw?si=pqvPpY0gcqw3fbOG</a>",26,,youtube,0.0,neutral
walmart,I’d definitely like a week 3 and 4.<br><br>I have missed your “truly frugal” cooking content and grocery hauls.,326,,youtube,0.4588,positive
walmart,Please keep making these videos. There are so many people who will be affected by the loss of food stamps. We need creative ways to cook on the cheap. Thank you!,587,,youtube,0.6239,positive
walmart,"Two more weeks would be great. Additional idea: in one of those weeks, there&#39;s something to celebrate (good news, a birthday, or even just a date night) so one evening meal to be a little bit fancier?",117,,youtube,0.8934,positive
walmart,"When I&#39;m needing to save money we will do a chili week - day 1: big pot of homemade chili with cornbread, day 2: chili Mac (chili over macaroni pasta), day 3: fry bread with chili, lettuce, tomatoes, cheese, whatever is in the fridge, day 4: chili dogs/ hotdogs day 5: end of the chili mixed with rice in a tortilla with the rest of the fry bread toppings",91,,youtube,0.4939,positive
walmart,"Please give us a full month of frugal spending, I really think we all need these videos especially now.😊❤",37,,youtube,0.9149,positive
walmart,"One hint for Walmart shopping. The regular price at my Walmart for a rotisserie chicken is $5.97 but a chilled rotisserie chicken is just $3.97, that&#39;s  2 dollars off! The chickens are in one of the refrigerated areas, you might have to ask an employee for the location. If they have the chilled chickens  and have a few I will buy one or 2 to freeze. They are a good value plus after I take all the meat off the bones I roast the bones on in a baking pan in the oven often with with some saved carrot and onion trimmings and saved celery ends. After roasting the bones I put the bones in a stock pot with water, I then deglaze the baking pan with water and add that liquid into the stock pot.  I then have a nice pot of chicken stock to use as a soup base or to turn into gravy by adding to a flour and butter roux. I get a lot out of a $3.97 chilled rotisserie chicken.",232,,youtube,0.962,positive
walmart,Long-time watcher. Please keep producing these videos. People will be hurting with the loss of food assistance. This education is vital.,133,,youtube,-0.128,negative
walmart,"Freezing cooked carbs like rice, potatoes, pasta, etc actually changes the carb composition and helps you NOT to sugar spike. <br>Good little trick if you are pre-diabetic or diabetic. Like don&#39;t just eat all the carbs thinking you don&#39;t have to worry about it anymore, but now you can add in a bit back into your diet.",66,,youtube,0.2952,positive
walmart,I like how you are showing leftovers from the last $30 budget.  Of course I want week 3. I want to know what you do with the leftovers!,62,,youtube,0.5255,positive
walmart,Everybody should have 5lbs rice and 10 lb leg quarters every month. Saves money.,55,,youtube,0.0,neutral
walmart,I’m 40 and never really had to cook because we always went out to eat. So watching your channel is beyond helpful for someone like me because you have answered so many questions that I have while cooking just in this one video.,42,,youtube,0.6486,positive
walmart,Yes please ! Week 3 !!  I put a little peanut butter in my oatmeal for a little protein .,93,,youtube,0.7074,positive
walmart,You missed out on a great opportunity with the apples. Cook the apples in the microwave with the oatmeal; it tastes apple pie adjacent with cooked apples and cinnamon. Cooking oatmeal with bananas and walnuts is also delicious.,29,,youtube,0.8555,positive
walmart,"I have several suggestions for your college age son. The first is to bank one meal in the freezer from his large meal cooking and then use those banked meals during midterms and finals when he has very little time to cook. Suggestion number two is to change up breakfast a little. Cook up six servings of plain oatmeal then add two packs of the flavored oatmeal to season the whole pot. That way he doesn&#39;t have to have brown sugar and butter and maple syrup on hand to have a delicious breakfast. Will need to add extra water to get the consistency he likes. Can also mix together rice and a cup of yogurt to make a rice pudding for breakfast. I use a fruit flavored yogurt for this. Will need to add a little water or milk to get the right consistency. A very inexpensive and filling breakfast that can be quickly heated in the microwave. I store my breakfast in individual servings and then heat in the microwave and eat from the container. No extra dishes needed. Finally, teach him how to make cake mix cookies. When cake mix is on sale for a dollar a box you can use this recipe to make about three dozen medium cookies. One box of cake mix, two eggs and a third cup oil come to about a dollar fifty. Nothing brings boys to the kitchen like the smell of baking cookies. It&#39;s a nice way to treat the roommates without breaking the budget.",28,,youtube,0.9413,positive
walmart,The OG frugal queen 🫅 video!,35,,youtube,0.0,neutral
walmart,This was awesome. Thank you! One tip that I have learned for freezing - put the meat/rice in the fridge overnight and then the freezer to reduce freezer burn.,19,,youtube,0.7574,positive
walmart,"Add cooked lentils to your ground meat and onions for your pasta sauces or tacos or whatever to stretch it a little further, and get a bit more fiber.",38,,youtube,0.0,neutral
walmart,"Yes week 3 for sure! ❤ <br><br>Also want to remind the college kids, singles, elders...any small scale kitchens on a budget...Christine&#39;s reverse meal planning is smart for everyone. After watching pantry challenge videos for a while, it finally occurred to me I should be doing it too, and I have saved hundreds this year. It has helped me waste a lot less food, and at the same time I have more on hand and have gotten really creative about how to use it. It has been a real miracle in my life. <br><br>You don&#39;t need a basement full of food, and you don&#39;t have to have everything figured out each week. You won&#39;t move through food as fast as a family. But no matter who you are it helps to be strategic about what you bring in and either 1 know what you want to use it for, or 2 choose such versatile ingredients that you don&#39;t need to worry. Before you go shopping look at what you have and shop for things that go with it. Also if you can manage another few dollars a week to sale shop for more long term you can start building a stash at good prices. Try to gather a couple extra pounds of meat, some extra peanut butter, some frozen or canned veg, and a few pounds of rice or pasta. You can also start building a spice cabinet, some baking items (if you bake) and some backup condiments. <br><br>You will eventually get to the point where your weekly list isn&#39;t exactly that next week of food. You might be stocking up on one thing because you found a sale and can use from your stash to cover it. Which leads me to another suggestion..... 1. Know your budget. A comfortable amount you are prepared to spend and then 2. Spend every cent of it. Don&#39;t try to get your bill down! Do try to come in under budget for the things you need for the week and then make another lap around looking for sales on staples and spend up to the full budget. Doing this week after week will mean that sometimes you can delay your trip by a couple days (which saves money in the long run) and or every few months you can totally skip groceries for the week and use the savings for something else.",24,,youtube,0.949,positive
walmart,I appreciate you also adding the calories and  nutrient information. 😊,31,,youtube,0.8271,positive
walmart,"After I started adding vegetables and an egg to ramen, I couldn&#39;t finish the entire thing.  It really made it a big meal.",5,,youtube,0.0,neutral
walmart,You could also add a little bit of the potatoes we bought chopped up into the corn chowder to beef it up a little,53,,youtube,0.0,neutral
walmart,"Please do keep doing these set amount of money for a week videos with shopping and the recipes. My disabled sister and her boyfriend who is battling prostrate cancer will not be getting their snap/ebt benefits in November. They are fortunate to have food banks near by but are anticipating those being overwhelmed. What you&#39;re  doing, and have been doing for years, will definitely be helpful for many in November. One good thing  about the benefits removed for many for November is that many stores have the Thanksgiving holiday favorites marked down, my store has canned veggies for 50 cents a can and some of the whole turkeys are 84 cents a pound.",23,,youtube,0.9726,positive
walmart,"With SNAP being cut for November, this video is particularly interesting right now",67,,youtube,0.2247,positive
walmart,Week 3 Please!  Keep it going!,44,,youtube,0.4374,positive
walmart,I just sent this video to my 21yr old son who has moved out of my home and now has to cook for himself and he really would enjoy all of the recipes from today’s menu,8,,youtube,0.539,positive
walmart,"For any Canadian friends out there watching, most Loblaw stores (the ones that have a dedicated housewares dept) sell PC brand silicone portion prep trays similar to the ones used in this video for freezing the rice. They work really well!",45,,youtube,0.8118,positive
walmart,Yes do a week 3!!  I had oatmeal with and apple for breakfast today. I alternate oatmeal and eggs with potatoes daily. Being retired and single i usually cook once and eat it twice. Thanks Christine  everything looked delicious,21,,youtube,0.8715,positive
walmart,"Try to make things 3 different ways,like your chicken, make a couple 🍗 bbq, a couple garlic flavored, and a couple Asian, same with rice, make some chicken flavored, some plain, and some sweet butter rice. So you are technically eating the same thing, but it feels way different because it tastes different.",25,,youtube,0.25,positive
walmart,Add some vinegar to the fried potatoes and it takes it to the next level. A single Mom made me the best fried potatoes with vinegar and onion and peppers. She fed her Son so well on pennies.,7,,youtube,0.787,positive
walmart,Love this series. Cheap is great but often easy is just as important. ❤,17,,youtube,0.9517,positive
walmart,"I liked how you showed saving the chicken broth from the cooked chicken leg quarters. Broth is so easy to make, and so many people just throw things like that away.",39,,youtube,0.8419,positive
walmart,"This week I made a batch of chicken egg rolls -- 1 chicken breast, 1/2 cabbage, 1 carrot, some onion and garlic, soy sauce, and a package of egg roll wrappers. This made 15 egg rolls. I serve this with fried rice and it makes 3 meals for my husband and myself.",5,,youtube,0.0,neutral
walmart,"My favorite budget meal is taking onion, carrot, celery, zuchini, bell peppers,  mushrooms.  I peel all the carrots, zucchini, celery to make zoodles.  Then I sauté them together and when they are cooked, I put a pack of ramen noodles in the bottom of the wok to soak up all the water from the cooked veggies.  Then I toss with soy sauce and hot chili oil.  YUMMY!",4,,youtube,0.8139,positive
walmart,"Can&#39;t wait for week 3!  Egg roll in a bowl. 1lb ground pork (marked-down), brown and add ground ginger, onion powder, garlic powder, turmeric.  Add 1 coleslaw mix with carrot and cook until preferred doneness.  Sprinkle with soy sauce.",34,,youtube,0.0,neutral
walmart,"Very inspirational! I&#39;m a long way from being out of college, but I&#39;m trying to get back to better habits. I remember being so excited with my first apartment and kitchen and cooking my own meals. Then over the years I fell into &quot;what&#39;s easiest&quot; which of course is rarely &quot;what&#39;s best.&quot;",13,,youtube,0.8913,positive
walmart,"An idea someone posted once that her mother did with leftovers.  She froze any little scraps of leftovers in a muffin tin.  A spoonful of mashed potatoes in one muffin space, leftover green beans in another, a spoonful of casserole and so on.  She kept the pan in the freezer and added to it.  When it was full, she put a pat of butter in each one and baked it until warm.  Genius.",10,,youtube,0.2263,positive
walmart,"Favorite cheap meal: black beans (from dried), shredded Pepperjack cheese, tortillas, salsa. You can either go quesadilla or burrito.",6,,youtube,0.4588,positive
walmart,"Super frugal tip: when you debone your chicken, yes you can keep cooking the bones for more broth, but you can also use the skin, just cut into small slivers and add to soup for extra flavor bits instead of tossing it (like I used to do)",13,,youtube,0.5994,positive
walmart,I remember by the old saying “cooking rice? Water’s twice”,30,,youtube,0.0,neutral
walmart,"Being on a fixed income, and with groceries as high as they are right now, these videos are super helpful. Especially with the government shut down and ebt not being sent out for Nov.",8,,youtube,0.7717,positive
walmart,"Another cheap breakfast we used to have was breakfast rice.<br>All it is rice, butter, milk and sugar.<br>Make your rice, divide into bowls, add pat of butter, add tsp of sugar, and pour on milk. Stir!",23,,youtube,0.0,neutral
walmart,Please keep this series going I think it will be helpful for a lot of people in November!❤,13,,youtube,0.8622,positive
walmart,"i like making this rice dish in my rice cooker: 2 cups of uncooked white rice, 1 cup of cooked and drained black beans, 3 cups chicken stock with bullion,  1/4 onion diced, 1/4 bunch of cilantro chopped, 2 packets of Goya Sazon con Azafran, salt and sometimes tomato paste into my rice cooker and turn it on. gets me a pretty solid meal base for a few days. the rice is thoroughly flavored and my per meal cost is around a buck if i eat it as is with hot sauce. sometimes i put eggs or meat on it. sometimes i wrap it up with meat in a tortilla when i feel like making the tortillas. i don&#39;t mind eating the same thing over and over again, so it works out for me.",1,,youtube,0.743,positive
walmart,"I love these videos, the budget videos are how I found you, probably 6 or so years ago 😂.",22,,youtube,0.7964,positive
walmart,"Spaghetti is a go to.... one pound sausage, 1 1/2 box spaghetti, 1 jar sauce, 1 can diced tomatoes, one onion. We add fennel seeds, oregano, 2 tbsp brown sugar. Feeds a family of 5 (3 young adults) with seconds and left overs. Thank you for this series. Everyone could lighten their food bills. I also use greek yogurt over sour cream, even on my baked potato. Extra protein.",3,,youtube,0.3612,positive
walmart,"I love how you made the most of your grocery budget, Christine! It reminds me of when I started meal planning with Dietornia. I lost 5 kilograms in just a few weeks, and it was so worth it!",12,,youtube,0.7163,positive
walmart,I hope some of your videos can really help some families during this time where they need a little more assistance and aren’t receiving it.,10,,youtube,0.7089,positive
walmart,About 10 yrs ago I went back to school. One quick breakfast idea someone taught me - mash up one banana and mix in one egg. You can make pancakes with this mixture and it tastes so good. Super cheap too.,3,,youtube,0.8368,positive
walmart,"Hope this helps someone.  Buy brown rice, lentils, onions, potatoes,  sweet potatoes, and oatmeal in 50-pound bags. Anything cheap, healithy that will store for months. Plant some herbs on a windowsill,  anything that will grow and add flavor.",2,,youtube,0.8176,positive
walmart,Please keep making these videos! I’ve been sending them to my niece who is in her second year of college. 😊,15,,youtube,0.8221,positive
walmart,The need for your type of shopping savings videos are needed now  more than ever. I have saved and shopped like you for the last 53 years! Thanks so much!,33,,youtube,0.8309,positive
walmart,Add a little of that shredded chicken to the corn chowder and oh my God it’s gonna be delicious,37,,youtube,0.7003,positive
walmart,Cooking utensils or items would be a good Christmas gift for your kids living on their own.  You&#39;re teaching them well !!!,4,,youtube,0.8306,positive
walmart,definitely yes to a week 3 follow up! I cook almost every night for my small family that that is just my husband and myself but during the day i work from home and still eat like a cheap college kid! really enjoying this series.,4,,youtube,0.9113,positive
walmart,That corn chowder is a brilliant idea! You could even cheaply bump up the protein by adding a cup of beans.,4,,youtube,0.6239,positive
walmart,"Some cheap Staples my grandmother taught me from when she was young. A big can of baked beans equivalent of rice and then cut up a pack of hot dogs in it. Tuna In noodles was another big one my family survived on. tater tot casserole, normally uses hamburger but because of the price of beef we have used chicken in the past as well. Creamed chicken and rice another really cheap and simple meal, a lot of these of course very dependent on what kind of vegetables you like or are in your area.",3,,youtube,0.7579,positive
walmart,"FYI, you don’t really need a 2:1 ratio to cook rice. A 1:1 ratio works just fine. To add more flavor, sauté the rice first in some oil or butter until it starts to get golden and then add water or chicken stock. To make more nutritious, add like half a cup of lentils or quinoa. Adjust water accordingly.",1,,youtube,0.7267,positive
walmart,Have been watching your channel for a few years and truly appreciate that you encourage us to look for the deals and budget meals.,9,,youtube,0.836,positive
walmart,The giant container of old fashioned oats with my own brown sugar is less money and healthier than instant oatmeal.,2,,youtube,0.0,neutral
walmart,"I was so poor when I first moved out, and I had no cooking skills.... I lived on cereal, Ramen, and toast. I made melted cheese sandwiches in the microwave.... my little economy studio didn&#39;t have a stove.",8,,youtube,-0.7344,negative
walmart,"I always keep buffalo and ranch in my pantry. When I shop I grab lettuce, cheddar cheese (look for sales or get a block and shred yourself) tortillas, and any kind of chicken (I prefer frozen tenders but you can substitute for something cheaper) <br><br>Then using those ingredients I can make either a buffalo chicken salad or a McDonald’s snack wrap for lunch and I almost never get sick of those!",2,,youtube,0.4214,positive
walmart,"Christine, your meal prep tips are great! I started following Dietornia&#39;s plans and lost 5 kilograms in just a few weeks. This content is so helpful!",18,,youtube,0.7906,positive
walmart,"One thing we love to do is simple cold veggie and chicken wraps. The base is a creamy dressing (ranch, Italian, blue cheese, whatever) spread on a tortilla, then some cooked chicken, diced veggies (like cucumber, green onion, lettuce, tomato, onion, mushroom, green pepper or jalapeño, shredded carrot, whatever you have), and a little more dressing (and cheese if you like)<br><br>It&#39;s a good leftover meal base for things like bacon scraps, leftover turkey, extra diced ham, extra salad. Super cheap and easy, and never the same thing twice!",0,,youtube,0.9595,positive
walmart,"Yes please share more budget recipes, I’m forwarding the videos to my young adult son who lives on his own.<br><br>I make homemade macaroni and cheese from scratch using elbow pasta, shredded triple cheddar cheese, cream cheese and milk. I add a bit of Lawry’s seasoned salt, dry mustard powder and paprika for the seasonings.<br><br>If I find ground beef on sale I’ll brown the ground beef with some Lawry’s seasoned salt and add it to the macaroni and cheese to make cheeseburger macaroni.<br><br>I also use the same basic cheese sauce with cooked rice, broccoli and sautéed diced chicken breast to create Cheesy Chicken Broccoli and Rice casserole. You can use dark meat instead of the chicken breast if you prefer.",6,,youtube,0.8074,positive
walmart,Please continue these! I recommend your channel in EBT groups all the time,4,,youtube,0.6239,positive
walmart,"I see that some people have already mentioned using the potatoes in a different way, as well as the chicken. One could use half the chicken in the stir fry and used the other half and the chowder. I&#39;m not sure if anyone else had mentioned it, but you had thirteen potatoes in the bag, that should leave you 9 potatoes. If you&#39;re using different potatoes, I think it should be at least four or five left. ❤",4,,youtube,0.7628,positive
walmart,"Don’t forget the frozen beans, rice and chicken!",1,,youtube,-0.2942,negative
walmart,"Yes, to week 3 and 4. My favorite go to is Instant Pot Cheesy Spaghetti. 1 lb of ground meat, seasoned as you like 1/2 onion if you have it. 1 lb of spaghetti, uncooked, 1 can of diced tomatoes, 1 jar or can ie Hunts of spaghetti sauce, 32 oz water, grated cheese. In Ip brown ground meat and onion. Season to taste. Drain as needed. Break spaghetti over cooked ground meat in a criss cross pattern. Dump can of tomatoes over broken spaghetti. Then pour the marinara sauce over everything, Finally. pour 32 ounces of water over everything. Don&#39;t stir. Affix the IP lid. Cook for 8 minutes. Do a natural release. Add grated cheese in the amount you like. stir and serve, This makes a huge amount! And, I mean huge. This would be dinners and lunches. I buy whole wheat pasta, lean ground beef. But, ground turkey and regular pasta would be just fine. And. buy some cheddar cheese and grate it yourself to save $. You could also use chicken, beans or lentils, and a bunch of veggies in place of the ground meat.",3,,youtube,0.907,positive
walmart,"Daughters smart. By freezing it ( or chilling it in the fridge) then reheating the portion, it reduces the glicemic index value of the rice. Pro tip for diabetics or people who do t want to spike their insulin.",1,,youtube,0.5994,positive
walmart,Today I learned the oatmeal packet is waterproof and marked for measurement?! That&#39;s so cool!!!,3,,youtube,0.6321,positive
walmart,"When I have fresh vegetables on hand, I use all the pieces you would normally throw out and make a big pot of vegetable broth that I freeze for other uses.  I use onion skins, peelings from carrots, the bottom of the celery, all the core from cauliflower, peels from potatoes, the ends from zucchini, etc.  I wash everything before I put it in water in the pot.  I strain it after it&#39;s cooked, cool it and use it for soup stock later on or  use it in cooking.  Thought you might like this tip.",2,,youtube,0.8519,positive
walmart,"Whatever is left from one meal, we use it the next.  Repurpose it into something new or add a sidedish to it.  Saving us a lot of money.",3,,youtube,0.0,neutral
walmart,"YES, YES, YES! I would absolutely love to see another week of this budget stretcher series, please! And for the folks that will come on and poopoo on this and say, &quot;you need more fresh vegetables and protein&quot; times are tough right now! If you can feed the bellies of your families on a tight budget with these delicious meals, well, that&#39;s a win 👍 Thanks Christine!",3,,youtube,0.9859,positive
walmart,I actually exploded a potato in the oven this year 😂.  I&#39;ve been cooking for almost 40 years and never forgot to stab a potato. The other 4 got done but I overlooked one,16,,youtube,0.4284,positive
walmart,"Had some beef from a sale in May and a bag of brocolli and cauliflower.  Put the meat in the crockpot until done, then added the veggies for the last ten minutes.  Flavored it with L.B. Jamison&#39;s beef boullion soup based flavoring.  Never made that before.  Used up what we had.  If we have leftovers, we use that and put something with it for the next supper. If it is green beans, we put different meat with it the next night.",1,,youtube,0.0,neutral
walmart,Very smart freezing the rice. Just re heat throughly! More people get sick from badly cooled or badly reheated rice than anything else,6,,youtube,-0.829,negative
walmart,You can still put a little butter in your oil and that’ll give a good wonderful flavor to your onions and bell pepper,1,,youtube,0.765,positive
walmart,You must be helping SO many folks.... yound and older!  Love the content!,4,,youtube,0.7896,positive
walmart,one of my favorite meals is chicken legs and boxed mac and cheese or baked potatoes with whatever veggie. Love these videos!,3,,youtube,0.8172,positive
walmart,Week 3! Week 3!,9,,youtube,0.0,neutral
walmart,Please do a week three! This is such important information. It’s even giving you a pantry stock along the way. This lady is genius!,1,,youtube,0.7256,positive
walmart,Yes please on more videos like this! My daughter moved into her first &quot;solo apartment&quot; in September and she needs help learning how to cook 😊,7,,youtube,0.941,positive
walmart,"As someone going to college, this is such a hopeful ray of sunshine! On top of regular school costs, this is needed!!",0,,youtube,0.8472,positive
walmart,I love just a good ole box of Tuna Helper Broccoli with some instant mashed potatoes or a baked potato. One box of that usually feeds me alone for about 3-4 days for lunch. My grandma&#39;s potato soup is cheap and filling too with a box of Saltines to crumble into it.,4,,youtube,0.8176,positive
walmart,"A great thing about those chicken legs is that you can render the skin into cracklings, giving you the cracklings for flavour (for example, crumbled into that fried rice) and the rendered chicken fat for frying.  Or, you could use the fat to make a roux to add to your bouillon to put gravy on those potatoes.",0,,youtube,0.7579,positive
walmart,"Please keep making these. I don’t enjoy cooking, but I do need to feed my family, so quick, easy, and inexpensive checks all the boxes. The suggestion for leftover baked potatoes was timely. I fried them up with scrambled eggs.  Your kids might benefit from an air fryer. We use ours all of the time and it makes great baked potatoes. I think the shelf stable milk at DT is an unsung hero. We don&#39;t use a lot of milk, so I keep it on hand for when the need arises. I was surprised that the mased potatoes were $1. They are $1.50 here, but maybe that was old footage.",3,,youtube,0.9861,positive
walmart,"In today&#39;s world of hunger, want and inflation, thank you for showing a way thru.",1,,youtube,0.2023,positive
walmart,I shared a video of yours in a playlist yesterday trying to help people with Thanksgiving/ food because of snap cuts.,6,,youtube,0.4404,positive
walmart,"<a href=""https://www.youtube.com/watch?v=sNAjKSuFg3k&amp;t=697"">11:37</a> - I cook my baked potatoes in a baggie in the microwave, I leave them dripping wet, poke them and leave the bag open for venting and microwave them for 5 ish min on one side, flip and 5 more min. Adjust to your microwave of course.  The baggie steams the outside and leaves the skin nice and soft and doesn’t dry it out and shrink it!",0,,youtube,0.4003,positive
walmart,"Yes week 3 (and 4 and 5 and ...)!! I am sending these to my granddaughter, a college freshman.",6,,youtube,0.508,positive
walmart,You should try rice with sazon packets. Cheap and super good.,0,,youtube,0.7783,positive
walmart,Best series ever. Please do part 3!,5,,youtube,0.7777,positive
walmart,You could also add the leftover beans from week one to the baked potatoes for more protein. <br><br>+1 for a week three!,1,,youtube,0.0,neutral
walmart,"Yes, week 3",6,,youtube,0.4019,positive
walmart,"My 17 yr old teenager would love the last meal with the chicken, rice, broccoli, peas and carrots. He&#39;s 6&#39;1&quot; and 260 lbs so it would only be a meal and a half. It&#39;s hard feeding a big boy on a budget.",1,,youtube,0.5859,positive
walmart,"One of my favorite budget lunches is a bean burrito. I take a tortilla and fill it with hot refried beans, a little sprinkle of cheese, and hot sauce if you have it! Super filling, cheap and delicious!",9,,youtube,0.9039,positive
walmart,I’m super late to this video but I loved seeing how much your daughter has managed to save! I have a toddler and a newborn and i want to teach them to manage their finances as kids. Seeing you show your daughter how to manage her money makes me very excited for when my kids are old enough to understand!,0,,youtube,0.9563,positive
walmart,"One of my go-to budget meals is a &quot;breakfast&quot; ramen. Cook any flavor ramen with the seasoning packet added. Then off the heat but still in the pot, mix in 1 egg and a slice of American cheese, and stir until the egg is cooked and cheese fully melted. Toss in a handful of bacon bits (the real kind, not the crunchy ones) and season with pepper.",5,,youtube,0.6808,positive
walmart,"In my family&#39;s corn chowder, we often add 1 can of cream style corn, 1 can of whole kernel corn, and 1 can of hominy(drained). We add a bit of bacon grease if available. A diced potato or 2. We add dried seasoning to taste to include onion, garlic, poultry seasoning, turmeric, bouillon(or salt). And for myself I live a bit of cayenne pepper. Simmer until potatoes are cooked. Add milk or heavy cream or evaporated milk until it is to the creaminess of your choice. Can be thinned to feed more people. Of course, if you do not have certain seasonings, it could be left out as well the hominy. Sub the potatoes for instant. This is a very versatile soup and very loved.",0,,youtube,0.6683,positive
walmart,Nikki can you please show us some easy wrap ideas with chicken or turkey? I&#39;m trying to eat healthier and need some easy lunch ideas. thanks,3,,youtube,0.875,positive
walmart,Thanks for sharing another great video,0,,youtube,0.8689,positive
walmart,"Hello Nikki, Adam and Trevor Too And The Fur Babies Too. Thanks For Sharing Your Walmart Grocery Haul With All Of Us. Yes, I Love Having My Groceries In So I Can Prepare Healthier Meals. And Buying Healthier Snacks Too. God Bless All Of You. Enjoy! 🌻🌻🌻🐶🐶🥰👍👍👍😋😋👍😋👍🐝🐝🐝🐝🐝🌻🌻🌻❤️❤️🌼🌼🌼🕊️🕊️🕊️",1,,youtube,0.9804,positive
walmart,The Lemonade Pomegranate is one of my favorite flavors. The Cherry Slush is good also and if you pour sparkling water over it it taste like an Alani nu Cherry Slush,0,,youtube,0.8625,positive
walmart,what a haul 😋😋💚💚,0,,youtube,0.8555,positive
walmart,"Nickey, leave us know how the little package that you drink to go to the gym how they’re doing other than the Celsius",3,,youtube,-0.0516,negative
walmart,Question - Does Adam do any of the cooking on his days off as an example?,4,,youtube,0.0,neutral
walmart,"I made those oat flax pitas into pizzas for years with chicken breast, tomato sauce, red onions and spinach and mushrooms. And cheese, of course!",5,,youtube,0.0,neutral
walmart,"Love your content. I just returned to WW not so much to lose weight but to get back to healthy eating so I appreciate the help with redoing my pantry, fridge and freezer.",0,,youtube,0.9133,positive
walmart,Good evening Nikki and Adam,0,,youtube,0.4404,positive
walmart,Love your videos!  I&#39;m wondering if you can come up with a home version for tru fru??!! ;-),0,,youtube,0.8144,positive
walmart,I love the great value energy packets! My favorite flavor is the Wild Strawberry. It’s so good to put in a cold water bottle. So much cheaper than buying Alani!,0,,youtube,0.9644,positive
walmart,You could try a copycat of the tru fruit and see if its more for the price.  I do that all the time because I can&#39;t have the sugars in regular food (tumy issues).  I can make and freeze gallon sized bags.,1,,youtube,0.0516,positive
walmart,"After you mentioned the butter pecan cold brew, I grabbed it. Omg it is my favorite ❤❤ ☕️. Thanks for all your great suggestions!!!",0,,youtube,0.9651,positive
walmart,I liked the  price section at the end. Great video,0,,youtube,0.7845,positive
walmart,"The Chobani yogurts ... Idk why they aren&#39;t all the same points ... IIRC they are all the same calories, protein, etc when comparing labels.",0,,youtube,-0.1027,negative
walmart,Great haul,0,,youtube,0.6249,positive
walmart,Hi Nikki. Have you tried the french toast drizzlicious? They are so good. Let us know how the lemon cake drizzlicious is. I bet its good. I&#39;ll have to go to Walmart,0,,youtube,0.7678,positive
walmart,"<a href=""UCzH60ksnMwDrMz3YmDHUJ0w/ll7KZuz8NvSn_9EPqqrIqAM""></a>#6<a href=""UCzH60ksnMwDrMz3YmDHUJ0w/ll7KZuz8NvSn_9EPqqrIqAM""></a>Liked &amp; Hyped!",3,,youtube,0.0,neutral
walmart,"I love the simply potatoes hash browns. I’m watching your video while I’m eating my breakfast of two premier protein pancakes.(made from the mix), two Aldi, chicken sausages, and Chobani yogurt with some raspberries . I really enjoy a good breakfast. It starts off my day of good eating habits.",0,,youtube,0.9294,positive
walmart,What are you marinating your chicken breast in?,0,,youtube,0.0,neutral
walmart,"Double the water with the drink packets, I use the Strawberry lemonade for running the flavor is really strong. Love your shopping!",0,,youtube,0.8542,positive
walmart,I like to make a low sugar jam out of the frozen berries. I&#39;ll add chia seeds to add fiber and make it more jammy.,0,,youtube,0.1027,positive
walmart,Have you tried the Drizzilicious kettle corn? They have the birthday cake flavor and a couple others.,0,,youtube,0.0,neutral
walmart,"Hi Nikki, I just discovered your channel yesterday and I’m loving it so far! You’ve given me a lot of great ideas for the WW program, which I too am currently on. Hey, have you ever tried Fairlife fat-free milk? It’s lactose-free and has 13 grams of protein per cup. It tastes really good. I’m also going to try your favorite apples; Cosmo crisps. They look amazing. Thanks Nikki, be blessed! 🌹",0,,youtube,0.9785,positive
walmart,I don’t know if you have tried the Tostitos medium salsa con queso but you can have 33gm for 1 point! <br><br>It’s the best queso in my opinion! <br><br>A serving is 34gm for 2 points but you can have up to like 56gm for 2 points! Check it out if you haven’t  😊,1,,youtube,0.9634,positive
walmart,"Hi Nikki, does your cookbook have the zero points foods and the points for the 2026 program? I just started the program last week and I am at a loss for recipes. I am enjoying your channel and watching all of your videos for some helpful ideas. I am already feeling a little overwhelmed. I thank you for all that you do for your viewers. It’s much appreciated!😊❤",0,,youtube,0.9654,positive
walmart,Always love your meals. Question do you freeze some of your meats or do you cook them then freeze. Seems like it’s a lot of meat for a week. Just wondering trying to work out wants easiest. Thanks for all your great info. ❤,0,,youtube,0.9686,positive
walmart,Do I need a Food scale??,0,,youtube,0.0,neutral
walmart,Which yogurt is Adam using? My daughter just found out she is lactose intolerant and trying to find substitutes that taste good is a challenge.,0,,youtube,0.4939,positive
walmart,"PSA-I know this is unrelated, but I have to warn people because this is BS.<br><br>Walmart&#39;s 5 pound bag of potatoes are under weight. I&#39;m not sure if I&#39;m saying this right, but basically, weigh your potatoes, you will see most of the bags weigh less than 3 and a half pounds. They are stealing our money on top of overcharging us",0,,youtube,-0.7841,negative
walmart,The phone camera quality was pretty good to me!,1,,youtube,0.75,positive
walmart,Hey girlie. Hope you&#39;re doing well this lovely evening. Here watching. Do you know if Jennifer @Southern Mama Drama is okay?! She hasn&#39;t posted in a while. I loved shopping with you and seeing the new stuff Walmart has out. Fantastic haul and delicious meal plan.,4,,youtube,0.9716,positive
walmart,"I love the Walmart walk throughs and hauls! Also I’m loving the shorts with your dinner recipes, the Salisbury Meatballs was a huge hit, thank you so much😁",0,,youtube,0.945,positive
walmart,"Hey Courtney, Happy Tuesday. I love watching these videos and seeing what’s new in stores. 😊🥰🥶❄️☃️",0,,youtube,0.969,positive
walmart,Hi Courtney  nice haul  I like your shorts  for dinners ❤,1,,youtube,0.8591,positive
walmart,Courtney I loved watching this Walmart grocery haul!! The video quality was spectacular so clear and crisp. I do understand how it can be more convenient to film using a smartphone since it’s something people typically carry around with them all day and the battery is already charged,0,,youtube,0.7935,positive
walmart,Glad you uploaded hope you had a great weekend and hope you have a blessed week ❤,0,,youtube,0.9682,positive
walmart,I really like Walmart&#39;s brand pizza. I&#39;ve not gotten a bad one!,0,,youtube,0.7127,positive
walmart,It was fun shopping with you Courtney at Walmart seeing new stuff they have ❤❤....great grocery haul 😊...Glad to see you post today...Happy 🌞 Sunday!,0,,youtube,0.9299,positive
walmart,The flat jack puffs are like little bite size pancakes but their puffy. My kids love them.,0,,youtube,0.8201,positive
walmart,Nice haul of grocery shopping with you,0,,youtube,0.4215,positive
walmart,I love ❤ oatmilk very creamy I’m new sub loving your content 👍🏻 roses put any white flower in vase add water food colour of your choice o  the colour will colour petals  flower,0,,youtube,0.9231,positive
walmart,Hey Courtney<br>Prayer request <br>Last week it became necessary to place my husband who is diagnosed with Lewy Body dementia into hospice- a very sad and difficult decision. Please remember both of us and our children and grandchildren in your prayers<br>Gina,2,,youtube,-0.5936,negative
walmart,The bbq chicken pizza is really good I really like it,0,,youtube,0.7172,positive
walmart,I love your videos.,0,,youtube,0.6369,positive
walmart,Yummy stuff!👍,0,,youtube,0.5707,positive
walmart,Hi Courtney Great video great Grocery haul feel better ❤️‍🩹 soon 🥰🥰🥰🙏🏻✝️☮️💐🫂🫂🫂💐🌹,0,,youtube,0.9895,positive
walmart,Anything strawberry cream is really good I love strawberries so anything strawberry I’ll eat or drink strawberry kiwi strawberry and banana and strawberry cream anything with the word strawberry in it is very good,0,,youtube,0.8968,positive
walmart,I’m so glad to see you!! I found your sister channel on ticktock!! She is so pretty she looks so much like you!! How are you?,0,,youtube,0.9073,positive
walmart,Can you please mention or show the prices. Thank you,1,,youtube,0.5859,positive
walmart,"I really like the bbq chicken pizza,we usually pick up 1 every week for a quick meal. <br>How did Myles like those nuggets? <br>Hope you and your family have a wonderful week ahead. May God bless y&#39;all.",0,,youtube,0.9168,positive
walmart,"Happy Sunday, love watching your videos they are my favorite, what is your favorite shampoo with you having thin hair",0,,youtube,0.9313,positive
walmart,Did Myles like the chicken nuggets my sons safe food is chicken fries as well,0,,youtube,0.7579,positive
walmart,"Please let us know if the kiddos like the nuggets, my son is super picky too but loves McDonald’s chicken nuggets",0,,youtube,0.872,positive
walmart,Can you let me know how you like the nuggets.,0,,youtube,0.3612,positive
walmart,The poptarts are kind of small and hard .Not worth the price in my opinion .My son really likes the Baja dragon fruit.❤🙏,0,,youtube,0.7373,positive
walmart,Hi Danielle! Love your style! I just sent you a message.💛 hope to connect!,0,,youtube,0.9213,positive
walmart,I&#39;m jelly your Walmart carts have cup holders 👀 <br><br>Lmao 🤣😂 girl wash them hands ya nasty 🤢🤮 haha totally joking do they not know what kitchen towels are 🤔 or pat and dry on jeans lol,0,,youtube,0.8588,positive
walmart,Hi Ms Danielle! Big fan of your content ❤ I’ve sent over a message to your email — would love to connect on something exciting!,0,,youtube,0.938,positive
walmart,I would never make video about how I love food stamps like it&#39;s flex 😂😂😂😂,54,,youtube,0.9538,positive
walmart,"Her house ALWAYS has food . She makes sure of that . Clean house , mucho food and her son always looking fly .",1,,youtube,0.6124,positive
walmart,People living in luxury off of food stamps is a problem,2,,youtube,-0.4019,negative
walmart,😂😂😂 you telling him not to eat it all is funny I have 3 boys and 1 girl and they can eat 😂,3,,youtube,0.926,positive
walmart,Like always love your videos,2,,youtube,0.7717,positive
walmart,Great grocery haul,1,,youtube,0.6249,positive
walmart,"Everybody&#39;s should get an ebt cards eating like kings and queens, shrimp ice cream.",21,,youtube,0.3612,positive
walmart,That’s looks more than $120 wow you did good,5,,youtube,0.7884,positive
walmart,Hi!!! That is not <br>almond milk - check the ingredients list (substances)  i know u all love the taste of the foods that u bought the is cuz of the chemicals that r put on them to make people addicted.  I praying for a shift a healthier diet for u and Eli.  I hope u received this comment w/love.  Blessing to u and yours!!!!!🥰🥰🥰🥰🥰,3,,youtube,0.9944,positive
walmart,Walmart eggs are ALWAYS BROKEN. Even when you look at customers reviews that is the complaint. It really gets on my nerves too.,3,,youtube,-0.7531,negative
walmart,😮$120. Food stamps got you pretty far.,13,,youtube,0.4939,positive
walmart,Shameless,11,,youtube,-0.34,negative
walmart,Hey T and little man ❤❤❤,2,,youtube,0.9237,positive
walmart,Watchihng this makes me wanna organize my kitchen thank you lol,4,,youtube,0.6486,positive
walmart,Hey T. and Eli ❤❤😅.,3,,youtube,0.8979,positive
walmart,"Holy sh*t!  🤯That&#39;s mostly JUNK! 🤮So, our taxes are assisting in people choosing to POISON themselves??",4,,youtube,-0.7333,negative
walmart,You said “I paid $5 for this” the audacity,1,,youtube,0.0,neutral
walmart,Cost you? Hmmm you confused. Want another one?,7,,youtube,-0.3313,negative
walmart,You said 120 but to say 260 something at the end. 👍,3,,youtube,0.0,neutral
walmart,Makes me sick.,10,,youtube,-0.5106,negative
walmart,Great grocery haul! Elijah is so cute dancing saying I&#39;m rich ❤,2,,youtube,0.9521,positive
walmart,Where did you get the refrigerator lock from?,0,,youtube,0.0,neutral
walmart,can&#39;t wait until the foodstamp revision goes into effect &amp; end this nonsense 🙄,48,,youtube,-0.481,negative
walmart,Hey t and eli girl i was grateful to get my 120 it helps out,10,,youtube,0.6808,positive
walmart,❤❤❤❤❤❤❤❤❤,0,,youtube,0.9911,positive
walmart,It’s all a bunch of sugar,4,,youtube,0.0,neutral
walmart,How can I report this person who&#39;s probably illegally making money off her youtube page while using EBT? Is there a number at the IRS?,1,,youtube,0.168,positive
walmart,Why make videos showing what you brought?,0,,youtube,0.0,neutral
walmart,Its nice to see the family im feeding i wish i could afford doritos,4,,youtube,0.6705,positive
walmart,I heartbeat away from death,0,,youtube,-0.5994,negative
walmart,"Yes, a lot of junk( you said it).",25,,youtube,0.4019,positive
walmart,More than $120?!,0,,youtube,0.0,neutral
walmart,🎉🎉❤😊😊😊😊😊😊,0,,youtube,0.9921,positive
walmart,Remember the saying you are what you eat I&#39;m glad my taxpaying money is feeding her and her family. If I want to eat I have to pay for every penny just to have food at my house,15,,youtube,0.4404,positive
walmart,You did good at the market. I got a lot of things.,1,,youtube,0.4404,positive
walmart,Got mines already they come in handy! Them idahoan mashed potatoes are so good,3,,youtube,0.6166,positive
walmart,"How bout you haul in a job. President Trump, fix this.",5,,youtube,0.0,neutral
walmart,Aint no way in hell you got all that for $120.,0,,youtube,-0.5736,negative
walmart,All of this was only $120,1,,youtube,0.0,neutral
walmart,Girl I RAN hm to check my card! 🙌🏾🙌🏾🙌🏾 I haven&#39;t been regularly eligible since getting a better paying job in Sept but glad I kept the card!,5,,youtube,0.7604,positive
walmart,It&#39;s so refreshing to see where all my tax dollars are going. 😐,16,,youtube,0.0,neutral
walmart,Hey 👋🏾 Tiona and Elijah. <br>Great groceries haul..<br>Have a blessed one guys!!,2,,youtube,0.8264,positive
walmart,Hey Tee and Eli hey 👋🏽 ❤❤.  Great  grocery haul. 😊,4,,youtube,0.9709,positive
walmart,"Plastic egg containers, thats bad.",0,,youtube,-0.5423,negative
walmart,"Wow, I will have to buy me some bins to go in the refrigerator, thats a good idea..",3,,youtube,0.7717,positive
walmart,I absolutely love your channel t you are an inspiration to me in every way ❤ keep the videos coming please 💕,6,,youtube,0.9623,positive
walmart,Nice refrigerator looks nice and well stocked,1,,youtube,0.7717,positive
walmart,"Hi T and Eli! Great Grocery haul, some tasty food😋Lol, Eli funny, He Rich with a Dollar🤣",3,,youtube,0.9336,positive
walmart,"You are going to have to go in the store and buy your eggs, because those deliverie people just be throwing your groceries around so if you have eggs in your delivery your eggs are going toget broken",6,,youtube,-0.4767,negative
walmart,Love your content 🎉🎉,2,,youtube,0.8625,positive
walmart,Hey Tiona and Eli...Great Grocery haul❤🎉🎉,1,,youtube,0.8625,positive
walmart,"Leave her alone I work too ,, why y&#39;all in here y&#39;all don&#39;t got a be in here being negative am sure half of y&#39;all sorry a... People don&#39;t work but you have an opinion girl I love you to channel sweets keep doing what you&#39;re doing great mom 🙌🙏 God bless y&#39;all y&#39;all negative trolls get off her channel get a life smfh",2,,youtube,0.9485,positive
walmart,RFK saw this and said &quot;no more of this&quot;,4,,youtube,0.0,neutral
walmart,"Subscribed, baby girl!!! ❤❤❤",1,,youtube,0.938,positive
walmart,Why don&#39;t you go to the store and pick out your own stuff can&#39;t complain when somebody else picks it out for you.,44,,youtube,-0.3612,negative
walmart,Hey 👋 Tionna and Eli ❤❤❤nice haul 😂😂,1,,youtube,0.9545,positive
walmart,❤❤ Thanks for sharing. I want to say your are a great Mom. Love watching your videos.,10,,youtube,0.9741,positive
walmart,Great Shopping !,0,,youtube,0.6588,positive
walmart,I gotta remember to use mine before they expire I was gonna let my daughter get what she wanted with the card but probably not since she’ll only try to get junk 😂,5,,youtube,0.5927,positive
walmart,Ain’t no way in hell she bought all these groceries for $120. I know a skip scanner when I see one!!,3,,youtube,-0.8118,negative
walmart,$120 for all that is amazing,3,,youtube,0.5859,positive
walmart,The haul cost you nothing.. it cost tax payers who work,30,,youtube,0.0,neutral
walmart,Eli gonna have himself a ball with all those goodies &amp; treats ❤,12,,youtube,0.6369,positive
walmart,Great Haul ❤,3,,youtube,0.8519,positive
walmart,Lmfao everybody in the comments complaining that she’s buying groceries to feed her son and acting like she’s never worked a day in her life. Why do yall get into this mentality as if you don’t get taxed either way?,2,,youtube,0.6369,positive
walmart,Great job,4,,youtube,0.6249,positive
walmart,I love the shopping videos you did good T😊,4,,youtube,0.9201,positive
walmart,"I like when you do these hauls, idk what I’m doing wrong my $120 spend on groceries look scarce to nothing 😁 Also congrats on 80K 🎉🎉",9,,youtube,0.8689,positive
walmart,Hi Tiona 👋🏽 your online grocery shopping list at Walmart is well deserved for you and your son Eli. 🛒 When I go grocery shopping online it&#39;s at meijer&#39;s Giant eagle are Kroger&#39;s. Anywhere else I have to get a ride to get there. But it&#39;s okay for the time being. 👌🏽😊 Thanks for sharing your video with us. It&#39;s been a pleasure. <br>God Bless,4,,youtube,0.9902,positive
walmart,Fatigue...,0,,youtube,-0.25,negative
walmart,You did a great job with $120,1,,youtube,0.6249,positive
walmart,how is your day,1,,youtube,0.0,neutral
walmart,Report this to EBT fraud - I just did.,3,,youtube,-0.5859,negative
walmart,Showing what you buy with your EBT Food Stamps on YOUTUBE isn&#39;t kool to the tax payers who are paying for your groceries... Have some respect for them and for YOURSELF. SERIOUSLY,0,,youtube,0.1697,positive
walmart,All junk food...,0,,youtube,0.0,neutral
walmart,"PEOPLE LIKE YOU THE REASON WHY TRUMP TAKING AWAY EBT, STOP BRAGGING ON SOCIAL MEDIA. AND NO I AM NOT SUBSCRIBING TO YOUR CHANNEL",1,,youtube,-0.2263,negative
walmart,When I get the extra money I&#39;m going to buy a bigger deep freezer for all of my packs of meat so when Trump takes away foodstamps my kids and I will have meat. And use my other deep freezer for our frozen snacks.,5,,youtube,0.0,neutral
walmart,No health food. All junk.,4,,youtube,-0.296,negative
walmart,Go to work,5,,youtube,0.0,neutral
walmart,Please stop with the tax paying dollars you gets no giggles that girl doing what she suppose to do be quiet and watch,1,,youtube,-0.126,negative
walmart,High blood pressure and obesity,0,,youtube,-0.296,negative
walmart,Onlyfans?,0,,youtube,0.0,neutral
walmart,❤️❤️❤️❤️,1,,youtube,0.0,neutral
walmart,"Hey,Courtney! <br>Thanks for taking me along with you to Walmart and sharing your haul. 😊<br>Trying to get all my ducks in a row and be prepared for this ice storm that&#39;s coming.  I pray we don’t lose power. I pray that everyone stays safe and warm.  God bless you and your family.",1,,youtube,0.9617,positive
walmart,Glad your channel <br>popped up.I like your <br>vibes.,0,,youtube,0.6705,positive
walmart,"Always love your grocery hauls, and going shopping with you. 😊❤",0,,youtube,0.9371,positive
walmart,THANK YOU FOR THE WALK THROUGH ❤,1,,youtube,0.8143,positive
walmart,Courtney this was such a fun video to watch!! I love seeing all the amazing holiday finds!! That’s delicious looking the brownie batter filled chocolates in the Dunkin Box they should have so many more brownie batter candy options as well as Red Velvet,0,,youtube,0.9681,positive
walmart,"Hey Courtney, Happy Saturday. I love trying seasonal coffees. I love seeing the new Valentine day items at Walmart.  I still need to get my fiance some Valentine day presents. 😊🥰💌💘💝",0,,youtube,0.9906,positive
walmart,Hi Courtney!!   Thanks for the shop with me!  Chocolate and strawberry is one of my fav combinations so I had to pause your post and go put those Donettes in my cart.  Lol.   Your meal plans sound good!! Thanks for sharing.  🫶🫶🫶🫶,0,,youtube,0.955,positive
walmart,Happy Thursday 😊,0,,youtube,0.8658,positive
walmart,Great Walmart video I love ❤️ that Sofia candy bear with sour belts you showed us,1,,youtube,0.8519,positive
walmart,"Thank you for the walk through and haul, I always look forward to your videos! I hope you and your family have a great weekend 🙂",2,,youtube,0.91,positive
walmart,"We have a Starbucks in thomaston now, i will have to try that coffee flavor .",0,,youtube,0.0,neutral
walmart,We are getting bad weather here in hot springs Arkansas....lots snow ice and freezing rain 🌧..a mess it will be.....thanks for taking us to walmart i just got home from my local store and got essentials for me and my cat 🐈...got food ....i hope we don&#39;t lose power ..pray 🙏 we dont have a power outages !  ❤❤    yall b careful where you and your family Courtney are!    Great grocery haul 😊,2,,youtube,0.95,positive
walmart,"Thank you for taking us shopping with you, friend. Hope you&#39;re doing well this lovely afternoon. Here watching as I try to keep my mind off the weather and the chance we might lose power. My hubby is on oxygen 24-7 due to Covid damaging his lungs and his portable oxygen machine battery only lasts 5 hours. Asking y&#39;all to please pray for us to keep power. Thank you in advance. God Bless.",7,,youtube,0.9648,positive
walmart,Awwww we love the gummy bears. I’m sad you didn’t like them,0,,youtube,0.5574,positive
walmart,Why did you delete all your past videos?,0,,youtube,0.0,neutral
walmart,I live 20 minutes from a Albanese,0,,youtube,0.0,neutral
walmart,Does Josh live with you and the boys,0,,youtube,0.0,neutral
walmart,"I was about to give up hope until I saw the fresh fruit (grapes),fresh vegetable (spinach) and one (1) lean meat at the end. I will not be subscribing. 👎",0,,youtube,0.6369,positive
walmart,"I like adding heavy whipping cream to jello. I follow the directions for the boiling water,  but instead of the cold water,  I substitute with heavy whipping cream.  It&#39;s a hit in our household ❤",2,,youtube,0.8201,positive
walmart,Love that 123.45❤ 😂 great video friend! Thanks for the mention ❤❤❤,1,,youtube,0.9886,positive
walmart,"How cool that the total is, 123.45",2,,youtube,0.3182,positive
walmart,❤❤❤❤❤❤❤,1,,youtube,0.9854,positive
walmart,"This weeks menu; sausage and peppers, sautéed shrimp, chicken cutlets, lentil stew, mashed potatoes, acorn squash, green beans, baked potatoes.",4,,youtube,0.0,neutral
walmart,My granddaughters eat frozen waffles and pancakes as snacks in the afternoon or late evening.<br>They said that they can&#39;t tell the difference between name brand and Walmart brands.,3,,youtube,0.0,neutral
walmart,I don&#39;t even look at the best but date on meat because it&#39;s going into my freezer when I put it away.,3,,youtube,0.3818,positive
walmart,Express orders use Spark Drivers so you can’t edit your order after submitting. Regular deliveries you can edit up to a certain time. I mix my spaghetti with the sauce.,3,,youtube,0.4588,positive
walmart,I like the spaghetti on the bottom and the spaghetti ground turkey sauce on top.,2,,youtube,0.5106,positive
walmart,I stopped buying the name brand of spaghetti sauce because I add my own spices to it anyway.<br>Why pay the higher price.,3,,youtube,-0.3182,negative
walmart,We eat ours separate,1,,youtube,0.0,neutral
walmart,"I really like the Hawaiian Buttery Rolls to eat with casseroles, goulash, homemade hamburger helper, chili, and western mac.<br>They are even good with peanut butter and jelly or honey on them.",2,,youtube,0.796,positive
walmart,God bless you Tra and family. ❤<br>May you have a wonderful and blessed week ahead for all of you. 🙂,1,,youtube,0.935,positive
walmart,I like the turkey bacon at Sam&#39;s Club and you really get a lot for the price.,1,,youtube,0.3612,positive
walmart,"I really like the Walmart spaghetti sauce. To answer your question, when it&#39;s just my boyfriend and me, I mix the sauce. But if my kids and grandkids are coming over, I have it separate because some of them don&#39;t want sauce",1,,youtube,0.3284,positive
walmart,"<a href=""UCkszU2WH9gy1mb0dV-11UJg/m8MfY4jbFsWJhL0PyouA2Ak""></a><a href=""UCkszU2WH9gy1mb0dV-11UJg/m8MfY4jbFsWJhL0PyouA2Ak""></a><a href=""UCkszU2WH9gy1mb0dV-11UJg/m8MfY4jbFsWJhL0PyouA2Ak""></a><a href=""UCkszU2WH9gy1mb0dV-11UJg/m8MfY4jbFsWJhL0PyouA2Ak""></a><a href=""UCkszU2WH9gy1mb0dV-11UJg/m8MfY4jbFsWJhL0PyouA2Ak""></a><a href=""UCkszU2WH9gy1mb0dV-11UJg/m8MfY4jbFsWJhL0PyouA2Ak""></a>",1,,youtube,0.0,neutral
walmart,"I mix my spaghetti sauce, noodles, and meat all together in my dutch oven pot.<br>Of course, I sauteed my onions with my meat.<br>When I make spaghetti, I brown a pound of hamburger and a pound of sausage together.",1,,youtube,0.0,neutral
walmart,I mix mine all together as well! Bc That&#39;s the right way 🤭🤣(j/k)❤,1,,youtube,0.8687,positive
walmart,"We used to mix it all together, however my daughter doesn&#39;t like spaghetti sauce so we now separate everything",1,,youtube,0.3612,positive
walmart,I do that too and not even a mom yet..help me!!! I be all over the place sometimes,1,,youtube,0.0,neutral
walmart,"That’s the date it needs to be sold because meat should only be refrigerated for so long. The stores can’t put food back into a freezer, so they will reduce the price to sell as the date approaches and you should use it by the date or freeze it.",1,,youtube,0.0516,positive
walmart,It depends on what mood I am in if I mix the spaghetti and sauce or not. Growing up my stepmother always had us eat it separate with no meat and my Mom always had us eat it mixed together with meat.,1,,youtube,-0.4055,negative
walmart,The Aldi Reggiano’s pasta sauce is better than all of them! And it’s $1.85 here.,1,,youtube,0.4926,positive
walmart,"If you are using the bananas to your smoothie, as the person in produce if they have some older bananas to get rid of because you can get them much cheaper.<br>I do it during the holidays when I&#39;m making at least a dozen loaves of banana bread.",1,,youtube,0.3818,positive
walmart,"Next time when you buy mouthwash. Check the number # ounces on bottom of the label. I know that feeling it has happen to me too. 😁The item(s)that gets me is toothpaste, frozen bag veggies like it shrink n that zoom in online make it look bigger but to find out it’s travel size. I always like to cook spaghetti separated from the sauce.",1,,youtube,0.7506,positive
walmart,If you do either the 1 hour or 3 hour grocery order you can&#39;t add things after you submitted your order.Only when you do regular order can you add stuff later to the list.Its because the regular orders are shopped by Walmart employees.The 1-3 hour orders are by spark drivers.,1,,youtube,0.2263,positive
walmart,"Tra,<br>I shop at Aldi&#39;s and Walmart because those are the stores that we have here.<br>I stopped buying name brand items because after trying the store brand items (about 80% of them), I couldn&#39;t tell the difference.",1,,youtube,-0.2263,negative
walmart,I have never done a good job cooking ribs. I would love to see how you do it.,1,,youtube,0.4203,positive
walmart,Separately,1,,youtube,0.0,neutral
walmart,Hello again gorgeous 😀<br>I&#39;m curious as to what you purchased this time for groceries.,1,,youtube,0.8316,positive
walmart,"I eat my spaghetti both ways but growing up my momma always mixed it, how do you make your lentil soup? Your hair is great what are some of your favorite products?",1,,youtube,0.9195,positive
walmart,Just curious what you do with all the plastic bags? I used to save mine to donate to a food pantry. I save some to use for garbage bags.,1,,youtube,0.8271,positive
walmart,"I always buy store brand when I can. For example that salt girl 😄  You probably would have slashed that price in half.  Ok this is a real question, no shade here. Does everyone in the south get their majority of groceries at Walmart? I say that because I see soooo many grocery hauls on YT at Walmart.  I typically bypass those, not even interested.  But then I saw you...and I watched 😄",1,,youtube,0.8369,positive
walmart,STOP ADVERTISING &amp; BUYING FROM WALMART!!!!,2,,youtube,-0.625,negative
walmart,FOR EVERYONE WITH LANGUAGE PROBLEMS: I’m trying to figure this out and you might have to check your YouTube settings. I apologize for the inconvenience. Please watch still 😂,157,,youtube,-0.0857,negative
walmart,"&quot;I&#39;m not special, I&#39;m just consistent.&quot;  Definitely words I need to remember. Diet and working out doesn&#39;t have to be this big perfect special ordeal that I sometimes make it out to be for myself. But rather, it&#39;s the consistent and small wins over time that amount to true success in healthy lifestyle changes. Thank you, Casey.",139,,youtube,0.9777,positive
walmart,whenever casey posts my scheduel clears up for the next 10-20 mins,76,,youtube,0.0772,positive
walmart,"<a href=""https://www.youtube.com/watch?v=AuWAvQYHwLI&amp;t=371"">6:11</a> Lady looks at the camera and shakes her head 😂",42,,youtube,0.4404,positive
walmart,I was shocked when I see the price <br>I was guessing 180$ 😂😂,10,,youtube,0.5423,positive
walmart,"<a href=""https://www.youtube.com/watch?v=AuWAvQYHwLI&amp;t=257"">4:17</a> I really believed that 😂🤦‍♂",10,,youtube,0.4404,positive
walmart,"W Casey!  Saturday isn’t a great day because of no work, Saturday is a great because Casey always posts!  My guess is $90 which is amazing for a week!  You really are the best Casey every video you make is filled with knowledge and value, and we are lucky that you do this for us every week!",31,,youtube,0.9707,positive
walmart,"You can cook the near dated meat, or freeze it. I got 15 lbs of 80/20 last week for $50 and froze it all. I just take it out the morning i wanna use it. What an incredible steal.",0,,youtube,-0.5095,negative
walmart,"love it casey, ur helping me with my journey through the gym",21,,youtube,0.7506,positive
walmart,Everything is so much more expensive now than it was a few years ago.,3,,youtube,0.0,neutral
walmart,Emphasis on the hand sanitizer and hand washing after walmart lmao,6,,youtube,0.8834,positive
walmart,I was going to put the total at 89.43. I was close. This is very close to what I typically buy. I like this video. Nice to see someone actually buy a sustainable amount of food for an actual full week. I get so sick of “bulking on a budget videos.” A person buys 3 days of food. It’s like. What about the other days? Nice to see a bulking on a budget video that actually makes sense.,3,,youtube,0.6552,positive
walmart,That G Hughes sauce is the bomb!,4,,youtube,0.6476,positive
walmart,"Only $88? Good job budgeting. Also, I learned a lot about nutrition too.",4,,youtube,0.4404,positive
walmart,i am caseying my kelly harder than last time to this grocery haul,5,,youtube,0.0,neutral
walmart,"Costco rotisserie chicken is GOAT value. You get like 2.25 lbs of MEAT for $5, and it&#39;s already cooked and ready to eat",1,,youtube,0.7506,positive
walmart,Lean bulk time lets go,4,,youtube,0.0,neutral
walmart,happy saturday chat,4,,youtube,0.5719,positive
walmart,I had IBS for over a decade and then a doc recommend Colesevelam and ive been IBS free ever since. Start with 1-2 pills a day but can go as many as 6 a day. Hope this helps you!,1,,youtube,0.901,positive
walmart,I just watched the whole video and it was all in English. What the hell is going on with these other comments😂,27,,youtube,-0.4019,negative
walmart,Awesome video!! Love how you are always genuine and educational with your content! Keep up the great work! (Glad my video was in english) 💪🏻,3,,youtube,0.9557,positive
walmart,"My trick for natural PB is when you get home, store it upside down on the shelf for a little bit before actually stirring it so the oil makes it to the bottom. Makes it so much easier to get an even stir before storing in the fridge. Loved the video, tfs!",3,,youtube,0.8615,positive
walmart,"I get my eggs from some friends at church that farm and then everything else comes from Costco and Thrive Market. I spend $200 a month on groceries and it lasts me a whole month. I buy Salmon, Chicken, Organic Green Beans, Apples. Grass Fed Butter, and most of my dry stuff comes from Thrive Market.",3,,youtube,0.4767,positive
walmart,"Thanks, Champ, you&#39;re Much Appreciated. 💪🏾",1,,youtube,0.8519,positive
walmart,Bro eating popcorn and rice cakes on a bulk,2,,youtube,0.0,neutral
walmart,W haul from Walmart I’m definitely gonna have to look into some of those products next time I go for groceries at Walmart.,1,,youtube,0.4019,positive
walmart,Walmart the goat! 😮‍💨,4,,youtube,0.0,neutral
walmart,"this video is awesome, full of very helpful, unique tips!! above all stressing the single ingredient, whole foods because &#39;if it fits your macros&#39; can still make you feel like crap. he mentioned quantity on bulk and how that can also mess up the stomach 🙌🙌 very helpful, great content!",7,,youtube,0.9089,positive
walmart,I guessed $87 and when you said the total I was shocked how close I was. 😂,0,,youtube,0.0865,positive
walmart,"The best vid ever, this vid is helpful for me",6,,youtube,0.7906,positive
walmart,"Bro I love your videos , hope you get real successful 🙌🏽",0,,youtube,0.8979,positive
walmart,Casey gets that baby face when he bulks. Looks like a teenager. But always good honest contact. A nice guy to follow.,14,,youtube,0.9294,positive
walmart,Waited all week for the new vid they are super informative🔥,4,,youtube,0.3612,positive
walmart,Thanks Pal. These are actually all 4 me,2,,youtube,0.4404,positive
walmart,"Not sure if you have an H-E-B near you, but the ones in my area carry a brand of organic grass-fed ground beef called Thomas Farms. You get 4 pounds for $19.99, just under $5 a pound! It has become a weekly staple for me.",1,,youtube,-0.1957,negative
walmart,Total guess = $80.  Enjoyed the video.  I know you say you lose money on making them but they are enjoyable and motivating - know your work is appreciated.,9,,youtube,0.9313,positive
walmart,Super helpful Casey!!!,0,,youtube,0.8213,positive
walmart,I was way over because I was thinking of the Canadian prices,1,,youtube,0.0,neutral
walmart,eyes on the road,2,,youtube,0.0,neutral
walmart,I’m just here to see people‘s reactions when they realize you’re filming as they walk by 😂,0,,youtube,0.4404,positive
walmart,New here and it seems like I like it! Very motivating for my grocery shop!,3,,youtube,0.8433,positive
walmart,I actually get an adrenaline rush when you post fr. It’s like Christmas morning! 😂,3,,youtube,0.69,positive
walmart,&#39;the white girl special&#39; about the avocado toast 😂,0,,youtube,0.4404,positive
walmart,See that’s good for 88 we go to the store and five bags was 150 man you gotta take me shopping cause you’re the man with the plan brother take care. Have a good week and a good weekend and keep on lifting and get big.,0,,youtube,0.8979,positive
walmart,"Hey Casey, could you fit into your content how long it takes to get your strength back after cutting?  Would be interesting to have some sort of a timeline. Thanks!",0,,youtube,0.8777,positive
walmart,cute guy. luved when he picked up the ice cream cake lol funny,1,,youtube,0.8271,positive
walmart,im bulking too and this is super helpful!!,2,,youtube,0.8065,positive
walmart,The chicken breast is super good when I was making smth to eat I grab a few of those seasoned then threw into the air fryer then made a sandwich out of it,0,,youtube,0.7783,positive
walmart,"My mind is not in the cutter, Mr. Kelly, I know you’re joking take care, bro you’re awesome and we love your videos",0,,youtube,0.9246,positive
walmart,Gotta get the container of white sliced mushroom for $3 it&#39;s soo good.,0,,youtube,0.4404,positive
walmart,"Awesome video brother, do you have a video on how to prep, cook these meals?",0,,youtube,0.6249,positive
walmart,I&#39;ll try the tings you got when I do walmart next time. And I like your muscles 💪 ❤,0,,youtube,0.7717,positive
walmart,Watching this as I’m eating captain crunch💀,0,,youtube,0.0,neutral
walmart,W video as always,0,,youtube,0.0,neutral
walmart,The Beef price is insane!! We pay 14 bucks for 1 kg chicken,0,,youtube,-0.5696,negative
walmart,Daym I’m early 😮❤❤❤❤,1,,youtube,0.9571,positive
walmart,Been waiting all week for this,11,,youtube,0.0,neutral
walmart,"I thought it would be $153, $88 is wild",0,,youtube,0.0,neutral
walmart,Coming next Dollar General,0,,youtube,0.0,neutral
walmart,"😂😂😢😮😅😊 my sister‘s husband calls Walmart welfart I don’t know why but he does take care, brother you’re awesome. We love you with your videos.",1,,youtube,0.9731,positive
walmart,I gotta grab my unsalted Kettle Brand chips!!!,0,,youtube,0.0,neutral
walmart,Great video Casey! ❤,0,,youtube,0.8622,positive
walmart,"y’all look at dat lady face at <a href=""https://www.youtube.com/watch?v=AuWAvQYHwLI&amp;t=373"">6:13</a> 😭",8,,youtube,-0.4767,negative
walmart,"I think at wild fork foods they have the same ground beef, same size, for like $14",1,,youtube,0.3612,positive
walmart,Hey dude I just bought mostly everything you bought at Walmart just couldn&#39;t get the bag off rice or the 2 sauces so I got Chick-fil-A sauce and I love it mostly on everything and the grand total for me was $87.98 almost $88 as yours,0,,youtube,0.802,positive
walmart,IBS GANG,0,,youtube,0.0,neutral
walmart,Another banger video brotha!! I said the total was about $87.00,0,,youtube,0.0,neutral
walmart,You wont be the last person to walk around Walmart while talking to yourself,0,,youtube,0.0,neutral
walmart,That bag of Avacados is $6.99 where I live!!,0,,youtube,0.0,neutral
walmart,Question; why not go for the fattier cuts of beef? More calories and more budget friendly!,0,,youtube,0.3758,positive
walmart,Did he just say he just started eating potatoes for the first time?😂😂😂,0,,youtube,0.8271,positive
walmart,How many pounds of beef do you usually eat in a week,0,,youtube,0.0,neutral
walmart,Balance of purchase about $120.00 dollars,2,,youtube,0.0,neutral
walmart,"<a href=""https://www.youtube.com/watch?v=AuWAvQYHwLI&amp;t=693"">11:33</a> tried the G Hughes BBQ I give it 8/10 recommend you try it someday",0,,youtube,0.3612,positive
walmart,Hey Casey please spend extra for higher quality oats. Look into how heavily sprayed with pesticides they are. Love the video tho.,0,,youtube,0.7579,positive
walmart,Why don&#39;t you use digestive enzymes for digestive issues? Works for me,2,,youtube,0.0,neutral
walmart,Welp I was one of the chosen ones blessed with the English dub😂 Keep up the good work🔥💪,0,,youtube,0.8074,positive
walmart,The vital farms eggs went up to 7.08 at my Walmart ugh,1,,youtube,-0.1531,negative
walmart,romaine lettuce actually is nutricious unlike iceberg.,0,,youtube,0.0,neutral
walmart,God bless Casey organic is the best happy new year,0,,youtube,0.9153,positive
walmart,Those smartpop bags are 240cals and 8 grams of fiber a piece. Gotta watch those macros.,0,,youtube,0.0,neutral
walmart,I thought I was going insane,0,,youtube,-0.4019,negative
walmart,Tag out on deer and you can cut out that ground beef costs per year.. Pretty lean too,0,,youtube,0.2732,positive
walmart,Self-checkout discount💀,1,,youtube,0.0,neutral
walmart,I use your videos to help me with my bodybuilding. They’re very informational and useful. Love it.,0,,youtube,0.8768,positive
walmart,I like to trade off between trout and salmon,0,,youtube,0.3612,positive
walmart,No to the Atlantic salmon. Must be wild caught!,0,,youtube,-0.3595,negative
walmart,He had me interested until he went to the yogurt sugar 😂,0,,youtube,0.6808,positive
walmart,Don&#39;t forget traditional hispanic dishes vegetables n fruits r organic so much riches in health about tat😊❤,0,,youtube,0.9182,positive
walmart,Casey drop a list of your grocery’s,0,,youtube,-0.2732,negative
walmart,I think you got a great deal I&#39;ve been doing weekly grocery hauls for myself and I&#39;ve been saving money time and calories 🎉,1,,youtube,0.7783,positive
walmart,Could tell it is walmart with all the beans in the background,0,,youtube,0.0,neutral
walmart,What about frozen yogurt bars? Would those be any better than ice cream?,0,,youtube,0.504,positive
walmart,Didn’t know bro was bilingual like that,0,,youtube,0.3612,positive
walmart,Thx bro w man,0,,youtube,0.3612,positive
walmart,"New here and subbed! Thanks for this, I started my gym journey a little over a year ago trying to add muscle weight because I have a hard time gaining weight finally not considered underweight anymore but still got a ways to go for my goal so this gives me great ideas!",1,,youtube,0.8715,positive
walmart,I buy the polar brand wild caught tuna 5 ounce cans they are cheap less than $1.50 per can and has 28g of protein,0,,youtube,0.0,neutral
walmart,You use this for bulking but could someone use this to lose weight?,0,,youtube,-0.5499,negative
walmart,Where can I get that tshirt?,0,,youtube,0.0,neutral
walmart,Why wouldn&#39;t someone shop at Walmart???,0,,youtube,0.0,neutral
walmart,I love the little boys love to help you and it always makes me smile when they join you at the end and say bye y&#39;all. It&#39;s so precious.,5,,youtube,0.9651,positive
walmart,Would love a pantry and freezer tour vlog sometime ❤,6,,youtube,0.8555,positive
walmart,"I feel like if I were to get $100 worth of groceries it would be a lot less than that, so I think you did great!",2,,youtube,0.8313,positive
walmart,Looks like you are very well stocked up. Have a wonderful day 🙏,3,,youtube,0.8221,positive
walmart,Im with ya on the soup season. I could eat soup everyday! That lemon orzo soup did look really tasty! I cant wait to try that one myself!,2,,youtube,0.0,neutral
walmart,You&#39;re little boy is a good helper.,1,,youtube,0.6486,positive
walmart,I’m just here to listen to your little boy in the background. Makes me miss those days soooo much. ❤,0,,youtube,0.5574,positive
walmart,"Seeing Fletcher help you bring in groceries, priceless!! Just love you and all your kids!! I have missed seeing your grocery hauls!! Have a good weekend! RTR! 🐘",1,,youtube,0.8679,positive
walmart,It’s been a while for your grocery haul,3,,youtube,0.0,neutral
walmart,Fun video Tiffany.  Fletcher is so precious.  Love grocery hauls.,1,,youtube,0.9263,positive
walmart,The little boys you have are so cute,2,,youtube,0.5949,positive
walmart,Great grocery haul Tiff !  Love your .grocery vids ❤❤......Have a great weekend Tiffany Justin and kids ❤️...Love and hugs 🫂 🤗 ❤,2,,youtube,0.9819,positive
walmart,"I have soup and stews year round...also have huge hams and turkey dinners once or twice a month...I dont believe in waiting for holidays or seasons to eat your favorite foods and sweets..we are not promised tomorrow and I want to have mine now...lol..I love a good pork belly but they are hard to find sometimes so I buy the sidemeat and cook it like the Chinese do pork belly....It looks like you got a lot for your money...I always overtip those delivery people,but I so appreciate them..they bring groceries in and I swear the guy that came last week offered to put them away...lol..I stopped him as was opening the fridge door...I always ask for porch delivery,but they rng doorbell ...sometimes I answer and sometimes I dont...lol..",0,,youtube,0.9391,positive
walmart,Hi Tiffany great Grocery haul Love Your Fletcher trying to help you out so adorable He is love all your babies Cathy Philadelphia Pennsylvania 🙏🏻✝️☮️🥰🥰🥰🥰🥰🫂🫂🫂🫂🫂🎃,1,,youtube,0.9953,positive
walmart,"Great finds! Groceries are getting so expensive, and I have to be creative with what food I’m buying and meals I’m making! 🙂",1,,youtube,0.8831,positive
walmart,"Hi ya&#39;all! I love how you have plans for everything you buy instead of just grabbing something and not knowing what your plan is for that item. As a busy family of nine, meals definitely need some planning, especially when our kids are going in ten different directions. I love your ideas, and I look forward to seeing any recipes you have for the fall. I made a huge pot of ham and bean stew today, and I put salt pork in the slow cooker while it simmered. It is soooooo good! ❤",3,,youtube,0.9686,positive
walmart,Great haul. ❤,2,,youtube,0.8519,positive
walmart,Great grocery haul Tiffany Fletcher is such a good helper.❤️🎃,0,,youtube,0.8555,positive
walmart,Great grocery haul!  Have a wonderful day! 😊💫,0,,youtube,0.9258,positive
walmart,I enjoy your hauls. Have a blessed week ❤,0,,youtube,0.9062,positive
walmart,I like your grocery hauls.,1,,youtube,0.3612,positive
walmart,"Looks like a good filler haul! Fletcher is a good lil helper!  Blessings,Miss Linda ❤❤",0,,youtube,0.9622,positive
walmart,Looks like you had some good help😊,1,,youtube,0.9201,positive
walmart,Another great video!,1,,youtube,0.6588,positive
walmart,Looks good thanks for the video take care.,0,,youtube,0.8402,positive
walmart,Love hanging out with you❤️,0,,youtube,0.6369,positive
walmart,"Slowly, little by little,   working on having a pantry stock especially with the Winter months coming here in OH,",0,,youtube,0.0,neutral
walmart,Nice helper,0,,youtube,0.6369,positive
walmart,Thanks for sharing,0,,youtube,0.6908,positive
walmart,what realt anoyes me is they put one or two things in a bag and you get so many bags  no need for it  do it in the uk to xx,1,,youtube,-0.3535,negative
walmart,Great shopping trip 😃,0,,youtube,0.765,positive
walmart,Love all the videos,0,,youtube,0.6369,positive
walmart,"<a href=""UCkszU2WH9gy1mb0dV-11UJg/m8MfY4jbFsWJhL0PyouA2Ak""></a><a href=""UCkszU2WH9gy1mb0dV-11UJg/m8MfY4jbFsWJhL0PyouA2Ak""></a><a href=""UCkszU2WH9gy1mb0dV-11UJg/m8MfY4jbFsWJhL0PyouA2Ak""></a>",0,,youtube,0.0,neutral
walmart,Do you can fruit and vegetables,2,,youtube,0.0,neutral
walmart,No lunchables and no snacks  in my house waste of money,0,,youtube,-0.7351,negative
walmart,A $100 is to much for a family of 7 should be 50 dollars  a week,0,,youtube,0.0,neutral
walmart,3 meals a day and snacks for kids 😂,0,,youtube,0.4404,positive
walmart,Cut down to  1 meal a day  to save money,0,,youtube,0.2732,positive
walmart,No energy drinks waste of money and no pop,0,,youtube,-0.7017,negative
walmart,"Tiffany it’s ok you do not have to explain. You are a great mama. I always got my boys treats. We all need treats. I always always get the grand babies treats, if they’re coming to stay they give me a list of stuff they want!!",3,,youtube,0.8802,positive
walmart,We love breakfast for dinner especially in the winter.,0,,youtube,0.6369,positive
walmart,God bless you Tiffany and family. ❤,0,,youtube,0.8442,positive
walmart,I will never understand how some people can fuss at someone for what they buy with their own money!,0,,youtube,0.0,neutral
walmart,I can eat breakfast everyday if I wanted to,1,,youtube,0.0,neutral
walmart,"I&#39;m making chili for supper tonight...we are seniors and when I make this there is enough for a couple of meals. It was 28* when I got up this morning, but at least it wasn&#39;t snowing.😊 I drink the Fairlife, too. The sun has just come out..looks wonderful! From cold snowy Michigan.",1,,youtube,0.9365,positive
walmart,Great grocery haul!  Have a wonderful day!,0,,youtube,0.855,positive
walmart,I hardly ever meal plan. I get up make coffee and while it’s brewing I go to freezer and pull out meat and then sit and drink my coffee and decide what I am going to make with that meat. It’s what I do. We don’t have a perfect week where we can always do everything in a plan. So don’t beat yourself up about it. And buy what you want to buy. It’s your money. No judgement.,0,,youtube,0.4215,positive
walmart,I just have one teen so it takes us weeks to get through one box of something 😅. We get tired of the same thing but have to finish it lol,0,,youtube,0.5423,positive
walmart,Fletcher the grape bandit. Lol.,1,,youtube,0.4215,positive
walmart,nice haul i did sams today and want sausage that i could put my seasonings in and they had no ground sausage,0,,youtube,0.2263,positive
walmart,"Happy Thursday, girlie. Hope y&#39;all are doing well this lovely afternoon. Here watching as I relax. Fantastic haul and delicious meal plan.",0,,youtube,0.9732,positive
walmart,Hey friend I just wanted to see if you were ok doing well not like you be gone this long praying that your doing well 🙏,0,,youtube,0.8398,positive
walmart,Nice to see you guys again ❤ great haul and meal plan ❤ stay blessed ❤❤,0,,youtube,0.9828,positive
walmart,Hi Tiffanie Love your grocery haul Hope you had a Happy Easter 🐣 ✝️🐣✝️🐣✝️🐣✝️🐣✝️🥰🥰🫂🫂💐🌹🍀💗💘💙💜💕💌🧡💐🌹,0,,youtube,0.9949,positive
walmart,Great grocery haul!  I really like those Mott&#39;s Strawberry bars!,0,,youtube,0.8165,positive
walmart,"Happy to see you!! Love your cheese drawer, that’s the way it should be🤣. Great grocery haul, take care!",2,,youtube,0.9651,positive
walmart,Great grocery haul as usual!,0,,youtube,0.6588,positive
walmart,Hi Tiffanie We will miss You but I know you will be back on here when you can God bless you all Cathy🙏🏻☮️📿☮️💐🌹🧡💌💕💘🥰💜💗🍀💝💙,0,,youtube,0.9979,positive
walmart,I love that sweet and sour sauce! I make sweet and sour chicken over rice with that!,0,,youtube,0.8953,positive
walmart,I can really see a difference in your face like night and day different you should be very proud of yourself for all of your hard work ❤,2,,youtube,0.8655,positive
walmart,Great grocery haul and meal plan nice to see you again take care do you show a plate of food that you have made from your meal plan?,1,,youtube,0.8779,positive
walmart,Blackberry Lemonade is my favorite.,0,,youtube,0.4588,positive
walmart,yes we get an extra one b/c it rives my teen with  Autism crazy when he arranges them on a sheet  pan. we used  to be a SS roll fan only but I got GV sub one time and yeah not gone back. i really like ur no frills shopping haul so tfs.,0,,youtube,0.6241,positive
walmart,When my kids were in marching band I made a sticker for my car that said &quot;Marching Band: Like Sports Only Harder&quot;. Non-band people have no clue what what these kids go through.,79,,youtube,0.0772,positive
walmart,"Keep those pretzel crumbs. Vanilla ice cream, caramel sauce, banana slices. Pretzel crumbs. I&#39;m sorry. You&#39;re welcome.",25,,youtube,0.4019,positive
walmart,"If you leave Sam’s without a rotisserie chicken, you’re missing out on 4 meals for $4.98. Plus chicken broth.",4,,youtube,-0.34,negative
walmart,&quot;Loosey goosey&quot; and &quot;back in the 1900&#39;s&quot; had me and my husband rolling LOL,22,,youtube,0.5473,positive
walmart,Yes! I tell people all the time that marching band kids are athletes. the have to have the stamina to stand in 1 position or march for miles while carrying equipment and wearing 2 layers of clothing.,17,,youtube,0.636,positive
walmart,We sent our daughter to driving school and backed that up with parent taught.  But we forgot to teach her HOW TO PUMP GAS!!!  Thank goodness for an angel of a gas station attendant because both her and her boyfriend were clueless.  We all laughed and then made sure they both understood how to put gas in the car.,3,,youtube,0.9165,positive
walmart,SAVOR this busy season. You’re about to have more time on your hands than you know what to do with when they are adults….. Goes by faster than you think,9,,youtube,0.0,neutral
walmart,"Hot tip: freeze leftover brewed coffee in ice cube trays, then when you make iced coffee you can put coffee ice cubes in it so it doesn&#39;t get watered down. Or you can use coffee ice cubes and just pour your protein shake right over them and it creates a latte as the cubes melt",5,,youtube,0.1531,positive
walmart,You can make powdered sugar by using regular granulated sugar. Use one cup of sugar with 1 T of cornstarch and mix it in your blender until it is pretty well pulverized.,17,,youtube,0.6486,positive
walmart,I just like YOU. I love grocery hauls and meal plans because it helps me with new ideas. We actually do drink both around here.,11,,youtube,0.8519,positive
walmart,"<a href=""https://www.youtube.com/watch?v=cN-d_NUt-rk&amp;t=678"">11:18</a> I use riced cauliflower in a ton of stuff. Mix it in chilli soups taco meat etc you literally can’t tell it’s there.",1,,youtube,0.0,neutral
walmart,"I&#39;m 42, and we had our first 3 kids while we were really young. Our 3rd just graduated high school this year (has autism so will stay with us), our 2nd is in college and living at home, and our oldest moved out when she graduated college and found an apartment near her job. Our youngest is in 3rd grade (I call him my midlife crisis baby). I feel like we&#39;re in a few different stages of life at the same time. I can&#39;t have more children so we&#39;re past the baby and toddler stages. It seems like I come across a lot of YouTubers with either no children or very small children. I watch those, too, but you, Frugal Fit Mom, and Jen Chapin have been my favorites since I started watching YouTube 4 years ago, possibly because I can relate to y&#39;all a little better. Thanks for another great video!",4,,youtube,0.9642,positive
walmart,"AMEN!!! To middle age moms!!!! 😂❤ as a mom of a 13,15,16 year old feeding my older boys is very expensive. I love these videos thank you for taking us with you. Keep up the great videos",5,,youtube,0.9654,positive
walmart,"Empty nester here, and I feel like the jr. high, high school years were the most busy but also the most fun. One did concert, pep, and marching band, one did Jr. ROTC. Lots of practices,  competitions, performances, and ceremonies. Great memories.",7,,youtube,0.9168,positive
walmart,"Mindy…let me tell you, when I tell my family it’s a “YO-YO” night, they know you’re on your own 😂😂❤",1,,youtube,0.875,positive
walmart,Mindy - you put such thought and love into raising your family!  Thank you for your videos 😊,20,,youtube,0.9184,positive
walmart,Even with how cool a digital calendar is 😂 Scratch paper and a fridge magnet is ✨ free ✨,0,,youtube,0.9022,positive
walmart,Two things:<br>Marching band people are strong people. Respect!<br>Anything is better in aluminum. Endlessly recyclable. Plastic sucks. <br>Thanks for you videos!,0,,youtube,0.6467,positive
walmart,My mom use to put a list of chores per week inside a cabinet door so we knew what we were suppose to do. As far as dinner went we found out at dinnertime or when my mom or dad cooked it! Thank You!,2,,youtube,0.4738,positive
walmart,"We recently moved from a town with Sam’s to a town (in another state) with a Sam’s that is an hour away.<br>We have been trying to go about once a month, but some big scary life things happened and we have only been once since we moved in June. Our membership renewed recently and I almost just straight up cancelled it. Although I know once life settles a bit we will get back to going more often.<br><br>Mindy, I have two adults now and everyone still asks me what’s for dinner. Even writing it down hasn’t helped, I used to post a list on the fridge every week. I finally started texting everyone a picture of the list each week. That helped a bit more.",1,,youtube,-0.7066,negative
walmart,"I have all the chaos…a 5 yo in kinder, sophomore and a freshman in college.",0,,youtube,0.4939,positive
walmart,The way the rotisserie chicken being included in the cost of the membership logic made the most sense I have ever heard is hilarious. I concur and I think a petition should be created.,0,,youtube,0.5719,positive
walmart,When you said &quot;back in the 1900&#39;s&quot;  I felt like I drank from the wrong Grail in a Harrison Ford movie,0,,youtube,-0.1531,negative
walmart,"i was about to say, you dont see them bc we&#39;re DROWNING, lol",0,,youtube,0.4215,positive
walmart,Yes!!! There is not enough of us middle aged moms with no littles!,0,,youtube,0.3956,positive
walmart,"Well Mindy, I&#39;m a grandma who lives with my daughter, granddaughter and SIL. I am the grocery shopper and the cook. I  watch you anyway, bcz i like saving money and making delicious meals. Thank you.❤",0,,youtube,0.9325,positive
walmart,You’re right on the middle year bloggers. And they eat so much!,0,,youtube,0.0,neutral
walmart,"My sister had twins that meant 2 of everything. I&#39;m not quite sure how she did it. I know that when they learned to drive, and they could take ownership of the car and getting themselves where they needed to go, was a huge relief for my sister and brother-in-law.<br>My one niece works in the tech industry in Seattle and my other niece works in the interior design business in San Francisco. They&#39;re both 28. Their childhood went by it so fast, and I wish I got to see more of them growing up. Take care of this time and enjoy things while they&#39;re happening",1,,youtube,0.9229,positive
walmart,Pretzel crumbs on tuna casserole,1,,youtube,0.0,neutral
walmart,"We don&#39;t have Sam&#39;s, but we do have Costco. We shop at regular stores and Costco. The things we buy at Costco we cannot buy elsewhere at a lower unit price, even when they&#39;re  on sale or have a coupon.",0,,youtube,-0.4215,negative
walmart,"<a href=""https://www.youtube.com/watch?v=cN-d_NUt-rk&amp;t=539"">8:59</a> Every Evening I am an Uber Driver for my Teen Kids lol, From Drop offs to pickups and waiting in cars for them to wrap up with practice or band stuff.. lol They definintely dont talk about this stage of motherhood.",0,,youtube,0.5423,positive
walmart,Cold coffee in summer and at scooters on special occasions.  Hot coffee at home!,0,,youtube,0.4574,positive
walmart,I definitely agree with the gap on YouTube not having Videos for moms with teenagers. Everyone I see other than you have little kids that are homeschooled and thats not helpful for my stage of life! our evenings are CRAZYYY after school lol,0,,youtube,0.7149,positive
walmart,And YES to the automatic rotisserie chickens.  Lol,1,,youtube,0.7378,positive
walmart,"I’m 27, and sometimes I feel like I’m juggling a lot of different stages of life at once. Most of the YouTubers I see either don’t have kids yet or only have little ones, which is fine, but I don’t always relate to them. That’s why I love watching you, Frugal Fit Mom, and Jen Chapin — I connect so much more with your content. Thanks for another great video, it really inspires me! ❤",0,,youtube,0.9873,positive
walmart,"Mindy, I have a friend who would keep a supply of pacifiers when her oldest a baby. Her daughter was was always losing then. The workers in the nursery has actually pulled all the toys out of the toy box looking for her pacifier. I think we did  find it.",0,,youtube,0.1531,positive
walmart,"My son played snare drum in marching band and it is absolutely a sport and those kids work HARD! We were very active parents (you know, the 1% who does ALL the work?) and we worked hard too!",0,,youtube,0.5337,positive
walmart,"(Postting as Joyce) I forgot to mention this, marching band is not easy!! I was a flag twirler or on the &quot;silk line&quot; as we called it. I always felt bad for the percussion section, carrying those heavy drums. It&#39;s no joke.",0,,youtube,-0.8115,negative
walmart,"Usually once or twice a year, Sam&#39;s club offers a $10-$20 membership fee deal. We get one and when it expires that deal comes around and my husband gets it then. They go by email addresses so we switch back and forth. This tip was from southern savers.",2,,youtube,0.0,neutral
walmart,"My favourite season of parenting was the teen years. 16, 14, 12. Great memories.",0,,youtube,0.6249,positive
walmart,Lol 😂 the rotisserie chicken comment,0,,youtube,0.6908,positive
walmart,My daughter played base drum 4 in the marching band. She always said it was exhausting to carry the drum along with marching. She needed to refuel often.,1,,youtube,-0.0258,neutral
walmart,"Core Life is made by fair life, they offer vanilla, strawberry, and double chocolate (taste like dark chocolate) protein shakes. Highly recommend.",0,,youtube,0.7645,positive
walmart,Save those pretzel crumbs and make a strawberry pretzel salad.😊,1,,youtube,0.8481,positive
walmart,"I laughed when I heard you tell about your soother story, we have a similar story, my sister and I were both pregnant for my second and her first, my first our “ Matty cat” was 18 months old, we were out shopping and he was being potty trained at the time. He had to pee and refused to pee in the toilet or between the car doors, yes we took him outside to where the car was parked. My sister ran to Toys R Us and bought a potty, like at home, and he peed. Lolol great job Mindy and keep up the great work. Thank you for all that you do!! FYI, we are now retired, our children have children and we are SOOOOOOOO busy. Enjoy it!!",0,,youtube,0.9738,positive
walmart,"My oldest played tuba in concert band, sousaphone in marching band . Heavy instrument and he was not the biggest kid in high school.<br>He marched miles, sometimes up and down hills carrying that thing on his shoulders.<br>All my kids loved band but the other 2  played  lighter instruments 😊",1,,youtube,0.9354,positive
walmart,That is a great price on nurri. It’s $33 at Walmart. The kid in the band can have that to help through the heat too!😊,1,,youtube,0.92,positive
walmart,"For us the biggest savings at Sam&#39;s is on dog chews. Yes, we get toilet paper and dishwasher tabs there but I get SO frustrated that the same product elsewhere is so high for my dog&#39;s collagen rolls. They&#39;re prices have come down a lot since covid and I&#39;m thankful! I actually cancelled my membership for a few years but got it again in 2023",0,,youtube,-0.6503,negative
walmart,I buy the 2-1lb blocks of feta at sams its a little cheaper i pop one in the freezer and just crumble and keep the other in a Tupperware,0,,youtube,-0.2263,negative
walmart,I am a grandma raising a pre-teen so I have had kids in non social media phase and now social media phase. It is so different.  I am 30 years older than I was when I had my kids so raising my granddaughter wears me out lol😊,4,,youtube,0.8316,positive
walmart,"I also struggle to find relatable content to watch, which is why I enjoy your channel.   And perfectly put, these middle years are a whole different kind of chaos!  Thank you for sharing ❤",0,,youtube,0.8979,positive
walmart,That is what I discovered... making food from individual products was not cheaper than buying ready to eat. We have now reached the higher cost of groceries to make homemade is not a savings to buy premade. YIKES.,0,,youtube,0.4404,positive
walmart,Love your idea for Sam&#39;s just throwing that chicken in there....do we make a petition or what? 😂,0,,youtube,0.7964,positive
walmart,"My kids aren&#39;t the same age as yours, we&#39;re past the teen stage (one at 28 who has autism and will therefore stay with us, and one at 21 who has just announced she&#39;s moving out). But I love your channel and really need the meal ideas, please keep them coming! Our oldest will be seeing me share your videos with him too!",0,,youtube,0.9207,positive
walmart,Yes to the middle aged mom who don’t have very young children vlogs !,0,,youtube,0.4574,positive
walmart,I love your videos. I would like to see grocery hauls for dietary restrictions such as gluten free. Maybe a guest that has these types of restrictions in their family?,0,,youtube,0.875,positive
walmart,"Mindy, for the cans of protein milk, maybe look for a silicone lid that fits on these cans?",0,,youtube,0.0,neutral
walmart,The Just Bare chicken is EXCELLENT. We have been enjoying the nuggets for a while. The breaded filets are also amazing. Truly better than fast food chicken sandwiches. We tried the tenders for the first time last week. Also excellent!!,5,,youtube,0.973,positive
walmart,"That apple pie yogurt is like Fall on your spoon, isn&#39;t it???",0,,youtube,0.466,positive
walmart,Use those pretzel thin crumbs like breadcrumbs.   yum,0,,youtube,0.3612,positive
walmart,"Totally can relate with you on the preteen and teen driving!  I have 2 and I felt like I spent every single day in the car more than anywhere else (and they are homeschooled 😊). Life changed this summer when my daughter got her license!!  Life changing— hang in there, you will miss all the car time with your kids soon.",0,,youtube,0.8306,positive
walmart,Band is very much a sport! Former band mom here and my daughter did marching for 4 years. I was also in our Boosters and those kids eat a ton because they burn so much! ❤ band!,0,,youtube,0.7461,positive
walmart,Retired moms with grown kids is also an area that’s lacking,0,,youtube,0.0,neutral
walmart,Yes with the kid deal!,0,,youtube,0.4574,positive
walmart,"I was totally taken aback by how much my kids need me in their early adult years (late teens early 20s). Navigating life as a new adult in this day and age is HARD. Jobs, housing, society/culture, is nothing like it was when I was their age and sometimes my momma heart just breaks watching them struggle.",0,,youtube,-0.0882,negative
walmart,"Middle years! 🎉 Yes, thank you for being in this space. You are living my life! ❤",0,,youtube,0.9133,positive
walmart,My daughter is in marching band for the first year. Yes. It’s a sport.,0,,youtube,0.4019,positive
walmart,Amen it is a different kind of chaos!!!,0,,youtube,-0.7067,negative
walmart,"My daughter plays the sousaphone (marching tuba) and that thing is 40 pounds of metal wrapped around her…and we live in AZ so it’s hot!!! My grocery budget skyrockets during the summer/fall marching season to keep her hydrated and fueled. But would not have it any other way. And yes, marching band is a SPORT!",0,,youtube,0.7366,positive
walmart,My oldest son wouldn’t take any kind of pacifier and we purchased EVERY kind we could find. My newborn takes a pacifier but it has to be the Dr brown advantage one,0,,youtube,0.5719,positive
walmart,They actually sell caps for cans on Amazon. They work great.,0,,youtube,0.7003,positive
walmart,I appreciate that you share real-life meals. Not everyone can afford expensive ingredients for 1 recipe. I wasn&#39;t in the band or choir. I was in Navy ROTC and almost joined the Navy.,4,,youtube,0.5994,positive
walmart,Our daughters were in marching band/color guard. Our marching band marched in the Macy’s parade!! I was a color guard Mom and my husband was on the equipment committee. The dedication and hard work these kids put in is incredible. You are doing a fantastic job Momma! I really enjoy your channel.,0,,youtube,0.821,positive
walmart,The house brand donut shop coffee at Walmart is very good for cold homemade coffee drinks. I make a homemade Dutch Bros. protein coffee in the summer using that cold brew coffee.,0,,youtube,0.4927,positive
walmart,"Oh maybe I should start vlogging. I have kids in elementary, middle school, and high school. And I’m in nursing school 😅🫠<br><br>And I’m glad you shared this $350 grocery trip… we’re a family of 8 and I’ve been feeling like I need to get our spend below $400 and it is HARD. Every time, we just end up making additional trips to the store. 🤦🏻‍♀️",0,,youtube,0.8302,positive
walmart,My son loves those shakes. He had a sample at Costco &amp; so we got some. We have a Sam&#39;s &amp; Costco membership.,0,,youtube,0.5719,positive
walmart,"As a gluten free girl who formerly loved cinnamon toast crunch, I LOVE cinnamon rice Chex! 😋",0,,youtube,0.925,positive
walmart,I’ve been wondering about the Nurri shakes! I’m weirdly off put by the tin can so I’ve never tried 😆,0,,youtube,-0.5577,negative
walmart,You could maybe make strawberry  pretzel salad with crumbs. If they like it.😊😊,0,,youtube,0.926,positive
walmart,Thank you for the info on the Nurri drinks!,1,,youtube,0.4199,positive
walmart,Love the laid back format.  I missed it,0,,youtube,0.4588,positive
walmart,my dad was pinched from the football team to play tuba in the high school marching band (early 1950’s) can’t imagine what meals and snacks were like in that household - four of us were in sports and I was bench coach for multiple teams - music was too early too cold too dark while sports were after classes (1970’s) - much success to families with any extra curriculum programs this school year 🇨🇦🙏,0,,youtube,0.8225,positive
walmart,I’m crazy about the chocolate chex.  It is so good.,0,,youtube,0.3272,positive
walmart,I have been really liking that Apple pie yogurt. I cut up in really small pieces one of those little apples like you got for your husband and that really makes it yummy!,0,,youtube,0.7947,positive
walmart,Totally agree with Sam&#39;s  Club👍🏻😃    I&#39;m surprised you don&#39;t buy your white vinegar and your cold coffee at Sam&#39;s.   Thanks for sharing 😃👍🏻♥️,0,,youtube,0.9558,positive
walmart,"Yes girl! I have a cash app card for my teenager! She’s painfully shy and gets super stressed out having to count out money at a checkout if I’m not with her, so I opened a cash app account since my bank doesn’t allow a debit card for someone under 18",1,,youtube,0.3147,positive
walmart,My kids are a Sr &amp; a Jr.  a football player &amp; cheerleader who also play baseball &amp; Softball year round.   We stay busy &amp; your videos are some of my favorite. I love watching your channel!,0,,youtube,0.8955,positive
walmart,"I love when you do these more free form videos. So fun! Also, the various flavors of Chex always hit. My husband and I love the honey nut Chex.",0,,youtube,0.9554,positive
walmart,Our kids are 13 years apart. So we currently have a college kid and one in elementary. We thought raising our second would be so easy since we had experience. LOL They are both so different and our youngest keeps life interesting. I enjoyed watching your haul share.,0,,youtube,0.9379,positive
walmart,I use a desk calendar cut to size for the menu plan on the fridge. Of course I shop my pantry &amp; fridge before I make my weekly plan. 😊,0,,youtube,0.5994,positive
walmart,I absolutely LOVE the Nurri vanilla.  They are my favorite.,0,,youtube,0.8491,positive
walmart,I love these type of videos ! They are really helpful! 😊,0,,youtube,0.9344,positive
walmart,Preach sister! I live in my car.,0,,youtube,0.0,neutral
walmart,I’m really liking your recent videos! My mom and I love watching your videos!,9,,youtube,0.8306,positive
walmart,"We are <b>addicted</b> to Cosmic Crisp apples at Sam&#39;s Club! The price for the number of apples you get at Sam&#39;s is the best I&#39;ve found! And I&#39;ve always said, I&#39;d buy a Sam&#39;s membership for the gas prices alone! (But I save so much inside the store too!)",0,,youtube,0.828,positive
walmart,"Great haul, appreciate you showing prices TYFS 🫶🏽",0,,youtube,0.7783,positive
walmart,Did you know that you can buy cleaning vinegar?  Yes I found it in the laundry isle and that&#39;s what I buy for cleaning like my washing machine I use it on my towels... Its better if feel than the regular white vinegar,1,,youtube,0.7964,positive
walmart,"Mindi, I really like it when you do your cook and give alternative ingredients to the recipe. I think that&#39;s great! Thanks for doing that.",0,,youtube,0.8775,positive
walmart,"I was in the colorguard in our marching band and we were out all summer marching in the Florida heat 😂 we were way better than our football team (we were state champs several times, I forget where we placed in nationals) so the hard work paid off!",0,,youtube,0.7441,positive
walmart,cannot even explain how much i needed you to go to Sam&#39;s! i kept going back n forth about if i should take the hike over there 😅. Definitely going now for a few of those.,0,,youtube,0.6696,positive
costco,🙋🏻‍♀️ Megan I enjoy your honesty your cool lady I am from CANADA 🇨🇦 ONTARIO 😊 HAVE A GREAT DAY SHOPPING 🛍,1,,youtube,0.971,positive
costco,Picklelcious were good. Idk if I’d buy again bc of the sugars added. A little sweet but dill at the same time. Good with a tzatziki dip!,4,,youtube,0.7747,positive
costco,PLEASE try the pickle chips!,2,,youtube,0.5147,positive
costco,We always take a cooler when we go to Costco.,0,,youtube,0.0,neutral
costco,Thank you &amp; have a blessed Sunday!🥰,3,,youtube,0.9324,positive
costco,Hey Meghan thanks for the video,0,,youtube,0.4404,positive
costco,My Costco has a cherry and fig bread that is FANTASTIC!,1,,youtube,0.6833,positive
costco,Love the cranberry walnut bread.,1,,youtube,0.6369,positive
costco,Good Morning Meghan!  Thanks for the video!  Have a wonderful Sunday! ❤,2,,youtube,0.939,positive
costco,I love a good Key Lime pie,3,,youtube,0.7964,positive
costco,The Costco breads are fabulous! Get at least one loaf every time i go! ❤,1,,youtube,0.8475,positive
costco,❤😀 Good to see you this morning. Have a great week,0,,youtube,0.9287,positive
costco,Hi Meghan 😊<br>Happy Sunday ❤<br>I bought 2 Lucky Brand t-shirts for my husband a few weeks ago and he loves them🤗,0,,youtube,0.936,positive
costco,Even refrigerated chutney should survive a few hours in a car. I’d risk it,0,,youtube,-0.2732,negative
costco,"Thanks, Meghan.",0,,youtube,0.4404,positive
costco,Good sunday afternoon Meghan,0,,youtube,0.4404,positive
costco,qua-he-yo peppers,0,,youtube,0.0,neutral
costco,I may try the pickle chips,0,,youtube,0.0,neutral
costco,I just found this channel!,0,,youtube,0.0,neutral
costco,"Meghan good afternoon so nice to see you for the what’s new with the Costco I always live like what new at Costco they got the best stuff. I think you should get one of those dresses they would look very cute on you. Look forward to seeing you tomorrow for the review no cold stuff though that’s a bummer. Sending you blessings, prayers, much love, and a great day.🙏❤️",0,,youtube,0.975,positive
costco,Tyfs 💖 Hug&#39;s &amp; Love Always Veda 💚,1,,youtube,0.9413,positive
costco,Nice products.I go to BJs where i live.,0,,youtube,0.4215,positive
costco,Great job on the eye lashes 😍 👏 👌 😊,0,,youtube,0.9597,positive
costco,Hi Meghan! I love your videos and have been watching you for awhile ☺️ I just wanted to say you pronounced guajillo pretty darn good!!,0,,youtube,0.9346,positive
costco,"If you have a Costco bag the one for hot or cold food you can put a bag of ice in one and it will keep your cake, frozen stuff at temp. I do it all the time😀 Good video Megs the bread looks delicious!❤",0,,youtube,0.9273,positive
costco,Thanks,0,,youtube,0.4404,positive
costco,It was lemon meringue not key lime you never had. We listen. 😂😂😂😂,3,,youtube,0.891,positive
costco,I&#39;m watching ❤❤❤❤❤😊😊😊😊😊😊😊,1,,youtube,0.9961,positive
costco,Do you prefer vertical or horizontal stripes 🤔 Have a blessed Sunday ❤,1,,youtube,0.8442,positive
costco,You need a refrigerator cooler for your car so you can taste test whatever you need to. Business expense 🤷🏼‍♀️,3,,youtube,0.0,neutral
costco,Seed oil is not a villain. Dieticians dispute this overhyped claim.,0,,youtube,0.0577,positive
costco,"Hi Megan. the pickle flavor cucumber chips were not good. nope. and I love pickles and cucumbers. bought a bag and do not know what to do with them, Sorry HARD pass for me.",0,,youtube,-0.8024,negative
costco,"Megan, WHY?  I was so looking forward to your reaction to the pickle chips!  I love your sound effects accompanied with your facial expressions!",8,,youtube,0.6988,positive
costco,I&#39;m 1st YAY 😁,0,,youtube,0.7983,positive
costco,"@The Grocery Lady, can you mention the location of the Costco? state/ city?",1,,youtube,0.0,neutral
costco,I don&#39;t like pickles 🥒,0,,youtube,0.3612,positive
costco,Good call on the pickle chips. They were horrible! 🥴,2,,youtube,-0.2244,negative
costco,The fun part of Costco new arrivals is seeing what looks exciting. The useful part is figuring out what still feels worth it on the second trip.,0,,youtube,0.8834,positive
costco,The blueberry jam is delicious I&#39;ve been buying it for years,3,,youtube,0.5719,positive
costco,Happy belated anniversary!!  Do you ever have your kids or Markus (Marcus?) taste test your hauls?  I think it would be fun if they joined you once in a while!,4,,youtube,0.8495,positive
costco,My family loves that jam!,6,,youtube,0.6114,positive
costco,"Hi Meghan… I sincerely appreciate the time and commitment you have made to consistently and honestly review products from COSTCO.  Your videos have undoubtedly saved me money. I do have a straightforward request. Instead of repeatedly saying “you know what I’m saying ?” after using a euphemism to describe an aspect of a product, just describe that aspect of the product clearly and succinctly.  In this video it was an inference to what I presume was the taste of artificial blueberry flavoring in the blueberry almond bites. I watch to become informed, not entertained.  Thank you!",0,,youtube,0.9157,positive
costco,Raspberry preserves mixed into ice cream is one of my favorite treats.,2,,youtube,0.4588,positive
costco,"Excellent video Megs, this is why I watch your channel. You don&#39;t pull any punches when it comes to taste testing. You have saved me $$ which I am grateful for in today&#39;s economy. Thank you for all you do! 😀❤",1,,youtube,0.9583,positive
costco,Happy Monday! Thanks for a great taste test &amp; have a great day!🥰,2,,youtube,0.9741,positive
costco,"I love watching you, Megan. You crack me up.",0,,youtube,0.6369,positive
costco,Hey Meghan I  would love to try it on ice cream,0,,youtube,0.6369,positive
costco,I love rasberry preserves &amp; chocolate  syrup on ice cream. 🙏❤️🙂,1,,youtube,0.785,positive
costco,I love the raspberry jam! 🥰💗🙏,1,,youtube,0.9565,positive
costco,I would try the jam warmed up on ice-cream 😮😮,0,,youtube,0.2732,positive
costco,Should have tried the walnut cranberry bread. So good. Makes delicious toast.,5,,youtube,0.8274,positive
costco,"Thanks for the taste tests look forward to them all. You ❤️ have saved me money 💰 and try new things, or things I wanted to try but was scared to buy. You know in case I didn&#39;t like them....",0,,youtube,0.3071,positive
costco,Good Morning Meghan! Have a great day!  See you again soon! ❤,0,,youtube,0.9198,positive
costco,Hi Meghan ❤<br>Happy Monday 😊<br>I tried the rosemary parm bread and it was delicious 😋,0,,youtube,0.8658,positive
costco,Got to get a couple of those. 💙💙💙💙See you tomorrow.,0,,youtube,0.9274,positive
costco,Waiting to get Cosco near us.,1,,youtube,0.0,neutral
costco,"My daughter is 45 years old and still takes flinstones vitamins as her vitamin everyday,lol",0,,youtube,0.296,positive
costco,"Meghan happy Monday and good morning thank you for the Costco review. I’m gonna try some of that bread. It looks awesome. I don’t know about the rest of the stuff but the bread you look lovely as always sending you blessing, prayers, much love, and a great big hug.🙏❤️",0,,youtube,0.9879,positive
costco,I love costco i almost bought that bag i knew youd have it i waited 🎉,0,,youtube,0.7845,positive
costco,"Our great grands, 6 and 8 have always eaten Z Bars, but not for me!",0,,youtube,0.4295,positive
costco,Now I want to try the blueberry jam! 😋💗🙏💕,0,,youtube,0.8955,positive
costco,"I bought the cascadian granola bites , I thought they were good , not super sweet , but watch out the chicory root fiber will give you digestive issues if you eat more than a couple . I didn’t have any throat issues like you 🤷‍♀️",1,,youtube,0.3372,positive
costco,Costco taste tests are always fun because the most hyped item is rarely the most interesting one.,0,,youtube,0.2084,positive
costco,I don’t like when companies say “natural flavors” in their ingredients instead of just listing what they used.  I emailed BoBos on this and they wouldn’t tell me what the natural flavors were.  They just insisted they were plant-based.,2,,youtube,0.6124,positive
costco,The only item I would buy is the rosemary parmesan bread. I&#39;m not into protein bars at all.,0,,youtube,0.0,neutral
costco,Good afternoon Meghan,0,,youtube,0.4404,positive
costco,I tried the NEW blueberry 🫐 sourdough bread 🍞 and it was Fantastic!!,2,,youtube,0.6351,positive
costco,Stonewall Kitchen have superior products.  My friends and I used to drive from Massachusetts up to Maine for their cooking classes.  Sadly they don’t do them anymore but their retail store in Maine is fabulous!,1,,youtube,0.807,positive
costco,Your product reviews are such fun ! 🤩 Thanks so much for these recommendations!👍. Much appreciate❤️❤️❤️,1,,youtube,0.8585,positive
costco,I hope you have great success with losing the weight..,0,,youtube,0.8442,positive
costco,How about some more real foods instead of snacks.,2,,youtube,0.0,neutral
costco,Wow3.85??? I’m disappointed.  It’s all blueberry 🫐! I honestly thought you were going to say it was a 6!!!!,5,,youtube,-0.423,negative
costco,I thought you said “if you like ground human” 😂,0,,youtube,0.6597,positive
costco,Sneaky dog food return for your Nick Cage Non-Dog! I love you.,1,,youtube,0.5562,positive
costco,Hey party people 🎉🎉,3,,youtube,0.7964,positive
costco,Thank you Kim for showing ingredient labels.  I appreciate it 😄  I wish my Costco had all of these items.,1,,youtube,0.9081,positive
costco,Ok yay on a Sunday night!!! My kimmy bean!! ❤️🌹👏👏🙌🙌.,3,,youtube,0.7762,positive
costco,Those solar rock lights are so cool!  I love ‘em!  And I love the Zero Sugar Minute Maid Strawberry Lemonade - it’s awesome stuff.  The key lime pie is also a favorite!,3,,youtube,0.9667,positive
costco,🎉 love your content,5,,youtube,0.7845,positive
costco,Love your videos,3,,youtube,0.6369,positive
costco,"Love the solar rocks, you always do a great job showing everything and you make it entertaining.",0,,youtube,0.9042,positive
costco,What a nice surprise this Sunday evening.,3,,youtube,0.5994,positive
costco,I bought the kitchen mat and I love it!!,0,,youtube,0.6988,positive
costco,"I purchased a Lifetime picnic table from costco 9 or 10 years ago. I LOVE IT!!! <br>I love it so much, i just bought their swing set.",0,,youtube,0.9003,positive
costco,"Shopping with Kim - Yes, please! 🎉<br>I really like those rock solar lights! The pole / wall solar light is a fantastic price, too.<br>I am drooling over key lime pie.<br>I am in Costco withdrawals, it&#39;s been weeks 😩. Lol",1,,youtube,0.9369,positive
costco,"Dump those Amazon lights Kym and get the Costco ones and see if your happy with them , so much cheaper 👍🏻",0,,youtube,0.4215,positive
costco,Good evening kim,2,,youtube,0.4404,positive
costco,"I literally screamed out loud when I saw the lemon pasta. It’s one of the best pastas I’ve ever had and that large bag last quite a while, depending how many are in your family😃 It’s going on my list for this week thanks, Kim🌴🌴🌴🎉🎉🎉☀️☀️☀️☀️ My grandkids live in your area and I go to all the same Costco‘s the one in Wesley Chapel is my favorite❤",0,,youtube,0.9705,positive
costco,"You should try San Pellegrino sometime; these two varieties are also sold in our supermarkets, occasionally as a special offer. I only had the orange one. I thought it was good. Worth a try! Best regards from Germany (Ingredients of the drink when sold in Germany: water, a total of 16% lemon juice (from concentrate and directly), sugar, carbon dioxide, and natural lemon flavoring).",0,,youtube,0.9221,positive
costco,Wow these leggos are getting very elaborate,0,,youtube,0.5859,positive
costco,Bahahahaa thrift store prices 😂😂😂😂,0,,youtube,0.891,positive
costco,I keep hearing Blue dog food isn’t good for the puppers,0,,youtube,0.4404,positive
costco,New Costco discount book kicks in Money the 11th.  Some of these foods are way too salt heavy.,0,,youtube,0.0,neutral
costco,"These expire May 3 <a href=""https://www.youtube.com/watch?v=L4UdsG9vSnc&amp;t=178"">2:58</a>",0,,youtube,0.0,neutral
costco,It’s not “tumoric” everybody pronounces it wrong lol. It’s “turmeric” like “turner” but with an “m” instead of an “n”.,0,,youtube,0.1531,positive
costco,For $220 I will keep my wrinkles. They give me character. LOL! WOW! That&#39;s a lot of money for beauty. I don&#39;t have a Costo but I need to get to Sams,6,,youtube,0.7916,positive
costco,"Weary and wary are often confused but have distinct meanings. Weary means physically or mentally tired/exhausted (having &#39;ea&#39; like real tired). Wary means cautious, suspicious, or on guard against danger (having &#39;a&#39; like cautious)",2,,youtube,-0.9052,negative
costco,"Kim, luv ya to bits butttttt not sure if its you or YT but plz stop the QR codes every 5 secs. It is making it really hard to watch!😊",1,,youtube,0.6621,positive
costco,🎉 love your content,3,,youtube,0.7845,positive
costco,I’m old enough to be your mom and I love watching your videos. You are so beautiful and so sweet and so respectful of all who are around you. You always seem so zen so I’m sorry you have been having a rough time. Even though it’s difficult try to remember that you are an amazing woman and that everyone in your life is blessed to have you. 💜,44,,youtube,0.979,positive
costco,"YES to saying no to outside things and spending more time with your family. My husband and I will be moving our oldest son off to college in less than two weeks. It goes fast!<br><br>I thought once my kids were driving they didn’t need me to be a stay at home mom anymore, so I felt like I should get a job or something but I feel like being home with them in their later teen years is just as important as being home with them in any other part of childhood. My kids went out into the world and had their first experiences of relationships, break-ups, new jobs, job losses, tough days and always knew mom would be there to talk them through it when they got home, even if they didn’t want to talk. <br><br>There will be plenty of time for me to start my own thing when my kids are truly off on their own, but I’m going to be here and cherish these last few years of them at home.",30,,youtube,0.8919,positive
costco,"I&#39;m a 47 year old mom of 6. Retired from being an RN a few years ago like you and then had a surprise baby😊 He&#39;s 10 months old. We shop at Costco weekly, Trader Joe&#39;s, Publix, and use a local farmer. I&#39;m with you on not using Apeel and none of those stores use it last I checked. I&#39;m not an early morning shopper,  but once they started letting executive members in early, I became a morning shopper 😂.",8,,youtube,0.8462,positive
costco,"We don&#39;t talk about it in the comments section, but everytime I watch your videos I remember your mom and praying for her 🙏🤍",12,,youtube,0.5023,positive
costco,"Girl, life has been hard here too! My husband found out he has glaucoma and that totally freaked me out because he is only 39. I am mothering a teenager and a preteen Lord help me! LOL! Sometimes I fall into bed crying because I feel like I didn&#39;t do very well that day loving my family because I am so tired and overwhelmed. You are such a good wife and Momma!! I am so thankful that where we fall short, God can fill in the gaps! ❤",3,,youtube,0.9677,positive
costco,Your dogs are so stinking cute!!!❤,0,,youtube,0.6109,positive
costco,"The weight of mom guilt is so real and often so heavy. I truly wish we, as mothers, showed more grace and support to one another. My boys are grown now, but I still remember the chaos and exhaustion like it was yesterday. I was that mom—volunteering for everything, juggling it all—and I also had a son with severe special needs who needed so much of me. I gave everything I had, and still, I often felt like it wasn’t enough.<br><br>Four years ago, I lost my beautiful son in a tragic hit-and-run accident. He was just 23. My oldest is now 26. And let me say this: you are not alone in feeling overwhelmed, unseen, and overworked. You’re right—there aren’t gold stars or extra credit handed out at the end of the day. So much of what we do as moms is quiet, unnoticed, and yet it is everything.<br><br>Looking back on my journey, especially after losing my son, I carry so many lessons I wish I had known earlier. I wish I had said “no” more often. I wish I had let others step in to help. I wish I had slowed down to soak in more of the everyday moments. If I could go back for just one more bike ride, one more silly picnic, one more walk through the park—I would trade the world for it.<br><br>When my son was in the ICU for 15 days after the accident, I let everything go to be by his side. In those 15 days, I didn’t worry about work or laundry or expectations—I just loved him with every ounce of my being. And you know what? The world didn’t fall apart. My job was still there. The dishes waited. But those 15 days? They were a gift I will treasure forever.<br><br>Please hear me when I say this: the laundry can wait. The meetings, the to-do lists—they’ll all still be there. But your time with your children is sacred and fleeting. Don’t let the pressure to be everything steal your joy in the simple, ordinary moments that one day become the most extraordinary memories.<br><br>You are doing more than enough. And you are not alone.",15,,youtube,0.9711,positive
costco,YES to saying NO to Apeel 👏🏻👏🏻👏🏻👏🏻👏🏻👏🏻👏🏻👏🏻,1,,youtube,0.128,positive
costco,I&#39;ve seen your videos over and over again. You inspire me to be more calm and good mom. Your Voice is so peaceful and you are so honest. Thank you!!!,3,,youtube,0.9701,positive
costco,"OMG thanks so much Tiffany! I&#39;m teary eyed lol!! I&#39;m right there with you with the mom guilt!! It can be so overwhelming, not enough time, etc!!",0,,youtube,0.6973,positive
costco,Heavenly hunks are amazing! It’s a company by a mom and son started together  ❤,0,,youtube,0.923,positive
costco,"I&#39;m a 64 year old gramma and I can tell ya, grocery shopping DOES drain you mentally! I&#39;ve gotten some of my worst migraines over the years going grocery shopping! I hate it. Our local Safeway does car delivery now and I use it constantly just so I don&#39;t have to go into the dang store. You&#39;re 37 now but wait until you&#39;re my age and have spent your entire adult life grocery shopping :-) Good vid Tiffany!",2,,youtube,0.5826,positive
costco,"Love the goals of not over buying and staying calm! I need to do the same! Mom of 4 as well! <a href=""https://www.youtube.com/watch?v=GGHcvQX9Q9s&amp;t=742"">12:22</a>",0,,youtube,0.8582,positive
costco,can’t explain it but something about this just clicked for me fr,0,,youtube,0.0,neutral
costco,Prayers for Chris 🙏🏻,1,,youtube,0.0,neutral
costco,I appreciate you so much. You have no idea how much your words help other moms. I am a new mom to an almost 2 year old and the mom guilt is soooo challenging!,1,,youtube,0.4574,positive
costco,"You are a great mom and partner, a role model for us",1,,youtube,0.6249,positive
costco,I get my seafood (particularly salmon) from Wild Alaskan Seafood Company. They have a subscription box but you can change it up however you want each month or delay/cancel whenever. It’s shipped frozen from Alaska. I feel like you can’t beat the quality and price.,2,,youtube,0.5719,positive
costco,One of my favorite YouTubers ❤,12,,youtube,0.802,positive
costco,this energy was exactly what i needed today 🧿,0,,youtube,0.2732,positive
costco,"I am a 61 year old lady. I work full-time. I leave home 6.30 every morning and get home after 5. Saturdays are my day to do all the cleaning and washing. It is definitely overwhelming. And then I have a 17 year old son . He has ADHD and I feel I must always remember and think for him. I have a hige calandar in my office. All his assignments and tests and exsms are written on  the calandar. If I dont remember his activities, he will forget. I love my son and will do anything for him. But I understand what you are saying. Sometimes, it is  hard.",1,,youtube,0.3182,positive
costco,Loved today’s video you are such a great mom❤️,0,,youtube,0.8402,positive
costco,I enjoy your talking through life..  ❤🩷🤍,0,,youtube,0.4939,positive
costco,"Did tiff just call me out that I have crusty things in my fridge 😂 I also love that avocado mash, I use it for toast or dip my tortilla chips in it as a snack!!",0,,youtube,0.8264,positive
costco,"Crackers, pretzels, goldfish.. things like that are the number one cause of cavities. Rinsing after those things will significantly help.",0,,youtube,0.6705,positive
costco,"Thanks for sharing your realness, you don’t know how helpful it is just to hear we all are going through it. ❤",0,,youtube,0.9136,positive
costco,"Thanks for the talk. I really do appreciate it. A lot of times I will put on one of your videos and exercise, clean the house or put away laundry.",1,,youtube,0.8214,positive
costco,"<a href=""https://www.youtube.com/watch?v=GGHcvQX9Q9s&amp;t=990"">16:30</a> this part made me tear up! ❤❤ so we can all live our best motherhood together 😢❤❤❤ thank you!!",0,,youtube,0.9808,positive
costco,"Never heard of Apeel,I had to look it up. Thank for bringing it to my attention.",0,,youtube,0.3612,positive
costco,Thank you for being real! I am also gluten free and try to be dairy free. So your grocery hauls are super helpful! ❤️,0,,youtube,0.9467,positive
costco,Greetings from México ❤,0,,youtube,0.7906,positive
costco,"My old Costcos in the Kansas City area had very large tubs of 2% Fage Greek yogurt and it was the best. We used it for everything: yogurt bowls, smoothies, sour cream substitute, sauces and baking. We just moved to a different state and they don’t carry it at our new Costcos! I will spend literally double the money buying it at a different store.",0,,youtube,0.6696,positive
costco,i’ve been trying to stay in alignment and this showed up 👀,0,,youtube,0.0,neutral
costco,We love Butcherbox subscription for meat! They also have the absolute best chicken nuggets,0,,youtube,0.8655,positive
costco,I am  glad  u spoke up about   mom- guilt   i think we  all want to be  everything  to everyone  but  we can not we always  start with ourselves,0,,youtube,0.1531,positive
costco,Those heavenly hunks brownies are good &amp; so are the other varieties they sell. Tjmaxx sells them too!,0,,youtube,0.8016,positive
costco,Heavenly Hunks are delicious and Thrive Market also has them.,0,,youtube,0.8271,positive
costco,"❤ love watching your channel,  keep up the amazing work.",0,,youtube,0.9217,positive
costco,Bringhurst meats in Berlin does monthly boxes. And their products are great,0,,youtube,0.6249,positive
costco,We just got ours up graded love going in early. Not as many people and I feel more relaxed.,0,,youtube,0.8268,positive
costco,"I needed to watch this. This past school year was stressful for me as well. You’re right about slowing down, learning to say no, and tending to what matters most.",0,,youtube,-0.2732,negative
costco,Grocery shopping is draining! Thank goodness for Grocery pickup lol,0,,youtube,0.8221,positive
costco,"Love, love.enjoyed the video.",0,,youtube,0.6369,positive
costco,It seems we have the same go-to items!,0,,youtube,0.0,neutral
costco,"Absolutely love your content – it’s inspiring, beautifully crafted, and full of positive energy! Channels like yours are a great motivation for creators like me who are just starting out. I hope I can share similarly meaningful content one day. Keep up the amazing work!❤❤",0,,youtube,0.9933,positive
costco,You are An Amazing Mother ❤🎉🎉🎉🎉,1,,youtube,0.9571,positive
costco,We literally went to Costco yesterday just for cases of water<br>Best deal for 40 bottles lol,0,,youtube,0.4215,positive
costco,Very nice vlog,0,,youtube,0.4754,positive
costco,Try an osteopath for your husband’s back if you haven’t already. It’s a different type of stretch that helps a lot with pain.,0,,youtube,-0.1779,negative
costco,Hi Tiffani!  You are a wonderful Mom and your family is so lucky!  I hope Chris’ back gets better soon and he has some relief!,4,,youtube,0.9542,positive
costco,My Love. You are doing your absolute very best. If only I could give you a warm Mom hug✨ @Beauty&amp;TheBeastons✨,0,,youtube,0.9538,positive
costco,I two surgeries last year on herniated discs. I’m still recovering but I’m getting back to being myself again. Hope your hubby gets some relief soon x,0,,youtube,0.8402,positive
costco,Hi Tiffani ❤,0,,youtube,0.6369,positive
costco,"Hi Tiffani!!! Great video as always!  I may be 71 but I m learning new great stuff from you all the time!! My online name has changed,it used to be jeannedoe in honor of my mom and I followed you a long time for getting hints about things to do with kids as my daughter an grands moved to Virginia and I m &quot;a jersey girl&quot;!! so thanks for all that as well !! 🏖",0,,youtube,0.9733,positive
costco,Drink powerade for migraines and take magnesuim,1,,youtube,0.0,neutral
costco,Awesome channel 😍,0,,youtube,0.7964,positive
costco,You are a fantastic mom. And look beautiful doing it. Your husband is adorable and the best dad and husband. 💓💗💕💞💖🩵,0,,youtube,0.9929,positive
costco,Brownie bites are good but I prefer the original heavenly hunks personally!,0,,youtube,0.8932,positive
costco,Família linda 💖💖💖💖💖💖,0,,youtube,0.9894,positive
costco,You could also just request a freezer pack of various meat from your local butcher.,0,,youtube,0.0,neutral
costco,Butcher Box is a meat subscription service I’ve heard great things about.,0,,youtube,0.6249,positive
costco,"I use butcherBox for grass-fed beef, clean pork but i am family of 2. My typical costco is always produce, yogurt, honey, nutzo, almond butter, peanut butter",0,,youtube,0.2144,positive
costco,"We&#39;re not super heroes, that&#39;s for sure!!!<br>We need to put priorities!!!!<br>Take it easy Tiffani, that&#39;s what I keep on saying to myself <br><br>Hope Chris feels better soon. I know that he is going through. I had a surgery for disc prolapse long time ago.",0,,youtube,-0.2996,negative
costco,"My first born never had a cavity. So when I took my younger one to the dentist and was told be had  cavities, I just about died!!! The guilt was overwhelming!! He&#39;s 16 now and doing a lot better with his oral hygiene. But I did find that helping him brush helped a lot. And flossing. He&#39;s been cavity free for years now. My older one is 20 🤯",0,,youtube,0.8185,positive
costco,"Your videos are always amazing❤I was going to ask you on another video what your favorite gluten feee tortilla is, and then I found this. I love siete products so I will try that one. Do you feel like it took you a long time to get your Hashimotos under control? The brain fog and yuckiness are horrible. It makes me feel so sluggish. I’m so thankful I found your channel. I’m going to try different things I’ve seen on your videos.thanks for your awesome content.",0,,youtube,0.9393,positive
costco,Tiffany! I really liked that open back blue top you had on when you prepared the enchiladas. Is it on your Amazon page?,0,,youtube,0.7773,positive
costco,Love ur videos! I’ve been watching for yrssss and yes I agree us moms need to say no more n do less.. we be doin too much! lol and as for Chris I also have multiple herniated discs and have suffered for over 10 yrs with on n off pain. He should try epidural steroid injections. They are a bit more painful than cortisone shots but  he will get so much relief 😊mine usually last a year to a year rn a half.,0,,youtube,0.9403,positive
costco,What did you cook the enchiladas on once in the oven?,1,,youtube,0.0,neutral
costco,FYI<br>If you lay down cling wrap (not saran wrap) on your refrigerator shelves then when it comes to cleaning you just gather the wrap with the mess and your done..,0,,youtube,-0.3612,negative
costco,I have 2 herniated disks as well. I have a chiropractor who does not twist me. She does press my spine. She also suggested that I decompress my spine my self by either hanging from a pull up bar or sitting in a chair and raise myself so that my bottom hovers over the seat of the chair to get a nice stretch. I also find that Doan&#39;s helps when I&#39;m in pain. Make sure that your mattress isn&#39;t too firm or too soft!!!! Praying for a speedy recovery!!!,0,,youtube,0.8469,positive
costco,Learn to say no without explaining yourself<br>Idk if it’s a type A or what - but I’m the same way<br>Hugs mama<br>You’re doing amazing<br>Thank you for always inspiring me❤,0,,youtube,0.872,positive
costco,"By the way Moms, wives, never get to retired. My husband just had a knee replacement. I chips bones in my elbow, a torn meniscus. I don’t handle over whelming stress and I feel like is never ends. Even at 67. Just something to look forward to. Sorry.",0,,youtube,-0.3818,negative
costco,"Mi marido también tiene hernias, y a él le ayuda el deporte con máquinas de pesas (sin forzar) y la natación, es lo mejor, y lleva muchos años con ellas",0,,youtube,-0.5574,negative
costco,Yes your not thr only one and im glad to know that and im glad you know to so we won&#39;t feel a bit put down. We are strong but yes we also need to pause and take care of ourself. Thank you maybe less will be less stressful.  I will try that too. For migrains also try less carbs besides color and sugar . I know its super difficult not too. I have those I changed the diet worked much better . With siblings its so difficult . Cravings kick in lol. ❤ love from v,0,,youtube,0.9861,positive
costco,My husband had 2 herniated disks on his back for years...he tried EVERYTHING you mentioned until finally last year he had enough and got surgery to remove 1 the main one... he is a new man after that! Feels great! Might want to inquire about that option if you haven&#39;t already.,0,,youtube,0.717,positive
costco,Love your meal preps! 🥗🍅🥑🥙🫒,2,,youtube,0.6696,positive
costco,"Awe, your a August baby like me. Do you mind me asking what day in aug",0,,youtube,0.3612,positive
costco,Thank you for calling out APEEL..<br>That’s a big no for me too!,0,,youtube,0.1511,positive
costco,How often do you have to shop? We&#39;re also a family of 6 (i have 2 teens and 2 six year olds) and i feel like that comment of feeding you for a couple days was so accurate 😂,0,,youtube,0.6597,positive
costco,"Not sure if you have heard of tounge and lip ties, my kids had them and we had them lazered and they recommended i have my tougne tie lazered, one of the improvements since is next to no migranes. Might be something to look into ❤😊",0,,youtube,0.879,positive
costco,"migraines might or could be ehlers danlos, since theres a relation",0,,youtube,0.0,neutral
costco,Hey 🎉 I wanted to ask you if ever tried the patches? They help me fee less overwhelmed and stimulated as a mom. They have one for your husband too if his back keeps plaguing him. I can send you the details when you are ready.,0,,youtube,0.8148,positive
costco,I believe there is an “organic” version of Apeel that is approved for use on organic produce.  😢😢😢,0,,youtube,-0.7579,negative
costco,Good crop,0,,youtube,0.4404,positive
costco,"<a href=""https://www.youtube.com/watch?v=GGHcvQX9Q9s&amp;t=60"">01:00</a> You are the sweetest 😂",1,,youtube,0.4404,positive
costco,How’s your mom doing? ❤❤,0,,youtube,0.8555,positive
costco,You are a mind reader 🪽Can&#39;t wait to watch!! ❤,2,,youtube,0.6988,positive
costco,My Costco doesn’t do the 9am thing unfortunately 🙁,0,,youtube,-0.5434,negative
costco,My favorite kind of video 😊,1,,youtube,0.8402,positive
costco,"I have used Butcher Box for the majority of our meat for years. And when i run out and am in between boxes, I will get Costco meat.",0,,youtube,0.0,neutral
costco,One of my favorite YouTuber is Tiffani Beaston. Love your meal prep. ❤💕,0,,youtube,0.9493,positive
costco,I wish my area had a Costco . We only have Sam&#39;s club and there is not as many organic/clean options,2,,youtube,0.4019,positive
costco,"I knew a girl who suffered from migraines.  It took time, but finally she discovered it was cheese that was causing hers.  😊❤❤❤",1,,youtube,0.9805,positive
costco,How do we know whether the produce has Apeel on it? I heard that it is now being used in organic produce as well.,0,,youtube,0.2732,positive
costco,What is the peel thing for the fruit mean?,0,,youtube,0.0,neutral
costco,Could you please let us know what brand of spray cleaner you use in your fridge.I don&#39;t like using the usual chemical brands where my food is going to be stored.Thank you.,0,,youtube,0.6705,positive
costco,"Divni dragi ljudi, super roditelji, organizirani, sposobni, sve pod kontrolom, pazite na sebe draga, djeca su mala a vi ste divna majka, žena, kraljica❤🎉😊",0,,youtube,0.9501,positive
costco,"Thank you for keeping us updated on your finds at Costco and Trader Joe&#39;s.  I have bought so many of your recommendations, especially when you buy and try them! We appreciate all the energy you put into your videos too.❤",6,,youtube,0.8955,positive
costco,I learned my mistake using too much primer. It will cause oil slicks on oily skin T zone. A thin layer goes a long way -  focusing on areas like under eye and around nose and mouth where makeup creases. You hit it on the nail - it needs time to dry before applying foundation or it’ll mix and become a greasy mess.,8,,youtube,-0.34,negative
costco,We love the Siete taco seasoning.,3,,youtube,0.6369,positive
costco,"Gina, thank you or taking us along with you to different stores. We appreciate your time and your positive personality!",2,,youtube,0.8439,positive
costco,Your channel is my favorite one.,11,,youtube,0.4588,positive
costco,The popcorn comes out to be 28 cents a bag. What a deal!,3,,youtube,0.0,neutral
costco,I had a list of 3 items to get at Costco…before I watched this ! Not anymore !!!! 🤭😊,8,,youtube,0.8852,positive
costco,"I’ve never seen the siete taco seasoning here, definitely picking it up. A great deal. They can be $2.99 each at my grocery store. It’s very good. I picked up the olive oil, it’s good through 2028 if not opened.  I did the same thing, took off the silicone base! 😂",5,,youtube,0.944,positive
costco,The Nizoral shampoo is GREAT! I have fine hair that can get waited down easily and this shampoo makes my hair feel super clean without drying it out. So glad to see it at Costco. I bought a small bottle at Target for $17. I don’t have flaky scalp but a dermatologist I follow on YouTube says she uses it to promote hair growth.,0,,youtube,0.9505,positive
costco,Good afternoon Gina. The chocolate cups look so good; I can think of many things to up cycle the jars. Thanks for taste testing these great food finds. Hope you had a great weekend.,0,,youtube,0.9667,positive
costco,"I buy the Siete mild taco seasoning at my local grocery store, it is wonderful, my favorite taco seasoning. So happy to see it at Costco. The mild is seasoned perfectly, they have a spicy that is even better if you like more heat. 10 out of a 10",5,,youtube,0.9684,positive
costco,Those throws are soo cute!  Time to refresh and perfect for warm weather,3,,youtube,0.8356,positive
costco,Thank you Gina!,0,,youtube,0.4199,positive
costco,Good afternoon Gina! ❤🎉,0,,youtube,0.8777,positive
costco,"Gina, once again a wonderful walk through at Costco! Thank you for taking the time to show the prices &amp; info for each item. It is sooo helpful to many of your followers. Also thank you for all the testing of items &amp; your honest opinions. You are a joy to watch! Have a great weekend! 🌼🌷😎👍",0,,youtube,0.9789,positive
costco,"I liked those glass storage containers. I tried to get the rest of my family to hand wash the elasticated parts - and they didn&#39;t - so they become stretched and don&#39;t want to fit properly after some time because of that. I liked the colors though and the fact they are the same size (which they rarely are, for example the blue ceramic ones Costco sells). I think I prefer the original design.<br><br>What I really want is those girl scout mint cookie bites. I miss them soooooo much.",1,,youtube,0.9168,positive
costco,"Thank you Gina, have a great day",1,,youtube,0.765,positive
costco,"That throw is beautiful - you sold me, I&#39;m definitely getting the blue and possibly the cream also.  It looks perfect on your couch and that throw pillow you have is so pretty and goes perfectly. I look forward to your Costco videos regularly, love your channel!",1,,youtube,0.9753,positive
costco,That Oro Bailen evoo used to come in a fancy individual box like an expensive champagne. lol.,0,,youtube,0.7579,positive
costco,Hope we get the popcorn snack packs in Canada!,0,,youtube,0.4926,positive
costco,Love your channel Gina! Hyped you up ❤,4,,youtube,0.8655,positive
costco,Gina do you ever see those glass meal prep containers go on sale? Wondering if I should wait 🤔,0,,youtube,0.0,neutral
costco,Love your nails 💅,3,,youtube,0.6369,positive
costco,My mouth is already watering for those mochi!,2,,youtube,0.0,neutral
costco,I have been hoping Costco would carry the Siete taco seasoning. It&#39;s my fav and it&#39;s about 4 to 5 a packet at sprouts so 6 for $10 is a great deal,3,,youtube,0.872,positive
costco,The only retinal I use is the SEOUL 1988 BRAND and I have highly sensitive skin. This never irritates it and brings cell turnover to your face. I highly recommend,0,,youtube,0.6188,positive
costco,They changed the cover on the petit pot so they are not as reusable - i used to use them for spices,0,,youtube,0.0,neutral
costco,Thank You❤,0,,youtube,0.7717,positive
costco,I&#39;ve been waiting for the ice packs. Hope they have them at my Costco.,0,,youtube,0.4404,positive
costco,"Those mochies look EXACTLY like the Trader Joe&#39;s ones - same shades and everything.  Has anyone tried both, and do you think they might be the same product?",0,,youtube,0.3612,positive
costco,Those balloons 100% hurt but kids don’t seem to care 😅,0,,youtube,0.7469,positive
costco,Hi Gina. I need to know if the popcorn tastes like coconut at all. I do not like anything with a coconut flavor. Thanks for dedication.,2,,youtube,0.509,positive
costco,Does the pop corn taste like the Kirkland microwave popcorn,0,,youtube,0.3612,positive
costco,Good morning Gina. 🎉first. 😂,0,,youtube,0.8176,positive
costco,The pink elf works better.,0,,youtube,0.4404,positive
costco,"I used to work at Clif Bar, the one here in Southern Idaho. Occasionally I&#39;ll try one every now and then but I had to taste test them multiple times on a 12 hour shift so I&#39;ve had more Clif Bars than anyone needs. Lol",3,,youtube,0.5719,positive
costco,I prefer the almond with chocolate in the plastic container,1,,youtube,0.0,neutral
costco,"Hello from Palm Desert, California!  🏜️🌵🌴🙏🏻❤️👩🏼‍🌾",0,,youtube,0.0,neutral
costco,The pink and green shorts look so nice on you. ❤,1,,youtube,0.8323,positive
costco,"Welcome back from your trip. It sounds wonderful. I liked all your Costco choices, they look great on you. Agree about sizing up on the Kirkland tshirrs!",4,,youtube,0.9468,positive
costco,Thank you. Love Costco and love Cleo.,1,,youtube,0.8979,positive
costco,"Welcome back Tisha!  Can&#39;t wait to hear about your trip.  Wow, lot of great finds from Costco - let me know when you go next and I&#39;ll meet you there (then we can go to Ross too 😆)  The pink shorts are really cute and now I want to get one too!  The skorts are great too.  All good basics and in your size.  Maybe Costco is ordering more sz Small to keep up with the demographics.  Catch up with you soon!",2,,youtube,0.9773,positive
costco,I loved all your picks ❤! You have inspired me to take a trip to Costco for a summer clothes shopping trip! 😊,1,,youtube,0.9577,positive
costco,"Fun video Tisha, Miss Cleo is precious, I gave you a hype. 🌸",0,,youtube,0.7506,positive
costco,I was just in Japan too!  Loved it there!  I had a few pairs of Costco pants with me but not what you showed just now.  I&#39;m looking forward to checking out the t-shirts and maybe the skorts and the linen shirt.  Thanks for the preview of all these clothes!,1,,youtube,0.8007,positive
costco,Love your Costco hauls. Haven&#39;t been to Costco for about a month so I hope my Costco has some good finds.,1,,youtube,0.8828,positive
costco,I probably visit my local Costco every week or two. I have had some luck. All of your finds looked great on you!!,1,,youtube,0.8264,positive
costco,Love the pink and green shorts on you.  Diffently keep them!,0,,youtube,0.6696,positive
costco,"Hi Tisha! So glad that you had a great trip! I&#39;m sure it was beautiful there. You found some great items! Love the length of the shorts. That&#39;s the length I find I&#39;m most comfortable in. I know Costco always has nice skorts but I&#39;ve never tried one. I need to because they&#39;re so cute and look comfy too. The white linen blend shirt is definitely sheer but it looks nice worn as can over shirt like you styled it. The beige one didn&#39;t look as sheer and I loved that one tucked in. I like the length on the short sleeve shirts and they&#39;re cute too. The Gap shorts were a nice find. Good length on those too. I like both colors. Nice tees and nice price too. The yellow looks pretty on you. Love the comfy looking black pants! I&#39;ve been eyeing those green jeans. I really like them. Thanks for the heads up that they&#39;re on clearance. Nice haul!! I hope you and your family are well and that you have a wonderful week. Hugs for Kaia, Lily and Cleo. 💜",0,,youtube,0.9988,positive
costco,You look wonderful in all the items. I love it when you can find petite friendly clothes at Costco&#39;s. Great prices for quality brands. Thanks for sharing.,1,,youtube,0.9678,positive
costco,Pink shorts look great keepers !,1,,youtube,0.6588,positive
costco,"I love the sanctuary short sleeve tops. I may have to go to Waipio Costco today, I’m also on the hunt for their blueberry sourdough bread so that’s two motivation to head down there. I love how you share your fur babies updates. 😊Great haul as always.",1,,youtube,0.9704,positive
costco,Great picks! I loved the green shorts with the chanbray shirt. I also liked the short sleeved white shirt with your other outfits!,1,,youtube,0.9078,positive
costco,"the sanctuary chambray shirt is an awesome deal! your comments about unnecessary embellishments are so relatable, some of the engineers in my family would say the exact same. 😊",1,,youtube,0.8858,positive
costco,"I love Costco clothes. I buy the tropical print skorts when they have them, as well as tops, pants and shorts. I love your choices. Thanks! Hugs to you and your fur babies! 🤗 Aloha!",0,,youtube,0.9738,positive
costco,Hello😊 Cute stuff.,1,,youtube,0.8402,positive
costco,I think Costco is really good for petites as the pants always have really short inseams. Im 5&#39;7 and find most of the pants too short but im also in Canada so our selection is a bit different.,2,,youtube,0.2724,positive
costco,I have a Quince linen shirt that I love but would love to see your comparison with other brands.,1,,youtube,0.8555,positive
costco,I was just in Costco today looking at those BlankNYC linen shirts but knew it would be way too big because I like to wear them tucked in.  Please do a comparison with Quince😢 and Uniqlo as I am considering purchasing from those stores and would love a comparison.  Glad you enjoyed your trip!,1,,youtube,0.9558,positive
costco,I really enjoy your videos! They are so helpful for us petite ladies. Just out of curiosity: What do you do with ALL those pieces of clothing you purchase? Donate? Gift? Resell?  If you ever decide to do a closet decluttering episode I’d love to see a video about the challenges of such a project.  Thank you again for your informative clothing hauls!,1,,youtube,0.9615,positive
costco,"Drop in on different Costco’s when you are driving around.  They have different items on sale.  Whenever I find something I like, I check on them about once a week because they ALWAYS go on sale. I almost never pay more than $10. I often pay $4-$7 which is cheap!  Costco is cheaper than Ross or TJ Maxx and the quality is always good.",1,,youtube,0.4955,positive
costco,The itch from the shirts is probably from sizing which will wash out. Wash in hot water to check for shrinkage. Costco will let you return it if it doesn’t fit.,1,,youtube,0.3612,positive
costco,"I love linen, and I love viscose, so that top seems perfect for wearing as a light topper! I would definitely try to intentionally shrink it. Blank NYC is a great brand. It was also frequently at Stitch Fix and Nordstrom. It will be less cheese-clothy and softer when you wash it. I love the Chambre one too. I don&#39;t wear a bra most of the time, so I like pockets on the front. TENCEL is a trademark because of the way the fibers are processed. So that is why it&#39;s different than Lyocel. I think I&#39;d like the pink and green shorts better on you in a small...But what do I know? The yellow t-shirt is great. What are the washing instructions? If they are regular wash and machine-dry, they may be pre-shrunk? The green jeans are really good on you. I love having green pants. Cleo is a very special dog. She is always there for attention and cuddles. Who wouldn&#39;t love that?",0,,youtube,0.9949,positive
costco,"Butter yellow is about to be taken over by light pink. 😀 Quince just released a light pink suede loafer, pink suede Birkenstock dupe clog and pink woven ballet looking shoe.",2,,youtube,0.0,neutral
costco,Love the pink shorts!,1,,youtube,0.6696,positive
costco,"So many great finds!<br>I buy those Kirkland pima cotton t-shirts every year.  I normally wear a small or extra small, but I buy those in a medium because I think they&#39;re a bit fitted.<br>I&#39;m also finding that my Costco is not selling out the clothes like previously.  I also don&#39;t see the drastic price reductions anymore.  There used to be a table in the middle of the clothing department with items marked down to $3, $4 and $5.  I liked picking up things from that table for clothing drive donations.<br>I hope you and your family had a great time on your trip.  I&#39;m sure those sweet pets of yours missed you!",1,,youtube,0.9773,positive
costco,Amazing video ❤❤❤❤,1,,youtube,0.9705,positive
costco,good haul,1,,youtube,0.4404,positive
costco,I will look on line Costco,1,,youtube,0.0,neutral
costco,Love your channel!  Where is your white tank top from?  Thank you!,0,,youtube,0.8436,positive
costco,"Do you keep all the clothes you buy?  If so, that is a lot of clothes!!  Diamond Princess was the first cruise ship with the Covid outbreak.  The owners of the local radio station in my town got Covid and was sent to Nebraska to the CDC hospital.  He was quarantined for 3 weeks.  This was early 2020.  He said he is still suffering long term side effects today.",0,,youtube,-0.3147,negative
costco,"Hi Tisha, great haul from Costco! if I don&#39;t have any self control, I would run out and buy most of them.  But I will buy a few, lol.  Pima cotton is a very good fabric for tshirt.  Costco tshirts are nice but they almost always a bit too long.  ( Hello Costco, please look into it because tshirts from other brands fit me better).  Thank you for sharing💐🪻🌹",1,,youtube,0.9855,positive
costco,"If you want to try on clothes at Costco, wearing a tank top and bike shorts and slip the clothing over your clothes.",0,,youtube,0.2732,positive
costco,Tell me more about this cruise.... did it leave from Hawaii or did you fly to Japan and depart there?,1,,youtube,-0.0516,negative
costco,Do you have the link for the Uniqulo cropped T-shirt?,1,,youtube,0.0,neutral
costco,Which Costco ?<br>Hawaii?,2,,youtube,0.0,neutral
costco,How tall are you?,0,,youtube,0.0,neutral
costco,Nothing nice in NJ Costco,2,,youtube,-0.3252,negative
costco,"🌿Get Your Garden Harvest Tea Towel Here ➡<a href=""https://bit.ly/4vz2yrS"">https://bit.ly/4vz2yrS</a><br><br>Thank you so much for supporting our small business. We appreciate you so very much. ❤<br><br>And for those wondering about the move, we are planning a Q&amp;A next week. Please drop your questions here, and I&#39;ll add them to the list.",11,,youtube,0.7239,positive
costco,"In my childhood in eastern Europe we had 2 cows, 4 pigs, 20 chickens, 10 bee hives, nut trees, woodland for heating, and we raised about 70 chickens for butchering. We also had an orchard and vegetable garden, fig trees and lemon trees. We only buy beef, sugar, rice, yeast and salt. In spring and summer, we had 40 liters fresh milk EVERY DAY, so we made cream cheese, smoked cheese, and a lots if clothed cream. If you mix those well, you will get the finest butter ever. So we froze those for winter. The amount of money we are spending every day for food is crazy.",18,,youtube,0.25,positive
costco,I know you&#39;re fairly private when it comes to your children but my question for the Q &amp; A is how the younger ones feel about moving? ❤,9,,youtube,0.7783,positive
costco,"That ranch is so YOU ❤. What about your wood cook stove 😮 hope you take that with you Chelsea ,, you GLOW everytime you speak of it or use it.",20,,youtube,0.8107,positive
costco,"If you move, what happens to Martha?!?",20,,youtube,0.0,neutral
costco,I can&#39;t imagine not having little mountain ranch.  Will you still have a garden and farm.,14,,youtube,0.0,neutral
costco,"Well I&#39;m sad that you are going to sell your place. What will little mountain ranch be without a  little mountain ranch? Are you moving the little cabin you built, or leaving it? What about your animals, bees and high tunnel? I&#39;d hate to leave my garden and fruit trees that I worked so hard on. I know you don&#39;t want to move food, but I&#39;d want to be able to put up my garden produce and move it, than have to buy all that food for winter, because as you&#39;ve seen, the foods prices are just nuts!!! That and with the work you&#39;ll have put into the garden... that&#39;s a lot to not then benefit from.",51,,youtube,-0.8852,negative
costco,Just love watching you every time witnessing your joy and enthusiasm for life in general. Thank you for sharing! Prayers for you and your family and for finding that perfect new home!,6,,youtube,0.9661,positive
costco,Finally ! A YouTuber who pronounces pecan correctly. I love you Chelsea ❤️,5,,youtube,0.6696,positive
costco,For stirring peanut butter I use my electric hand whisk with a single dough hook; it works great and isn&#39;t messy x x,3,,youtube,0.7003,positive
costco,"My parents have been freezing shredded cheddar for years - my mom says the trick is to let it come to room temperature after you take it out of the freezer.  It gives the oil a chance to soften back up, then put it in the fridge.  She claims it won&#39;t be crumbly if you do the room temp thing first.  I just froze a large batch of shredded cheddar yesterday so I&#39;ll find out myself when it&#39;s time to use it!",2,,youtube,0.1759,positive
costco,So shocked you’re moving !!!,12,,youtube,-0.5376,negative
costco,"If you have an immersion blender, it works great for the peanut butter.",3,,youtube,0.6249,positive
costco,Are you taking the wood cook stove with you when you move?,15,,youtube,0.0,neutral
costco,DONT QUIT THE CHANNEL !!!!! <br>LOVE IT!!!!<br>from mb !,12,,youtube,0.0,neutral
costco,Lee Valley has a nut butter stirring device that works like a hot darn!,2,,youtube,0.4199,positive
costco,Are you taking all the animals. Are you having a garden,9,,youtube,0.0,neutral
costco,"GIRL! For gf pizza, the best are the Kirkland cauliflower crust supreme or the Miltons cauliflower crust vegetable.",4,,youtube,0.8439,positive
costco,The health Canada warning on packaging is a new requirement.,4,,youtube,-0.34,negative
costco,Love the Tupperware containers. Wish they threw in some of the actual vintage colored ones to really hit that nostalgia feels,2,,youtube,0.7845,positive
costco,"The Kashi fruit bars fiasco are a perfect example of the power and sometimes &quot;soullessness&quot; of marketing.  Wow!  28 organic fruit bars for only $20 sounds like a steal. Whereas if they put only 14 fruit bars in there that were twice the size, it wouldn&#39;t feel like such a good buy. Those are tiny!",2,,youtube,0.8585,positive
costco,Have you already found another property?  I know you’re going to do a Q and A so I’ll watch for the answer then.  😊,4,,youtube,0.7184,positive
costco,Great haul and i hope the perfect place comes yalls way,3,,youtube,0.8934,positive
costco,Prayers for your future endeavors! Im excited to see what God has in-store for you ❤🙏,1,,youtube,0.8398,positive
costco,For stirring peanut butter in the jar I use a sturdy chop stick. Works amazingly well. The stick can easily get to bottom and mix whole jar really well without any spillage while stirring. I hope you try it!,7,,youtube,0.8548,positive
costco,I am so excited for your new adventure! You can build a new garden on new land. Your community will be with you. A lot of work ahead pace yourself!,1,,youtube,0.7184,positive
costco,"I keep those lint rollers in the car just in case I picked up ticks, after a hike.  I am so excited for your move!!",1,,youtube,0.5719,positive
costco,I’ve been gone for a few months and just heard you’re selling your ranch!! That’s news!!! I can only imagine it’s because you’re on to bigger and better idea for your life. Congratulations! 🍾🥂,1,,youtube,0.8388,positive
costco,This is perfect timing! I&#39;m making the trip to Costco in 2 weeks (have to go to Moncton since there isn&#39;t one in PEI) so I&#39;m taking some suggestions from this haul!,4,,youtube,0.6467,positive
costco,"Howdy to all! I was wondering about the case of Olive oil that was in the video and you forgot about and what about your big garden if you&#39;re moving. All your plants and fruit trees, raspberry bushes will you be taking that as well when you move ? I&#39;m just curious. Take care Love and Hugs!",3,,youtube,0.9391,positive
costco,"My freezer experience for cheese… frozen in the standard packet, can be a little crumbly or wet after Thor, but vacuum sealed I haven’t had the same issues, it thors out well and wasn’t overly crumbly. Thanks from Australia",1,,youtube,0.7579,positive
costco,I love the bath mat,3,,youtube,0.6369,positive
costco,Same about those Kirkland t shirts!!! Quality is so bad now and they done wash well!,1,,youtube,-0.6767,negative
costco,That bathmat is so pretty.  I would put it out the days you &quot;show&quot; your house when you sell it.  It would still be &quot;new&quot; for your next house if you don&#39;t really use it until then.  But I will miss the old place.,1,,youtube,0.1675,positive
costco,I love your channel and I have almost watched ALL of your videos!  I hope you will continue at your next location.,0,,youtube,0.8122,positive
costco,I&#39;m in Montreal and solo. I preserve and hunt for bargains. I simply cannot fathom having your grocery bill and budget. 🤯,0,,youtube,0.0,neutral
costco,Yes I am so surprised you would consider moving when you have worked so hard to make that your own 😢,4,,youtube,0.058,positive
costco,Please tell me you are taking Martha with you. I will cry if you do. I love seeing her whether you are cooking on her or in the background of your kitchen.,2,,youtube,0.5267,positive
costco,"I never liked any curtains for the kitchen, so when I saw you use the tea towels for curtains, I found some I really loved and they work out perfect.  Thanks.  Hugs and Blessings.",1,,youtube,0.9447,positive
costco,Do you have area picked out to move to? And have you been looking at properties?  Somewhere in a warmer growing zone? Looking forward to the Q&amp;A video ❤❤,2,,youtube,0.9159,positive
costco,It&#39;s just me and I vacuum seal my cheese in amounts for me . A small pkg is more money 🤷‍♀️🤷‍♀️,1,,youtube,0.0,neutral
costco,Thanks for sharing the different groceries &amp; supplies. It gives me ideas on food shopping! 🤗🇨🇦,2,,youtube,0.8313,positive
costco,I hope you share your new homestead with us ?!?,0,,youtube,0.6958,positive
costco,I always buy Silver Hills Full Seed Ahead bread. I also like Squirelly.,2,,youtube,0.3612,positive
costco,Ian excited for you and your plan. But I have grown o love your ranch and all your little buildings.,1,,youtube,0.8176,positive
costco,I mix up the peanut butter in my food processor. I do both jars at once so I make only one mess for the two. I go through a jar a month by myself so storing them in the refrigerator is no problem. Works like a charm.,0,,youtube,0.607,positive
costco,Thank you for sharing!! I hope the house sells fast for you!!,0,,youtube,0.8544,positive
costco,The size of the fruit snacks is pretty accurate to what&#39;s shown on the box.,0,,youtube,0.4939,positive
costco,Why the move? You seem happy where you are....thanks loved it!,0,,youtube,0.8356,positive
costco,"On the kids organic Berts bees, two set pajamas I just purchased them for my granddaughter, and I didn’t realize that they were free of the chemicals for flame retardant <br>, that’s even better cause she won’t have all those chemicals near her body here in Florida. I paid it was on sale for 1299 for the two piece set. That was a really good deal. I may just go back and get a couple more pair for her . on the peanut butter, the Kirkland peanut butter I do the same exact thing I take it out of the jar and mix it all up and then put it back into mason jars so I’m not putting it back into the plastic container.",1,,youtube,0.8553,positive
costco,Hopefully you can move closer to a Costco :),11,,youtube,0.6908,positive
costco,"My husband always buys the Kirkland t shirts, and he is so disappointed with the quality as well.",1,,youtube,-0.4388,negative
costco,Ohh you’re leaving that beautiful farm? Are you staying in the same area? Good luck. ❤,0,,youtube,0.9367,positive
costco,Going to love the flaxseed on yogurt tastes yummy.,0,,youtube,0.8225,positive
costco,I always store the Adams peanut butter upside down.  Why the editors note not to?,1,,youtube,0.0,neutral
costco,Love all the info you share!  Nice haul!  Tea towels are so big and gorgeous!,1,,youtube,0.9365,positive
costco,Good luck on your new journey!!,0,,youtube,0.7568,positive
costco,I have been missing u and it’s me not u so glad I got u today,2,,youtube,0.3952,positive
costco,"I live just south of BC in Washington state.  Around here Costco is very high for their food items,  Our local store is more often than not cheaper for the same items, plus they have bulk bins where you can get as much as you want.  I do agree Costco is cheaper on sale items though.  I do like the close and house hold items at Costco, better quality than most clothing stores here.",4,,youtube,0.802,positive
costco,How do you store your mayo? I’m Canadian too and I’m going to try a few of the things you’ve mentioned! Good luck with selling and buying!!,0,,youtube,0.7767,positive
costco,I am so excited for your move and the new adventures ahead! Great Costco haul.,0,,youtube,0.8723,positive
costco,"Oh, I love the drain free granola!  Super low carb too",1,,youtube,0.8908,positive
costco,Wow the prices is  high compared to  Brampton ontario,2,,youtube,0.5859,positive
costco,I have those gardening gloves and they are amazing. So versatile and comfortable. 🇦🇺,0,,youtube,0.8107,positive
costco,The Health Canada tag came into effect in January on all Canadian food products.,0,,youtube,0.0,neutral
costco,Hello from PEI 🇨🇦.  It takes us 3 hours to get to Moncton in New Brunswick to go to Costco. Plus we have to pay to cross the bridge to get off of the island.  We usually stock up on products to make it worth our while.  Will you be moving to a smaller property?,0,,youtube,0.128,positive
costco,"Love those gardening gloves! We bought a box last spring when our friends all came out to the farm to help us clean up after the ice storm. We were able to supply everyone with gloves - perfect farm clean up party prize. LOL And welcome to gluten free eating (typically higher in fat, sodium and sugar). But those pizzas are pretty yummy!",0,,youtube,0.9807,positive
costco,"I thought Aussie food was expecting,  this food haul is ridiculously expenses",0,,youtube,-0.34,negative
costco,You have &quot;gołąbki&quot; which is the Polish name for Cabbage rolls. This is so amazing! I now wonder what is the history of gołąbki and who made it first...,0,,youtube,0.7318,positive
costco,How do you keep your veggies and fruit frozen for 3.5 hours on your drive home?  What kind of cooler do you use? Thanks,2,,youtube,0.504,positive
costco,"I am always surprised at how many maple syrups you buy. Last time I did the math, costco business centre sells much bigger maple syrups for a better deal than the little ones. I don&#39;t know if there is a business centre where you shop but it&#39;s worth a look if have access.",0,,youtube,0.5789,positive
costco,Those Tupperware are so nostalgic for me. I don’t have a membership since the closest one is 4.5 hours away. I only have a car.  My kids would go with me so it wouldn’t pay to go. I couldn’t get enough to make it worth it. But I want those Tupperware.,3,,youtube,0.1451,positive
costco,I wondered where you were!  Good to see you!,1,,youtube,0.5399,positive
costco,Greal Grocery Haul 😊❤❤❤,0,,youtube,0.9618,positive
costco,"Can you recommend a vacuum sealer, please and thank you….",1,,youtube,0.743,positive
costco,Try paying 250g of butter in Australia is $4.00 so $12.00 a kilo.,1,,youtube,0.0,neutral
costco,"I think the labelling is fairly new. I&#39;ve only really noticed it over the past couple of months, and mainly on processed type foods.",0,,youtube,0.0,neutral
costco,Will the garden and house cats go with you?,1,,youtube,0.0,neutral
costco,Will you rename the channel to reflect the new property/location?,1,,youtube,0.0,neutral
costco,Are you staying in Canada?<br>I hope you will continue your you tube channel. I would be lost without you!,14,,youtube,0.2244,positive
costco,Those gf pizza is delicious.  We get them occasionally but heavy in the calories and sodium.,0,,youtube,0.3291,positive
costco,#10 can of ketchup from the Wholesale Club is about $9.99 these days.,1,,youtube,0.0,neutral
costco,"Love the Tupperware too.   I remember the  Heritage colors, were from the 60s maybe in the USA.",0,,youtube,0.6369,positive
costco,Love the rice bags!,0,,youtube,0.6696,positive
costco,"I am Celiac and have been GF for over 15 years now.  In that time I have tried A LOT of pizza.  Store brand, high end brand, specialty restaurant, chain restaurant, crust only and fully topped - overall I prefer the Sabatasso&#39;s from Costco.  I use it as a base, par cook my veggie toppings first then add them and whatever meat to cover the pizza and top with a sprinkle more cheese.   De-lish!  If you like a spicier version, the Kirkland brand of GF pizza is also good, especially for the price.  Hope your family enjoys them!  PS: The &#39;warning&#39; labels on food packaging in Canada is relatively new.",0,,youtube,0.9183,positive
costco,Tip for when the peanut butter and separate..turn the peanut butter upside down for a few days.,0,,youtube,0.0,neutral
costco,I can buy a pound of butter in the mennonite store for 2.49 a pound. USA. I don&#39;t know how you people afford food in Canada.,13,,youtube,0.0,neutral
costco,Those GF pizzas are so good!! Excited for you to try,0,,youtube,0.7908,positive
costco,Pam here…mind boggling how much food you go through!  Can you refresh my memory how many mouths you are feeding on a regular basis?  How many children and what ages you still have at home and the ‘not at home’ ones…how often are they showing up for ‘mama’s cooking’???  You feed what looks like an army!!,0,,youtube,0.6526,positive
costco,Great idea on dumping the peanut butter and mixing 👌,0,,youtube,0.8374,positive
costco,I got my tea towel - I&#39;m so excited! I ordered several of the other ones too - they are all so pretty I had a time making up my mind what I wanted. They have already shipped so now I can look forward to them arriving and throwing out into rags all my old towels that I am so sick of!! Thanks for making the waiting list it worked great!,2,,youtube,0.9086,positive
costco,Are you taking Martha with you and your animals?,1,,youtube,0.0,neutral
costco,Just bought one of the 5 towels there were left!,0,,youtube,0.0,neutral
costco,"Re: peanut butter. I only buy the 16 oz (454 grams) jars and use the handle of a wooden spoon to vigorously stir in the oil and it works to scrape the bottom, too. It&#39;s kind of fun.",0,,youtube,0.5434,positive
costco,Im happy that moving is the best choice for you and your family. I dont mean to express concern but may I ask how you will be managing food security over the next few months when the world is perhaps at its most unstable in generations?   I am sure you have considered this but just feel concerned about you working down your pantry.,2,,youtube,0.7438,positive
costco,we get that brand of GF pizza all the time as my husband has Celiac.  We think it is very good.  I usually add a little extra mozzarella and sometimes some pepperoni to the top. i cook it a little longer also<br>nancy,0,,youtube,0.6115,positive
costco,Why are you selling the ranch and where are you moving to what does that look like for future for the channel?,1,,youtube,0.3612,positive
costco,Hi Chelsea 👋🏻,0,,youtube,0.4939,positive
costco,Great haul. <br>I can’t believe your prices vs USA prices. 😱,0,,youtube,-0.1779,negative
costco,Use an immersion blender on the peanut butter. I tried it this last time i opened one and it’s a game changer.,1,,youtube,0.0,neutral
costco,Only cost $599.99 each time I go to Costco,252,,youtube,0.0,neutral
costco,People in the comments aren&#39;t doing the math. 3 weeks food at 119/week = $357 per shopping trip.,113,,youtube,0.0,neutral
costco,"Probably the healthiest and best use of money I&#39;ve seen in a grocery haul online ever.  My one minor criticism is buy the real block of Parmesan, thoes pre-shreaded chesses are always coated.",11,,youtube,-0.1531,negative
costco,"Guys, she said that would last her about 3 weeks, not one week. The math would equate to the $119/week once you math it out lol.",9,,youtube,0.4215,positive
costco,I never see pasture raised eggs at my Costco 😭,0,,youtube,-0.4767,negative
costco,That would be easily $300 in Canada for one week 😂,14,,youtube,0.6486,positive
costco,"If you think this is expensive, learn how to butcher block cuts. She&#39;s also selecting premium-level and convenient ingredients. <br>Switch out Prime for Choice, grind your own beef, replace salmon with mackerel, buy the cheap eggs, make your own yogurt (from whole milk), buy blocks of cheese rather than pre-grated, skip the expensive brands like Oikos (make your own and add fruit), Costco vegetables can be more expensive than local, buy flour and bake your bread daily, skip the insanely expensive granolas and nuts, and making hummus from chickpea is the easiest thing in the world. <br>A haul of similar volume but even better quality and nutrition can be had for roughly $60-75/wk vs. her $120 if you are willing to put in a little work and have a food processor.",5,,youtube,0.431,positive
costco,Phenomenal Looking &amp; Sharp Thinking.,0,,youtube,0.0,neutral
costco,I’m not sure what state you are but at my Costco that is at least $200,42,,youtube,-0.1232,negative
costco,You don&#39;t need all that food! If you have her🌮😋!!!,1,,youtube,0.0,neutral
costco,Would absolutely LOVE to see some recipe ideas and how you cook all this so nothing goes to waste! &lt;3,0,,youtube,0.8338,positive
costco,nice but get sockeye salmon instead of the farm raised,0,,youtube,0.2263,positive
costco,Looks good 👍,0,,youtube,0.4404,positive
costco,I don’t have a Costco card but I want the cheap salmon that’s not bad for $25,1,,youtube,0.6399,positive
costco,Want to see that rotisserie chicken recipe,0,,youtube,0.0772,positive
costco,Had to watch twice to see micro second quick pic😮,0,,youtube,0.0,neutral
costco,Mind 🧠,0,,youtube,0.0,neutral
costco,this would last me a week. but im also a 215 pound dude haha. good shopping trip!,0,,youtube,0.8459,positive
costco,Girl this at HEB is easily 200,0,,youtube,0.34,positive
costco,mmmm food!,0,,youtube,0.0,neutral
costco,Nice Costco haul. ❤,0,,youtube,0.7906,positive
costco,Everything looks good except the rotisserie chicken.....if you read the label it contains toxic chemicals.....cook your own organic bird,1,,youtube,0.4404,positive
costco,"That&#39;s about the same, maybe less than I spend for myself. Except I don&#39;t buy it all at once. That fruit won&#39;t last much longer than a week. Bananas go bad so fast, you have to at least eat 2 a day to eat those before they go bad. I do a shop on the weekend and then swing by and get more fruits, veg and occasionallly meat/fish during the week",4,,youtube,-0.7906,negative
costco,There is so much in this haul that is not healthy but great video.,0,,youtube,-0.7244,negative
costco,Whole foods,0,,youtube,0.0,neutral
costco,Nice haul,0,,youtube,0.4215,positive
costco,I don&#39;t know where u got grass fed beef or pasture raised eggs?  They don&#39;t have that at my Costco,0,,youtube,0.0,neutral
costco,Dangggg where did this natural beauty come from?!?!,0,,youtube,0.8234,positive
costco,$119?!? He’ll no! That’s a $500 basket,0,,youtube,0.0,neutral
costco,"Finally, a food haul on YouTube I love !",1,,youtube,0.6696,positive
costco,That’s amazing save the money and the body  ❤❤,2,,youtube,0.9468,positive
costco,Yes to the new pasta!!,0,,youtube,0.508,positive
costco,have you done a video for the recipe for all this? or what to combine with what to make a meal? thanks for showing us your haul!,25,,youtube,0.5502,positive
costco,You are gorgeous Tina!!❤😊,0,,youtube,0.9411,positive
costco,"Wow, that’s a lot of food. Tu estas rica 😊",0,,youtube,0.8689,positive
costco,"Ill say this.... You definitely,  definitely have good options and shouldn&#39;t get bored of the same food. 👍🏻😁",0,,youtube,0.7506,positive
costco,Girl I love my Costco hauls too ❤❤,0,,youtube,0.9274,positive
costco,I can’t find pasture raised eggs &amp; grass fed beef at my Costco,3,,youtube,0.0,neutral
costco,that looks like $97 a week at our costco here in Antarctica,0,,youtube,0.3612,positive
costco,how do you make a meal with these ingredients though?,0,,youtube,0.0,neutral
costco,I feel this would be cheaper and more at Aldi!,0,,youtube,0.0,neutral
costco,minimum $700,0,,youtube,0.0,neutral
costco,Sirloin is $58.00,0,,youtube,0.0,neutral
costco,About to head to Cotsco and this came perfect timing,0,,youtube,0.5719,positive
costco,"We have Sam’s here—the bag of lemons, limes, organic baby spinach is all at great prices!",0,,youtube,0.6588,positive
costco,"I wish they&#39;d open more Costcos in my area, these prices are amazing!",11,,youtube,0.7777,positive
costco,Good job. Bobby Approved.,0,,youtube,0.6908,positive
costco,I get a lot of the same things.  IDK why I&#39;m so addicted to watching what people buy at the grocery.,0,,youtube,-0.2808,negative
costco,"Yesterday got smone meat, fruits, yogurt, gluten free pizza, olive oil and some other little things, $491 canadien. Not always that high but averaging $350 to $450 for us 4",0,,youtube,0.2846,positive
costco,$119 no way lol,1,,youtube,-0.5472,negative
costco,Babe eats like me 🙌🏾😼<br><br>Edit: substitute the mixed nuts for almonds and the salmon for tilapia (occasionally) and we basically have the same grocery haul.,0,,youtube,0.0516,positive
costco,"The top sirloin was $58 alone, ain’t no freaking way the bill was $119.",0,,youtube,0.2805,positive
costco,Do you eat one item per day? How’s this 3 weeks of food?,0,,youtube,0.0,neutral
costco,That looks close to $300 in a Arizona Costco,2,,youtube,0.0,neutral
costco,Great job! Seriously. Clean eating perfection.,3,,youtube,0.8777,positive
costco,I wish my Costco had pasture raised eggs!,0,,youtube,0.4574,positive
costco,How do I spend $300 at Costco and it only last me a week?,0,,youtube,0.0,neutral
costco,"that’s a lot of food, do you eat them all??",0,,youtube,0.0,neutral
costco,top sirloin suuuuuucks,0,,youtube,0.2023,positive
costco,She is so pretty 🥰,1,,youtube,0.9135,positive
costco,"wait what.... i feel like every time I go to costco I spend like $300 of more, if felt like she bought a lot too",0,,youtube,0.7759,positive
costco,"U definitely know what ur doing and ur doing it efficiently, take care, T.T.",0,,youtube,0.8225,positive
costco,How do you make the fruit last three weeks? Wouldn’t it go bad?,4,,youtube,-0.594,negative
costco,Tell me you’re a rich lady but don’t tell me you’re a rich lady.,0,,youtube,0.802,positive
costco,"Seven Sundays is great, I don&#39;t do it because it;s low carb or something just I like it and it&#39;s not sugur. The hand peeled carrots are a bit fancy don&#39;t you think lol. Save more and get organic whole carrots. Don&#39;t forget avocado oil, ghee, olive oil are the only oils / fats I use because they aren&#39;t seed oils. That was a good change for me in the last year and a half was only these great oils not that cheap crap.",2,,youtube,0.9447,positive
costco,This was $119 for one week? What state are you in? I just moved to Nevada from California and I went from going from $400 a week or a little more to $200 a week but now I’m thinking I can definitely lower the cost here in Nevada lol,0,,youtube,0.7013,positive
costco,Try substituting spinach for arugula,0,,youtube,0.0,neutral
costco,Which Costco has Organic Pasture Raised eggs? I can&#39;t find that in my local Costco and even several Costco&#39;s beyond.,0,,youtube,0.0,neutral
costco,3 weeks? veges and fruit and bread go bad in my frig after like 1.5 weeks.,0,,youtube,-0.25,negative
costco,"ok, but how can you make those items last and not expire in 3 weeks, i think you eat a lot of berries in the first 4 days",0,,youtube,0.0,neutral
costco,I want to see the receipt!,1,,youtube,0.1511,positive
costco,"Good haul.  For the salmon, I&#39;m guessing you eat that the first week since it isn&#39;t frozen?",0,,youtube,0.4404,positive
costco,3 weeks? That&#39;s less than a week for me.,0,,youtube,0.0,neutral
costco,It’s like $300 of more I bough similar and it’s not that price,0,,youtube,0.3612,positive
costco,Eggs aren’t dairy,0,,youtube,0.0,neutral
costco,Better to just go to your local farm market 😅,0,,youtube,0.6597,positive
costco,6 avocados and 24 eggs last you three weeks?,3,,youtube,0.0,neutral
costco,THIS IS USA RIGHT ?,0,,youtube,0.0,neutral
costco,this is obviously more than 119 but when you break it down on a  per week basis it&#39;s 119. but she probably spends 300+ for 3+ weeks at once..,0,,youtube,0.0,neutral
costco,Ummm…n where do you live?? Cuz in Cali you’ll be spending around $250 to $300 on all that😢😢😢😢,1,,youtube,-0.9146,negative
costco,Healthy eating and you get farm raised salmon? 😂💀,3,,youtube,0.6808,positive
costco,This is food for 7-10 days...how you living 3 weeks on this???,0,,youtube,0.0,neutral
costco,Hi Tina,0,,youtube,0.0,neutral
costco,119 a week? Lol wtf I eat pretty much all of that (less actually cuz of cost) and spend like 2-3x as much as that each week,0,,youtube,0.5719,positive
costco,That&#39;s $ 350 .,0,,youtube,0.0,neutral
costco,120 a week isn’t cheaper than chipotle for each meal,1,,youtube,0.0,neutral
costco,The worst is strawberry,0,,youtube,-0.6249,negative
costco,I dont see any chips or cookies!,0,,youtube,0.0,neutral
costco,"All eating healthy is, is eating Whole Foods. Cut out the frozen and processed garbage and it’s really easy to not over eat your calories",0,,youtube,0.5849,positive
costco,Whst Costco is this ?!!! Cause ain’t no way my Costco fruits look that good ! 😂,0,,youtube,0.6973,positive
costco,So cheap I don’t think in my Costco 😐,0,,youtube,0.0,neutral
costco,For 119? 😂lies,0,,youtube,-0.2263,negative
costco,Processed GMO sugary high carb foods,6,,youtube,0.0,neutral
costco,Yeahhhhh those product ain’t last 3 days let alone 3 weeks. NEXT 🥴,0,,youtube,-0.25,negative
costco,Smoothies 🙄,0,,youtube,0.0,neutral
costco,She... just kept listing products 😢...,0,,youtube,-0.4767,negative
costco,Rotisserie chickens are no bueno. Heat + plastic = 👎🏼,21,,youtube,-0.296,negative
costco,"I enjoy your videos so much! FYI - I bought the Land’s End chambray sleeveless dress, and it was horrible! I sized down, but it did not make a difference. It is a shapeless potato sack in a strange length. I returned it. I haven’t seen the Costco tees at our Costco. Those are fun!",0,,youtube,0.7079,positive
costco,Hi Jennifer. You always do such a great job showing us all of these clothes and everything else.We don&#39;t have a Costo here.Thank you for doing this video.I hope you have a beautiful day😊❤,2,,youtube,0.9686,positive
costco,Are you able to try on clothes for size prior to purchasing there?,0,,youtube,0.0,neutral
costco,This came up in my feed so I decided to watch.  Your voice makes me cringe so I am clicking off.,0,,youtube,0.0,neutral
costco,"My suggestion, if you had 13 person in the house, might as well to install a bidet on your toilet bowl.",37,,youtube,0.2732,positive
costco,"I always wonder, what kinds of jobs do people have that enable them to shop like this?  The cost is massive, so is their income as well?  I can’t relate but it’s fun to watch.",144,,youtube,0.797,positive
costco,"Watching the video makes me wonder how my parents did this with 8 kids!  There were no paper plates, disposable cutlery and no dishwashers!",181,,youtube,-0.6103,negative
costco,I would love to do my shopping and not look at the prices.,111,,youtube,0.6369,positive
costco,"Parents are so busy today and I agree kids should have chores which include washing dishing. I grew in a family of 8 kids and my parents assigned us to different chores. We did not have a dishwasher, so we were the dishwashers. We did not use paper plates, because of the cost. As a parent my children had chores and I did use paper plates two or 3 days a week, when my children were younger. I do have a dishwasher.",50,,youtube,0.3612,positive
costco,"This is not a large family on a tight budget for sure, but great to see so much fruit in the basket",19,,youtube,0.8074,positive
costco,I like watching these shop with me videos! You get to see what other area&#39;s has! Blessings to you ALL! ♥️🙏,14,,youtube,0.9017,positive
costco,"In Norway we can drink water from the tap in kitchen, Its the best water.",19,,youtube,0.6369,positive
costco,The chocolate Easter Bunny looked traumatized 😂,19,,youtube,0.0516,positive
costco,I like going to Costco as soon as they  open  because it&#39;s the best time to shop  not as crowded as the afternoon,12,,youtube,0.7717,positive
costco,Being able to buy groceries in America is now a flex.,7,,youtube,0.0,neutral
costco,"Shepherds pie is lamb, cottage pie is beef. 😁",8,,youtube,0.4588,positive
costco,Next time you make a video like this it would be great to show prices of everything so we can see how much things are there.,6,,youtube,0.765,positive
costco,main difference: --&gt; Clementines are hybrid - taste sweet (seedless) AND Mandarins are somewhat tart (seeds at times) ...,11,,youtube,0.4588,positive
costco,Did you know that Canada won&#39;t even sell Fruit Loops because it has horrible ingredients.YIKES,33,,youtube,-0.5423,negative
costco,"Alicia I&#39;m not sure if you are aware, but you can buy meat then freeze it (Like the ground beef that was dated March 15th, you could have still used it on the 17th without any issues)~ then use it after the sell by date on the package. Just remember if you are not going to use the whole package at once, just divide it then freeze it (it&#39;s still good for up to 3 months)...little side note in my younger days I worked in a fresh meat market I learned all kinds of useful tidbits of information.<br>I hope you and your family has a very Blessed week<br>Much Love from an old country woman in mid Missouri",149,,youtube,0.9859,positive
costco,You are blessed!  Continued blessings to you and your whole family!!,3,,youtube,0.851,positive
costco,Why is a 36 pack of sprite $44 that&#39;s crazy.  Kroger has buy 2 12 packs get 2 free so 4 for$21.00,28,,youtube,0.2263,positive
costco,I don&#39;t understand how she goes grocery shopping  every week. She is a food hoarder!.,120,,youtube,0.0,neutral
costco,I followed you. I loved this video. When you were getting the kids donuts you said dont the strawberry shortcake look good? I said yes out loud😂,7,,youtube,0.9081,positive
costco,"Alicia, you might want to consider starting a food diary at least two weeks before your visit with the allergist so that you&#39;ll at least have food intake information ready for them if they ask for it. That might save some time.",12,,youtube,0.7184,positive
costco,I can’t imagine trying to do for such a large family. They are blessed with you and Josh . The kids should help more I  agree. It’s good for them learning work ethics. Love your videos so fun !!!,0,,youtube,0.9705,positive
costco,Simple maths $220 a week per person on groceries<br>Ummmm….,43,,youtube,0.0,neutral
costco,"I love that when I go to comment, your quote comes up. I also find your content so fun to watch. The effort to edit and post is seen and appreciated 😊<br>Respect from a fan in Sydney, Australia",0,,youtube,0.964,positive
costco,I love to see ypu putting what you earn back into the economy. 🧡,12,,youtube,0.8555,positive
costco,"I wish, my wife would be that organized during grocery shopping",1,,youtube,0.4019,positive
costco,But i enjoy watching you doing grocery to your family it feels that you bring me also in Costco which is my dream to make groceries with my family but we can’t afford only the important stuff we afford to buy. I’ve never been to a big groceries like that here in Philippines.,1,,youtube,0.9052,positive
costco,Just curious if you  have all those kids why are you using paper plates and plastic silverware . Why can’t the kids wash dishes ?,411,,youtube,0.3182,positive
costco,Do u ever eat down the fridge and freezers😊😊,62,,youtube,0.8979,positive
costco,"Thank you for the video, I enjoyed watching ❤️",4,,youtube,0.7003,positive
costco,"When we do big shops, we do multiple checkouts, and load them into the car. Also prevents buying more than fits in the car.",0,,youtube,0.0772,positive
costco,"I wonder why so many people feel &quot; Entitled&quot; to criticize. I had a large family, thankfully we had a hobby farm and raised our own food. But I canned all year long. My pantry was an entire 20x24 room. Shelves from floor to ceiling. When my husband was in a car accident and couldn&#39;t work that pantry kept us fed for over 2 years. <br>Try a little kindness. If it bothers you so much its simple,.don&#39;t watch, don&#39;t reply",143,,youtube,-0.2238,negative
costco,"With all the snack foods, I wonder how many are teenagers.  I know they can eat through that in just a couple of days depending on how many",1,,youtube,0.0,neutral
costco,Holy thats alot for a week... your children are obviously taken care of well idk why so many ppl hate... jealousy is ugly,2,,youtube,-0.6872,negative
costco,Warehouse buying in bulk in the UK mostly means you have to have a business then apply for an ID card.,1,,youtube,0.0,neutral
costco,"How many refrigerators and freezers do you have to store the perishable? How big  is your pantry,? How big is I our house?",4,,youtube,-0.163,negative
costco,I&#39;m  glad for you that you can afford this.    It just stuns me.   How???,5,,youtube,0.5632,positive
costco,I&#39;ve never been unkind on u tube you are great people ❤❤❤,2,,youtube,0.9632,positive
costco,A food diary could help rule out things you might be allergic too.,4,,youtube,0.128,positive
costco,U need to get a water dispenser and refill able cups,4,,youtube,0.0,neutral
costco,"With all those groceries, you should tip the person. And I know they appreciate it",2,,youtube,0.4019,positive
costco,Love watching!  How special to have a large family.   I have twins and an older daughter.   Husband left,0,,youtube,0.8016,positive
costco,I am curious as to how long this will last your family? Is this a monthly haul?,1,,youtube,0.3939,positive
costco,I have a beach wagon. You know the one that is cloth and I put my groceries in it and roll them to the door.,1,,youtube,0.0,neutral
costco,I am thinking the same thing. How hard is it to load a dishwasher,2,,youtube,-0.1027,negative
costco,Should&#39;ve had helpers 😮,2,,youtube,0.2732,positive
costco,Just a quick thought when you buy the sports cap water you can take the caps off and save them they fit on  regular  water bottles it would save you a few dollars  in your budget,0,,youtube,0.836,positive
costco,I’m a nurse and during our infusion reactions we give Pepcid! It blocks one of the receptors!,4,,youtube,-0.3578,negative
costco,I love all of this!!!!!!!❤❤❤❤❤❤,0,,youtube,0.9868,positive
costco,The fig bars are great and good for you😋,2,,youtube,0.7906,positive
costco,Aldis had an awesome deal on those Brisket with the flavoring packs. I wanted to buy a bunch to store up but it’s just me and I don’t think more than one for the year will even get consumed. lol just my old mom think ahead problem I still have.,1,,youtube,0.4019,positive
costco,"Wow that is excellent, you did good at Costco",1,,youtube,0.886,positive
costco,Also if you ever want a pumpkin pie the Marie colanders frozen pie is so good,0,,youtube,0.6176,positive
costco,That&#39;s  the best  pancake  mix ever. The only one my family  uses.  😊,2,,youtube,0.8807,positive
costco,My coworker had like 8 or 9 kids specifically to get all those government benefits and live for free.,1,,youtube,0.8126,positive
costco,"You said WEEKLY?!?! HOW are you spending nearly 3k a week on food and still able to afford your house, car etc.",4,,youtube,0.0,neutral
costco,Poor bread all mushed up 😂 for other customers,1,,youtube,-0.0516,negative
costco,Those nature bounties you got for Bree are delicious family favorite here also..,0,,youtube,0.7717,positive
costco,Bro that cost more than my rent,1,,youtube,0.0,neutral
costco,I think your doc prescribe that cuz sometimes allergies are due to gut health. So yeah.. that’s the best solution for now. Or just as a precaution maybe you could keep an antihistamine pill. Not sure how the US is with antihistamines though. Hope it helps ❤,0,,youtube,0.9524,positive
costco,"Why do you always go shopping alone? The kids in Crazy Pieces and middles help when they go shopping. At least if you tag 2 of your big kids, they can help you.",5,,youtube,0.25,positive
costco,"You forgot your calculator, lady!!!!!!",2,,youtube,0.0,neutral
costco,I love your shopping list i need that,0,,youtube,0.6369,positive
costco,Talk about eye watering!  So many handee towels! Do they eat them?,0,,youtube,0.0,neutral
costco,We have taps for drinking water you dont need bottled water and if you do buy one kind plz you dont need sparkling water figi water and normal water that is why we have taps she probaly washes her dishes water shebis bying <br><br><br><br><br><br>The water out of our taps are clean you know,2,,youtube,0.6717,positive
costco,I love those Cadbury Mini Eggs you should try them in dark chocolate,2,,youtube,0.6369,positive
costco,Pepcid is a histamine blocker. I used to work in a pharmacy and my pharmacist would tell every patient with an allergic reaction to take Pepcid as well as Benadryl.,21,,youtube,-0.0258,neutral
costco,That&#39;s nice about the tips 🎉🎉🎉,1,,youtube,0.872,positive
costco,What do you and your husband do for a living to pay $2800 a week at Costco? I can barely get toilet paper and paper towels. I want the secrets!,2,,youtube,-0.1007,negative
costco,Kids love to eat a lot ! My 14 year love eat every time !!!,3,,youtube,0.8902,positive
costco,Love your videos,0,,youtube,0.6369,positive
costco,9.99 for a 3 pack of Oil of Olay BW is a great deal. They are about 7.99 each at Kroger right now!,8,,youtube,0.6588,positive
costco,Wow I was going to say how do you do this all by yourself? Then I seen at the end a worker helps you haha but that’s still 3 trolleys you’ve stacked alone 😂 :),0,,youtube,0.8898,positive
costco,I just wonder what kind of income you must have to be able to afford all of this.,2,,youtube,0.0,neutral
costco,You look amazing in green!!!,0,,youtube,0.6884,positive
costco,Wow 30 dollars for pepsi.,10,,youtube,0.5859,positive
costco,"I can’t imagine this is for one week!  So many prepared foods, specialty drinks, snacks…what meals do you actually cook?",30,,youtube,0.3549,positive
costco,Interesting how it is &quot;for my large family&quot; and not &quot;for my family of 13&quot; anymore. Very interesting,68,,youtube,0.6901,positive
costco,I really love Costco it&#39;s a great store ❤,1,,youtube,0.9299,positive
costco,"<a href=""https://www.youtube.com/watch?v=KPnvLuSTXLs&amp;t=2356"">39:16</a> why is „Kulturheidelbeeren“ (German for Blueberries) on it? 🤔 Love your haul. Greetings from Germany",1,,youtube,0.8105,positive
costco,I think you did amazing job well done 👍👍👍👍,1,,youtube,0.7096,positive
costco,Im living through your Furr babies right now. I Just lost my last one snd want yo get a new Baby in June. Dhe Never had Any health issues. She just got older at almost 18 when her hreed didn&#39;t usually live longer than 12-14.,1,,youtube,-0.25,negative
costco,I’m a store brand shopper to save as much as I can. How can this be your weekly shopping that’s $ 146k a year?,0,,youtube,0.4939,positive
costco,Did yall never get your septic and done?<br>NM I got my answer. Guess I needed to keep watching.,1,,youtube,0.0,neutral
costco,"clementinen är en kärnfri, söt hybrid av mandarin och apelsin med ett tjockt skal som är lätt att skala. Mandarinen är en bredare kategori som ofta har kärnor och en mer syrlig smak.",0,,youtube,0.0,neutral
costco,How do the scent beads work?,0,,youtube,0.0,neutral
costco,I&#39;m officially offering to wash the dishes for yall,6,,youtube,0.0,neutral
costco,I don&#39;t like doing alot of dishes I buy  paper plates and bowls to I love making sure we have enough drinks,1,,youtube,0.8402,positive
costco,Kirkland protein bars ARE THE BEST,2,,youtube,0.7125,positive
costco,Should check ingredients on all food packets,2,,youtube,0.0,neutral
costco,Hi everyone <br>Nice video<br>Awesome groceries hall,0,,youtube,0.0,neutral
costco,I wish Singapore 🇸🇬  has costco ... buy things in bulk and cheap,0,,youtube,0.4019,positive
costco,"Goodness all the dyes in these kids diet. I mean I’m not perfect by any means but I try to keep a lot of dyes out since it’s not good for you. They are starting to take it out of tons of good thank god since it’s so bad. I also wonder about how rich this family is, wow you guys are blessed to be able to shop like this.",0,,youtube,0.9643,positive
costco,pura comida procesada!! uffff,6,,youtube,0.0,neutral
costco,They all have water bottles why buy all that bottled water,29,,youtube,0.0,neutral
costco,What size is your home?,0,,youtube,0.0,neutral
costco,The poppies are really good you need to try them they are chicken,0,,youtube,0.4927,positive
costco,No couponing in Cosco?,2,,youtube,-0.296,negative
costco,We don&#39;t have flat bed carts anymore!!,0,,youtube,0.0,neutral
costco,You are a super mom😊,2,,youtube,0.872,positive
costco,"If you enjoyed this video, please give it a THUMBS UP as it really helps my channel 👍🏼What do you think of the new bagel packaging? Better or worse?",543,,youtube,0.825,positive
costco,"When I was growing up, a neighbor bought a bug zapper for his yard.  The zapper worked great, and fried a pile of bugs.  Unfortunately, he found out that skunks really like fried bugs.😂<br>True story.",473,,youtube,0.6478,positive
costco,My favorite part of these videos is hearing your barely contained chuckles at your own wit,161,,youtube,0.5888,positive
costco,Never forgave Costco for getting rid of the combo pizza from the food court. It hurts to this day.,128,,youtube,-0.6293,negative
costco,Almost to 3M Matt!!!  Thanks for all you do!!!🥰,146,,youtube,0.9075,positive
costco,We sit down as a family and watch The Deal Guy 😂,53,,youtube,0.4404,positive
costco,Skirt steaks were the cheapest cut around!! Over 13$$ a Lb is outrageous,63,,youtube,-0.6892,negative
costco,I love the sarcasm (dry humor) and honesty in this video.  Thanks for being &quot;normal&quot; but awesome ✊🏾✊🏾👏🏾,26,,youtube,0.9081,positive
costco,"Time really does fly. I still remember subscribing when you had fewer than 200K followers. It’s amazing to see how far you’ve come, Matt. Wishing you continued success! By the way, when would you say is the best time to buy a TV?",66,,youtube,0.9312,positive
costco,The avocado comment...😂🤣,45,,youtube,0.7269,positive
costco,Bagels have decreased in price from 66 cents each to 62.5 cents each!!! Truly a Christmas miracle’,34,,youtube,0.5826,positive
costco,On the those totes/bin I use those holes for zip ties to keep the lid secure instead of a padlock.  Great if you have them in back of a pickup.,25,,youtube,0.7579,positive
costco,"3M is so close and well-deserved, Matt! 🤞🍀",30,,youtube,0.0,neutral
costco,"Problem with Costco camping chairs is that I keep buying the new ones all the time!  On my last trip, I actually gave away two of them to other campers because I don&#39;t use them anymore.",10,,youtube,-0.4574,negative
costco,iRobot (makers of Roomba) filed for bankruptcy and is being taken over by a Chinese supplier and likely won&#39;t last long and definitely won&#39;t be updating their software etc so I would not recommend a Roomba over a Roborock even though it&#39;s likely cheaper.,23,,youtube,0.1506,positive
costco,Love your videos and I’m so excited for you to reach your goal! You will get there soon! 👏🏼👏🏼👏🏼,29,,youtube,0.8402,positive
costco,"YAY COSTCO VIDEO 🎊<br><br>My partner and I have the cooling throw and cooling comforter - I RECOMMEND HIGHLY, they are so nice, especially when it&#39;s warm out. Even after being washed a bunch, they still have the &quot;cooling effect&quot; to the touch. :) Very nice for when you&#39;re a toasty guy like me.",38,,youtube,0.974,positive
costco,Always appreciate your videos. My wife and I always make it a point to watch them together. Of course to spend unnecessary money 😂,29,,youtube,0.6808,positive
costco,I’ve purchased two of the Mohawk kitchen mats. I ended up tossing both of them after a couple months. The edges curled up and created a tripping hazard.  Could also be that I’m not as graceful as I once was!  Keep up the great videos,20,,youtube,0.601,positive
costco,Refresh balloons with a hair dryer?,24,,youtube,0.0,neutral
costco,"<a href=""https://www.youtube.com/watch?v=Xl2gjnm26tI&amp;t=281"">4:41</a> That looks like a drinking chair. It has a seat belt to keep from falling out when you get too drunk.",8,,youtube,-0.128,negative
costco,My favorite Deal Guy🎉,25,,youtube,0.6908,positive
costco,Love the smiles your videos give me. Wish I’d seen this before my Costco trip yesterday. No. Not really. I would’ve spent way too much.😂,13,,youtube,0.9169,positive
costco,The French onion “soup” ravioli are amazing! 🎉,13,,youtube,0.7777,positive
costco,"First two thumbs up are from me. Keep it up, Mr. Deal Guy!!!",17,,youtube,0.0,neutral
costco,Keep up the great work and I love the writing for all the products and the honesty about it! Definitely some of the best videos even if you just came from Costco or never go to one.,11,,youtube,0.9622,positive
costco,sometimes I just listen the you because of your enthusiasm and your fun little side comments! my wife and I are long time costco members.. and you videos and channel have brought new life to our shopping! thanks!,1,,youtube,0.8743,positive
costco,"Sadly, my dessert dreams are usually realized at the food court with a chocolate/vanilla strawberry sundae...hence the gym!!",4,,youtube,-0.1739,negative
costco,I just love. Watching your videos! You’re like a friend checking in!!! I love you! ❤️,11,,youtube,0.9457,positive
costco,Oh I really need to check out that hummingbird camera feeder!,8,,youtube,0.0,neutral
costco,Those storage bins from Greenmaid for $13 used to be $8.,4,,youtube,0.0,neutral
costco,What do we mean that we can refresh balloons with a hair dryer?  Can you just drop such important information without explanation? 😳😯,3,,youtube,-0.168,negative
costco,Deal guy! Thank you as always - we love you too!,10,,youtube,0.8065,positive
costco,Other people listen to music when doing cardio at treadmill. Me?? I listen to your video. Hahha when its done that means Im done with the treadmill lol,2,,youtube,0.4871,positive
costco,"Thinking that slip n slide for the grand kids, the summer water toys are nice this year",5,,youtube,0.7003,positive
costco,Every video you entice me to buy something new. This time it&#39;s the sorbet... can&#39;t wait to try it!,5,,youtube,0.0,neutral
costco,"I love these videos. They are informative, honest and hilarious",4,,youtube,0.8807,positive
costco,Those comforters are amazing! Favorite we&#39;ve ever had,4,,youtube,0.8516,positive
costco,"We got those Helados Mexico ice cream bars the other day to try and they are DELICIOUS! Glad to see them here in the bonus section. And, happy to see Costco finally got the Nutella cookies!",3,,youtube,0.9452,positive
costco,"As someone who has Several Robovacs, I recommend Shark over Roomba. Shark is less “temperamental” but I will clarify, I do Not use the mop feature on any robovac",1,,youtube,0.1901,positive
costco,We have a few Fanttik products and what they all have in common is unsatisfactory user issues. The cardboard cutter doesn’t accommodated smaller (by that I mean average woman) hands and has to be angled just right to work. The great little drill wand uses an unusual size of bits and they don’t offer replacement bits ; to offer a couple of examples. If you buy the power hose attachment be sure to use it right away so you can return it if it has some kind of weird issue that won’t allow continued use.,1,,youtube,0.818,positive
costco,i look forward to your deals!  at least one item a week i get ideas  . for my house or holidays!,7,,youtube,0.4912,positive
costco,It would be nice if you opened one package of each clothing you showed.,1,,youtube,0.4215,positive
costco,This was &quot; splendid &quot; 😂,4,,youtube,0.7717,positive
costco,The bar cake is AMAZING,3,,youtube,0.6739,positive
costco,"I still watch you and this vid and have not been a member in a year, you may get me to buy back in one day!  Congrats on almost 3M!  Actually as I was typing this I missed the nutella segment went back to watch, and dang I may just sign back up and get those tomorrow! LOL",11,,youtube,0.7656,positive
costco,"<a href=""https://www.youtube.com/watch?v=Xl2gjnm26tI&amp;t=227"">3:47</a> I would avoid those Nutella ice cream cones. I don&#39;t want a treat with exploding cones!",2,,youtube,0.2714,positive
costco,"For the curious, Birk-a likes are typically close in comfort. They don’t offer the durability, and some cobblers won’t re-sole them.",8,,youtube,0.765,positive
costco,The cooling comforter in 6 is legitimately one of the most comfortable things I’ve ever put on my bed! Thank you!,0,,youtube,0.8617,positive
costco,The cooling comforter is great I put it on my new bed love it now everyone in the family wants one for summer,2,,youtube,0.9042,positive
costco,I just bought that Samsonite set (at full price) before a trip to Japan. It held up beautifully &amp; the expansion seam on the large suitcase was very handy!,0,,youtube,0.6114,positive
costco,🎉SURPRISE!! Happy Friday. I wasn’t expecting to see you🥰,5,,youtube,0.9358,positive
costco,👍👏 I always enjoy your videos and your dad humor.,3,,youtube,0.6486,positive
costco,"I ❤ your videos, but many of the products you showcase are not to be found at our Costco or any in our metro area. It’s frustrating.",4,,youtube,-0.3071,negative
costco,"Splendid video as usual, keep em coming!",4,,youtube,0.6239,positive
costco,I&#39;ve been waiting for this all week,4,,youtube,0.0,neutral
costco,"I&#39;m broke <a href=""UCkszU2WH9gy1mb0dV-11UJg/b8IfY7zOK9iVkNAP_I2A-AY""></a>",20,,youtube,-0.4215,negative
costco,Congratulations Matt you certainly will reach that goal!,3,,youtube,0.7712,positive
costco,Thank you for all your work for ❤,3,,youtube,0.7717,positive
costco,The pastries and ice cream look so good but I wish Costco had sugar free items for those of us that are not supposed to have sugar in our diets.,6,,youtube,0.8852,positive
costco,Thank you Mr. Deals Guy &lt;3,3,,youtube,0.3612,positive
costco,&quot;Long lasting Helium&quot;...Helium is an element...it lasts forever. Any failure rests with the vessel that pretends to contain it.,14,,youtube,-0.5719,negative
costco,...&quot;dessert joy!&quot;   Exactly 😅❤,0,,youtube,0.7901,positive
costco,"I purchased that 74&quot; Monterey accent console from Costco&#39;s website last year. For the price it&#39;s well made, very heavy and high quality. The inlay details on the door panels are beautiful, and has soft close doors. Comes fully assembled, just add the legs.",0,,youtube,0.7184,positive
costco,Looking forward to your exceeding 3 million subscribers. Best wishes 🎉🎉🎉🎉🎉🎉🎉🎉🎉,3,,youtube,0.9801,positive
costco,100% agree on the Robovac. The mopping feature is too small,0,,youtube,0.3612,positive
costco,I’ve been listening to you for a long time and I’m glad to see your follower numbers grow,1,,youtube,0.4588,positive
costco,Have a Blessed Evening,2,,youtube,0.5994,positive
costco,Do you ever review Costco travel/rental deals?,0,,youtube,0.0,neutral
costco,"Those Greg Norman polos are very nice. We replaced our 25 year old freezer with the 17 CF HiSense and it is wonderful. If you have an old freezer, replace it with that $189 one.  ✅",1,,youtube,0.7778,positive
costco,I need those Greg Norman polos for my Dad for Father&#39;s Day.  He&#39;s had two that have looked great after years of wear.,1,,youtube,0.6249,positive
costco,My teen is LOVING the Mondetta shorts.  He likes the large pockets that his stuff doesn&#39;t fall out.,0,,youtube,0.8143,positive
costco,Holy smokes - 2.84 M (as in MILLION) subscribers! That&#39;s impressive &amp; well-deserved!!🎉,1,,youtube,0.783,positive
costco,As always ...great!,4,,youtube,0.6588,positive
costco,"<a href=""https://www.youtube.com/watch?v=Xl2gjnm26tI&amp;t=472"">7:52</a> for that flank steak?? 😳<br>Yowzers 😮",3,,youtube,0.0,neutral
costco,"Pillows to remind everyone, that avocado is a fruit!",1,,youtube,0.0,neutral
costco,I purchased that insect trap and that rocker last week. I really like the rocker.,0,,youtube,0.1263,positive
costco,The Dynatrap works great! I’ve had one for 3yrs &amp; we live in Florida on a canal! I highly recommend it!!,1,,youtube,0.8427,positive
costco,❤ watching  your videos  Matt,3,,youtube,0.6369,positive
costco,&quot;Life-changing glaze....&quot; LOL. Gotta try that out now.,0,,youtube,0.5473,positive
costco,"Really enjoy all of your videos ❤. Great work, thanks ❤.",2,,youtube,0.9633,positive
costco,Im so sad that the costcos in my area are already sold out of those stand lights. I got one but its been so hand camping that I really want another one.,1,,youtube,0.7482,positive
costco,"Hi Matt, how about an updated Aldi video.  Thanks for your consideration",2,,youtube,0.4404,positive
costco,FYI I make a Costco list based on your vids. Last time I bought wind chimes. This time it will be the storage bins and citronella candles. ❤ your content and thank you!,2,,youtube,0.8599,positive
costco,when the cents is .49 items mark down,3,,youtube,0.0,neutral
costco,Thanks Matt. Bought a few of these items today.,1,,youtube,0.4404,positive
costco,I really appreciate you showing the nutritional value on all the food products now!!!,0,,youtube,0.7406,positive
costco,The Cascade chair has a good angle for sitting. not so upright.,0,,youtube,0.4404,positive
costco,Great products thx for the Great update &amp; Good Luck on ur viewers❤,2,,youtube,0.9674,positive
costco,We purchased the robot because the revies are better than Rumba. my wife loves it.,1,,youtube,0.765,positive
costco,"Dang it, I just went yesterday. 😂",3,,youtube,0.4404,positive
costco,That balloon to hair dryer segway blows!,0,,youtube,0.0,neutral
costco,Have a great weekend Matt,1,,youtube,0.6249,positive
costco,ONGoodness!  You crack me up!  Your energy is contagious!,1,,youtube,-0.2905,negative
costco,Love your videos?  You are so upbeat and just adorable.  Your wife is a lucky girl.❤️,2,,youtube,0.8807,positive
costco,The French Onion Ravioli is one of the best meals I have EVER had from Costco.,0,,youtube,0.6369,positive
costco,the segue’s are impeccable,0,,youtube,0.0,neutral
costco,That pressure washer is soldout everywhere!!!,0,,youtube,-0.4724,negative
costco,I purchased the cheeseburger chips last week and they are really good!,0,,youtube,0.54,positive
costco,Costco for President !!!!!!!,3,,youtube,0.0,neutral
costco,"Thank you Linda❤😊. I love the deals you showed like the Amylu product, and the sticky buns, and especially the individual upside down cakes yum 😋. You are so special and I feel like you&#39;re my friend or neighbor. Thank you Linda❤👏👏👏😊",0,,youtube,0.9908,positive
costco,Thank you Linda! 😊,0,,youtube,0.8313,positive
costco,Good price on the bowls 😊,0,,youtube,0.836,positive
costco,Too many ads,0,,youtube,0.0,neutral
costco,"I had to start the video over because I thought I missed, “It’s Costco Time”. It must have been a while because you didn’t say it before you went inside",14,,youtube,-0.296,negative
costco,I have the body pillow and it gets so cold at night helps with night sweats i bought 2 one for me and my husband we love it,3,,youtube,0.7783,positive
costco,Most Poppi soda flavors do not have caffeine. Only the cola and the doc pop have the caffeine from green tea.,3,,youtube,0.0,neutral
costco,Most of the poppi flavors are caffeine free 👏,0,,youtube,0.5106,positive
costco,"Hi Jia, the Clorax  goes in your detergent dispenser along with your laundry detergent.",1,,youtube,0.0,neutral
costco,Cowboy Butter is GOOD!,0,,youtube,0.6027,positive
costco,Hello from Boston MA 💚👋🏾,1,,youtube,0.8126,positive
costco,I put the Clorox Booster in the fabric softener dispenser along with the detergent.,0,,youtube,0.0,neutral
costco,Love your tennis outfit 🤍,0,,youtube,0.6369,positive
costco,I tend to shop more at costco than any other store because when look at the things we buy (mostly organic and small ingredient list items) its cheaper (per unit) at costco  than,1,,youtube,0.0,neutral
costco,"I shop mostly at Sams and Aldi. I hate, loathe, despise shopping at Walmart for anything.",0,,youtube,-0.8519,negative
costco,"Kroger isn&#39;t bad, if you shop the sales.😊",0,,youtube,0.3612,positive
costco,I just bought the built sour puff from Costco not too long ago. They are the protein bars. The peach one kind of tastes like a peach ring and the raspberry kind of tastes like a sour punch straw.,0,,youtube,0.6124,positive
costco,I loved Purex when they carried it but my store hasn’t had it in a while.,0,,youtube,0.3506,positive
costco,Jia try to drink green juice sometimes the body get tired of some foods.,0,,youtube,-0.4404,negative
costco,Chuck rolls are fire! They’re what steakums aspire to be. They’re 100% meat with no filer where steak ums is processed meat with a ton of chemicals and preservatives. Japanese use chuck rolls for Shabu Shabu that’s it’s most popular use they’re incredibly thin and cook insanely fast.,0,,youtube,-0.202,negative
costco,Try Arm &amp; Hammer with oxygen it takes care of stains and oder. I started using it when my boys started lil league football,0,,youtube,0.4939,positive
costco,I only have a Sam&#39;s in my area and I have found myself shopping less at Sam&#39;s and more at Walmart with my Walmart + card because AARP gives me a discount every time I use my card which really helps with eveything going up. <br>I am from the East Texas area,0,,youtube,0.4391,positive
costco,"Hello from southwestern Louisiana. I only buy boneless beef stew meat from Costco. This meat costs $6.99 per pound, boneless beef stew meat costs $8.09 per pound at my local grocery store.",0,,youtube,0.0,neutral
costco,Sams club toilet paper is 45 rolls. Is that more than the Costco pack? Hoping Costco gets approved and built in my town . Right now 1.5 hours away.,1,,youtube,0.6808,positive
costco,We go to Sam’s more than Costco. Sam’s has better produce and their rotisserie chicken is so much better than costcos we also buy the heavy cream and eggs from Sam’s<br>Everything is so expensive now our regular gas for regular is 525 a gallon. We r in Southern California.  Take care Jia,0,,youtube,0.8511,positive
costco,Been using Clorox 2 since my son was small (he’ll be 34 this week) love it especially on white clothes as I don’t use chlorine bleach. I add with my detergent every wash,0,,youtube,0.6369,positive
costco,I shop more at the big box stores- I look at the sales books and stay aware of what is cheaper where. For example half and half is cheaper at Sams and the size is what we can go through before it goes bad. <br>I think things are expensive everywhere I used to get almond milk from Aldi but now it’s 2.49 and it is cheaper to get members mark or when Silk is on sale at the big box stores,0,,youtube,-0.3071,negative
costco,Wild salmon does not have bugs best fish.,0,,youtube,-0.5216,negative
costco,👋🏽👋🏽👋🏽 where did you get your purse???,0,,youtube,0.879,positive
costco,Thanks for giving us the insight!! things are sooooo super expensive!!!,1,,youtube,0.8852,positive
costco,Hey girl just a reminder please put yr purse in yr car before loading yr car always be alert of yr surroundings!!!,8,,youtube,0.6571,positive
costco,Enjoyed the video. Thanks for mentioning or showing the price of the items. Greetings from Philadelphia PA USA,1,,youtube,0.8402,positive
costco,"Ummm, that thumbnail pic is not you. Not sure what’s going on, but I almost don’t click on the video even though I knew the name. Be careful using AI when it comes to your content",1,,youtube,0.3085,positive
costco,Everything is so expensive. It’s crazy,3,,youtube,-0.3947,negative
costco,Gurlllll Im stressing out over seeing your purse in the buggy and you walking over to items and leaving it alone even for a second 😖 U not scared someone will snatch it?.....Im scared for u 😣,0,,youtube,-0.6116,negative
costco,Those leggings suck now they changed them,0,,youtube,-0.4404,negative
costco,"Did you say homeschooled??? I&#39;ve fallen behind on your videos !!! When, where, and I can already imagine why! We are a homeschooling family. My oldest is going to be 14 this year, and he&#39;s never attended school! I want alll the details!!",0,,youtube,-0.6004,negative
costco,"Interesting fact: If you are blood  type B+ you may start rejecting chicken naturally in your mid life year.  Im noticing friend who happen to be  B+ are experiencing allergic like reactions to chicken.  Im experiencing being turned off by chicken.  Research &quot;Eat your blood type&quot;, just saying. 😊",0,,youtube,0.8481,positive
costco,"Girl, where was your bra, today? Did you have a wardrobe mishap during tennis?",0,,youtube,0.0,neutral
costco,Love it and I miss seeing the triplets!,123,,youtube,0.5983,positive
costco,Haylee you are GLOWING. ❤🤩🤩,52,,youtube,0.6369,positive
costco,I love when you do cosco haul i love it❤❤,29,,youtube,0.9571,positive
costco,Costcos meatloaf and mashed potatoes are very tasty ❤,5,,youtube,0.6666,positive
costco,Hey hay_hess I love your vids so much and have been watching for a long time I hope you see this comment as I enjoy watching all your videos and content ❤,9,,youtube,0.9382,positive
costco,Awww! ❤ i miss them triplets ... still love your videos ❤,3,,youtube,0.923,positive
costco,You need to a better job of disclosing an ad,4,,youtube,0.4404,positive
costco,Yes on the meatloaf!!!,0,,youtube,0.5538,positive
costco,I love these videos,8,,youtube,0.6369,positive
costco,guys… the oura ring lowkey giving the ring from miraculous,1,,youtube,0.34,positive
costco,Love this ❤❤,8,,youtube,0.9274,positive
costco,Love it ❤I miss seeing them little triplets,8,,youtube,0.5574,positive
costco,I miss the triplets!❤,3,,youtube,0.5983,positive
costco,Love ur videos,3,,youtube,0.6369,positive
costco,omg i love her sm,0,,youtube,0.6369,positive
costco,Love your videos ❤❤❤,0,,youtube,0.9571,positive
costco,"Oh, that new ring is cool. I’ll definitely get that at Costco.❤😂🎉",0,,youtube,0.93,positive
costco,Im Aaaabsolutley obsesseddd 😏,1,,youtube,0.0,neutral
costco,The meatloaf/potatoes r so delish! 😋,0,,youtube,0.0,neutral
costco,Love your costco hauls. ❤....love you haylee !!  ❤❤,2,,youtube,0.9347,positive
costco,love these vids but i miss seeing the triplets ❤️❤️,3,,youtube,0.1779,positive
costco,Ahh love you are glowing,0,,youtube,0.6369,positive
costco,"Niceeeee, I miss the triplets",2,,youtube,-0.1531,negative
costco,NOT THE ALLIANCE RING,0,,youtube,0.0,neutral
costco,Why you so pretty ❤❤❤❤❤,0,,youtube,0.9806,positive
costco,My mom has a oura ring,0,,youtube,0.0,neutral
costco,I love this,0,,youtube,0.6369,positive
costco,I love cosco meatloaf!!!!!!,0,,youtube,0.7482,positive
costco,When can you show your kids I miss them so much,0,,youtube,-0.1531,negative
costco,The way she had 300 items and showed us 3,0,,youtube,0.0,neutral
costco,Pastured organic eggs only for those beautiful boys!  It matters ❤,0,,youtube,0.8588,positive
costco,Not me thinking she was going to say 6-7 😂😂,0,,youtube,0.7003,positive
costco,I love Costco meatloaf,0,,youtube,0.6369,positive
costco,Love uuu,0,,youtube,0.6369,positive
costco,You are soooo pretty 🩷🩷🩷🩷,0,,youtube,0.4939,positive
costco,I love cosco🤍🤍🤍,0,,youtube,0.6369,positive
costco,We miss the triplets ❤,1,,youtube,0.5574,positive
costco,I miss the triplets so much🩷🩷🩷,1,,youtube,-0.1531,negative
costco,I just got news I’m pretty diabetic what are your tips?,0,,youtube,0.4939,positive
costco,Energizer drink&#39;s 😳😳,0,,youtube,0.4767,positive
costco,❤️❤❤❤❤,0,,youtube,0.9571,positive
costco,Why do you not show the tripltes,0,,youtube,0.0,neutral
costco,Love meatloaf.,0,,youtube,0.6369,positive
costco,I’m eating a Kirkland protein bar rn,0,,youtube,0.0,neutral
costco,I love whey protein😊,0,,youtube,0.8807,positive
costco,how much do yall make,0,,youtube,0.0,neutral
costco,"Seeing all these comments about “missing the triplets” is alarming to say the least. It’s so strange to me that grown adults have a parasocial relationship with these freaking TODDLERS!!!! Please girl, keep your children safe and keep them off social media ❤",2,,youtube,0.7097,positive
costco,You should make videos,0,,youtube,0.0,neutral
costco,Thats not just almond milk read your labels!,0,,youtube,0.0,neutral
costco,Hiiiiiii😊🎉😊🎉😊🎉😊🎉😊🎉😊,0,,youtube,0.993,positive
costco,I am Greek,0,,youtube,0.0,neutral
costco,Is this sponsored? The endorsement went a little wild here,2,,youtube,0.3182,positive
costco,Ooo early,0,,youtube,0.0,neutral
costco,Im earlyyy,0,,youtube,0.0,neutral
costco,"Becareful because I heard eating alot of eggs can make you constipated, I dont know if its true 💙",0,,youtube,0.7906,positive
costco,It&#39;s my birthday today! Can u pin me please?,1,,youtube,0.3802,positive
costco,First 🥇,1,,youtube,0.4767,positive
costco,Why don’t we see the triplets anymore?,0,,youtube,0.0,neutral
costco,Please please please put the triplets in the vids,0,,youtube,0.7096,positive
costco,Love it! Next time though could you disclose the sponsorship in the video and not just the description? I had a feeling it was sponsored so I looked and it was. I’d like to be told from you directly if it’s a sponsor!,2,,youtube,0.8309,positive
costco,Please do not ever use plastic to heat meals in.,0,,youtube,0.3182,positive
costco,Its the only thing I watch from this channel,1,,youtube,0.0,neutral
costco,You videos are not the same without the babies,0,,youtube,0.0,neutral
costco,why don&#39;t you show your kids anymore?,0,,youtube,0.0,neutral
costco,Sadly the chicken from Costco is so gross 😕,0,,youtube,-0.8544,negative
costco,You should he chickens there not that hard to take care of,0,,youtube,0.5417,positive
costco,Your videos are so boring and I can’t believe you have so many followers.  Nothing special,1,,youtube,-0.6427,negative
costco,im over grocery halls why should people care hm you spend people literally cant afford $1.50,0,,youtube,0.4939,positive
costco,Love this❤,0,,youtube,0.8555,positive
costco,We miss the triplets ❤,0,,youtube,0.5574,positive
costco,We miss the triplets ❤,0,,youtube,0.5574,positive
costco,We miss the triplets ❤,0,,youtube,0.5574,positive
aldi,You are such a sweet giving person.  What an example for your children.,3,,youtube,0.6597,positive
aldi,"Jackie, the only Mom excited about teacher appreciation week😂. But seriously they do deserve our appreciation and it’s great you are getting stuff for them.",1,,youtube,0.9306,positive
aldi,Great score on the almond bark for $1.49 😁,2,,youtube,0.7964,positive
aldi,"I’m laughing at myself, I’m watching you put all the things in your cart and I’m getting worried like I’m the one paying for it🤣. Another great video, I always enjoy them, see you Wednesday!!",4,,youtube,0.9391,positive
aldi,"I love to grocery shop, especially at Aldi…but oh how I hate unloading and putting it all away. Lol",4,,youtube,0.5106,positive
aldi,"Teacher, here! Today, we got cards from our students and the PTO made us lunch boxes from Red Bird (I&#39;m in Florida)! It was quite thoughtful...❤",1,,youtube,0.8377,positive
aldi,At Easter I couldnt find almond bark at all. Good haul. I bet all the teachers love you!!!!! You are amazing,0,,youtube,0.9196,positive
aldi,Hello Jackie ❤❤,0,,youtube,0.8555,positive
aldi,It was alot of food and gifts so I think total price was great.,2,,youtube,0.6557,positive
aldi,Strawberry season has been going on here in Georgia since the 1st of April. I still.need to get some fresh strawberries very soon,0,,youtube,0.3182,positive
aldi,Hi I also like watching your supplemental videos of you going to other stores.,0,,youtube,0.3612,positive
aldi,"<a href=""https://www.youtube.com/watch?v=SH9N1fI0Bqk&amp;t=1448"">24:08</a> omg you&#39;re making me so nervous not getting home STAT! 😂",0,,youtube,0.1156,positive
aldi,My last aldi haul was just under 300. I try to keep it 150 to 180 for the week.,0,,youtube,0.0,neutral
aldi,I was thinking $250😂!  Yikes Jackie!,0,,youtube,0.5399,positive
aldi,Hi Jackie 👋 watching from Arkansas....love.these videos! Aldis ❤❤,1,,youtube,0.9168,positive
aldi,I guessed $329!  🎉,0,,youtube,0.4574,positive
aldi,❤❤❤❤❤😊,0,,youtube,0.9818,positive
aldi,"Jackie, Aldi’s used to have the 12 pack of brioche rolls but the last 2 or3 weeks they have been MIA.",0,,youtube,-0.5993,negative
aldi,See ad Meijers 7 for 7 sale 1 bag oranges 1 bag onions many sale items etc 1 ea,2,,youtube,0.0,neutral
aldi,I guessed around $300. That was a full cart.,0,,youtube,0.0,neutral
aldi,I spent $36.03 at my ALDI store last week Thursday.  🤪,0,,youtube,0.0,neutral
aldi,That’s a lot of stuff for the teachers and a lot of money !!!!!!,0,,youtube,0.0,neutral
aldi,"Jackie, FREEZE YOUR ALMOND BARK. I freeze my chocolate chips, and they last so long.",0,,youtube,0.2808,positive
aldi,Hi Jackie. I shop for the month and I spend somewhere around $225.00 to $250.00 at Aldi. Everytime I go to get dough they are sold out. Lol. I love the balsamic salad dressing. I also get the thin sliced chicken breast and I use the balsamic dressing to marinate and then freeze them. It is so good. I was surprised you didn&#39;t check to see if they had your cherry tart. Mine are gone here. Thank you Jackie for sharing and I&#39;ll see you on Wednesday❤❤,0,,youtube,0.9789,positive
aldi,Speaking of holiday/seasonal  clearance every time I go down the Aisle of Shame at my Aldi I see a box of snowflake shaped fancy large marshmallows ( like you might put on a cup of cocoa) and they still aren&#39;t on clearance. I keep wondering what they are waiting for.,0,,youtube,-0.1531,negative
aldi,Meijer still has their 7 for $7 sale. Onions &amp; oranges were on the list.,2,,youtube,0.0,neutral
aldi,Just wondering:  you don&#39;t mention the homemade dog food ingredients anymore.  Is your dog okay?  I truly hope so.,1,,youtube,0.7717,positive
aldi,Can I ask you what do you guys do for a living? Plus doesn’t your husband ever say anything on how much money you spend on groceries????,0,,youtube,0.0,neutral
aldi,Your ads this week aren’t working so good.. having to stop and start many times.,0,,youtube,0.3697,positive
aldi,"I understand that the teachers are always asking for snacks , but do they ask the parents for all these snacks but do they ask if all these families have money , but they are always asking for something!!!!!!!",0,,youtube,0.0,neutral
aldi,You are so right about the size of Aldi! It is very manageable to go down each aisle and complete your list efficiently 👍🏻,18,,youtube,0.4574,positive
aldi,I like that you&#39;re teaching your little one how to bargain hunt and wait for  items.,1,,youtube,0.5106,positive
aldi,The pretzel hamburger buns r AMAZING!,1,,youtube,0.7027,positive
aldi,Get the restaurant style salsa! Green lid 1!! Its my always go too!,0,,youtube,0.0,neutral
aldi,I have found that getting the pack of 3 romaine hearts and cutting them for salads is cheaper and low effort. You’re doing great feeding a family for $162.,2,,youtube,0.7783,positive
aldi,"I like aldi too. They have better prices. To save more money, I cut out snacks. I bake my own bread and have a veggie garden out back so I spend very little on produce, garden seeds are cheap, especially at Dollar Tree.  Lettuce and cilantro are easy to grow in spring and fall and tastes so much better.",3,,youtube,0.9065,positive
aldi,"Girl, you look stunning! Love watching your videos!",0,,youtube,0.8118,positive
aldi,Make you own banana bread so easy,0,,youtube,0.5777,positive
aldi,I knew you would be over but not much!! I buy the organic beef too and it seems more cost effective or same price and much better ❤ love watching your hauls. I was telling my daughter how ive been watching you for 6 years now. Crazy,1,,youtube,0.9661,positive
aldi,I love that you shop your pantry first! I will have to keep an eye out for the banana bread mix on my next Aldi trip!,4,,youtube,0.6988,positive
aldi,Aldi Nutella is so good. I love Aldi. I&#39;ve been keeping up with these videos and have given myself the same budget for my family of 4. It&#39;s been going good. I love these videos and hauls.  ❤,1,,youtube,0.9662,positive
aldi,"Hi Abby. I always enjoy your Aldi hauls.  I shop at Aldi at least twice a week and I like to see what others get that I may be missing.  The brioche slider buns are so good, you will like them.  Love them red stickers!!",0,,youtube,0.9385,positive
aldi,"Great examples of budgeting and using your pantry effectively<a href=""UCkszU2WH9gy1mb0dV-11UJg/medal-yellow-first-red""></a>",2,,youtube,0.6249,positive
aldi,I went to Aldi today and stocked up on snacks and only spent $90. Felt like I was stealing lol,0,,youtube,0.1531,positive
aldi,"Even without make up Abby , u look great , those glasses fit , ur face . But any style would look good on you , really. I saw you , once at Aldi , remember I  waved at ya ,And said to u ,  im a big fan,  of u ,on  YouTube, I was so excited to see u there I go there a lot.  as I went inside ur were getting ur Curbside , back then. <br>Big Fan  ,  Blessings 🤗 Rachel",2,,youtube,0.9792,positive
aldi,"Oh Abby, please get romaine hearts and cut them yourself.  So much fresher and cheaper too!❤",0,,youtube,0.8748,positive
aldi,"Hi, Abby,  Would your hubby agree to be filmed while making the chicken strips?",2,,youtube,0.3612,positive
aldi,Thanks for sharing! Can&#39;t wait to see the meals you cook up using these items. 😊😊,0,,youtube,0.9516,positive
aldi,I will expose a secret..The Best to shop for Best Selection is Tuesday and Wednesday when the New Stock arrives 😋,0,,youtube,0.8316,positive
aldi,The spicy tuna packs r delicious!,3,,youtube,0.6114,positive
aldi,"Great video, Abby!  I look forward to them!  🥰",1,,youtube,0.9183,positive
aldi,I was gonna say you should’ve just gotten fresh burger for the price they want for the frozen and then you did. 😊 I thought it might go over a little bit because you got vitamins and a couple other things but all things that you need and I say feeding your family of six for that much money is excellent.,0,,youtube,0.8705,positive
aldi,Yay! New vid 🎉,2,,youtube,0.75,positive
aldi,I love your videos!!!!❤,0,,youtube,0.8902,positive
aldi,My FAAAVVVs!,0,,youtube,0.0,neutral
aldi,Hi Abby I love your glasses they look great on you from Mrs Granny Ingrid God bless you and your family 🙏👋🧑‍🦳 I only have a little suggestion I was wondering maybe next time you can do us a nice enchilada dish. 🌶️💃🤗,2,,youtube,0.9682,positive
aldi,It&#39;s not bad. How much will this shopping lasts ? I like to shop for two weeks 😅.,0,,youtube,0.7814,positive
aldi,I said the same thing about the banana bread!! It&#39;s not here in Chicago either 😢,0,,youtube,-0.5696,negative
aldi,I love your hauls and menu inspiration. Aldi is 45 miles either way so going to start making a 2 week list. Can you do that??❤️❤️🙏🙏,0,,youtube,0.8385,positive
aldi,I noticed you drive a Chevy Tundra....Ever think about a Dodge Ram?? It will protect your family in case of crash.  FTI:  Chevy and Ford are designed to crumble around you when involved in a crash. Dodge prevents that from happening 😊,1,,youtube,0.594,positive
aldi,Do you like the Aldi pizza rolls? I have never seen them before?,0,,youtube,0.4329,positive
aldi,"Verdure , solo un po’ di insalata ?",0,,youtube,0.0,neutral
aldi,Isn’t the point of cash envelopes to only spend the 150? If you go over why not put a few things back you didn’t need to stay in budget? I assumed the point is to pretend you don’t have any extra money and have to keep it to the cash you have on hand? Just seems silly to me to do the cash if you have other options that you are ok to dip into if you go over 🤷🏻‍♀️,2,,youtube,0.6848,positive
aldi,I think aldis protein pancake mix is actually so much better than Kodiak. It makes great waffles too!,3,,youtube,0.821,positive
aldi,The protein bread is my fave.,1,,youtube,0.4404,positive
aldi,Great grocery haul. Im going to have to look a little better at Aldi. You have some good finds,8,,youtube,0.8627,positive
aldi,We just got back from Aldi’s.  Unfortunately a lot of the veges were out of stock.  We had snow here for several days so now everyone is stocking up.,2,,youtube,-0.34,negative
aldi,Just wanted to say thank you for your videos.  You have helped me so much to be able to explain things to my mom about losing weight.,3,,youtube,-0.0258,neutral
aldi,Thank you for including Aldis . I try to only shop there . My husband is unemployed and it helps to keep down our grocery list.,6,,youtube,0.6249,positive
aldi,Sorry you&#39;re feeling under the weather. I really enjoy this type of video that you share. I make out my Aldi shopping list while watching. Thanks and I hope you feel better soon!,5,,youtube,0.9311,positive
aldi,Thanks Nikki! I need to go back to shopping at Aldi,2,,youtube,0.4926,positive
aldi,"Love your &quot;hauls&quot; because you tell us what you use the items for, which is so helpful.  Thank you!",8,,youtube,0.8976,positive
aldi,"nice haul, I  will check some items out that you mentioned.",1,,youtube,0.4215,positive
aldi,I recommend trying poblano peppers instead of green bell pepper.  They are delicious and would be great in your veggie mixes.,1,,youtube,0.8834,positive
aldi,"Omg, I love that you put the price of the item that you bought. Thank you!",1,,youtube,0.7901,positive
aldi,So now I’m confused because my app updated shows potatoes do have points?,1,,youtube,-0.3744,negative
aldi,Thank you for displaying the nutrition label!,1,,youtube,0.4199,positive
aldi,Thanks for sharing. Love that you share how you use these as it gives me ideas.  ❤,0,,youtube,0.946,positive
aldi,I just tried chia seeds!  Can you give me recipes please?,1,,youtube,0.3802,positive
aldi,Hyped it up. I love these hauls and love when I go to my Aldi and can actually find the same items if I’m interested. We just had potato soup so good! I’m going to make potato hash and I’m thinking of getting some sweet potatoes for next weeks hash.,1,,youtube,0.9592,positive
aldi,"Another thing - have you ever seen the Tik Tok where someone fills their ice cube tray with those elevation protein milks, and then mixes those ice cubes with coffee and protein powder for a low-calorie protein shake? I saw it on the plant slant and it sounded really good. But I couldn&#39;t find the Fairlife shakes anywhere. And then people talking badly about Fairlife anyway.... So I grabbed those last week, but I haven&#39;t made them yet because it&#39;s too cold here for iced coffee!",5,,youtube,-0.5712,negative
aldi,Can’t wait to see your opinion on those cookies!,0,,youtube,0.0,neutral
aldi,"I used to buy that turkey breast lunchmeat at aldi, but I just joined Costco, amd you have got to try thier Kirkland brand turkey lunchmeat, its SO GOOD! You&#39;ll never buy the other one again 😆 😊😋😋",1,,youtube,0.9698,positive
aldi,"🎉❤ #5 ❤🎉 <a href=""UCzH60ksnMwDrMz3YmDHUJ0w/ll7KZuz8NvSn_9EPqqrIqAM""></a><a href=""UCzH60ksnMwDrMz3YmDHUJ0w/ll7KZuz8NvSn_9EPqqrIqAM""></a><a href=""UCzH60ksnMwDrMz3YmDHUJ0w/ll7KZuz8NvSn_9EPqqrIqAM""></a> My WW app updated today 😮 Not sure I&#39;m a fan!",6,,youtube,0.9375,positive
aldi,How do you know the points for weight watchers?,0,,youtube,0.0,neutral
aldi,Great haul,0,,youtube,0.6249,positive
aldi,These videos are so helpful!  I make my grocery list while I’m watching. Totally forgot I needed frozen veggies until you held them up. <br>Has Adam tried the Aldi brand cold brew?  Personally I love it!!  Pretty much the same as Stok (imo) but cheaper. <br>Have a great Friday.,1,,youtube,0.9265,positive
aldi,The shredded chicken is my usual lunch in a low carb wrap. How many days after opening do y&#39;all think it is safe to eat? Same with the 90/10 ground beef and chicken thighs.,0,,youtube,0.2023,positive
aldi,How many points is the rotisserie chicken?,0,,youtube,0.0,neutral
aldi,"For low point syrup, if you haven&#39;t tried Hungry Jack zero sugar, if not you should! I&#39;ve also become a huge fan of the G. Hughes sauces. Honey Bbq, hickory bbq, sweet chili and teriyaki are all very yummy!!",0,,youtube,0.877,positive
aldi,Thanks for the video ... we are getting an Aldi in town soon and I always like seeing things they sell there!,0,,youtube,0.69,positive
aldi,"Hello Nikki And Adam and Trevor, Thanks For Sharing Your Aldi&#39;s Grocery Haul❤️😋I Went To Aldi&#39;s A Few Days Ago And Stocked Up REAL GOOD At ALDI&#39;S Too. I Buy Alot Of The Foods You Buy. I Love Aldi&#39;s. They Have A Great Variety Of Healthy And Delicious Foods. God Bless You And Your Family And Your Fur Babies Too.🥰👍👍👍😋😋❤️🐶🐶🙏🙏🙏✌️✌️✌️",0,,youtube,0.9884,positive
aldi,"Somebody needs to invent some new green veggies...I&#39;m tired of all the existing ones.  LOL.  We eat zucchini/onion sauteed with several different seasonings.  Taco meat is a BIG seller around here.  I Iike making bakes with it...Chris uses it with eggs for a taco omelet for breakfast...nachos, taco pasta...the possibilities are endless!  I keep seeing shaved steak and shaved chicken breasts at the store, and I keep wanting either or both, but haven&#39;t done it.  I should!  Those ciabatta rolls are good!  I got some last time I flew through Aldi.  Pretzels....I got some protein ones called &quot;Fitzels&quot;...and they are soooooooooooooo drryyyyyyyyyyyyyyyyyyy....woof.the flavor is okay, but OMG....it&#39;s liike eating baked sawdust.  That was quite a haul!  Good job!  Thanks for sharing.",0,,youtube,0.966,positive
aldi,I wonder how many points it would be to put the string mozzarella cheese in the 2 ingredient dough with prezel seasoning on it.  You made those Jacksonville cheese hot dogs in your appetizer for Super Bowl video.  I just thought that might be an idea for another video? I LOVE your videos. Thank you for all of your practical ideas.  I am making ALL of your appetizers for my super bowl party.,1,,youtube,0.958,positive
aldi,"I bought the oatmeal cookie protein powder when it was in the plastic container. Honestly, I didn’t like it in a protein shake. I thought the taste was odd. I ended up using it in baking (pancakes, muffins, etc.) and I found it better for those types of things. I don’t know if they changed anything in it when they changed the packaging.",0,,youtube,0.6597,positive
aldi,"Hi Nikki, I hope you are starting to feel better! I actually have sort of an unrelated question to this video but I&#39;m posting it here in hopes that will raise the chance of you seeing it. I notice in some of your videos you show clips of you rollerskating! Last year my daughter and I got rollerskates, and I was having a lot of fun with it, but as I was about 35lbs overweight I feel like it possibly affected my balance. I ended up falling and injuring my tailbone which is only now JUST starting to feel better. I am curious about if you picked it up during your journey or if you always rollerskated/rollerbladed (prior to your weightloss) - if so, was there a noticeable difference now that you&#39;ve lost the weight in balance/ease? I just watched another one of your videos about choosing exercises that are enjoyable and I totally agree, I bought a mini-trampoline so I&#39;ve been rebounding (really fun!) and I&#39;m really hoping to get back to skating this year because I injured myself within 3 weeks of getting them &lt;/3 I still have 25lbs that I&#39;m hoping to lose and I am trying to work through my gym anxiety, but doing dumbbell youtube videos in the meantime. You mentioned in a video how helpful it was for you to go into strength training/exercise not with a weightloss mindset but a future health mindset, and the healthy eating was for weightloss. I love that and am adopting that perspective! Anyway, thank you so much for all of work you put into these videos. I have been doing a deep dive and it really helps me stay on track!",0,,youtube,0.9949,positive
aldi,At my grocery store the pasta is $2.99 at Aldi it’s $2.15,0,,youtube,0.0,neutral
aldi,"I feel that you might need to put a disclaimer on the points. Not everyone gets the potatoes free. There are fruits in certain plans, (diabetes) that are not free. If a new to WW person is watching you and they hear you say check your zero point foods because they might not be the same as mine, it might help them.  I absolutely love your videos however that is one area to consider changing.",0,,youtube,0.8717,positive
aldi,Will you please do a video about the new updated app? A walkthrough of some sorts?<br>I hate it <br>Way way way too many steps compared to the previous format!<br>I’m thinking of canceling my membership since I will no longer be using the app. <br>So disappointed,0,,youtube,-0.8101,negative
aldi,"Nikki, I&#39;ve been binge watching your videos and you have totally motivated me to join WW. I&#39;ve done calorie counting in the past, it worked but it just wasn&#39;t sustainable for me. I am finding the point system to be so much easier and I really don&#39;t feel like I am depriving myself. Wishing you and Adam continued success on your journeys!",16,,youtube,0.9349,positive
aldi,Freeze your grapes when they seem to be going bad quickly. Sweet frozen treat,4,,youtube,0.34,positive
aldi,"I pretty much do the opposite of eating from what you do for weight loss and health.  I avoid all the produce and head straight to the meats. I look for the fattier cuts of meat like the 75 or 80% ground beef,  ground lamb ,thin sliced ribeye steaks, NY strip, grass fed hot dogs and bacon.  Next I get the Irish butter, whole fat plain greek yogurt and sometimes the sour cream and cream cheese, organic half and half. For Cheese I like the wedges  of parmesan and the Irish mature aged cheddar.  If they have it the plain logs of goat cheese.  In the freezer section I look for the fattest cut of burgers, wild caught fish and shrimp.  Canned items would be sardines in water and canned salmon and canned Chicken.   Bone Broth in beef and chicken, single serve containers.  Coffee I get the high altitude or the organic coffee.   Eating a high fat Carnivore lifestyle has drastically improved our health and weight loss without having to track what we eat.  We now eat twice a day and eat til you are full.   No more eating of foods with high levels of glyphosates, oxalate&#39;s our bodies don&#39;t need. No cravings for sweets, no brain fog, tons more energy, no skin issues, thicker healthier hair, and we sleep on average 8 to 10 hours a night.     Eating this way has simplified our cooking and reduced our grocery budget as well as we have no food waste anymore.",2,,youtube,0.6855,positive
aldi,I love your videos! Would you ever do a grocery haul and include the recipes you will use that week!?,3,,youtube,0.6988,positive
aldi,love seeing healthy options from aldi,0,,youtube,0.7845,positive
aldi,"Hello Nikki, Thanks For Sharing Your Aldi&#39;s Grocery Haul With All Of Us. I Went To Aldi&#39;s 3 Days Ago And Stocked Up REAL GOOD TOO. I Love My Aldi&#39;s. Their Prices Are SO Reasonable And Their Food Is High Quality TOO. And They Have ALOT of Healthy Options..God Bless You And Adam and Trevor And Your Fur Babies Too. 🤗👍🐶🐶🙏🙏🙏",2,,youtube,0.9676,positive
aldi,I like frozen grapes.,2,,youtube,0.3612,positive
aldi,"When buying grapes, always look for a green stem and wash in vinegar and baking soda for 10 minutes, then rinse and let dry on kitchen towels before putting in the fridge",5,,youtube,0.0,neutral
aldi,I use old fashion oats in my meatloaf- so much better than bread crumbs.,1,,youtube,0.4902,positive
aldi,"would never think to buy that, thanks for the ideas",0,,youtube,0.4404,positive
aldi,I like mixing cottage cheese with frozen strawberries or halved grape tomatoes.,2,,youtube,0.3612,positive
aldi,this is exactly what i needed for meal prep,0,,youtube,0.0,neutral
aldi,I love avocados. We have an avocado tree that is overproducing delicious avocados. I do need to use some sparingly.,1,,youtube,0.836,positive
aldi,Thanks for another great video,0,,youtube,0.7906,positive
aldi,love aldi for weight loss ideas,0,,youtube,0.4404,positive
aldi,Hey. Make a video of you getting the Burger King Sponge Bob meal. Not remotely WW friendly or related but it would be fun to see the world’s biggest Sponge Bob fan react to the BK meal. 😁,1,,youtube,0.8906,positive
aldi,Those caramel rice cakes are really good with peanut butter.,0,,youtube,0.4927,positive
aldi,great haul! gonna try those snacks 😋,0,,youtube,0.6588,positive
aldi,omg those snacks look so good 😍,0,,youtube,0.7917,positive
aldi,this is super helpful for my grocery list,0,,youtube,0.7717,positive
aldi,"super helpful ideas, gonna try some of these meals",0,,youtube,0.7717,positive
aldi,just binging on ww videos now and then weight watchers videos loving ur grocery hauls.etc. love aldis thanks for sharing always can go back then and now of urs and other ww contenters great content of foods and great ideas when I need things from aldi y&#39;all take care nikki stay safe be careful stay hydrated stay prayerful and stay safe hello to all don&#39;t forget the little doggies In God we trust God blesses us all!!!!!!,1,,youtube,0.9916,positive
aldi,this gave me some good ideas for meals,0,,youtube,0.4404,positive
aldi,Quick steel cut oats have the same texture but cook waaaay faster.,0,,youtube,-0.1406,negative
aldi,"I too enjoy an apple as my dessert. I buy the biggest ones available, very satisfying. Love this Aldi haul.",0,,youtube,0.8995,positive
aldi,Thank you Nikki. I love your sweater!,1,,youtube,0.7901,positive
aldi,"Nice haul! I love your videos and your journey. You’ve done really good! I use and do some of the things you do but I’m trying to lose weight and get my cholesterol down.  So only once a week red meat and had to cut out sausage, cheese, processed meat, dairy mostly with the exception of 1/2 and 1/2 because I have to have my coffee.<br>Those egg rolls are good - when I was eating them I’d put in air fryer and we would split them up.  So I buy that at Costco and I’ll get a carton of the organic 2 percent milk from Aldi to just have if I need milk for something. <br>I made some sweet potatoes from Aldi in the IP today. Streaming them whole without poking holes in the skin is my favorite way to cook them as comfort food in Winter. Thanks for your video!",0,,youtube,0.9649,positive
aldi,"Thanks for another video full of great ideas. I&#39;ve been using WW since May and it works really well for me. I&#39;m also gluten free, and tried a new recipe yesterday for turkey meatballs made with shredded zucchini instead of bread crumbs. Really good and cuts down on points. Your videos really encourage me to experiment with foods. Thanks again!",0,,youtube,0.9648,positive
aldi,Your grocery hauls are my favorite by far. So useful and practical. Really helpful. Prepped and stocked up = Christmas season eating success (and satisfying),0,,youtube,0.948,positive
aldi,Thank you Nikki !! I love your videos .,0,,youtube,0.8065,positive
aldi,I love your grocery hauls!  I get so many ideas from you.,0,,youtube,0.6696,positive
aldi,I am excited to hear about the dupe Fairlife Protein shakes. I usually have to drive to my nearest Costco to find them. On a good day Costco is 45 minutes away and they have been out of stock on several occasions. I will definitely try the Aldi version on my next shopping trip.,0,,youtube,0.6705,positive
aldi,I tried sliced bell peppers in queso dip I saw some one on YouTube talk about it for a good snack I can&#39;t remember the link though,0,,youtube,0.4404,positive
aldi,Can you list ingredients in your homemade salsa..thx,1,,youtube,0.0,neutral
aldi,Hey Nikki.  I feel like I remember you saying that you got some ramen from Aldi for 6pt.  Would you mind showing?,0,,youtube,0.3612,positive
aldi,You do the best hauls always give great ideal when do your blacken do you air fry  it ty,0,,youtube,0.936,positive
aldi,I decided last night that I want to join Weight Watchers! I love your channel and how detailed you are in your videos! <br><br>Thank you so much! <br><br>Love from Rhode Island,0,,youtube,0.8213,positive
aldi,"Nickey, the protein shakes the chocolate ones I’m talking the vanilla isn’t as good as fair life and can you write down your chicken salad recipe thank you",0,,youtube,0.7717,positive
aldi,I have used both types of steel cut oats  and I lime them both.  The quick or instant is just a time saving thing. I usually make them in the rice cooker so I can have them for several days,1,,youtube,-0.2732,negative
aldi,Any recommendations for weight loss struggle meals? Money and exhaustion are always what stalls my progress.,0,,youtube,-0.5106,negative
aldi,Love your sweater,1,,youtube,0.6369,positive
aldi,"🤨...<a href=""http://www.youtube.com/results?search_query=%23662"">#662</a>... 🤨 I am Behind!!!!!   I wish we had ALDI in Colorado... my mom had ALDI in North Carolina years ago.  Seems like a neat store with very reasonably priced items.  We have the standard Kroger and Albertsons local chains.   I love watching your Hauls... I get so many ideas on what I could buy to &quot;Mix things Up!&quot;  I need to try some new things because I&#39;m terribly &quot;Stuck&quot; right now.  I&#39;ll see if I can pull it together!  - Note on subbing Oats for Panko Crumbs... I would blend the oats into &quot;flour&quot;... but that may not be considered zero on WW... <a href=""UCzH60ksnMwDrMz3YmDHUJ0w/ll7KZrf9NvSn_9EPqqrIqAM""></a><a href=""UCzH60ksnMwDrMz3YmDHUJ0w/ll7KZrf9NvSn_9EPqqrIqAM""></a><a href=""UCzH60ksnMwDrMz3YmDHUJ0w/ll7KZrf9NvSn_9EPqqrIqAM""></a>",0,,youtube,0.7243,positive
aldi,"I was just at Aldi, too. I tried this protein pudding I saw in the refrigerated section by dips &amp; snack pack type things. It’s great for something protein. I can barely taste the protein. It tastes almost exactly like a snack pack pudding. I always struggle to get in enough protein so needless to say I will be going back to Aldi to get a million! 😂",0,,youtube,0.8027,positive
aldi,What part of the store did you find the egg rolls?,0,,youtube,0.0,neutral
aldi,Yessssss!! I was the first to hype today!!🥳🎉🤩 Happy Holidays!!🎁,3,,youtube,0.94,positive
aldi,"If you do a video on points breakdown, please explain any differences between male and females, as well as, pregnant women.  Plus if height changes your point allowance  Plus if weight changes plays a part in how many points you are allowed.<br><br>You have said many times for different items that you and Adam just split the item. How does that work out if you are different weights and such???",3,,youtube,0.7131,positive
aldi,"Hi Nikki, this is Mia from BCAN trampoline company. The trampoline is a low-impact fitness product, ideal for weight loss and cardio workouts. Would you like to try our latest version trampoline of BCAN?",1,,youtube,0.5423,positive
aldi,love seeing healthy options from aldi,0,,youtube,0.7845,positive
aldi,Please be careful storing avocados in water. They breed listeria,6,,youtube,0.4404,positive
aldi,"I love how your video proves that it is cheaper to eat healthy. Ultra processed food keeps you hungry and addicted but what you bought was whole foods to feed a family for a week for $50, can&#39;t beat that! Good job!",13,,youtube,0.8353,positive
aldi,those sprouted breads are awesome as a type 1 diabetic I always look for red stickers on the bread and freeze it!,3,,youtube,0.68,positive
aldi,"Really loved this video. You&#39;re the first person to devide your budget into sections around the shop, genius",2,,youtube,0.6361,positive
aldi,I saw french toast when I  saw the breakfast bread. Make a batch and freeze it. No need to buy frozen ....very convenient to warm up quickly on a busy morning.,4,,youtube,0.0422,neutral
aldi,Such helpful tips!!!  Thanks Lori.  Your videos are my favorite 😍,1,,youtube,0.9114,positive
aldi,Love that you broke your spending into categories!,0,,youtube,0.4003,positive
aldi,Those 16 bean blends are great to use in chili,2,,youtube,0.6249,positive
aldi,So well explained and so NECESSARY!  Thank you so much!  Well done!,0,,youtube,0.8139,positive
aldi,"I really enjoyed this. I feel like I hit the lottery when I find a fifty percent off sticker on something I would buy anyway.  And, the organic, whole milk yogurt is the best. My Aldi sells out quickly, so when I see it, I buy two or three. It keeps well past the expiration date.  You&#39;re a lovely person.",1,,youtube,0.945,positive
aldi,"I do love that Aldi greets you with the real food 💗 I am so overstimulated by other grocery stores. At Aldi I can do my week&#39;s shopping in about 15-20 minutes after work, and it definitely cuts the cost by at least 30%",1,,youtube,0.9042,positive
aldi,This was a grear video.  Lots of good ideas.  Aldi is my go to store.,2,,youtube,0.4404,positive
aldi,"Have you ever tried to make your own yogurt? It’s not that hard and if you go through a lot of it, it may be worth it for yall. 😊",2,,youtube,0.8018,positive
aldi,Very helpful. Thank you,1,,youtube,0.707,positive
aldi,I really liked this video.,0,,youtube,0.4754,positive
aldi,Aldi is where it’s at! Love your tips!,1,,youtube,0.6988,positive
aldi,This video was for me! We just got an Aldi&#39;s in our town. It&#39;s been open three days. These tips are going to help me so much! Thank you!!,0,,youtube,0.7681,positive
aldi,Thank you,0,,youtube,0.3612,positive
aldi,"So interesting seeing bargains at larger chains. We only have 3 different supermarkets in New Zealand that I can choose from, so we don’t get real bargains because there isn’t that competition. Beef mince right now is around $30 a kg, butter $8 a block. Thank you for showing me around your store ❤😊",4,,youtube,0.9152,positive
aldi,"Excellent. I live in Tampa, FL &amp; I have at least 4 newly renovated Aldi stores within 15 min. of my house. This grocery haul would of been 40-50% higher at Publix! I love Aldi.",0,,youtube,0.8478,positive
aldi,"I love Aldi. I really love finding the red sticker deals, but I haven&#39;t been as lucky with finding them lately. If I go more often, I find them more frequently! Thanks for the budget tips! ❤",0,,youtube,0.967,positive
aldi,very well done,1,,youtube,0.3384,positive
aldi,"It is California strawberry season. Here in Seattle,  Kroger/QFC has 1 LB strawberries for $2.",0,,youtube,0.0,neutral
aldi,"I really enjoy watching your videos. I would of loved to see more of the Aldi prices and selection of items in this video though. You barely showed what was available. Maybe next trip can slow down, and show each aisle, the sales and what you purchased &amp; why at the end of your video? <br>👍",2,,youtube,0.8122,positive
aldi,I remember I spent $20 at Aldi once a few years ago. I came out with 2 full shopping bags of vegetables. <br><br>We&#39;ll never see prices that cheap ever again 😞,0,,youtube,-0.4767,negative
aldi,Azure sells Sprouted whole grains! My parents buy it and ground the wheat berries to make their bread! We buy their regular organic flour or wheat berries because it’s cheaper but my dad has to have sprouted grains. Just thought I’d let you know in case you wanted to try making your bread with it!,0,,youtube,0.0,neutral
aldi,I might need to start driving the 30 minutes to Aldi. If I can save on the 50% off stickers it will stretch our budget so much more. Whole chickens are like the gift that keeps on giving.😁,0,,youtube,0.9186,positive
aldi,"Or skip the meat and cook with beans and lentils. You can serve 8 servings with a pound of beans. You can buy pinto beans for 2 pounds for about $2. So16 serving for about .14 cents per serving. Add a high nutrient starch, vegetables and fruit.",0,,youtube,0.0,neutral
aldi,"In all the years I have shopped at Aldi never, but one time got a price off and it was 30 percent on a whole chicken. I live in Auburndale, Florida. hardly ever see anything with the red stickers here. Love your channel.",0,,youtube,0.7783,positive
aldi,I hyped...I love your hair! ❤<br>We have sucky Aldis here ( we are in Walmart country),1,,youtube,0.3802,positive
aldi,I understand going to Aldi as a one stop shop is easy but one thing I’ve learned in my area is Aldi isn’t always cheapest at all.,0,,youtube,0.09,positive
aldi,Have you try to do a mix of Aldi and Costco for groceries??,0,,youtube,0.0,neutral
aldi,Does aldi reduce prices on meat on certain days or is it random? What about red dot stickers?,0,,youtube,0.3527,positive
aldi,Hello Lori I agree with potatoes being a great building block for meals but I gave up on aldi potatoes I just have had really bad luck with Aldi potatoes now Sam&#39;s club potatoes last for 6 weeks at least and they are $4.35 for 10 pounds.  Now I will tell you I love aldi for anything else.  I love aldi meats when I can get a family pack of chicken thighs 50% off and get a pack for $3 I buy as many as I can get.  We made those beans last week and used a hambone some celery and onion it made a very good bean soup.  Thank you for a great video Lori sending you lots of hugs and ❤!,0,,youtube,0.9911,positive
aldi,What day of the week did you find those deals??,0,,youtube,0.0,neutral
aldi,What ever happened to grocery prices going down on day one??? They are higher and higher everyday.,0,,youtube,0.0,neutral
aldi,FYI. Strawberries are in season in February,0,,youtube,0.368,positive
aldi,"Wow , I did not know i could frezz avocado. Do you just frezz them whole in the skin ?",0,,youtube,0.5859,positive
aldi,"Now, now, our President says he eliminated Inflation.",0,,youtube,0.0,neutral
aldi,My aldi.never.has discounted meats,0,,youtube,0.0516,positive
aldi,Keep onions and potatoes away from each other makes them last longer.,6,,youtube,0.0,neutral
aldi,Praying all of you feel better soon!!,4,,youtube,0.717,positive
aldi,I hope you and your family get to feeling better soon.,3,,youtube,0.743,positive
aldi,"I could tell by your expression in your car that you felt bad 😢!  There is a virus going around again that has folks sick (and I am sick and tired of it!). Thanks for pushing through the video Jackie, feel better quickly!!",4,,youtube,-0.9094,negative
aldi,"I used to get my bacon from Sam’s, bake it on a wire rack at 400° f after adding fresh cracked pepper to make my own pepper bacon. Now I only get the thick pepper bacon at Aldi and put it in the air fryer. Much quicker and easier to clean up. 🥘💙",0,,youtube,0.9001,positive
aldi,I love those canned potatoes!!!,1,,youtube,0.7249,positive
aldi,I hope that you all feel better soon! ❤,1,,youtube,0.8832,positive
aldi,Hope  yall are feeling better soon!,1,,youtube,0.7644,positive
aldi,I hope you and your kids feel better real soon. I am having knee surgery tomorrow and hubby doesn&#39;t cook so I&#39;ve been meal prepping using my Aldi groceries. Love your Valentine&#39;s Day treats.,1,,youtube,0.875,positive
aldi,"Glad you had a sunny day. Hope you all feel better. Soup sounds perfect.<br><br>The tiramisu ice cream sounds delish, too. The soups will balance it out. And cookies.",1,,youtube,0.891,positive
aldi,Sending prayers that y&#39;all feel better quickly💛,3,,youtube,0.7964,positive
aldi,I had guessed $125 for the Aldi&#39;s haul! I was close!,1,,youtube,0.0,neutral
aldi,You got me addicted to the toasted coconut yogurt.,1,,youtube,0.0,neutral
aldi,"They’ve been out of that cat food in my area, too.",0,,youtube,0.0,neutral
aldi,Your husbands meal choice sounds like a 6 year old 😂😂. Hope you all feel better soon!,1,,youtube,0.9245,positive
aldi,I was sick since Christmas took me until almost end of Jan to even start to feel human. Lots of soup.<br>I wasn&#39;t sure I was gonna make it. LOL Hope you feel better soon and the kids too!,1,,youtube,0.8236,positive
aldi,I know exactly how you feel Jackie I have a bad dose of the flu trying to recover. Stay well if you are going out of town . Great Aldi haul ❤️,0,,youtube,0.0258,neutral
aldi,Fruit ripens fastest when stored in a paper bag at room temperature with a ripe apple or banana. The ethylene gas released by ripe fruit accelerates the ripening process.,0,,youtube,0.0,neutral
aldi,❤Omg thanks for the tomatoe soup recipe and can you show us how you make the veggie fried rice recipe 🤗😋🥡🥢,0,,youtube,0.6908,positive
aldi,Watching you from Delaware.,0,,youtube,0.0,neutral
aldi,You know those brownies are for real when they drop like a Confetti. 🤣,0,,youtube,0.5574,positive
aldi,"Another great Aldi video! I’ve been sick too so my husband might have to shop alone, it’s not the same🤣. I hope you and your family feel better soon!!",0,,youtube,0.865,positive
aldi,I was so close I guessed 130.00,0,,youtube,0.0,neutral
aldi,I hope you and family fell better.❤❤😢😢,0,,youtube,0.8402,positive
aldi,"We have been sick for over,all 4 of us, for over 2 weeks ,my autoimmune doesn&#39;t help with illness,great job shopping at Aldi,enjoy the store",4,,youtube,-0.1531,negative
aldi,"My guesses for your totals were:<br>ALDI: $137.00.<br>MEIJER: $45.00.<br>I would like to come over on Thursday.  But, since I live in Iowa, that would be too long of a drive for pancakes, bacon and potatoes.  🤪",1,,youtube,0.1901,positive
aldi,My aldi is still doing 50% off stickers. Just bought some this sunday.,0,,youtube,0.0,neutral
aldi,"Great buy on that Aldi sliced cheese, I should pick some up for grilled cheese sandwiches.",0,,youtube,0.6249,positive
aldi,The mottled citrus are fine.  The ones that have the most consistent colors are often died.  So go back and get the mandarins.  This was the norm years ago.  Not sure about today.,0,,youtube,-0.5806,negative
aldi,Been down since new year&#39;s day Michigan here,0,,youtube,0.0,neutral
aldi,"Ask if you can&#39;t find them,,,,❤❤",0,,youtube,0.8555,positive
aldi,I have been into making soups lately. Funny thing is I never liked soup growing up. I have made veggie soup..a creamy chicken noodle soup..that was really good...I also made a regular chicken noodle soup..that turned out ok. My veggie soup is my favorite so far. I have been using frozen veggies. Just made some yesterday and used the crockpot and let it do its thing all day. YUM! Feel better soon!!🥰🥰,0,,youtube,0.9699,positive
aldi,Do you have a video for your breakfast potatoes?,0,,youtube,0.0,neutral
aldi,Your tomatoes are $.88?  Ours have been $.98 for at least a year.  Not fair!  Good thing I bought several flats when they were $.49.  They&#39;re past their best buy date now but still taste great. 😀,0,,youtube,0.8912,positive
aldi,"Hi ...the link for your tomato soup did not show up on my feed. Just wondering where it is?<br> Thank you, I&#39;ve been really enjoying your videos.",0,,youtube,0.7346,positive
aldi,Get Well,0,,youtube,0.2732,positive
aldi,I bought the hot honey and it&#39;s delicious. I think you&#39;ll really like it.,0,,youtube,0.7574,positive
aldi,"No matter how you cut it, your videos are TOMATO-ally awesome! 🍅<br><br>Hope you&#39;re feeling better! I&#39;m ready for the summer weather, please! 😭",2,,youtube,0.8361,positive
aldi,"Oh, your voice sounds as if you’re not feeling well.  Hope you feel better soon.",0,,youtube,-0.1754,negative
aldi,"Girl, I feel you with being under the weather over the weekend. I&#39;ve had the stomach virus over the weekend and it was hell on earth!!! Ugh!!!",1,,youtube,-0.8614,negative
aldi,I hope you and your family are fully better soon.,1,,youtube,0.7264,positive
aldi,Great video Jackie. My Aldi is just 3 minutes from my house. Thanks for great content. Hyped !😀💜,1,,youtube,0.9589,positive
aldi,Yes we have been sick since Christmas,0,,youtube,-0.1531,negative
aldi,😊👋👍 💗💗<br>Hope everyone feels better soon.,0,,youtube,0.9565,positive
aldi,"Hope you feel better soon.  Warning up in the south, still chilly in the am.",0,,youtube,0.5267,positive
aldi,Feel better! I was sick the last 5 days here in N. Texas....finally getting better today.<br><br>Request:  Please intro your kitties!  🥰🥰🥰🥰,0,,youtube,0.9878,positive
aldi,Hi Jackie im like you ready for spring Sumner weather!   Lots of warm weather!   Tired of cold 🥶...!      Watching from hot springs Arkansas!  ❤❤   love your videos.  Oh i love pancakes 🥞 yum.   Sorry yall have been aick poor Cal,0,,youtube,0.9616,positive
aldi,"Hi Jackie. I&#39;m just getting over the flu. Right after Christmas I had that Novovirus and it wasn&#39;t fun. I have a compromised immune system (MS, diabetes) so it takes me three times longer to get over a plain cold. Yesterday was so cold. At noon it was -5 to -1. It&#39;s supposed to get in the mid thirties by Wednesday.  It&#39;s going to be a heatwave. LOL. I hope you feel better. I hyped 💫 this video. Thank  you Jackie for sharing ❤❤",1,,youtube,0.9751,positive
aldi,I am a little annoyed my Aldi does not get all the items you show. they had  the  frozen chicken  like KFC&#39;s  and  4 days later gone,0,,youtube,0.0498,neutral
aldi,"Yep high dollar Aldi commerials are coming at a cost to us…now we are getting only 30% off red stickers, gone are the days of 50% off?",1,,youtube,0.296,positive
aldi,Unusual<br>You didn&#39;t get water at Aldi!?! 😮,0,,youtube,0.0,neutral
aldi,"If oranges or any citrus look pale or green...they ARE GREEN and unripe and will never ripen, just rot. Enraging!",0,,youtube,-0.6239,negative
aldi,I notice you never look at the fat and sodium content on anything,0,,youtube,0.0,neutral
aldi,"Americans need to be boycotting this company, and all outside companys.",0,,youtube,-0.4019,negative
aldi,I used your apple after dinner trick and it works great! Sometimes I&#39;ll have a bit of peanut butter too and it is actually very satisfying 😊,13,,youtube,0.9295,positive
aldi,"I always appreciate your flexibility and go with the flow attitude. It helps me so much to stay on track -  even if ingredients, point values, etc aren&#39;t exactly what I&#39;d planned for. With food I tend to have black&amp;white thinking. If everything isn&#39;t exactly as expected, I feel like I&#39;ve failed, or that it won&#39;t work for me, then feel like giving up. I love how you just happily use what you&#39;ve got, and make it work. I keep this in mind all the time and it&#39;s so helpful! 🙏🏻💜",3,,youtube,0.9825,positive
aldi,I love those vanilla protein drinks!,2,,youtube,0.6696,positive
aldi,Just hyped the video!🥰🙏👏 I love your fun hauls from various stores.😊❤️ It is also nice and very helpful that you briefly mention how you use the items.😊🙏,4,,youtube,0.9861,positive
aldi,"Hello Nikki, Thanks For Sharing Your Aldi&#39;s Grocery Haul With All Of Us. I Went A Week Ago And Stocked Up REAL GOOD At ALDI&#39;S Too. I Love Aldi&#39;s Frozen Blueberries And Their Other Frozen Fruits. I Am Hooked On Aldi&#39;s. They Have So Many Different Healthy Foods And Are So Affordable. Their Paper Towels Are Really Good Too. God Bless You And Adam And Trevor And The Fur Babies Too. 👋👋👋👍👍👍😋😋😋🐶🐶🐝🐝🐝🐝🙏🙏🙏",1,,youtube,0.9866,positive
aldi,"Thanks for another Aldi video!  Love how you put the prices at the end too!  It&#39;s not here yet, but hopefully in the next few months.",4,,youtube,0.8264,positive
aldi,The protein puddings are soooo good!,3,,youtube,0.4926,positive
aldi,"Ooh, Jalepenos popper pasta? I hope I can find that recipe. I definitely need to rotate in a few new dishes.",3,,youtube,0.6808,positive
aldi,Great haul,1,,youtube,0.6249,positive
aldi,Good evening Nikki,0,,youtube,0.4404,positive
aldi,Have you shown making the sauce from the tomato paste on your channel? I don’t know why that’s literally never occurred to me before 🙈,0,,youtube,0.0,neutral
aldi,"You make it look so easy! I am 56 now and it just seems so hard to lose weight. But, I know that I need to work the program better. I just wish I had the drive that you have to stay consistent.  Thank you for another awesome video! Happy April!",1,,youtube,0.9755,positive
aldi,"I really like the Aldi vanilla protein pudding. I add some fruit for a tasty dessert. I get the profeel protein pudding as well and it’s like eating chocolate mousse. <br>I don’t follow WW points but I think it’s worth the points/calories compared to eating other options for dessert or snack.<br>Your channel is a great example that you can lose weight eating, delicious food, and it doesn’t have to be grilled chicken and salad every day. This is the type of eating plan that has helped me lose 80 pounds.",1,,youtube,0.8792,positive
aldi,curious about Aldi,0,,youtube,0.3182,positive
aldi,I always love all your content!! You help me soo much!!  Im now addicted to Cosmic apples😋,0,,youtube,0.8429,positive
aldi,"Hey Nikki, so glad to listen to another one of your videos. I enjoyed the one you did two days ago. I thought it was very informative and very helpful. I really enjoy watching you do your meal prep and listening to all the things that you cook. I know I wrote you and I know you weren’t able to write me back that night but hopefully you read the comment of everything. I said I’m feeling a little bit better today than I was two days ago but now I’m having issues from the two antibiotics that I’m taking. It’s been a crazy trip over the last few weeks. Had a lot going on with my house getting it clean and everything now thank the Lord it’s done. My mom really stepped in and helped out so I’m really happy about that. Hope to hear from you and hope you have an amazing amazing rest of your week. Hope to hear from you and hope to hear from you on Thursday.",1,,youtube,0.9948,positive
aldi,"I haven&#39;t shopped at Aldi yet, but thanks for the shopping haul and the great info as usual.",0,,youtube,0.8885,positive
aldi,Good Aldi grocery haul. I bought the pretzel thins there and I really like them,1,,youtube,0.6901,positive
aldi,Yesterday my eating was off the rails. It happens but I’ve still had weight-loss and I’m back on track today. I still track everything in WW when I’m not making the best choices.,0,,youtube,-0.6759,negative
aldi,Great haul. Love Aldi ❤,0,,youtube,0.926,positive
aldi,"Hi Nikki, love your videos, and the recipes.  I have been doing WW for a while now, but have to stop the payment.  Your recipes will become even more valuable to me then,  Your Aldi stores have a much wider range than ours in Australia, lucky you.  Best wishes, Beth",0,,youtube,0.95,positive
aldi,Good haul Nikki.,0,,youtube,0.4404,positive
aldi,"I never used canned or jarred spaghetti or pizza sauce. Just love to make my own 👍 I&#39;ve been blending Avocado with some plain cooked potatoes  &amp; a little water to get the right consistency, add a little salt garlic and lemon makes a creamy dip or dressing. ( you can even add ranch seasoning and make it like a dressing. Actually really yummy !",0,,youtube,0.893,positive
aldi,⭐️#3⭐️ Liked &amp; Hyped,1,,youtube,0.4215,positive
aldi,"Huh, all in, no weekly points? Hmmm. I&#39;ll have to look into that. I was in trouble with weekly points, but I&#39;m not sure how I&#39;d do without.  LOL!",1,,youtube,-0.84,negative
aldi,Hi Nikki...Can you and Adam try the protein puddings on your next snack review?,0,,youtube,0.0,neutral
aldi,I&#39;ve never seen those pudding cups. They need to be in the next snack review. That chocolate milk and the other 2% like it rival the &quot;big brand&quot; and are amazing. I also love the Aldi brand Fiber one dupes. The chocolate are amazing and the coffee cake ones taste like the pumpkin Little Debbies they sell in the fall.,0,,youtube,0.9501,positive
aldi,Would love to know what you marinate the chicken in &amp; how you cook it - it looks great!,0,,youtube,0.8622,positive
aldi,"My dietitian just recommended those protein puddings to me. A client told her they were good. I have been buying the pro-feel when I am at a store that sells them. I don&#39;t like the chocolate mint, could take or leave salted caramel, but the chocolate is very good and there&#39;s something like 15 or 20 grams of protein, and only 5 grams of sugars. I haven&#39;t tried the Aldi ones yet",1,,youtube,0.8895,positive
aldi,I would love to do weight watchers but with my health issues potatoes and grapes are no no’s for me 🥺,0,,youtube,-0.0516,negative
aldi,"I&#39;m sorry, can you please explain what you mean by &quot;creamies&quot;?",1,,youtube,0.25,positive
aldi,"I wish I could find that ham here. <a href=""https://www.youtube.com/watch?v=6mEk4Kr3WRU&amp;t=856"">14:16</a>",0,,youtube,0.4019,positive
aldi,where can we find your book,0,,youtube,0.0,neutral
aldi,Have you tried twisted dough? I have been getting the little sample containers and it’s just enough for my sweet tooth. Some of them are low points,0,,youtube,0.2263,positive
aldi,"Nikki, do you cook your veggie mix or use it raw???",0,,youtube,0.0,neutral
aldi,Why do you get canned corn over frozen corn? I find frozen corn so much better tasting... anyways great haul... i wish I had an Aldi,1,,youtube,0.8744,positive
aldi,What?!? No bell peppers?!?😂,1,,youtube,0.5013,positive
aldi,Soon they are going to put what isn&#39;t  zero point foods because there will be less of them!!!,0,,youtube,0.0,neutral
aldi,"Here in Minnesota in the last 30 days we&#39;ve had a blizzard, tornados, baseball size hail, today was 78° and the low Saturday is going to be 29° no changing out cozy clothes for this girl. It&#39;s a wardrobe for all the seasons  around here 🤣😂",3,,youtube,0.4767,positive
aldi,Nurses Day is I believe May 6! Thanks to nurses for all you do for others! ❤️,1,,youtube,0.5399,positive
aldi,The fight between winter and spring  has been epic this year.,6,,youtube,-0.3818,negative
aldi,There you are.  I was having Meghan/Aldi withdrawals.  😔🥰😄,5,,youtube,0.9201,positive
aldi,"Bruh is coming. I thought, &quot;My kids will never...&quot; Then middle school happened 😂!",1,,youtube,0.4926,positive
aldi,Pineapple jalapeño jam over cream cheese! Just sayin&#39;!,3,,youtube,0.0,neutral
aldi,Our stores here in Michigan are never packed out like yours is. It&#39;s always slim pickings.,0,,youtube,-0.2755,negative
aldi,The cookies are okay. Probably the peanut butter is the best of them but not going to knock your socks off. 3 out of five maybe.,2,,youtube,0.4678,positive
aldi,"Anything garden from Aldi, you better have an engineering degree and 12 extra hands to build. JS",2,,youtube,0.4404,positive
aldi,Yes! Spring weather... Almost hit 90 degrees 2 days ago. Possible freeze warning in 3 days.😮,3,,youtube,0.2003,positive
aldi,Thought that was a big spider web. 😜🥘💙,0,,youtube,0.6369,positive
aldi,That&#39;s expensive for a watermelon. I&#39;ll wait until mine grow in the garden.,1,,youtube,0.0,neutral
aldi,"Thank you Meagan, even though I stopped buying food items at Aldi, I still watch you for the household items. Aldi’s unfortunately now sell food items that have bioengineered and seed oils in them. Non GMO, but heavy laden in chemicals.",1,,youtube,-0.1027,negative
aldi,The gal from Illinois who chooses a southern drawl persona🤣🤣🤣<br>And then……back to Illinois!  Love Aldi - thanks for including them weekly!,1,,youtube,0.9335,positive
aldi,Saw you taste the sweet potato casserole before and I had to try it.  Wow it was good and I don&#39;t like sweet potatoes usually...this is a winner<br> Thanks for your taste tests 😊,5,,youtube,0.9723,positive
aldi,Nurse&#39;s week is the second or third week of May.,0,,youtube,0.0,neutral
aldi,I worked in grocery retail for 14 years and we called everything flavors even if it was nail polish😅 I love your videos!! Thank you for sharing.,0,,youtube,0.9115,positive
aldi,"Meghan good morning so very nice to see you. You look quite lovely today. Thank you so much for the what’s new at the Aldi. You were quite funny today I needed it. I needed it all good laugh. Sending you blessings, prayers, much love, and a great big hug.🙏❤️",2,,youtube,0.9897,positive
aldi,The curtains are so pretty. Did you notice the width anywhere on the package?,0,,youtube,0.6269,positive
aldi,"Hi Meghan, Great to see ya again!!!",2,,youtube,0.7163,positive
aldi,I tried the key lime and the Mango Brûlées.  I’m sticking to vanilla. ❤,0,,youtube,0.6369,positive
aldi,Thanks for sharing all the new items. Great job!  Have a great day and enjoy your family🦋🌼,2,,youtube,0.9545,positive
aldi,"Oh Meghan,  I sure hope you got the spicy lemonade or limeade to taste test. I&#39;d love to see your facial expressions. Lol. I&#39;m going to Aldi tomorrow to get both for my husband.  He doesn&#39;t even think ghost peppers are hot. I want the chocolate coconut coffee.",1,,youtube,0.8807,positive
aldi,"Refreshers for keurig sounded fun, plus all the 50th aldi merch that incl clothes for men",0,,youtube,0.5106,positive
aldi,2nd❤❤❤ Nurses day is not until May..,2,,youtube,0.9274,positive
aldi,"I cooked the rice on the stove, came out really good, I turned it into yellow rice with mojo chicken, my husband and three boys cut down two sycamore trees (large trees struck by lightning), this was their treat for helping us, rice was delicious and easy to cook!",0,,youtube,0.8976,positive
aldi,Thank you Meghan ❤ Have a beautiful day 🌄🌞🫂❤️,0,,youtube,0.891,positive
aldi,"You use an edger around flowerbeds to keep the grass from growing into them. 🌺🌼🌷🏵 | 🌾🌾🌾<br>I was hoping you would give the dimensions of the Galvanized Garden Bed, since those details were not in Aldi&#39;s online ad for it.<br>I have 4 Aldi&#39;s around me, but it&#39;s 20+ miles in any direction to any of them, so I like to have as much info as possible before I make the trip. <br>Thanks!!",1,,youtube,0.758,positive
aldi,Coffee and whiskey for you and Marcus since you&#39;re your kids teachers😂🎉,0,,youtube,0.6808,positive
aldi,&quot;Real cheese powder &quot; isn&#39;t that an oxymoron?  😂,1,,youtube,0.34,positive
aldi,I wish they’d get the Macaron’s back in stock. Lots of new stuff &amp; I’m going tomorrow. Thanks for showing us everything &amp; have a relaxing weekend!🥰,0,,youtube,0.9468,positive
aldi,Thank you Meghan 😊,1,,youtube,0.8176,positive
aldi,I love Vita Coco it&#39;s a great drink tried the coconut water it&#39;s my favorite drink bought some at Costco now that they have them in treat flavors like the strawberry orange and lemonade sounds great,2,,youtube,0.9666,positive
aldi,The mint chip bars appeal to me 😋 Have a blessed day with the fam ❤😊,0,,youtube,0.9337,positive
aldi,Hi Meghan. Big mistake. Huge. PW one of my favorite movies. It&#39;s been so warm here in CT with temps today topping out at 88°. By Monday into Tuesday the highs are going to be in middle 40&#39;s with the overnight about 30°. The weather man says we might get snow!!! Talk about global warming. I love it when Aldi gets it&#39;s seasonal items in. Thank you Meghan for sharing❤❤,0,,youtube,0.9771,positive
aldi,Thanks for sharing!<br>💛,1,,youtube,0.8122,positive
aldi,Can’t wait to see you tomorrow. 💙💙💙,0,,youtube,0.9274,positive
aldi,I think the Doritos you tasted was from Sams. Didn&#39;t you hear me telling you😂,4,,youtube,0.4404,positive
aldi,Those key lime cookies taste like chemicals.,1,,youtube,0.3612,positive
aldi,Just FYI...the chocolate mini pancakes....they are darn good.  I have been getting them for my 7 year old &amp; they are perfect for her.  I was worried about the quality so I tried one....then I got a plate of them.  Very tasty!,0,,youtube,0.69,positive
aldi,"Thanks, Meghan.",0,,youtube,0.4404,positive
aldi,I love these &quot;shop with me&quot; at Aldi videos!,0,,youtube,0.6696,positive
aldi,"ooh the magno parfait was good, wasnt too fond of the key lime...to strong of a limey syrup flavor.....and i love key lipe but this wasnt it for me....go with the mango",1,,youtube,0.612,positive
aldi,"Meghan, you always look so pretty. What mascara do you use? Also, did you see the cute Aldi tennis shoes in the pink and green? They are adorable and only $15. Hopefully i can find them tomorrow when I go. I also love all of the mom mugs! Can&#39;t wait to see what you decide to taste test for us! God bless!",1,,youtube,0.9731,positive
aldi,Thx for the shout out to all of the nurses😊  BIG mistake.. Pretty Woman🩷,1,,youtube,0.8519,positive
aldi,The spray nozzle is junk.  Popped into a hundred pieces in a week 🙄,1,,youtube,0.0,neutral
aldi,HELLO It’s me! Thanks again for another great show ❤,0,,youtube,0.9098,positive
aldi,"Big mistake, big, HUGE....gotta go shopping now!!!",1,,youtube,-0.5067,negative
aldi,lol me too,1,,youtube,0.4215,positive
aldi,Do you have a Trader Joe’s near you?! It would be AMAZING if you could add that store to your list! I love your videos!!,0,,youtube,0.8979,positive
aldi,WOW 1976 ALDI bag!!! That’s the year I was born!!! ❤🎉,1,,youtube,0.9274,positive
aldi,Hi Megan! Pretty women! 🙌,0,,youtube,0.5837,positive
aldi,I thought my cat would love the washable rugs because they&#39;re so soft but he acted like he was stepping on something unpleasant. It was so funny to watch,0,,youtube,0.779,positive
aldi,How do I find your other channel?,2,,youtube,0.0,neutral
aldi,I&#39;m watching ❤❤❤❤😊😊😊😊😊,0,,youtube,0.9931,positive
aldi,FIRST🤣😅😂😂😅🤣,1,,youtube,0.9451,positive
aldi,I love ya but I don&#39;t know where you live that you get all this stuff?!?!  NONE of my Aldi stores ever get about a quarter of some of the 😢 things talk about.  I asked my favorite folks at a few Aldi stores &amp; they say unfortunately not everything is available in every part of the states like here in Orlando 😢,1,,youtube,-0.5414,negative
aldi,❤❤❤❤❤❤❤❤❤,0,,youtube,0.9911,positive
aldi,The running got them tired -for the table runners! HAHAHA,4,,youtube,0.4069,positive
aldi,I have kissed the Blarney Stone! What I remember most fondly about Ireland was the warmth and hospitality of the people.,1,,youtube,0.8436,positive
aldi,Seeing all the Easter goodies makes me miss when my kids were little. All mine are grownup and now I have 2 granddaughters.🐤🐰🐥🐇🐣,6,,youtube,-0.1531,negative
aldi,"<a href=""https://www.youtube.com/watch?v=YCYrWUC2YfY&amp;t=661"">11:01</a> I want 😂",0,,youtube,0.4939,positive
aldi,The Easter festivities need a Peep or three.,1,,youtube,0.4767,positive
aldi,I love the flowered Dutch ovens!  Thanks Meghan!,3,,youtube,0.8264,positive
aldi,My three year old granddaughter is gonna get spoiled by me 🙂,4,,youtube,0.4033,positive
aldi,I’m sadly addicted to the sour watermelon peeps from Walmart.,2,,youtube,-0.4215,negative
aldi,I make a lamb cake and a carrot cake for Easter. The lamb cake is part of my Polish family tradition. 🐑,7,,youtube,0.0,neutral
aldi,I was at my Aldi today and was so disappointed they didn&#39;t have 90% of the new items.😢,4,,youtube,-0.7959,negative
aldi,What… no chocolate covered coconut Easter eggs??? Nothing says Easter like a chocolate coconut Easter eggs!,1,,youtube,-0.63,negative
aldi,Waiting for them to get their carrot cake in.,0,,youtube,0.0,neutral
aldi,"Meghan, thank you for showing what&#39;s exciting at Aldi.❤",0,,youtube,0.872,positive
aldi,“ Is this for deviled eggs?! I could eat the whole thing!! Not a good idea my stomach doesn’t appreciate it but that’s cute!!” How I feel about a variety of appetizers and snacks,0,,youtube,-0.4255,negative
aldi,Check ingredients for seed oils!!,0,,youtube,0.0,neutral
aldi,Love raspberry anything 🎉😂❤,1,,youtube,0.9325,positive
aldi,My oldest (24) likes peeps frozen,1,,youtube,0.4215,positive
aldi,❤  Peeps,3,,youtube,0.6369,positive
aldi,Hey Meghan thanks for the video,0,,youtube,0.4404,positive
aldi,STOCKING? I think you mean basket!😂😂,0,,youtube,0.7263,positive
aldi,My youngest (12) loves the kinder joy,0,,youtube,0.8934,positive
aldi,Wow! Candy stock up time!,0,,youtube,0.658,positive
aldi,"I love you angel girl,  but l bypass ALL the sweets",1,,youtube,0.8979,positive
aldi,"Thank you, Aldi’s on Saturday morning!🥰",1,,youtube,0.8777,positive
aldi,I like the 🐥 stale. The best.❤,0,,youtube,0.8979,positive
aldi,"I just love the Aldi videos!! I love them all, you bring me joy ❤",3,,youtube,0.9583,positive
aldi,Haribo Coke is my favorite gummy.,1,,youtube,0.4588,positive
aldi,Cute Easter,0,,youtube,0.4588,positive
aldi,I absolutely love your wonderful videos especially exciting to see the delight and excitement when you share the walk throughs of Aldi every week!! Aldi is one of my favorite stores and I love to check out their amazing and tantalizing aisle of wonder,0,,youtube,0.9871,positive
aldi,Are you going to share your haul? Im excited to see all the goodies in your cart😂,0,,youtube,0.7579,positive
aldi,Love your sense of humor 🤣,0,,youtube,0.8591,positive
aldi,❤❤❤❤❤❤❤❤❤,0,,youtube,0.9911,positive
aldi,The pillows this week are just darling... I also love that pink bunny shaped candle 😍💖☀️🌷,0,,youtube,0.9545,positive
aldi,Happy Thursday. Eghan,0,,youtube,0.5719,positive
aldi,Thanks Megan. I&#39;m getting ready to go to Aldi&#39;s now because I want one of those deviled eggs boards and the bread box.,1,,youtube,0.4767,positive
aldi,Hey Meghan!<br>Love the Easter decor😊<br>Great job Aldi! 🤗🐇🐥🌻💐,1,,youtube,0.855,positive
aldi,I tried ordering the cookie butter on Instacart but it was not on my listing,0,,youtube,0.0,neutral
aldi,I loved how iconic it was to see the cute lamb decor with the Easter items and I instantly thought of Sheri Lewis Lamb Chop’s play along with their iconic Song That Never Ends It Goes On and On My Friend lol,0,,youtube,0.936,positive
aldi,🐤🐤🐤🐤<br>Some great items this week!<br>💛,0,,youtube,0.8622,positive
aldi,Hi There Meghan!  I’m like you I like me a couple of Peeps and then I’m good. Like the robins eggs too. Aldi has lots of stuff to choose from for Easter. Have a great day! See you soon! 💐🐰❤️,1,,youtube,0.9369,positive
aldi,"Hi, from South Africa. We don&#39;t have all these items in SA but I love watching your videos.<br>Love <br>Marilyn❤",1,,youtube,0.9274,positive
aldi,"I love marshmallows and yet peeps was never something I thought was yummy. I would let them get stale and eat a few but really meh. I prefer real quality marshmallows. From a candy store homemade dipped in chocolate is peak. But Aldi has had some of those tasty ones, vanilla, creme brule , peppermint, churro all very good. I keep looking hoping they will have some again in the aisle of wonder. I am down to my last package.",1,,youtube,0.8979,positive
aldi,"Meghan good morning my dear friend you look very lovely this morning. Thank you for the what’s new at the Aldi. I’m gonna have to go shopping and get some stuff for Easter baskets. I guess it’ll be here soon. Hope you have a really great day. See you tomorrow maybe sending you blessings, prayer, much love good 😮😮and a great big hug🩷🙏❤️",0,,youtube,0.9893,positive
aldi,"Hi Meghan,   Thanks for sharing all the spring easter items.  Great job!   Have a great day and enjoy your family!  🦋🌼",1,,youtube,0.9564,positive
aldi,You can probably get all those brand-name items cheaper elsewhere.,0,,youtube,0.0,neutral
aldi,"Good morning Miss Meghan.  Glad you survived the storms, good to see you. That mascarpone cheesecake sounds good. Aldi had a pizza last yr with mascarpone cheese on it, great.  🙏❤😛",1,,youtube,0.9709,positive
aldi,"I can&#39;t believe that you went through all that candy.Ugh, I couldn&#39;t.",0,,youtube,0.0,neutral
aldi,Love peeps....for the way they look!,0,,youtube,0.6696,positive
aldi,My least favorite jellybeans are the clear/white and black,0,,youtube,-0.357,negative
aldi,"Thank you <a href=""http://meghan.wow/"">Meghan.Wow</a>, looks like a trip soon to Aldi.I love watching your videos.",0,,youtube,0.8481,positive
aldi,Love me some jelly beans,0,,youtube,0.6369,positive
aldi,Easter stockings is that a thing? 😊,0,,youtube,0.7184,positive
aldi,Good finds. 💙💙💙💙,1,,youtube,0.967,positive
aldi,The Appleton Farm sausage in a roll is good. I often make sausage upside down cornbread.,0,,youtube,0.4404,positive
aldi,I&#39;m watching ❤❤❤❤❤❤😊😊😊😊😊😊😊,0,,youtube,0.9967,positive
aldi,Thank you for the 411 on what’s new @ Aldi😉👍 ❤,0,,youtube,0.7717,positive
aldi,Read the labels guys. I’ve noticed somebody of  their ingredients are harmful and even banned in Europe!,0,,youtube,-0.5093,negative
aldi,Peeps don’t fit in my “sugar to yum” ratio. Chocolate almost always does though. Also I would 100% buy demented chick shaped candy 😂,0,,youtube,0.6597,positive
aldi,Enjoyed the video! Love that you show the price of each item. I like the bunny pez candy dispenser. I will get a few and give them to my friends. It is sometimes good to be silly as an adult. Greetings from Philadelphia PA USA,0,,youtube,0.9595,positive
aldi,Oh Meghan please try the frozen  Tamales. I love tamales but I’ve been on the fence about these. &amp; you’re giving honest reviews. Wait I guess you need to enjoy them in the first place right?! 😂 oh well please try them thank you for your reviews of new items good &amp; questionable 😂❤,0,,youtube,0.9911,positive
aldi,"Great video! I bought the bread box yesterday and I love it,  very sturdy for plastic, well made and so is the lid/cutting board! Thank you!🎉",0,,youtube,0.9475,positive
aldi,🐥 it’s called a Uni-ewe,0,,youtube,0.0,neutral
aldi,Easter is my prep day for colonoscopy and endoscopy on Easter Monday. 🤪🤦🏼‍♀️ lucky me. Awwww my Ma has lemons decor in her kitchen before they blew up in popularity. Lost her end of July 24’. 😢,0,,youtube,0.128,positive
aldi,"Slug…Snail…you got it half right the first time…it’s a slug with a shell, lol. Thank you for another great video. I always enjoy your commentary. It brightens my day! ❤",0,,youtube,0.9617,positive
aldi,"Crap, looks like I’ll be bringing home a lot of chocolate!",0,,youtube,-0.1007,negative
aldi,So hard watching as I gave up candy/chocolate for Lent.  What state are you in; my Central Ohio store doesn&#39;t have some of the yummy frozen items?,0,,youtube,0.4033,positive
aldi,That cookie butter is $27.99 online at Walmart. What😅😅,0,,youtube,0.6124,positive
aldi,🐤🐤🐤🐤🐤🐤🐤,0,,youtube,0.0,neutral
aldi,Es ist abartig.Aldi verkauft in den USA amerikanische Lebensmittel die wegen ihren Gesundheitsschädlichen Stoffen in Europa verboten sind. Obwohl sie genau wissen das diese Stoffe die Gesundheit der Menschen schädigt.Nur weil Amerikanische Konzerne die Gesundheit der Menschen egal ist muss man das doch nicht genau so machen.Profitgeier !,1,,youtube,-0.9184,negative
aldi,👍 No peeps 🐥for me,0,,youtube,-0.296,negative
aldi,You cracked me up when you said. &quot;Oh for cute&quot; so Minnesota 😂😂 I moved to the East coast many years ago and every once in awhile my Minnesotan comes out.&quot;It makes my husband laugh. &quot;You betcha ya&quot; 😂,2,,youtube,0.9062,positive
aldi,Candy for Tooth Decay🥺,3,,youtube,-0.4019,negative
aldi,Too much merch in aldi!  I&#39;d like more food choices!,0,,youtube,0.4738,positive
aldi,"Stopped the video to say shopping with Meghan is a hoot always laughing at something she says.<br>Also I like my peep’s stale , will open the package and let them sit at least a day and eat when they are harder and chewy !",0,,youtube,0.6239,positive
aldi,I love all your Aldi and Sam&#39;s Club videos and they are my main stores I shop at and I absolutely hate buying anything from Walmart and I wish there was a closer Costco to me because I would definitely buy a Costco membership and do away with my Sam&#39;s Club membership because Sam&#39;s Club is owned by Walmart and they are at least a billionaire company and they are just ridiculous priced stores and even I&#39;ve been seeing the videos of Walmart charging like saying that the meats are weighing 5 pounds and the people are weighing them on the Walmart vegetable scales and weighing way less and letting the managers know and they are saying they are removing them and the people going back a month later and still the same thing on the same products,1,,youtube,0.6815,positive
aldi,"Thanks, Meghan, for sharing your Aldi haul here. I think &quot;cute&quot; when I see Peeps, but I loathe the taste of them. The only candies worse than Peeps are candy corn and Maryjanes, imho. <br><br>I have never had Haribo or Kinder. <br><br>Speaking lemon, anyone ever have Lemonhead candies?",0,,youtube,-0.3182,negative
aldi,"Reginal, so I&#39;m  not watching this. I&#39;m just commenting",0,,youtube,0.0,neutral
aldi,I like to watch these videos before the gym because this shit pisses me off,0,,youtube,-0.631,negative
aldi,"Swedish dish cloths are amazing. They are very effective at sweeping up crumbs, they have enough friction to pick up tough spills on your counter or stove, and you can throw them in the top rack of your dishwasher to clean.",8,,youtube,0.8805,positive
aldi,"Hi Jia! Thanks for your videos, they’re so helpful ❤",5,,youtube,0.9056,positive
aldi,You need the Aldi app so you can get the price of the omlet pan,4,,youtube,0.0,neutral
aldi,Another fabulous video. Hugs luv ❤❤❤❤❤,0,,youtube,0.9828,positive
aldi,Hi Jia👋🏽 I live in Northern California and we went on a Road trip to find Aldi&#39;s in Southern California. I learned that it was in Temecula California. Now they have one in Las Vegas and I lived there for 4 years 😂😂. This is crazy. It&#39;s on my Bucket list though. Thank you so much for sharing.,2,,youtube,0.9035,positive
aldi,A smooth tempo changes everything.,1,,youtube,0.0,neutral
aldi,"Hi Jia,   Swedish dish clothes a plus!!!  Nice shopping with you Jia. 😊  We don&#39;t have a Aldi&#39;s here in Albuquerque NM.   Joan 😊",1,,youtube,0.9401,positive
aldi,I just read something that said the Kroger CEO is going to start lowering prices.,2,,youtube,-0.25,negative
aldi,Hi Jia! You looking very cute. The Swedish I like them. Thanks for sharing your video shopping and haul have a wonderful day. God Bless you and your family.,2,,youtube,0.9606,positive
aldi,"I don’t shop at Aldi every week, but I’ll have to stop in soon. Unfortunately my Aldi doesn’t carry some of the items I see in videos from other cities/states.",2,,youtube,-0.7096,negative
aldi,Can you please mention or show the price of each item. Thank you,1,,youtube,0.5859,positive
aldi,I personally don’t like the Swedish dish cloths they are to small plus they shrink when you wash them.,1,,youtube,0.3612,positive
aldi,"Fun fact: organic means nothing. It isn&#39;t a regulated label and organic produce most often is still sprayed with pesticide, just <b>sometimes</b> less. Just get the regular produce and wash it ;)",2186,,youtube,0.6369,positive
aldi,I died when you said &quot;these green ass bananas&quot; for some reason. 😂🤣💀,683,,youtube,-0.25,negative
aldi,"Lentils pack a high amount of protein and iron and can be used to make breads, flatbread and wraps- cheaper than many of the other proteins listed here if it helps anyone.",926,,youtube,0.3818,positive
aldi,No joke theres another dude that tried doing the 100$ budget at aldis and he got almost the exact stuff u got.,178,,youtube,-0.2235,negative
aldi,"Just a little tip, Basmati rice is lowest on the glycemic index so my sugar doesn&#39;t spike so high and digests better. I eat it everyday 🎉",56,,youtube,0.4588,positive
aldi,$100/ week for one person is super expensive 😭😭😭,313,,youtube,-0.6597,negative
aldi,Those groceries would have come out to be $20 in the 80&#39;s.,25,,youtube,0.0,neutral
aldi,OK now we wanna see you put all that food together and make meals out of it. Thank you so much.😊,55,,youtube,0.8936,positive
aldi,I love Aldi!! Great deals!! Nice video!,156,,youtube,0.9227,positive
aldi,you could also get the fresh spinach (or berries if on sale) and then wash &amp; freeze it to save a bit of $$,119,,youtube,0.6908,positive
aldi,I love that you said that baking soda trick definitely finna start doing that,13,,youtube,0.7717,positive
aldi,Fabulous cart! 🎉 Please do a follow up video that shows us how you use these ingredients to prepare meals ❤,12,,youtube,0.9168,positive
aldi,"yea, everything is literally 3 times that here in san francisco lol. It&#39;s wild how much food costs are tied to location. And then went I tell people I spend $2,000 in the comments, they go &quot;how?!?&quot;. Well... a dozen of eggs is $7.00 right now. Avocados are $1.50.  Ground beef starts at $9.99 a pound, leaner is $12.99.",131,,youtube,0.6759,positive
aldi,I love that before I watched this video I was eating / purchasing all of these foods…<br>It’s all about single food products…<br>REAL food is where it is at…<br>I love your video!,26,,youtube,0.8655,positive
aldi,"Wow … Well done!  I shop at Aldi’s, too but not nearly as well … thank you for the inspiration!!  😁👍🏻",27,,youtube,0.9377,positive
aldi,Love this! It just makes me so sad that due to the economy even aldis had become expensive but its our cheapest option,2,,youtube,0.1018,positive
aldi,"Conventional or organic, soak and or clean your fruits and vegetables and baking soda water.💓",10,,youtube,0.9136,positive
aldi,"Seriously the best place to shop healthy on a budget, it’s soo easy !",0,,youtube,0.8553,positive
aldi,Great job on your video!  I pray that we will all have a happy and healthy life.  😊🙏🏽,8,,youtube,0.9589,positive
aldi,Big ALDI fan here!  Which app did you use to check food chemicals?,30,,youtube,0.3802,positive
aldi,Close to my exact haul love Aldi,0,,youtube,0.6369,positive
aldi,"Tbh I get 60 eggs for under $10 at Walmart, have em for a month or more. Best purchase ever.",0,,youtube,0.6697,positive
aldi,"In Canada, it’s $8.92 for 2lbs of kiwis",3,,youtube,0.0,neutral
aldi,I fall in love with jasmine rice it is so good,0,,youtube,0.8377,positive
aldi,Good going smart shopping thanks for showing how it&#39;s down and to boot healthy foods❤,0,,youtube,0.9371,positive
aldi,I would love to see your plan to eat on that for a week. Do you eat other items that you already have at home or is this your whole meal plan for the week? Genuinely would love to see how you do it! I need that type of follow up😍😍,1,,youtube,0.9402,positive
aldi,Nice haul!,10,,youtube,0.4753,positive
aldi,Pretty solid haul. I buy a lot of pasture raised eggs and grass-fed beef from Aldi. And the coconut water of course.,2,,youtube,0.5859,positive
aldi,Great finds at aldi,0,,youtube,0.6249,positive
aldi,Also check out their organic spaghetti sauce,4,,youtube,0.0,neutral
aldi,So beautiful the love you put back in these homes ❤,0,,youtube,0.9307,positive
aldi,that jasmine rice 🍚 is a staple,0,,youtube,0.0,neutral
aldi,Yes absolutely minute rice is precooked and then dehydrated and because of that they in Richard. Just get a rice cooker and go with that big bag of jasmine rice 😊,38,,youtube,0.8271,positive
aldi,"I love everything you got, lots of fruits, veggies, protein, good healthy diet.",2,,youtube,0.8689,positive
aldi,Amazing list! I rarely see sweet potatoes in a bag at Aldi but they have frozen sweet potatoes. I might get the fresh spinach and organic berries but that&#39;s a wonderful haul. Thank you!,0,,youtube,0.9552,positive
aldi,That’s an awesome grocery haul! And they always have green ass bananas lol,0,,youtube,0.5707,positive
aldi,1st short of your&#39;s I&#39;ve seen and well done! Amazing prices!    Best from Colorado where we will soon have 20 Aldi stores=yea!!,0,,youtube,0.9056,positive
aldi,Bro this is sick thank you for making this!,12,,youtube,-0.2714,negative
aldi,Thanks for doing this video,10,,youtube,0.4404,positive
aldi,this was super helpful,0,,youtube,0.7717,positive
aldi,"The beef I get at Aldi, the green package that you picked up: $6.45/per pound! It’s the only beef I buy but prices have gone up $2 in six months!!  <br>I love Aldi",0,,youtube,0.826,positive
aldi,Not all heroes wear capes. Thanks my man. Was seeing if I needed to make a video like this or how many already existed 👍,0,,youtube,0.4015,positive
aldi,That’s some good shopping!,0,,youtube,0.4926,positive
aldi,algorithm please bring this legend back to me when I can afford groceries next week,0,,youtube,0.3182,positive
aldi,Incredible haul,0,,youtube,0.0,neutral
aldi,"Aldis is the best, i didn&#39;t know about the chemicals in the salmon good tip",0,,youtube,0.7964,positive
aldi,"Eggs, Egg whites, ground turkey/beef/chicken, low fat cheddar, side of kiwi for breakfast<br><br>Loaded sweet potato with shredded chicken and homemade buffalo (its not hard, just look it up), i like to use pepperjack cheese, use whatever especially if its low fat for lunch<br><br>Salmon, quinoa, broccoli for dinner<br><br>Yogurt, protein powder, sugar free cheesecake pudding mix, mashed raspberries and turn em into jam to go over the top as dessert. <br><br>Also eat hamburgers. Bun or no bun. If you dont like red meat, you can also turn ground turkey into a burger, you can make tuna burgers, you can make chicken patties... always super good options.",0,,youtube,0.8727,positive
aldi,"touche/  very impressed, you got a balanced/low toxin yummy blend of items tat are so versatile.",0,,youtube,0.7778,positive
aldi,Thank you!!❤,0,,youtube,0.8065,positive
aldi,You can get the big bag of salmon. Just rinse the fish to get rid of the sodium tripolyphosphate. It&#39;s water soluble.,0,,youtube,0.0,neutral
aldi,awesome video and awesome prices on amazing food,0,,youtube,0.9186,positive
aldi,"Dude I keep telling people that it&#39;s not actually that expensive to eat clean if you eat the right things most people want to get those protein snacks that are $3 a piece and wonder why they have no money, would I always buy is Greek yogurt, oatmeal, chicken breast which if you buy at Sam&#39;s club they sell big packs for cheap lean ground beef vegetables, sweet potatoes, eggs and I buy a big bag of frozen blueberries and pour some out into my oatmeal every morning  if you eat the basics which is single ingredients foods you will feel so good I&#39;ve been eating and noticed my blood sugar feels better and I feel happier more energetic and I&#39;ve been making the most progress in the gym tracking my workouts and macros but the biggest game changer was changing the food I eat",0,,youtube,0.8807,positive
aldi,Nice! That looks a lot like my grocery cart only mine was more expensive. I will need to try Aldis! Thank you😊.,0,,youtube,0.9244,positive
aldi,"If you can prep and live near a costco you can save a bit more shopping there. For instance, avocados come out to ~76 cents ea, and another thing I noticed off the top of my head is it is 1 dollar per pound of rice at costco. I do 25 lbs for 25 bucks. Though you also have to factor in the membership.",0,,youtube,0.6124,positive
aldi,This is literally my exact grocery haul from Aldi 😂,0,,youtube,0.4404,positive
aldi,Awesome!  I LOVE that when I come in at just a little bit less!  It’s like it all falls into place.  Wise choices.  And avocado at .87? You live in Paradise! They’re like 2 bucks each here..,0,,youtube,0.9717,positive
aldi,One thing which one needs to consider buying is qhere you are as most California places are going be more expensive than say in Texas. (This is just a general estimate nothing too specific but region and area does matter),0,,youtube,0.0387,neutral
aldi,"You&#39;re glowing, probably for multiple reasons! Thank you for sharing the information about the herbs, that was really kind of you! I really appreciate it! Please find out if she has any suggestions for increasing estrogen/decreasing testosterone in woman and boosting the metabolism.💓💓💓",0,,youtube,0.9789,positive
aldi,"I&#39;m going to have to watch this 3-5 times to catch the info as you speak so quickly. But, it is worth my time as you have good info, just please slow down Thank you",0,,youtube,0.9081,positive
aldi,"I’m 36, I remember when my mom made me go get an extra shopping cart and the total was $130-$170 and this was a once a month MAYBE 2 around tax (or child support) time. I’m amazed at how much more things cost. I think my generation has suffered the most from inflation over the rest of them.",0,,youtube,0.4019,positive
aldi,"that honey in those squeezy bottles, is almost always just pure sugar. you can see the consistency, either buy from a local bee keeper or buy location confirmed/tested manuka cheers.",1,,youtube,0.4767,positive
aldi,Tripolyphosphate is a perfectly safe food additive used to improve the texture of seafood and lengthen shelf life. The only risks associated with its consumption are if you have kidney problems or consume too much sodium. <br><br>Removing pesticides via baking soda only works for certain surface pesticides and additives.,0,,youtube,0.8074,positive
aldi,Their jasmine rice comes in a resealable bag too,0,,youtube,0.0,neutral
aldi,"ALDI&#39;s! Nutritients listed! Kind of overspent on some stuff, but great haul.",0,,youtube,0.8039,positive
aldi,Love aldis!  We just moved and there’s none by me anymore 😢,0,,youtube,0.3382,positive
aldi,Really good picks and great video! Thanks!😊,0,,youtube,0.95,positive
aldi,I love this ! Thanks for the tip bro 🔥,0,,youtube,0.7177,positive
aldi,this is great actually!,0,,youtube,0.6588,positive
aldi,Nicely done,4,,youtube,0.4404,positive
aldi,I Love To Shop At Aldi&#39;s Too Their Prices Are A Heckuvalot Cheaper Than Other Grocery Stores By A Longshot! Shalom And Amen Brother!✝️✝️🛐🛐😇🌟🤗🙏🙏🙏🇨🇦🇬🇧🇲🇽♾️🇺🇸🇺🇸🇺🇸🗽🦅👼👼👼❤️❤️❤️‼️,0,,youtube,0.9544,positive
aldi,Love this video!,0,,youtube,0.6696,positive
aldi,EXCELLENT!  Thank you ❤,0,,youtube,0.9086,positive
aldi,I usually get the small bag of salmon but recently I got the big bag I wish I would have seen this video before purchasing it😮,109,,youtube,0.5499,positive
aldi,Great video! Nice job!!!!,0,,youtube,0.8429,positive
aldi,That beef is $6.99 currently @ my local Aldi. Has been for awhile.,0,,youtube,0.0,neutral
aldi,Aldi is my favorite. 🥰,0,,youtube,0.8834,positive
aldi,$100 a week wow! Most of us have maybe $60. Can you do the $60 version please??,0,,youtube,0.7752,positive
aldi,"That weird chemical in the frozen salmon is sodium tripolyphosphate, it&#39;s a phosphate, so it clings to water, keeping the salmon from drying out easily. It&#39;s regulated so people don&#39;t inflate the weight of the salmon by injecting it with a bunch of water and STPP. It acts like salt in the body, holds onto water, gets peed out. It can build up in the body if you have too much, so consume in moderation. It&#39;s as safe to consume as sea salt, both can fuck up your cardiovascular system if you have too much.",0,,youtube,0.3818,positive
aldi,Ohh i like those grocerries.. i might only skip the kiwi and change it to oranges or apples hehehe love ur vids,0,,youtube,0.7717,positive
aldi,Hey thanks for this video man! Going there today!,0,,youtube,0.5399,positive
aldi,Wow amazing deals!!,0,,youtube,0.8475,positive
aldi,"I liked your video!  I liked your baking soda idea a lot! I don&#39;t know maybe I&#39;m from a different time, but I remember when people didn&#39;t have to sex everything up. Otherwise, great video! Thanks!",0,,youtube,0.9379,positive
aldi,Jasmine rice is always the answer. Never instant!,0,,youtube,0.0,neutral
aldi,POV: You saw these shorts because you searched &#39;ALD1&#39; 😂,0,,youtube,0.4404,positive
aldi,"I remember under 10 years ago going to aldis with my mom. We would always guess how much it would cost before the total was rung up. For a family of 5, eating pretty damn healthy, we could almost fill the cart for $120. Now I get two aldi bags full for $100 only feeding me and my fiance 😭",0,,youtube,0.0258,neutral
aldi,good haul g,0,,youtube,0.4404,positive
aldi,i wish there was an aldi near me,0,,youtube,0.4019,positive
aldi,You think $100/week is cheap?,73,,youtube,0.0,neutral
aldi,I would like to see your meal plan here,0,,youtube,0.3612,positive
aldi,Terrific! Thank you! Subscribed.😊,0,,youtube,0.9039,positive
aldi,Can you do a refrigeratorless run? Please?,0,,youtube,0.3939,positive
aldi,"I still need to make room for my coffee and salad though, I’d switch a few things out.  I’ll freak out without my staples, coffee, creamer, fish, and salad. 🥗",0,,youtube,-0.4404,negative
aldi,"Now, this is how you grocery shop! All Real Food! This is how we are supposed to eat and if you want snacks or treats, just eat healthy ones or make them. :-)",0,,youtube,0.7081,positive
aldi,i am pleasantly surprised,0,,youtube,0.6124,positive
aldi,"Sodium tripolyphosphate is just an inorganic salt. Considered safe by the FDA, WHO, and EFSA. Perfectly fine to consume 👍",0,,youtube,0.836,positive
aldi,Great tips,0,,youtube,0.6249,positive
aldi,I cant believe they feed the butter grass,0,,youtube,0.0,neutral
aldi,Love the animal crossing music 🎶,0,,youtube,0.6369,positive
aldi,Very very good work!,0,,youtube,0.5808,positive
aldi,Basil: Just buy it. Needs bright sun for a solid 6 hours. Water regularly. Well draining soil. Pinch off flowers and new growth until more bushy. Harvest regularly. You can do it! 😊,3,,youtube,0.9259,positive
aldi,You put a lot of CAR-amel into this video and really showed us how to save our bread! Thanks for STICKing to it. ☀,1,,youtube,0.75,positive
aldi,The only way my kids and husband would eat vegetable soup was if I added hamburger to it. I called it poor man’s vegetable soup. 😂,4,,youtube,-0.0516,negative
aldi,Tell Elsie to cook the garbanzo beans in water and add a little cumin and salt to it and eat them.  It’s so good.,1,,youtube,0.5777,positive
aldi,Basil is so easy to grow. I grow it from seed for just its looks,1,,youtube,0.5777,positive
aldi,Basil in a sunny window. Water. Pinch off the middle tiny leaves to make it bushy.,2,,youtube,0.4215,positive
aldi,"Every time I go in Aldi now I will be singing, &quot;Where is the natural Peanut butter?&quot;    :)  <br>(You should make up a new Grocery Addict ditty every video;  you have a nice voice.)",0,,youtube,0.8074,positive
aldi,Whatever it takes sometimes to feed the kiddos!!,0,,youtube,0.0,neutral
aldi,I fixed ovenroasted veggies one of them was brussel sprouts,0,,youtube,0.0,neutral
aldi,I got a new keychain and a big and small tumbler last week,1,,youtube,0.0,neutral
aldi,Love your videos - have you thought about getting the saline solution at dollar tree ? Their products are really great. I am a retired nurse and I follow a dermatologist that discusses products from there as well as Walmart and Costco… you would be surprised at the quality and the results you get from there. Do some research and be amazed… and save even more money !!,1,,youtube,0.9564,positive
aldi,Can you show your vegetable soup recipe. It sounds really good,0,,youtube,0.4927,positive
aldi,"Basil is easy.  I plant it outside from seed in my flower beds and use it all summer until frost.  Right now I have a big pot of it growing next to the window in my entryway, I&#39;ve been using that since before Thanksgiving.  It starts getting a little ragged looking by now, but it&#39;s just a couple more months and it&#39;ll be growing outside again.",0,,youtube,0.5187,positive
aldi,We got Camembert and Borgonzola 50% off today.  Great deal!,0,,youtube,0.6588,positive
aldi,Your hair looks great like that,0,,youtube,0.765,positive
aldi,Enjoy the game. Go Brewers!,0,,youtube,0.5411,positive
aldi,"Jackie, basil is super easy to grow!   If there are several plants in that pot, separate them and you&#39;ll have multiple plants for $3.99.   You csn put 2 or 3 plants in one pot. Also, I&#39;d plant it outside instead of inside. You can do it!",0,,youtube,0.8118,positive
aldi,"Yay, you are at DT too. You might have been able to buy saline at DT?",0,,youtube,0.5267,positive
aldi,I am so curious if you are also having trouble finding the Aldi Confetti brownies!!  Our whole central illinois area is having brownie famine - they aren’t available anywhere!,0,,youtube,0.2886,positive
aldi,This was a nice haul. Is Meijer a bit pricey or am I just fortunate? A store I shop at here has garlic for about $2 something a pound. 🥘💙,0,,youtube,0.872,positive
aldi,Does your son like cheese? Would he like a slice or two of cheddar cheese in his &quot;unwich?&quot; Two slices is 10 grams of protein. I ❤ cheese sandwiches. 😊,0,,youtube,0.9388,positive
aldi,"Today, I had rice noodles topped with Filipino tomato sauce and vegan cheese.  I had mashed potatoes with oil and salt and tea with sugar and milk.  I made a big pot of oatmeal with grape jelly, peach compote, cinnamon and sugar.  I will only buy vegan food for myself.  The milk from the food bank I will keep for the kitty.  I am only happy vegan.",0,,youtube,0.5719,positive
aldi,"Hi, can I ask why the deposit for the lemon water? I’m from Scotland 🏴󠁧󠁢󠁳󠁣󠁴󠁿 so unsure of why 😊",0,,youtube,0.5242,positive
aldi,Can u tell me what u do with the cauliflower  rice. Cooking it.,0,,youtube,0.0,neutral
aldi,We don&#39;t have Aldi&#39;s here in the PNW 😢,1,,youtube,-0.4767,negative
aldi,Thanks for sharing your Aldi trip. Good luck with your Reeses cookies.,0,,youtube,0.891,positive
aldi,"Hi Jackie. I wish my Aldi&#39;s had those chilli corn chips. The isle of wonder at my store is fully stocked. The only time it isn&#39;t is when they go to clearance. I still wish that not so people knew about Aldi&#39;s. I liked having it almost all to myself. I made the mistake of telling my nurse who does my infusion all about the store and how good the food and prices were. She had told some people what I said and now I can&#39;t get my kale salads, deli pickles that are half sour, sugar free popsicles, and the zero sugar Summit. I have been shopping at this very store for years too. Thank you Jackie for sharing❤❤",1,,youtube,0.9769,positive
aldi,How does she make her garbanzo beans?,0,,youtube,0.0,neutral
aldi,"When I was little, I was the most picky eater. I liked lettuce with ketchup and cheese wrapped up. I didn&#39;t like bread. I don&#39;t eat meat  I&#39;ve never ate meat.<br>I would eat tomatoes cubecomers and I love  beans",0,,youtube,0.8591,positive
aldi,"Yay, I’ve been waiting for your video!! I can’t seem to be able to stay out of Aldi lately, oh well there are worse things🤣",0,,youtube,0.7339,positive
aldi,You’re gonna go have me try that salsa. You always advocate for it 😂,17,,youtube,0.4404,positive
aldi,It&#39;s not often I find someone else who is allergic to honey.,3,,youtube,-0.296,negative
aldi,Love this typa content. Keep it up 👍,3,,youtube,0.6369,positive
aldi,What meals are you creating?,0,,youtube,0.296,positive
aldi,Their whole milk greek yogurt is my favorite! Not sweet at all so it&#39;s a perfect swap for sour cream!,2,,youtube,0.7242,positive
aldi,Bro let me know how those breakfast sausages are! My Aldi never has them. They look great though!,0,,youtube,0.6892,positive
aldi,which aldi are you going to… beef was 7.50/pound round these parts 😂,3,,youtube,0.4404,positive
aldi,how ya know if your allergic to honey?,0,,youtube,-0.296,negative
aldi,Need them pasture raised eggs my bro. And yes they are expensive af but they are the ones jam packed with nutrients.,13,,youtube,0.2144,positive
aldi,"you got that alsi chickpea pasta, so e of that salsa, cheapest organic basil tomato sauce, organic diced tomatoes, black beans canned organic, and organic chicken breast, cheapest, best in the nation, then whipped all up with that screaming beat deal aldi has (which used to be their organic OJ at 4 bucks, now, changed the supply and brought up to 699 smfh)<br><br>the organic whole fat plain greek yogurt!?!?!?",0,,youtube,0.6144,positive
aldi,Do you usually eat frozen food,0,,youtube,0.0,neutral
aldi,How much did the haul cost!?,0,,youtube,0.0,neutral
aldi,What do you eat yogurt with?,0,,youtube,0.0,neutral
aldi,Omg looks bland,1,,youtube,0.0,neutral
aldi,"They don&#39;t sell hairlines in Aldi lil bro 🤣🤣🤣🤣🤣🤣 maybe they might have some cheap wigs but thats about it, turkey on the horizon lil bro, that fringe ain&#39;t fooling nobody",0,,youtube,0.7227,positive
aldi,I think this is the first time I’ve ever heard someone say their kids ate the vegetables they were going to use for a meal. 😂😂,2,,youtube,0.7003,positive
aldi,"Absolutely buy the Italian pasta, their wheat is not genetically modified",0,,youtube,0.0,neutral
aldi,"Hi Jackie.  Meijer had the 7/7 deals going on this week.  I stocked up. They have bags of oranges, apples, potatoes and so much more for$1.00 when you get to the 7th item",3,,youtube,0.0,neutral
aldi,Carrot dogs are great. I steam mine and allow them to marinate overnight in the seasoning. Liquid smoke and Worcestershire sauce really makes them taste good. There are some great vegan recipes on Youtube.,0,,youtube,0.9186,positive
aldi,Just hit me today that your kids look forward to having fruits and veggies! Applause.<br><br>Congrats on the new pullover.,1,,youtube,0.0,neutral
aldi,"Hi Jackie! Well, I was planning to just get a few things at Aldi this week but if the German items are there that’s the end of not buying too much!! Great video, looking forward to Wednesday’s video 🙂",2,,youtube,0.9125,positive
aldi,Have you gone through your freezer surplus of cherry tarts?? I love watching your hauls.. I told my family. you’re my friend Jackie from Michigan.  My husband laughs when I tell him I am watching another video. lol.,3,,youtube,0.9295,positive
aldi,Pork Schnitzel is great as is the Strudels,1,,youtube,0.6249,positive
aldi,The Priano pasta is bronze cut which sauce sticks to better. I always go for it if it has the shape I’m looking for! We pretty much only eat spaghetti when we have Skyline chili at home and I prefer to cook the Priano for that.,2,,youtube,0.6476,positive
aldi,"Hi Jackie, I bought 2 of those green planters last week!",1,,youtube,0.0,neutral
aldi,Can you please show how you cut a mango. I mutilated mine. Thanks. Great Mon. video as always. Can you also share your beer cheese soup recipe? Thanks,2,,youtube,0.9062,positive
aldi,"I&#39;m a Cheese Lover and the decision between Havarti and Gouda, I could NEVER make, I&#39;d buy both and put half of each in the Soup and save the other half for nibbling on later. Aldi has a great Cheese section.",0,,youtube,0.9022,positive
aldi,Jackie! Is that a Portland Leather Bag? Love that,1,,youtube,0.6696,positive
aldi,I love the tarts and am looking forward to getting a few. Thanks for posting!,0,,youtube,0.8122,positive
aldi,"The spaetzel is so good, and we love the pretzels too!",0,,youtube,0.8494,positive
aldi,Jackie thanks for sharing. Love the hair.,0,,youtube,0.872,positive
aldi,Hi Jackie 👋 and watching from Central Arkansas!  ❤❤...Great video! Love your aldi Jacket ❤,0,,youtube,0.9544,positive
aldi,"When I started watching your videos, white bread was 95 cents.",0,,youtube,0.0,neutral
aldi,Hi Jackie. Thank you for great content. Absolutely love your Aldi videos. I am walking distance from our Aldi here in south Jersey. I shop at Aldi frequently. Great prices and products. 😀💜,0,,youtube,0.9716,positive
aldi,"Jackie, dis you hear about Aldi DISCONTINUING the Clancy&#39;s Pub Style Pretzels???? I just heard and wanted to tell you because i know your family loves them. 😢😢😢",2,,youtube,-0.7622,negative
aldi,The tarts are a fall item,1,,youtube,0.0,neutral
aldi,Watching you from Delaware.,0,,youtube,0.0,neutral
aldi,"I also stocked up at Meijer at the 7/$7 sale.  Sorry Aldi didn&#39;t have your favorite, though.",0,,youtube,0.4019,positive
aldi,Enjoyed the video. Thanks for sharing the price of each item. Love the Aldi fashion. Greetings from Philadelphia PA USA,0,,youtube,0.9432,positive
aldi,I live in Western Pa and the news showed there is a Meier coming soon to the area!,0,,youtube,0.0,neutral
aldi,My guess for your ALDI total was $138.00.  🙂,0,,youtube,0.4033,positive
aldi,Why is there $1.20 deposit for seltzer water?,0,,youtube,0.0,neutral
aldi,Do you know Jackie you should go ahead and have your meatloaf he can make his own stuff,1,,youtube,0.0,neutral
aldi,"<a href=""https://www.youtube.com/watch?v=Jflb5nUWehY&amp;t=431"">7:11</a> I gotta tell you - if your Aldi has the Sicilian DOP olive oil (I think for 11-13$) it is sooooooooo much better than the Priano one. I know it’s double the price, but the flavor is worth 5x the price. The Priano one is a Frankenstein olive oil with olives coming from 5 or 6 different countries where the Sicilian one is single origin. I allow myself to splurge on olive oil/parmesean cheese within reason because of the true difference the flavor makes, and the Sicilian olive oil for my money and taste is the best olive oil you can buy at any US grocery chain, and better than most I’ve ordered online. If there’s ever any indication it’s going away, I’m buying as many as I can that would reasonably be consumed before the expiration date.",1,,youtube,0.9638,positive
aldi,125.54,0,,youtube,0.0,neutral
aldi,Why do you put stuff on the hot dog buns,1,,youtube,0.0,neutral
aldi,Date Night at your local grocery store with a stop at the ice cream stand.,0,,youtube,-0.296,negative
aldi,My daughter nor I cared for the Dirty Mountain Dew.,0,,youtube,-0.6407,negative
aldi,I’m having lots of trouble watching your videos lately b/c of the ads that go on and on!  I actually have to close out of YouTube and try again???,2,,youtube,-0.5472,negative
aldi,"How do you wash your strawberries as they are number one on the dirty dozen, but sooo delicious .",1,,youtube,0.6428,positive
aldi,I heard that peanut butter with dates tastes like a snickers,0,,youtube,0.3612,positive
aldi,Absolutely love that white cheddar cheese!!!  It’s better than any named high price brand.  We buy two at a time.,0,,youtube,0.8507,positive
aldi,"I always grew up with &#39;You get what you get and you don&#39;t throw a fit !&#39; 😂 Once in a blue moon I&#39;d get something I requested. kudos to you  for trying to make it happen , hope your family appreciates your efforts .",0,,youtube,0.9348,positive
aldi,I love that your son requested brioche buns and I also love that you accommodated his request. ❤ I love that you expose your children to many different foods. I have seen some parents who have the means to buy certain things for their children but won’t. You’re a great mom.,1,,youtube,0.946,positive
aldi,It&#39;s not Summer. It&#39;s Spring. I love Spring and it always gets crowded out by Summer and Winter.,2,,youtube,0.6369,positive
aldi,Don&#39;t waste the egg yolks...you can make the white cake mix with the while egg,3,,youtube,-0.4215,negative
aldi,How fun. Baseball is my favorite  ⚾️,0,,youtube,0.743,positive
aldi,My Mila just told me she cant stand the spring Mix either lol,1,,youtube,0.4215,positive
aldi,"I smiled at the shaving gel, I use a bar of Dial soap for washing and for shaving, LOL.  I&#39;m sure your girls wouldn&#39;t go for that, though, but it sure saves money!  My little Aldi usually doesn&#39;t have half of the things in your videos, unfortunately, but I still go there for cheese, dairy and snacks.",0,,youtube,0.6495,positive
aldi,The  cage free eggs are more expensive at my store,0,,youtube,0.5106,positive
aldi,I think their Memphis barbecue sauce is one of the best I&#39;ve ever had. I stock up while they have it.,1,,youtube,0.6369,positive
aldi,"YES for baseball!  Just saying…. Frozen Italian meatballs, french bread rolls ( here in IL we can get Torano), provolone cheese slices, and I just used marinara sauce….. made these so so fast…. Used overnight…. Or toaster oven…. Heated sauce and meatballs in microwave, toasted bread….. threw on sauce, meatballs, and cheese…. Toasted again…. lol kids still loved them wrapped in foil ….lol even in dugout!,,, some guys were not fed, I always brought loads of food and snacks with….. fresh grapes, string cheese, I’m known for making banana bread…..yep I was a dugout Mom….. lol guys needed more when they grew up, and parents didn’t attend….. always…. As did coach…. Brought extra water, fruit, Gatorade….. lol you name it…… in middle school and HS….. these guys ate it all!",1,,youtube,0.9578,positive
aldi,Sending love and blessings to you and your family love your videos,0,,youtube,0.9169,positive
aldi,"It’s not easy raising teen girls! We had two, 22 months apart. They’re out of the nest now, but wow! I’m sure I didn’t cost my parents that much, did I?? lol 😂",0,,youtube,0.9512,positive
aldi,"I got flat leaf parsley from Aldi once, it had no smell or flavor, super weird. Anyone else notice that? 🥘💙",0,,youtube,0.7351,positive
aldi,It always good to check prices were the cheeper ones are .love your hair.❤❤😂😂,0,,youtube,0.9694,positive
aldi,The coconut drp is 💯💯✔️✔️🥥🥥,0,,youtube,0.0,neutral
aldi,Do you have a recipe for spicy potato tacos?,0,,youtube,0.0,neutral
aldi,"Another great video! I keep seeing 50% off meat at our Aldi in Minnesota, which is funny because we generally don’t have them! I’m looking forward to your Wednesday video🙂",1,,youtube,0.8831,positive
aldi,"When I see the Capresse salad at Aldi,I know the season has changed. It&#39;s Summer.",1,,youtube,0.0,neutral
aldi,You can use hair creme rinse for shaving legs is great,3,,youtube,0.6249,positive
aldi,Can you please tell me the name of the plum wine? Thank you ❤,0,,youtube,0.8402,positive
aldi,"If you like coconut milk beverages like that Vita Coco Frosted Lemonade one - Califia farms makes a coconut milk based Strawberry Creme Refresher (tastes just like a Starbucks pink drink to me!), a Pina colada Refresher, and a Key Lime Refresher",2,,youtube,0.7777,positive
aldi,Plz report back on the Coke Zero! Do you have a recipe for the spicy potato tacos? I think it’s sweet you get all the kids requests ❤,1,,youtube,0.8313,positive
aldi,Glad you got the sale prices on the toiletries. It&#39;s hard to teach the Teens that store brands are as good as and sometimes better than national brands until they have to buy with their own money.,1,,youtube,0.8126,positive
aldi,The cookie dough bites are great! Got them today. Loving all the new stuff.,1,,youtube,0.8516,positive
aldi,"In western Pa, empty bouillon spot and no spot today. I’ve been looking too.",1,,youtube,-0.4588,negative
aldi,I really liked the Summit Zero soda.,0,,youtube,0.4754,positive
aldi,"I love how you take care of your family’s grocery requests, it is obvious you are a great mom.  I have never seen the beef tallow either.",12,,youtube,0.91,positive
aldi,Hi Jackie.. wondering if you like the Aldi brand mayo.. I&#39;m thinking of switching because Hellmann&#39;s is $$.. ty,0,,youtube,0.6249,positive
aldi,I love the coconut oil for my skin. Best moisturizer ever!,0,,youtube,0.8655,positive
aldi,Hi Jackie 👋....watching from Arkansas ❤❤....love potatoes 🥔!  Anyway you fix them..glad we&#39;re springing to summer ☀️yeah  ....tomorrow is my birthday April 14.  Turning 62,3,,youtube,0.6696,positive
aldi,Watching you from Delaware.,0,,youtube,0.0,neutral
aldi,Tried the pineapple habanero tortilla chips. It was like  putting spicy chips in your mouth while eating a pineapple jolly rancher. It was a nightmare 😅,1,,youtube,0.8074,positive
aldi,On the cake pops for school using coconut oil  is a bad choice  for kids with nut allergies,0,,youtube,-0.5423,negative
aldi,I bought the fruit bars. I thought the yellow would be pina colada maybe because it sad tropical flavor. It tasted funny when I tried it I think it’s mango. The inside is delicious,0,,youtube,0.5423,positive
aldi,I guess we&#39;re SPRINGING from spring to Summer now! I quite LIME that. <br><br>Thanks for sharing! ☀,2,,youtube,0.5242,positive
aldi,I doubt you will see 50% off chicken anymore.,0,,youtube,-0.3612,negative
aldi,"I’m surprised you don’t get the toiletries items at Dollar Tree. Shave cream, micellar water, etc.",4,,youtube,0.2263,positive
aldi,Start following the Cvs  and Walgreens coupons for personal deals,1,,youtube,0.0,neutral
aldi,Wonderful your dtr is saying no to the natural flavor additives!,2,,youtube,0.6476,positive
aldi,Yikes! That loud music in Meyers is distracting. I would not be able to shop in that store.😵‍💫😵‍💫,0,,youtube,-0.7959,negative
aldi,"Who is in charge you or your kids? Sounds like you spoil them alot, there is a word sometimes as adults we need to apply, which is NO!",0,,youtube,0.4199,positive
publix,"Good morning. I think this was your best deal ever. You went from $117 to $18??😮 Thank for sharing these discounts. In this economy, every bit helps.",7,,youtube,0.9367,positive
publix,Thank you for putting deals to gether. Really appreciate your time and effort.  Seems you had a great week as well.,1,,youtube,0.8932,positive
publix,Hiya! Thank you MIchelle for being so thorough!!!  Nice haul...I hope I can do it like you did LOL,1,,youtube,0.9401,positive
publix,Thank you! Driving and listening. I know it&#39;s gonna be awesome.,1,,youtube,0.784,positive
publix,Thank you ❤❤❤❤❤,0,,youtube,0.9764,positive
publix,"Morning, thank you 😊",0,,youtube,0.8176,positive
publix,Thank you Michelle.   I look forward to your weekly Publix video posting.   Goat cheese pasta  sounds good. Have a great afternoon.,0,,youtube,0.8591,positive
publix,I don’t have all of the coupons etc but I’m not complaining. What a way to stretch a dollar and not 1 brow pencil or 14 packs of dryer sheets😂😂,0,,youtube,0.8621,positive
publix,Hey Michelle! Great deals. Congrats on completing your bonus. Thanks for sharing. Cleveland kitchen pickles are bogo. I have $1.50/1 in my Ibotta list as well as $1.50/1 from Merryfield. There are some nice deals this week. I hope you have a great day.,1,,youtube,0.9816,positive
publix,I don’t have a printer so the last year or so I’ve been reaching out to Springer Mountain and they send me a stack of $1.50 coupons. All you have to do is email them. Just thought I’d share. Thank You Michelle for all you do!!,0,,youtube,0.7467,positive
publix,I want to thank you terrific video.,0,,youtube,0.7096,positive
publix,Thanks,0,,youtube,0.4404,positive
publix,Thank you Michelle 😊👍,0,,youtube,0.8176,positive
publix,Thank you so much!,0,,youtube,0.4199,positive
publix,Happy New Year beautiful friend ❤❤,0,,youtube,0.9648,positive
publix,"Thanks, Michelle. I just went to Publix last night and picked up the Skinny Girl. So I submitted that receipt to SK. It said must be purchased between 1/6 and ?, so it worked (although my SK offer was less than yours), making my price for two $1.52. Also worked for the two Dash, making them a 7 cent MM. ❤",0,,youtube,0.7964,positive
publix,hi I enjoy your videos every week.  i didn&#39;t see where you can print a coupom from  happy egg,0,,youtube,0.7845,positive
publix,"Hey Michelle! Did the yogurt, Dave’s bites and carb advantage reset for you?",0,,youtube,0.3164,positive
publix,"If you end up going back, Strawberries are BOGO this week and there are shopkicks for about $1.28 back lim 3",1,,youtube,0.0,neutral
publix,Do I have Fetch? Yes. Do I have Ibotta? Yes.  Do I have a Publix near me? No. Do I live in Florida?  No. Did I watch the whole video? Yes because it’s STAR ❤. Appreciate all your hard work.,11,,youtube,0.9388,positive
publix,Eek thank you for sharing! Pick up some things today for $55 and got it down to $3! Can’t wait to go back tomorrow to finish shopping. Maybe I’ll get the seventh generation too!!,4,,youtube,0.7556,positive
publix,I have so much Fage sour cream from all the bogos lately. 🤣,9,,youtube,0.4939,positive
publix,"Absolutely amazing, can’t wait to shopping now",0,,youtube,0.624,positive
publix,Scored FREE detergent bc of the Publix promise! Thank you sis!,1,,youtube,0.8561,positive
publix,Yes yes yall. I was waiting for this video this week ❤❤<br><br><br>Edit:: excellent haul and yes I’ve had to use the Publix promise before but I had to tell the cashier she didn’t know (which was weird to me) then get the manager but it worked out well in the end.,10,,youtube,0.8674,positive
publix,You never disappoint!!! Great deals 🎉. Thank you ❤,0,,youtube,0.8496,positive
publix,Thanks for all the great deals!,0,,youtube,0.807,positive
publix,Wow that was an incredible haul! Thanks as always!,0,,youtube,0.8207,positive
publix,Now I need to go..again!,0,,youtube,0.0,neutral
publix,Thank you❤. Love the Publix promise.,0,,youtube,0.9217,positive
publix,"My weekly Wednesday video to get me ready for Thursday morning, Florida shopping.  You are so appreciated!  Yes, yes!",0,,youtube,0.9227,positive
publix,"Excellent deals this week, thank you for all four help 🎉",0,,youtube,0.891,positive
publix,Bummer my fetch doesn’t have any of the Siete offers,5,,youtube,-0.3818,negative
publix,Nice haul!! I like the Hoist drinks too and will definitely pick those up.,1,,youtube,0.8217,positive
publix,Thanks Star! Love watching your super helpful videos and seeing your great smile!,0,,youtube,0.9682,positive
publix,I bought the siete but only got the Ibotta rebate. I have no rebate on my Fetch 😢,2,,youtube,-0.7876,negative
publix,Thanks for the great deals this week! love your videos before i go shopping!🌻🌼,0,,youtube,0.915,positive
publix,"Great Job, Sis!!! ❤ I need to go back for a few things.",0,,youtube,0.88,positive
publix,FABULOUS DEALS🎉❤,0,,youtube,0.9008,positive
publix,Thank you! I love watching weekly and that you don’t waste anytime!,1,,youtube,0.6688,positive
publix,Thank you😊,0,,youtube,0.8176,positive
publix,"Awesome haul, Star! Thanks so much for sharing.",0,,youtube,0.8848,positive
publix,Got my detergent free too! 🎉,0,,youtube,0.7424,positive
publix,Thanks Star. Good snack week. I just recently tried tge Siete chips. I like them and will picking them up.,0,,youtube,0.8074,positive
publix,Love your haul!  Thank you for all you do!Do you have a printable list for Publix?,0,,youtube,0.8065,positive
publix,"<a href=""UCkszU2WH9gy1mb0dV-11UJg/HvgfY93GEYmqvwLUuYDwAQ""></a>looking good this week.",0,,youtube,0.4404,positive
publix,Great haul as usual ❤,0,,youtube,0.8519,positive
publix,Thank you Star!! I wait until your video before I head to Publix. I’m hoping to have the same luck on the seventh generation ❤❤,0,,youtube,0.9537,positive
publix,Amazing haul this week. Thank you!,0,,youtube,0.7644,positive
publix,I love your videos even though I don&#39;t have that store,0,,youtube,0.6369,positive
publix,"Yes, yes, yes-Star. Thanks for sharing.",0,,youtube,0.8779,positive
publix,Awesome Deals. Shopping like a Mega Star.🌟,0,,youtube,0.765,positive
publix,Hooray Fetchtopia🎉,0,,youtube,0.7184,positive
publix,I can’t wait to try some of these,0,,youtube,0.0,neutral
publix,Sadly I dont have any of those Fetch offers 😭 Thanks for your video ❤,0,,youtube,0.296,positive
publix,Thank You ⭐ Star ✨,0,,youtube,0.5859,positive
publix,Awesome 🎉🎉,0,,youtube,0.8591,positive
publix,Love  the deals Star. ❤❤,0,,youtube,0.9274,positive
publix,Thanks Star!😊👍,0,,youtube,0.8478,positive
publix,Yay! It&#39;s Star!,0,,youtube,0.6103,positive
publix,Super deals this week 🎉,0,,youtube,0.765,positive
publix,I knew this was gonna be a great haul. I tried the 7th generation and this price had gone back up as of Wednesday morning. Lol I was so disappointed 😂.  Glad you were able to score! Thank you! I had to correct the day lights out of my receipts with fetch lately. Sooo annoying!,0,,youtube,0.8585,positive
publix,"Yes,yes yall. Pub is on 🔥.  Will be there tomorrow. Thank you🎉",0,,youtube,0.4215,positive
publix,Yes yes Star a must Do Thanks,0,,youtube,0.8074,positive
publix,"Yay, great deals ❤",0,,youtube,0.9136,positive
publix,I never have the cool Fetch rewards. 😢😆,0,,youtube,0.1376,positive
publix,Yayyy! I’ve been waiting to see your video pop up! 💛🌻,3,,youtube,0.6988,positive
publix,Sounds like 🎉 week thank you,0,,youtube,0.7717,positive
publix,"I noticed that Fetch points are calculated as if they had an equal cash value. Am I missing something? If you want to get a $5 VISA card on Fetch, it will be 7,000 points. Cheapest retail store gift cards are usually 6,000 and for restaurants around 5,500. It makes it harder to calculate the actual cash back value considering all this, it&#39;s true...",2,,youtube,0.8225,positive
publix,"Listening as I drive to the Pub.  Thanks, Star!! 😊❤",1,,youtube,0.9285,positive
publix,I scored on the detergent too!  Thanks as always!,1,,youtube,0.5399,positive
publix,It’s a good week❤🎉 thank you for sharing the deal as always,0,,youtube,0.9337,positive
publix,Team chocolate Good Humor bars! Amazing haul ❤ Publix is one of my faves now. Closest one is an hour away but we get so many things to use around the house i wouldn&#39;t buy otherwise.,0,,youtube,0.7777,positive
publix,Thank you Star!!!!,1,,youtube,0.5673,positive
publix,Yessss the STAR IS HERE! 💥,0,,youtube,-0.4199,negative
publix,My sis is in the house 🏠 yes yes yes yall ❤. Always a pleasure to watch Starr  thanks girlie from SC ❤,1,,youtube,0.9723,positive
publix,You look great!,0,,youtube,0.6588,positive
publix,This is weird I know I subbed before but I just see that it&#39;s showing I&#39;ve not subbed. Went ahead and subbed again. You need 500k subs this year!🎉,0,,youtube,0.5411,positive
publix,I don’t have the air wick starter coupon did they expire?,0,,youtube,0.0,neutral
publix,Heyyy STAR!!! Thanks so much!! I appreciate you! I get so many good deals because of you!♥️♥️♥️♥️♥️♥️♥️♥️♥️,0,,youtube,0.9943,positive
publix,Hello 😊,1,,youtube,0.7184,positive
publix,How do you get a printed Publix receipt when you put in your phone number so you get your digital rewards/coupons?,0,,youtube,0.0772,positive
publix,Thanks,1,,youtube,0.4404,positive
publix,I have a question for you when you buy the sale at Publix buy one get one free and you submit your receipt to Fetch do you have to correct your receipt and put the price for the one that it was free?,0,,youtube,0.765,positive
publix,Estoy Contigo! Killing Fetch! 🎉,0,,youtube,-0.508,negative
publix,STAR 🌟 ❤   THANKS FOR SHARING 👋👍👍😊,0,,youtube,0.9664,positive
publix,In trying the lemon Vinaigrette too,0,,youtube,0.0,neutral
publix,Good evening Ms Star. Thank you. How’s your mom? 🙏🙏,1,,youtube,0.6597,positive
publix,How’s mommy?,0,,youtube,0.0,neutral
publix,"So explain the app you are using please, are they going to send you the money in mail?",0,,youtube,0.3182,positive
publix,🎉🎉🎉❤❤❤,0,,youtube,0.967,positive
publix,Thank you what did you say for morning star a coupon is where,0,,youtube,0.3612,positive
publix,"Siete on Ibotta went down to 75 cents for buying 2, Sargento on ibotta also lower on fetch 🤦🏼‍♀️ they changing them quick…",0,,youtube,-0.296,negative
publix,Why did you separate the transactions? I’m trying hard to learn the best savings from you! You do sooo great all the time❤,0,,youtube,0.9245,positive
publix,"I am in Florida, are you finding that fetch is not approving the second bogo item that rings out as 0 even if I do the correction they do not approve it.",2,,youtube,0.0,neutral
publix,Can I take a printable coupon back to Publix and get $1 for the Gatorlyte?,0,,youtube,0.0,neutral
publix,Thanks,0,,youtube,0.4404,positive
publix,Awesome Kayla ❤ Thank you😊,1,,youtube,0.9501,positive
publix,Great haul Kayla Thank you for sharing ❤😊,0,,youtube,0.9618,positive
publix,Thank you!,0,,youtube,0.4199,positive
publix,Thanks dear 😊,0,,youtube,0.8885,positive
publix,"Thank you Kayla! You do a great job explaining and finding the deals.<br>Two more I found :<br>I had a Publix digital coupon for $1.50 off Kelloggs, Kashi or Bear Naked granola that applied toward the Bear Naked granola.<br>Wild Planet Tuna and Bean Salad is on sale for $3.99, $2 digital, $2 Social Nature, making it a freebie.",3,,youtube,0.8655,positive
publix,Thank you Kayla!  I totally forgot about the cookies!  We enjoyed the Sumo orange while watching your video.,0,,youtube,0.7494,positive
publix,"I got the Nellie’s eggs last week!  Thank you so much!  I never would have bought them had it not have been for your video. I got them for 75 cents a dozen after the digital coupon, Ibotta, and the rebate!  Awesome deal! 🐔",0,,youtube,0.8302,positive
publix,I got one of those coupons too. I actually had to go into my points and choose the coupon.,0,,youtube,0.0,neutral
publix,Great haul and deals Kayla thanks for sharing ❤😊,0,,youtube,0.9638,positive
publix,Can you show us how to use those printable coupons at self checkout😊,0,,youtube,0.7184,positive
publix,Thanks for sharing the best deals this week Kayla,0,,youtube,0.872,positive
publix,Your hair is so pretty in this video!,0,,youtube,0.6606,positive
publix,Thanks Kayla. Great haul.,0,,youtube,0.7906,positive
publix,So excited for these deals each week now! Thank you for all you do ❤,1,,youtube,0.8653,positive
publix,Good deals kayla🎉,0,,youtube,0.6808,positive
publix,"Thanks! <br>For the chicken, if I sign-in today in their website , can I print the coupon today?",0,,youtube,0.4926,positive
publix,Thank you,1,,youtube,0.3612,positive
publix,Single dad could use some help with couponing so what are these digital coupon? Coupons are those things that are automatically on my public app? Thanks.,2,,youtube,0.7149,positive
publix,My Publix perk is always $3 off $80 😂🤦🏻‍♀️,0,,youtube,0.4404,positive
publix,Polaner deal is gone off everything.,1,,youtube,0.0,neutral
publix,Should you have gotten the bread for free with the publix promise since the self price was lower then the $5.29?,0,,youtube,0.5267,positive
publix,"I GOT BACK $24.75 ($19.75 from groceries +$5 casserole cash bonus) from Ibotta!!!! This is the most I&#39;ve gotten back EVER. I&#39;m so thankful for you Star, you&#39;ve given this novice couponer the spark to keep going!",22,,youtube,0.9064,positive
publix,Scotch Brite sponges are bogo $3.49 and there is a 2.00/1 off coupon in green savings flyer. Can use 8 max coupons and it is a MM. Sorry it us for 6 ct and up I surprised the Publix cashier who looked at coupon actually approved it.,15,,youtube,0.5267,positive
publix,When I hear yes yes yall. I get my pen ready every week. Thank you sooooo much for sharing these saving it’s truly is appreciated by me and my daughter’s household. I shop for both. Thank you thank you thank you and happy turkey day 💪🏾🫶🏾🫶🏾,1,,youtube,0.981,positive
publix,Happy Thanksgiving Super Star! Thank you for all you do! Enjoy your family and we&#39;ll see you Wednesday after next!,7,,youtube,0.9346,positive
publix,Got back $60 😮 I’m amazed,1,,youtube,0.4939,positive
publix,"Great week! We are low carb and gluten free so many deals we have to bypass (or donate!) Lots of good ones for our personal preferences, thanks Star!",2,,youtube,0.9182,positive
publix,How funny God is good I finally asked my new neurologist if I can have elderberry because it was told it could flair auto immune disease but she said it was found not too so I&#39;m excited to get them to try to help stay healthy 🎉 thanks for sharing.,4,,youtube,0.9794,positive
publix,Wow $4.99 for Breyer&#39;s!  My stores are $6.99 here in Central Florida.   Luckily my Fetch rewards are more than yours at $2.50 each!,3,,youtube,0.8953,positive
publix,Hey Star! Thanks for sharing the deals! It&#39;s a great week at Publix. I hope you and your family have a wonderful Thanksgiving. Thanks for all you do.,3,,youtube,0.9632,positive
publix,"The Nature’s Way Immune Lozenges - The Extra Savings Flyer has a $4 coupon - HUGE MONEY MAKER-but in FL they are $5.99, still huge money maker",8,,youtube,0.7603,positive
publix,Merryfield also has Cleveland Kitchen Pickles $3.00 back.,2,,youtube,0.0,neutral
publix,Thanks for always bringing us all the deals! Happy Holidays! 😊,0,,youtube,0.9411,positive
publix,Thank you for shopping at the pub. Where shopping is a pleasure,6,,youtube,0.7351,positive
publix,Happy Thanksgiving! Appreciate you!,0,,youtube,0.7896,positive
publix,You’re the best!! I look forward to your post every week.  I really appreciate you and your time.  Thanks to everyone else on your post for sharing more deals. 💕,0,,youtube,0.9586,positive
publix,"Thank you Star,  Happy Thanksgiving ❤",0,,youtube,0.886,positive
publix,Thank you Star!! This was a great haul and extremely helpful! Did you happen to see the Scotch Brite sponge deal? BOGO and $2 paper coupon in flyer! Happy Thanksgiving and thank you again for all these tips!,5,,youtube,0.9521,positive
publix,I think Ibotta started catching onto the Poppi 😂 they had my receipt under review for over a day and said the 1.50 was not eligible.,0,,youtube,0.4404,positive
publix,Happy Thanksgiving 🦃🥰,0,,youtube,0.9001,positive
publix,I might be getting a Publix where I live so I had to watch.  Great deals here just like at CVS.  Have a Happy Thanksgiving Star 😊,0,,youtube,0.946,positive
publix,Happy Thanksgiving to you and your family! Thank you for all that you do! Love your videos!,0,,youtube,0.9057,positive
publix,"Thank you, Happy Thanksgiving",0,,youtube,0.7351,positive
publix,The Dove deal is right on time for me. I’ll definitely be picking that up. Thank you Star!!,4,,youtube,0.6988,positive
publix,"I wish I had a Publix, love all the food deals they have",0,,youtube,0.7845,positive
publix,Wow!  Big food shopping week shopping for real 😂.  TFS 🌟!,0,,youtube,0.8065,positive
publix,Thank you Star for the awesome video.,0,,youtube,0.765,positive
publix,"Yes yes yall in my Star voice! Good week at the pub! Got that Pyrex, elderberry drops and poppi rose Ibotta too 💪🏾 Got the elderberry drops- and used the flyer coupon  💪🏾 got the scotch brite and used the flyer coupon 💪🏾 thank you Star for always putting us on!!",0,,youtube,0.8994,positive
publix,Girl you are the best. Love all your Publix deals!!,0,,youtube,0.8745,positive
publix,Love your sweater I have the same one in black. Thanks for sharing ❤,0,,youtube,0.9337,positive
publix,Thanks for the deals. Have a wonderful Thanksgiving!,0,,youtube,0.784,positive
publix,"So glad to be visiting family in Florida. I arrived yesterday and already went to Publix to get my BOGO. Thank you Star for this video, so helpful for me ❤",0,,youtube,0.9275,positive
publix,Thanks for sharing. I hope you and your family have a Happy Thanksgiving ❤,0,,youtube,0.9477,positive
publix,Happy Thanksgiving!!!! We thank you for all you do.,0,,youtube,0.811,positive
publix,Wish I had a Publix 😢 would love to see more Kroger.,0,,youtube,0.5859,positive
publix,Great shopping and great deals. Happy Thanksgiving Star. ❤,0,,youtube,0.9524,positive
publix,"Hey Star, <br>Thanks, Happy Thanksgiving!!",0,,youtube,0.6467,positive
publix,Happy Thanksgiving and thanks for all you do!!,0,,youtube,0.8011,positive
publix,Thanks for these deals Star. I had been saving that meat coupon. 😂,0,,youtube,0.7003,positive
publix,Appreciate all the Ibotta deals.,0,,youtube,0.4019,positive
publix,Thank you for lol you do for us! Thankful for you!,0,,youtube,0.8619,positive
publix,You always bring the best. Thank you,0,,youtube,0.7717,positive
publix,Ibotta is a real pain these days.  Good thing I have your list to refer to because this last shopping trip I had to scan all 9 of my items that had Ibotta rebates.  I also didn&#39;t get my Jiffy rebate.    🙄,0,,youtube,-0.1027,negative
publix,What can I say?? Amazing deals this week. Thank you for doing all the legwork for us and giving  us the inspirations 🙏🙏,0,,youtube,0.9034,positive
publix,Thank you for sharing your amazing savings. Have a wonderful time with your family😊❤,0,,youtube,0.9719,positive
publix,Happy Thanksgiving to you and your family,0,,youtube,0.5719,positive
publix,😂 I meant to come back here after I shopped... all the good rebates weren&#39;t on ibotta anymore 😢so sad lol 😆,0,,youtube,0.5994,positive
publix,Awesome haul Star! Thanks❤,0,,youtube,0.9098,positive
publix,Thanks for helping me.keep these bills and coins.,0,,youtube,0.6249,positive
publix,My store just went to the new system BUT my Birds Eye threshold coupon STILL worked at $15 before the Bogo sale!,0,,youtube,0.0,neutral
publix,Thank You Star ✨✨<br>Happy Thanksgiving to you and your family  🦃🦃🦃,3,,youtube,0.5859,positive
publix,Star with the deals as always 🎉,0,,youtube,0.4019,positive
publix,Thanks star❤❤❤❤,0,,youtube,0.967,positive
publix,Thank you. I&#39;m heading to Publix this morning for the frozen vegetables.  I have a $10 off $30 Winn Dixie coupon I plan to roll into these deals.,0,,youtube,0.3612,positive
publix,Love this sale,0,,youtube,0.6369,positive
publix,Great video,0,,youtube,0.6249,positive
publix,"Great deals as always, Sis! Thanks for the lozenges deal!!!! ❤❤❤",0,,youtube,0.9711,positive
publix,Thanks,0,,youtube,0.4404,positive
publix,Hi thank you so much for your videos 😊 can you pls share the link for the Dove coupon? Thanks,1,,youtube,0.9169,positive
publix,Hi! Where did you print the dove coupon? Thank you for your videos i love them!,0,,youtube,0.8065,positive
publix,Thanks for sharing great ideas this week.<br>Happy Thanksgiving to you and your family,0,,youtube,0.8689,positive
publix,"Thankful for you, Star!  I hope you and your family have a Happy Thanksgiving!  Enjoy that sweet potato pie..made me think of my grandma who made a fabulous sweet potato pie.",0,,youtube,0.9735,positive
publix,"On the Sambucus lozenges I was also able to tack on 2 $4 off coupons that were in the extra savings flyer making them completely free at the register + the money back from Ibotta! I heard you mention something about overages in another video, so maybe that would apply here as well since you would only pay $5.99 at the register - $8 extra savings coupon leaving an overage of $3.99? Or is my math all wrong?",2,,youtube,0.4301,positive
publix,"Happy Thanksgiving to you, your family &amp; coupon family 🙏🙏",0,,youtube,0.5719,positive
publix,Yes yes yes I&#39;m always ready  to watch the master Star 🎉🎉,0,,youtube,0.9325,positive
publix,Happy thanksgiving to you and your family ❤,0,,youtube,0.836,positive
publix,👋 Star!!!! Happy early Thanksgiving! Please enjoy and rest when you can. You know I hyped you up. 😁❤️😍🤗,0,,youtube,0.9697,positive
publix,Super 🔥🔥🔥,0,,youtube,-0.3182,negative
publix,Thanks Star ❤ love the hoodie 😊,0,,youtube,0.9538,positive
publix,Hi. Where did you print the Dove coupons?,0,,youtube,0.0,neutral
publix,hi where did you find the dove coupon?,0,,youtube,0.0,neutral
publix,"Beware the Kraft Cheese Sticks are terrible! I was excited since I&#39;m also on a Protein journey, but I couldn&#39;t even eat 1/3 of one. The rest are going in the trash!",0,,youtube,-0.2344,negative
publix,Thank you so much Star. You are helping so many of us out here that are living on retirement incomes. Happy Thanksgiving to you and yours. 🙏🏼🙌🏼🫂,0,,youtube,0.8126,positive
publix,"You mentioned getting access to deals faster that you share, how would I do that?",0,,youtube,0.296,positive
publix,"Where did you get the printable dove coupons? I have the Publix BOGO one, looking for the others",0,,youtube,0.0,neutral
publix,My three dollar Birdseye coupon did not come off either.  I am in Virginia and we are still using the old system. I bought $16 worth of bird&#39;s eye and it came down to $8 and change at the register but the $3 did not come off. Did anybody else have this problem?,0,,youtube,-0.5772,negative
publix,Present 💝 thanks for posting ❤,0,,youtube,0.9062,positive
publix,Where did you get the dove printed coupon?,0,,youtube,0.0,neutral
publix,Where can i can get dove coupon,0,,youtube,0.0,neutral
publix,It stinks my stores don&#39;t start the sales until Thursdays.  All the good coupons that I can stack with BOGO offers expired on the 19th!,3,,youtube,0.2942,positive
publix,You are right! I bought an expired King Arthur! It was 11/9 but annoying.  ❤,0,,youtube,0.5905,positive
publix,and the Nature&#39;s own deal gets better. There is a coupon in the extra savings flyer that you can use to make it even a bigger money maker. can use two flyer coupons.,0,,youtube,0.4404,positive
publix,Thank you!,0,,youtube,0.4199,positive
publix,Thank you for these deals!! Just question how to print coupons from breyer’s email instead of mobile wallet?,0,,youtube,0.4738,positive
publix,My Ibotta has different cash back deals. The Yo Crunch is only $.75 but there is a bonus of $.50 if you buy three which would get me to the $1.25 but unfortunately only on 3.  Also if anything is BOGO but out of stock I try and get a rain check.  I did it yesterday on meatballs that were on the last day of BOGO.  Went to customer service and they printed me a voucher.,0,,youtube,0.3919,positive
publix,No IB offer for yocrunch in FL 😢,0,,youtube,-0.6486,negative
publix,Can you post the aisle app,0,,youtube,0.0,neutral
publix,Do you clip everything in Ibotta? I’m just curious how some items accidentally attach if it’s not clipped,0,,youtube,-0.0258,neutral
publix,Will the $4 Off Publix Savings Flyer Coupon work for the lozenges ?,1,,youtube,0.0,neutral
publix,🎉🎉🎉🎉🎉😊😊😊,0,,youtube,0.9826,positive
publix,The nearest Publix to me is 50 minutes away.  Is it worth it to drive that far to shop at Publix?  I am genuinely curious and trying to save money.,0,,youtube,0.7506,positive
publix,Good evening. 🙏🙏,0,,youtube,0.4404,positive
publix,How i go to u whats app group???,0,,youtube,0.0,neutral
publix,"Great easy dinner using the alouette cheese spread: garden herb:  in a baking dish, grease pan with olive oil, cut up zucchini, carrots, yellow squash, cherry tomatoes, plop in the round cheese in the pan…..bake at 350. The cheese will melt into the veggies. Add some cooked pasta and some cooked chicken pieces. It’s a fabulous pasta dinner!",48,,youtube,0.8622,positive
publix,Seeing some of your grocery prices compared to ours in Florida infuriates me. Our Mueller’s pasta is $1.91!,19,,youtube,-0.5983,negative
publix,So frustrating that my Ibotta has the Dave’s snack bites $3 back at every store except for the Pub!!! 😡,19,,youtube,-0.6211,negative
publix,Tuned in from Florida. As a one person household I wish we could have half bogo.😢,17,,youtube,-0.1027,negative
publix,That was so thoughtful. Your husband helped you out by bringing you some coupons. Love that.,1,,youtube,0.8208,positive
publix,Savings flyer has a $.75 Hellmans coupon in it for anyone not having the hang tag.,1,,youtube,0.0,neutral
publix,Ookie Dokie Thank you so much Star..Publix here I come!,0,,youtube,0.4199,positive
publix,The pink you’re wearing is your color—so pretty! You find the best deals and my budget and I appreciate you!!,13,,youtube,0.8996,positive
publix,thanks Star! just went to say thank you to sisters saving you cents too! so excited to see the new Mario movie :),1,,youtube,0.9022,positive
publix,"Thank you so much star I was able to get a lot of the deals here in South Carolina! I did it and was able to stack three different bonuses in Ibotta getting $30 back total just from them! I have been a couponer for years, but I have to say your Publix hauls are some of the best!!!!",0,,youtube,0.9005,positive
publix,Yes ma’am we were waitinggg. I can make my list tonight.. woot woot thanks Star,3,,youtube,0.8807,positive
publix,Dave&#39;s killer bread already pulled off Ibotta again. They seem go be tracking when it is on sale and pull the rebate then.,1,,youtube,-0.6486,negative
publix,"You look so beautiful, Star…",0,,youtube,0.7177,positive
publix,I appreciate every detail you show and give. You don’t mind taking your time and showing step by step so thank you and it opens up to trying new things 🥰,3,,youtube,0.9223,positive
publix,Thank you so much for sharing,0,,youtube,0.6771,positive
publix,"Thank you, star! Of course, another amazing video. Hope all is well with your mom and your family.  <br>So frustrating living in Florida, most of those rebates are all ready in my list, our Pillsberry cookie dough is like two dollars more than yours. Not being able to do the half Bogo’s, I don’t understand why Publix doesn’t just all have it the same way for all the states, you’d think it would be easier for them and for us. lol.   No carbe diem on fetch for me.    Thank you for all you do! You are so appreciated ❤",3,,youtube,0.981,positive
publix,I enjoyed the taco tenders. I made fish tacos with a homemade coleslaw.,4,,youtube,0.5994,positive
publix,Thanks Star for sharing great deals at Publix.,0,,youtube,0.8689,positive
publix,Great Haul this week Star!! Thank you as always!!,1,,youtube,0.8302,positive
publix,It is a GREAT week at the pub!  You helped me get my bonuses making it an extra special week ❤ thanks for all you do. Continuing to pray for you and your family.,1,,youtube,0.9675,positive
publix,Thanks Star. It&#39;s a great week at Publix. Awesome haul!,1,,youtube,0.908,positive
publix,Ibotta is getting on me NERVES 😂 my receipt is still pending after 48 hours.,0,,youtube,0.1943,positive
publix,"Wow me, just stumbled across your channel. Thank you for doing all the thinking for me.",0,,youtube,0.743,positive
publix,No Dave’s on Ibotta for me😢,1,,youtube,-0.6486,negative
publix,Always look forward for ur deals and get prepared caz my  sale starts on Thursday as I&#39;m in south Florida,0,,youtube,0.2263,positive
publix,"I look forward to you posting these every Wednesday you’ve truly helped me, my family and our budget thank you!❤",1,,youtube,0.8718,positive
publix,"I had an offer on Fetch for the Pillsbury, 800 points wyb 2 and the redemption limit is 3.",0,,youtube,0.0,neutral
publix,"I wish we would all get the same coupons, I don&#39;t have the cereal coupons.",0,,youtube,0.4019,positive
publix,I never have the daves killer items until after I go then they appear again,0,,youtube,-0.6486,negative
publix,Thanks I appreciate your videos ❤❤,0,,youtube,0.9325,positive
publix,Awesome deals. Thanks so much ❣️,1,,youtube,0.9093,positive
publix,"Good evening Ms. Star. Thank you for the video. Sending prayers your way for you, mom &amp; family 🙏🙏",2,,youtube,0.6597,positive
publix,Yes Star was waiting on you Thank You,0,,youtube,0.6369,positive
publix,Thanks Star! ❤❤❤,0,,youtube,0.9501,positive
publix,Thanks,0,,youtube,0.4404,positive
publix,Thanks Star,0,,youtube,0.4404,positive
publix,"I rarely clip any coupons on my app and when I do, they never come off at the register 😂",0,,youtube,0.4404,positive
publix,Awesome deals,0,,youtube,0.6249,positive
publix,Thank you,0,,youtube,0.3612,positive
publix,Thank you so much❤❤❤❤,0,,youtube,0.9664,positive
publix,Yes yes yes Of course I&#39;m ready to go shopping with the Pro Star.,0,,youtube,0.8625,positive
publix,How does the rebate work for the fandago movie,0,,youtube,0.0,neutral
publix,Great deals!,0,,youtube,0.6588,positive
publix,"I see the Dave&#39;s killer bites offers all the time on here, but I&#39;m never able to grab them. In Florida here and my Publix is too far away for me to go until Thursday evening and the rebates are usually gone by them :( Today I don&#39;t even have the Ibotta offer at all. Oh well lol, I&#39;ve never tried them anyway",0,,youtube,-0.0387,neutral
publix,Thank you Star 🤗 Wow lots of deals at Publix this week 😊,0,,youtube,0.9337,positive
publix,No tide offer on fetch :(,0,,youtube,-0.6249,negative
publix,Great shopping. Wish I had half of the coupons you have.  I watch and update all the time and still miss a few.   Wish Publix would get their registers to all match up. One store on old system another on new.  I hate having to return items if I don’t get the deal I want since you can’t see coupon savings till you pay,0,,youtube,0.6249,positive
publix,Thanks Star!!! I have so much admiration for what you do! Praying for total and complete healing for your mom ❤,0,,youtube,0.9387,positive
publix,"Thank you this week looks good 👍🏾 so happy you came up on my feed because you are the GOAT , love the way you break it down.",0,,youtube,0.9365,positive
publix,This was such a great haul. I gotta watch again especially on the 2nd trans cause that was REALLY GOOD! Thank you 😊,0,,youtube,0.9614,positive
publix,Yes Star Time my coupon Super Star,3,,youtube,0.765,positive
publix,Thank you so much for taking us shopping with you and giving us the complete breakdown for everything. What is the aisle app? I can&#39;t find it anywhere.,0,,youtube,0.5994,positive
publix,"Question...is anyone else still waiting for Ibotta on the Publix deal? I submitted yesterday morning at <a href=""https://www.youtube.com/watch?v=eSZJ9f2MWas&amp;t=510"">8:30</a>...still nothing.",0,,youtube,0.0,neutral
publix,How long did it take for your receipt to get approved?thanks,0,,youtube,0.0,neutral
publix,Will the Hellman’s deal work on a new system for the $3 off $10?,0,,youtube,0.0,neutral
publix,Yeah! Thank you so much! Can&#39;t wait to see what awesome deals you came up with 🎉,1,,youtube,0.9018,positive
publix,Thank you Star! Pink looks pretty on you,0,,youtube,0.7177,positive
publix,Hi! I love your videos. I watch every week and they are so ver helpful :)<br><br>I had a quick question. Did you or anyone have issue with getting money back on Ibotta for air wick? It definitely matches when I scanned them but Ibotta didn’t it pick it up after submitting the receipt.,0,,youtube,0.6986,positive
publix,Thanks Star❤ great deals.,0,,youtube,0.9042,positive
publix,I&#39;ve been putting it off but just signed up with your code (Merryfield)!,1,,youtube,0.0,neutral
publix,"Yes, Yes, Yes Girl!  Love it!!! ❤❤❤",0,,youtube,0.98,positive
publix,Those taco tenders are so good. I tried the cilantro lime and put them in my air fryer and it was delicious.,0,,youtube,0.8173,positive
publix,Thank you for the deals! I literally wait to see your video before I do a big transaction! I tried the Taco Seasoned fish sticks when they were on sale at Kroger. They&#39;re ok. The flavor profile is off to me. I&#39;m going to try the Cilantro one next to see if I like it better.,1,,youtube,0.8168,positive
publix,Hi star ilike your videos please send me eggs aisle rebate link,0,,youtube,0.3182,positive
publix,Ibotta Dave&#39;s offers gone.,0,,youtube,0.0,neutral
publix,This week is fire 🔥🔥🔥!,0,,youtube,-0.8356,negative
publix,"Girl, this was an amazing amazing one I had a blast doing it. My bill was up to 200 drop down to 117 then drop down the 97 then I got 27 back on my bottle or and 17 on Fetch or vice versa. I can’t remember, but it was amazing deal and my day still was lasting till about at least until I went to the grocery store at 4 o’clock, I know of today after I got off work so it worked still",0,,youtube,0.836,positive
publix,Thank You Star ⭐⭐⭐,1,,youtube,0.3612,positive
publix,Love your vids🎉,0,,youtube,0.7845,positive
publix,Always my favorite ❤❤❤,0,,youtube,0.9485,positive
publix,I believe when I was shopping last week I saw a Hellman’s coupon in the extra savings flyer. I need to look at the size requirement,0,,youtube,0.0,neutral
publix,Of course like always Ibotta times out Florida pulls the offer before our ad starts Dave Killer Bread,0,,youtube,-0.4215,negative
publix,Hey Star Do you have the aisle rebate for the eggs?,0,,youtube,0.0,neutral
publix,Good Morning.. Thank you so much for this WONDERFUL video. I was wondering if we could buy the regular Oscar Mayer bacon with the buy $20 coupon? ❤,0,,youtube,0.9422,positive
publix,🏎️💨💨💨💨💨,1,,youtube,0.0,neutral
publix,$5 kraft didn&#39;t work for me.  They said it comes off the bogo price.,0,,youtube,0.0,neutral
publix,"I don’t understand why I get very few of the Publix digital coupons mentioned. I don’t have the Muellers, Dave’s bites or many more. Anyone have any ideas why. Thank you.",0,,youtube,0.3612,positive
publix,I’m trying to sign up UPSIDE with your referral.<br>They ask your promo code,0,,youtube,0.0,neutral
publix,hiii star!!! i would loveeee to see a kroger couponing video if you ever do it 🤍 in california we don’t have publix :(,0,,youtube,-0.5826,negative
publix,Is the Nellie’s rebate on your website?,0,,youtube,0.0,neutral
publix,Bummer I have no Dave’s rebates,1,,youtube,-0.5859,negative
publix,"Star, what app was the Reddi wip coupon on?",0,,youtube,0.0,neutral
publix,"Sad it&#39;s so complicated to shop these days. I need to hire a computer tech to shop i guess. I don&#39;t understand digital coupon stuff, cash back sites, etc. Everybody should have the same options, easy. How is a 80 year old lady suppose to know all this stuff.. why can&#39;t stores just price the stuff without coupons and making it difficult to save money.",0,,youtube,0.128,positive
publix,Bacon deal no longer working with $5 coupon 😢,0,,youtube,-0.6486,negative
publix,Ibotta removed the  Betty Crocker rebate by the time I got back from work,0,,youtube,0.0,neutral
publix,Are we able to use the $3 off $10 and $5 off $20 in new register stores or this still old register deals ? Thanks,0,,youtube,0.4404,positive
publix,"They already snatched the Dave’s Ibotta rebate from my account 😢but I’m looking forward to the 1.29 Nellies!!! pies &amp; cool whip, veggies and Air Wick!",1,,youtube,-0.453,negative
publix,"Love your videos!! I watched 3 others today, waiting for yours. Those were so annoying and dragging to get to the point!",0,,youtube,0.3787,positive
publix,"Star can you block Ibotta from your channel, lol? They have pulled every one of these rebates and they only do it after you post your haul every week.. 😭😭",0,,youtube,-0.743,negative
publix,I did not like the taco tenders.,0,,youtube,-0.1306,negative
publix,Thank you ❤,0,,youtube,0.7717,positive
publix,no real food   All ultraprocessed food   you will get chronic diseases from this modern western diet,0,,youtube,-0.296,negative
publix,I went to Publix the other day for the first time in over a year and let&#39;s just say they&#39;re buy one and get ones they&#39;re not worth it they jack up the prices and everything was so freaking expensive I could not believe it I go to Winn-Dixie for my meats and Aldi&#39;s for my fruits and veggies,0,,youtube,-0.6465,negative
publix,"Great deals, Sis! ❤",0,,youtube,0.8622,positive
publix,Thanks,0,,youtube,0.4404,positive
publix,Thank you.,0,,youtube,0.3612,positive
publix,192 month baby in the cart 🤦🏻‍♂️🤣,20135,,youtube,0.4939,positive
publix,I worked in a grocery store and still thought I wasn&#39;t allowed to go back there,14699,,youtube,0.0,neutral
publix,elleigh in the cart is so real lol,6222,,youtube,0.4728,positive
publix,THE SILENT PANIC IS SOOO REALL-,1096,,youtube,-0.5106,negative
publix,I wish my mom would do this stuff with me it looks so fun,4569,,youtube,0.787,positive
publix,Ain’t she in high school… make the kid take a few steps ☠️😂,976,,youtube,0.4404,positive
publix,As a cashier when I see anyone over the age of 4 in a cart it weirds me out lol,269,,youtube,0.296,positive
publix,Nah not like there is a like 15 year old in a trolly rn,34,,youtube,-0.0026,neutral
publix,I find it sad she goes to the store with her mom just to have her mom push her around in a cart while she’s on her phone,20,,youtube,-0.4767,negative
publix,Tell that grown ass kid to walk lmfao.  😂,5,,youtube,0.4404,positive
publix,Get out of that cart!  People put their groceries in there 😢,126,,youtube,-0.5255,negative
publix,Oh my god. First being spoiled to the brim. Then this..🥀,5,,youtube,0.2732,positive
publix,That&#39;s why I don&#39;t write in shopping carts anymore,26,,youtube,0.0,neutral
publix,Now I see why the daughter still sits in the cart as a teenager. Apple doesn&#39;t fall far from the tree.,21,,youtube,0.0,neutral
publix,Doomscrolling while carted around taking space also having groceries paid for.,8,,youtube,0.0,neutral
publix,Bruh a grown up baby in the cart🤣,6,,youtube,0.4939,positive
publix,My dad did that to me and I actually went in the back room! There were 5 workers staring at me and my dad had to come in the and apologize!,63,,youtube,0.2462,positive
publix,Showing my mom this to prove I can still get in the cart,1,,youtube,0.0,neutral
publix,"That is what trust, love and fun looks like😂❤❤",34,,youtube,0.9766,positive
publix,Sitting in a cart above the age of 8 is wild.,6,,youtube,0.0,neutral
publix,I LOVE PUBLIX!!!,42,,youtube,0.7249,positive
publix,My mom won’t let me sit in the cart ☹️,1,,youtube,-0.34,negative
publix,My aunt did this and a worker saw us we said we were looking for the bathroom 😂😂,1,,youtube,0.7003,positive
publix,OMG I LIVE RIGHT NEXT TO THAT PUBLIX,1,,youtube,0.0,neutral
publix,What the hell is she doing in a cart,1,,youtube,-0.6808,negative
publix,Was I the only one who noticed the letter chicken nuggets?😮😮,1,,youtube,0.0,neutral
publix,Funny she realizes when she is glued to her phone,0,,youtube,0.4404,positive
publix,bro this looks like the Publix where I go bro,0,,youtube,0.3612,positive
publix,That&#39;s funny that&#39;s what she gets for not putting her phone down 😂😂😂😂😂😂❤❤,5,,youtube,0.9812,positive
publix,LOL!  Good one! 😂,28,,youtube,0.8725,positive
publix,My parents made me stop at age 6😭,0,,youtube,-0.6486,negative
publix,my mom did this to me once i was so mad lol,3,,youtube,-0.2589,negative
publix,I miss sitting in the grocery cart :(,0,,youtube,-0.5423,negative
publix,My dad would start running really fast and twist and turn my cart while running into something and I would always scream,0,,youtube,-0.4019,negative
publix,I work at Walmart in maintenance and it still trips me out. It&#39;s an industrial warehouse back there.,2,,youtube,0.0,neutral
publix,My friend did this but she actually pushed me in,0,,youtube,0.2732,positive
publix,bro i always wanan go in the cart but they never let me 😭,0,,youtube,-0.631,negative
publix,This is the reason my daughter is so traumatized.  She won&#39;t even walk in front of me anymore 😂,0,,youtube,-0.1509,negative
publix,Pov you&#39;re a screen baby forever,0,,youtube,0.0,neutral
publix,Ich übernehme den ganzen Einkauf und ein Päckchen behalte ich mir als Dank !,1,,youtube,0.0,neutral
publix,My only question is why does it look like no one is in that grocery store?,0,,youtube,0.0772,positive
publix,That looks expensive,1,,youtube,0.0,neutral
publix,um...seriously....i tell my 5 year old shes to old to ride in the cart yet this 28 year old woman is riding in the cart lmfao.,42,,youtube,0.5423,positive
publix,I know EXACTLY which Publix that is. Cause I go there all the time 😭 I have the whole Publix laid out in my head.,0,,youtube,-0.4767,negative
publix,That&#39;s where they keep the fresh stuff.,0,,youtube,0.3182,positive
publix,"I do this with my teen daughter, now she is at college and misses my goofy dad stuff.",12,,youtube,-0.2263,negative
publix,My mom pushed me in the cart  🛒 and I&#39;m at 24 yo woman 😂❤,0,,youtube,0.7964,positive
publix,is nobody talking about the meep city music,0,,youtube,0.0,neutral
publix,Lol shit hurt her hand,0,,youtube,-0.25,negative
publix,"I might be bugging, but this looks like the Publix I go to 😭😭",0,,youtube,-0.7227,negative
publix,I always wanted to see what was at the back of the two doors😂,0,,youtube,0.4404,positive
publix,I think the problem here is that you got a grown girl in a shopping cart on her phone. How lazy can you be 😭😭😭,37,,youtube,-0.926,negative
publix,My mom&#39;s a schizophrenic junkie who&#39;s lack of care kept me suicidal as a child.  Cherish it,0,,youtube,-0.25,negative
publix,Lucky the cart didn&#39;t tip over.,0,,youtube,0.4215,positive
publix,"Crazy funny good catch, Ellie😅😊so close to making through the doors",11,,youtube,0.8979,positive
publix,OMG chastity nolan would be the name if chastity ACTUALLY married pete from the rookie loll,1,,youtube,0.0,neutral
publix,Your mom has the same laugh as mine,0,,youtube,0.5574,positive
publix,She&#39;s a teen and she still sits in the cart😂,1,,youtube,0.4404,positive
publix,The way she&#39;s fr wearing a bra and shorts like my dad would never let me leave the house in that(no hate tho it&#39;s rly cutey parents js wouldn&#39;t let me wear that)❤,1,,youtube,0.739,positive
publix,I would have just went in been like hey yall,0,,youtube,0.3612,positive
publix,Souls have full speed sent her through those doors,0,,youtube,0.0,neutral
publix,uhm where are her clothes..?,1,,youtube,0.0,neutral
publix,That’s what happens when you make your mom push you in the cart at that age lol,9,,youtube,0.4215,positive
publix,I work at a grocery store. If i saw this fly out the back id laugh,1,,youtube,0.5574,positive
publix,I did this once with my friends in highschool and they thought we were stealing 😐 never again,0,,youtube,-0.1531,negative
publix,I wish my mom let me sit in a car at that age,0,,youtube,0.4019,positive
publix,Sounds like the meep city theme song,0,,youtube,0.3612,positive
publix,TEEN DAUGHTERS ARE THE BEST AND WHEN THEY GROW UP AND LEAVE IT LEAVES AN EMPTY PLACE IN YOUR HEART AND LIFE!!!❤❤❤❤❤❤❤❤❤❤,25,,youtube,0.9949,positive
publix,That phone is why 😂😂❤,1,,youtube,0.875,positive
publix,She planing how to cook dinner that night lol ❤❤❤❤,1,,youtube,0.9666,positive
publix,I&#39;ll take two for $50,1,,youtube,0.0,neutral
publix,That was me and my mom today at walmart ❤❤❤😂,0,,youtube,0.9477,positive
publix,Affording Publix is a flex nowadays,0,,youtube,0.0,neutral
publix,I wish I had a mom like this….,0,,youtube,0.6369,positive
publix,It felt embarrassing to ride in the cart when I was like 5 yet there is 30yo woman driving in it damn the world change xd,1,,youtube,0.25,positive
publix,I dont understand how ppl always have to look at their phones,2,,youtube,0.0,neutral
publix,"Yeh real nice, the next person has to put food in that trolley.",12,,youtube,0.4215,positive
publix,not the sports bra,2,,youtube,0.0,neutral
publix,I don’t think I ever rode in carts like that. My mom was all business at the store.,0,,youtube,0.3612,positive
publix,Still feel like a kid and sit in the shopping cart,0,,youtube,0.3612,positive
publix,This is why most of all shopping carts a &quot;F&quot;UP thank tou children,1,,youtube,0.3612,positive
publix,WHAT THE HECK THATS THE PUBLIX I GO TO,0,,youtube,0.0,neutral
publix,The idea is very impressive This deserves recognition.,0,,youtube,0.5563,positive
publix,elle pay attention lol,0,,youtube,0.34,positive
publix,Why is ur grown ahh in the cart gng 😭✌️🥀,0,,youtube,-0.4767,negative
publix,Mom brain😂,0,,youtube,0.4404,positive
publix,Store is empty and Ur pushed by Ur best friend,0,,youtube,0.765,positive
publix,guys that’s nocatee town center publix,0,,youtube,0.0,neutral
publix,ufos over america : Massive UFO Sends Morse Code Message to Earth,0,,youtube,0.0,neutral
publix,“Think fast chucklenuts”,0,,youtube,0.0,neutral
publix,The idea is worth sharing This deserves recognition.,0,,youtube,0.5719,positive
publix,Not the Dino nuggets,0,,youtube,0.0,neutral
publix,This video is worth sharing I will come back to watch it again.,1,,youtube,0.5719,positive
publix,I saw him not your mother’s moose in there❤😂,0,,youtube,0.7964,positive
publix,Why she in the cart though,97,,youtube,0.0,neutral
publix,Yocan let em go but ya can&#39;t get em to let go of the hand held 😅,0,,youtube,0.8201,positive
publix,What&#39;s scary is people who except this,0,,youtube,-0.4939,negative
publix,She didn&#39;t get the hint.,0,,youtube,0.0,neutral
publix,These are the same kind of situations why we have caution beverage is hot warnings on hot drinks.,6,,youtube,-0.296,negative
publix,I go to Publix to 😂,0,,youtube,0.4404,positive
publix,The Knorr coupons work without buying the chicken. I’ve done that deal twice with no chicken and it worked both times! Enjoy!,5,,youtube,0.3786,positive
publix,Thank you Kayla and axel ❤,0,,youtube,0.7717,positive
publix,Great haul Kayla.   Here in South Florida the sale starts tomorrow and I will be taking advantage of a lot of these deals.,3,,youtube,0.7269,positive
publix,I&#39;m ridiculously excited for the household deals 🤗,0,,youtube,0.4215,positive
publix,"Thank you,  Kayla.   Some good deals.   ❤",0,,youtube,0.8625,positive
publix,Thanks! I got most of the things you have. I’ll be going back for the things I didn’t know about.,0,,youtube,0.4926,positive
publix,I wish we had Publix! Great deals❤,0,,youtube,0.906,positive
publix,Awesome haul Kayla! Thanks ❤,0,,youtube,0.9098,positive
publix,"Hello , I have been waiting for this video ! Thank you !",0,,youtube,0.4738,positive
publix,Yay have been waiting !!! Thank you,0,,youtube,0.7767,positive
publix,"Thanks, Kayla!<br>If you go back, the Tate&#39;s double chocolate chips are some of the best store bought cookies out there...definitely recommend!",0,,youtube,0.8802,positive
publix,I have a 5.00 digital for the fresh press and a 1.70 back from fetch  made it a money maker,3,,youtube,0.3182,positive
publix,Great haul! My store never has the peelies 😞,0,,youtube,0.3164,positive
publix,I have a Fetch offer for the Fresh Press for 1700 points,4,,youtube,0.3182,positive
publix,My Eggland’s Best offers disappeared too. 😢 I was looking forward to trying the quiches at a great discount,0,,youtube,0.6486,positive
publix,Truvia is also b1g1 free. So just a few cents for the 40 ct. With the $1 digital coupon,0,,youtube,0.5106,positive
publix,I&#39;m new to this.. where is the digital coupon?,0,,youtube,0.0,neutral
publix,I can’t find the printable list.  How do I find and print?,0,,youtube,0.0,neutral
publix,Awesome haul Kayla thank you for sharing ❤😊,0,,youtube,0.9618,positive
publix,💜🙏✝️<br>I Always Clip My Dqs  Filtered by Newest 😉,13,,youtube,0.6369,positive
publix,"Thank you,❤😊,<br> much appreciated❤😊.",2,,youtube,0.9781,positive
publix,I feel like I need a cheat sheet of all the external coupon apps I need lord I can’t get organized,2,,youtube,-0.128,negative
publix,"Hey Star, I went to Aldi&#39;s a couple of hours ago and bought 5 individual Perfect Bars and Ibotta paid .50¢ for 5 and 1.00 for 5. I also received 10 points!!",1,,youtube,0.6467,positive
publix,Hey star! Thanks for the deals make shopping so easy ❤,1,,youtube,0.9081,positive
publix,My Publix had the Colgate max fresh (white box) on clearance for $2.49 (the $4 off 2 digital applied at the register). And I was able to finally get the “g” air wick 2ct ! It worked like a charm at self check out.,0,,youtube,0.7777,positive
publix,Thanks for sharing ❤❤❤,2,,youtube,0.9601,positive
publix,Yay! So happy to help with the deals friends! ❤ saltines for everyone!! 😂,2,,youtube,0.971,positive
publix,Morning Star I ALWAYS click my coupons. I check it 2-3 times a week. Great deals today I will be doing the bounty deal. Have a great day and thanks for sharing.,2,,youtube,0.9313,positive
publix,I only got .50 from the eggs too. And I had .75/2 for the saltines. But still grateful!,2,,youtube,0.6476,positive
publix,Thanks for the tip m clipping coupons early,0,,youtube,0.4404,positive
publix,Wish I had this store near me,0,,youtube,0.4019,positive
publix,Star always come with the good deals,1,,youtube,0.4404,positive
publix,Gracias por tus buenos videos ❤,2,,youtube,0.6369,positive
publix,Thanks for these deals Star. Thanks forcthe reminder about the coupons. I missed out on the Marie Calendar because i didn’t clip when it was available 😢.  You had a great haul this week!!,2,,youtube,0.7339,positive
publix,Thanks Star. Im doing tacos and needed sour cream. But if I was running to the Pub I needed to watch your video first and scored some great deals. Celestano has GF ravioli so that BOGO is insanely good price for GF!,0,,youtube,0.9143,positive
publix,The Bounty qualifies for the P&amp;G NFL rebate spend $20 get $5 or spend $50 get $15.,0,,youtube,0.0,neutral
publix,"Great deals, Sis! ❤❤ That Stocking Spree deal….🔥🔥🔥",0,,youtube,0.8221,positive
publix,"I&#39;m so aggravated with Ibotta. I was really hoping to try the soft scrub toilet cubes and get a bottle of the cleanser. I clipped those early this morning in Ibotta but by the time I got to the store they disappeared. I&#39;m just glad I thought to scan the items to make sure they were attaching before I checked out. That&#39;s how I knew they were gone. Not such a great deal on them without those Ibotta rebates. On the plus side I got the bird&#39;s-eye vegetables, eight of the Old spice deodorants, the Bounty paper towels, eggs and butter at a great deal thanks to you Star! My store was out of the Cetaphil wipes and the Neutrogena bars but overall it was a great shopping trip ❤",9,,youtube,0.976,positive
publix,Now that’s a deal!,0,,youtube,0.0,neutral
publix,I appreciate you Star!,0,,youtube,0.4574,positive
publix,Thank you for another amazing video!!,0,,youtube,0.7835,positive
publix,Thank you Star,0,,youtube,0.3612,positive
publix,Great deals ❤,0,,youtube,0.8519,positive
publix,"Thanks for  sharing Star ❤  always happens to me 🤭FYI  If you don&#39;t check your app daily and Clip ,next day they are gone",0,,youtube,0.9201,positive
publix,"Publix is not showing as a store for the soft scrub coupon, I found this out after buying the product. I will be returning them, I have lots of it.",1,,youtube,0.0,neutral
publix,Much appreciated Star! Thank you,0,,youtube,0.7263,positive
publix,Thank you Star!!!,0,,youtube,0.5229,positive
publix,That Celentano pasta price goes up every month it seems,2,,youtube,0.0,neutral
publix,I am a new mom and new to couponing and appreciate your videos so much 🧡  do you have any recommendations on orderly ways to keep up with your rebates? Trying to make sure my budgeting is correct but having a little difficulty when going back to plug in rebates and such from my out of pocket prices in store. I looked through your videos quickly but apologies if I missed a video on this or for organization. Thanks so much for all you do.,1,,youtube,0.5605,positive
publix,Thank you star 🌟,0,,youtube,0.3612,positive
publix,Hi Star Thanks for the awesome video.,0,,youtube,0.7906,positive
publix,"I can’t wait for your weekly Publix videos thank you so much! You are the best.❤ I just started using the app be frugal, it’s like Swagbucks but a little more confusing until you get used to it. On that app the orchard valley snack is a money maker",1,,youtube,0.6828,positive
publix,Great haul as always!!!❤,0,,youtube,0.88,positive
publix,No publix in AZ😢,0,,youtube,-0.6486,negative
publix,Ms Star thank you for the video 🙏🙏. Also thank you for the Premium Rebate. I got it in my store Giants and in Ibotta got it $1.00 each. Yes Yesssssssssssssss. 😊,0,,youtube,0.9136,positive
publix,"Thanks for the deals. I always look forward to your videos. When I submit to stocking spree, it always takes the total after coupons/discounts... not the presale price. It did last year though. 🙁",0,,youtube,0.2006,positive
publix,Ibotta pulled soft scrub from Publix 😢,3,,youtube,-0.4767,negative
publix,How do you sign up for stocking spree?,0,,youtube,0.0,neutral
publix,How do you know if it is the old system?,0,,youtube,0.0,neutral
publix,Hi star do you have the link fir the saltines,0,,youtube,0.0,neutral
publix,How do you get the saltine rebate? Via email or mail? And how long and does it take? Thanks!,0,,youtube,0.5764,positive
publix,did anyone able to get the $2 rebate for the Nellie Eggs? I didnt get the text message.,0,,youtube,0.0,neutral
publix,"Sadly, I&#39;m in FL and my Publix account digital coupons are mostly all for personal care items, very few food coupons these days.",4,,youtube,0.1027,positive
publix,I&#39;m so sad.  My fetch is only giving me credit for the items AFTER coupons now.  So my Old Spice deal was NOT a good one.  I&#39;m sad. 😢,0,,youtube,-0.7905,negative
publix,Great deals! I bought 6 of the old spice but only one of my $5 coupons came off. I assume the 5 off 20 didn&#39;t. Any reason why you think this might&#39;ve happened? I know my store is on an older system (I verified at a register before) but I did this transaction as self checkout... makes me wonder if it was different.,0,,youtube,0.4295,positive
publix,Can you do the old spice deal if you buy 3 of the cheaper and one more of the slightly more expenisive and use the 5 off 20?,0,,youtube,0.0,neutral
publix,❤EXCITED TO WATCH!!!,0,,youtube,0.0,neutral
publix,Thank you I think I&#39;m going to do the bounty,0,,youtube,0.3612,positive
publix,Hi Star ❤❤ good as always,0,,youtube,0.9062,positive
publix,"Yes yes yes, Star here watching my favorite video 🎉🎉",0,,youtube,0.9382,positive
publix,Yes ma’am I was waiting on youuuu woot woot,0,,youtube,0.8074,positive
publix,Tysm! I need 98 more points to get my 12 gift cards 😁,2,,youtube,0.7345,positive
publix,I was watching the Epstein saga until your notification came through. I’m here.,1,,youtube,0.0,neutral
publix,"Star, Yes, yes, yes! You are the best!   <br><br>Just putting this out there.  Publix has a second deal on Bounty that comes out cheaper than the deal in your video.<br><br>Bounty triple rolls, 6=18 pkg<br>Regular price $24.99, save $8<br>Sale price $16.99<br>Digital coupon -$3.00<br>Pay $13.99<br>makes price for “regular roll” <br>$13.99 / 18 =$0.78<br> <br>VS. buying TWO 4=8 double roll<br>$7.49 x 2 =$14.98<br>makes price for “regular roll”<br>$14.98 / 16 =$0.94",0,,youtube,0.944,positive
publix,Cetaphil was a no go. Coupon specifically excludes the wipes but you can still get $2CB from Ibotta. Not terrible but not as good as your offer. I’m almost convinced they give you coupons the rest of us peasants aren’t worthy of. 😂,1,,youtube,0.8868,positive
publix,What day do you post usually?,2,,youtube,0.0,neutral
publix,I shouldn’t have got the saltine at cvs😢 I didn’t realize I don’t have $1 back each on ibotta . I have $0.75 must by 2,1,,youtube,-0.4767,negative
publix,"My Marie Callender’s coupon didn’t come off for some reason. My system isn’t updated, I got two of the meals for $7.39 each before the sale and one of the mini pies for $3.09 before sale. Coupon attached to all products",0,,youtube,0.0,neutral
publix,"I found you yesterday! It’s like you were big sister I’ve always needed! Thank you for posting this content. A few of your videos has really motivated me to start couponing. It’s always been so overwhelming but with only starting at one store and you as a teacher, I know I’m ready!",5,,youtube,0.8304,positive
publix,"Thank you Star!  I downloaded the Nellie eggs from your address, but there’s no place to submit my receipt. What should I do?  I’ll check my emails. There’s still no place to submit the receipt.😢",0,,youtube,-0.8516,negative
publix,"GM, how do you determine which coupons to clip?",0,,youtube,0.0,neutral
publix,How long did it take for the saltines to go tru,0,,youtube,0.0,neutral
publix,"Wait, I think im missing something. How are the 8 old spice and 2 bounty only 14 dollars?",0,,youtube,-0.296,negative
publix,Hey..I didn&#39;t get my.75 cents back.,0,,youtube,0.0,neutral
publix,Do you have a link or number I can text for the Nellie’s Aisle offer?  I am having difficulties finding it.  Thanks so much!,0,,youtube,0.3164,positive
publix,"Thanks for sharing, sounds good❤",1,,youtube,0.9153,positive
publix,Yay! Friday video! Getting my cardio in and playing catch up with your videos. 😏🥳🫶🏼💯☺️,0,,youtube,0.8856,positive
publix,"No idea if I&#39;m spreading fake news here, but my Aunt has a Brazil nut every day (maybe 2 I forget), but anywhoooo apparently just don&#39;t eat too many of them at once or they can make you sick. lol. ALSOOOO hope we will get to see the Hot Honey bowl on one of you daily eating videos, I don&#39;t have TikTok so I wanna see the recipe!",0,,youtube,-0.2942,negative
publix,Thank you for the deals.   Usually the updated registers are open and when it&#39;s crowded an old one opens...I run there😂 ❤,3,,youtube,0.8625,positive
publix,Thank you for sharing these deals! I scored 3 Dove BW and 2 Dove Bar Soap for $2.79 each!,3,,youtube,0.7081,positive
publix,"A couple of days ago I was at my Publix getting the items on my list. There was a random lady on the first aisle grabbing the same item as me, ran into her again on the second aisle, then third, on the 4th aisle we both started laughing that our lists were exactly the same! Of course turns out she was one of your subscribers too! By the time we got to the last aisle we ended up schooling a 3rd lady about the $5 off 3 Dove bogo deodorant, and she said she&#39;d watch your videos too. Yes, yes ya&#39;ll!",0,,youtube,0.8582,positive
publix,"Hi Star, I scored my dove deal today, I did the exact deal you did and it came out perfectly. Thank you so much for all the amazing deals you post. I’m trying the airwick tomorrow.",3,,youtube,0.8885,positive
publix,"Don’t forget the Heinz ketchup is on Stocking Spree 😊 Great deals, Star!",3,,youtube,0.8588,positive
publix,Thank you for always sharing great deals and for your time.👍🌹,2,,youtube,0.8555,positive
publix,Thank you for the Airwick deal. I will be doing it today.,0,,youtube,0.3612,positive
publix,Thanks for these deals Star 🎉🎉And superthanks for being a trying-out-queen!!,0,,youtube,0.8353,positive
publix,Love your channel and the way you give us all the fantastic deals to BOLO!!  My Ibotta rebate for Dave&#39;s snacks is only $1.50.That&#39;s just so wrong of Ibotta.,2,,youtube,0.6589,positive
publix,Star you&#39;re always the deal QUEEN!,0,,youtube,0.0,neutral
publix,Thank you for another amazing video! See you in the next one.  Thank you for all you do! ❤,1,,youtube,0.9272,positive
publix,Hi Star Thank you for the awesome video as usual. ❤❤❤.,1,,youtube,0.9648,positive
publix,I need to move from S. Florida to GA!,1,,youtube,0.0,neutral
publix,Thank you Star for the great breakdowns on deals this week! 🌺🌻,0,,youtube,0.784,positive
publix,love your videos!,2,,youtube,0.6696,positive
publix,Yes Yes Y’all Thank you Star for the breakdowns,0,,youtube,0.7845,positive
publix,Thank you Star!! You are so amazing,0,,youtube,0.8381,positive
publix,And that is why I’m going to stick with CVS and Walgreens coupon,0,,youtube,0.0,neutral
publix,Nice Situation 🎉,0,,youtube,0.6705,positive
publix,My Publix has all Publix gallon milk B1G1 this week!,3,,youtube,0.0,neutral
publix,Awesome haul!!,0,,youtube,0.6892,positive
publix,Good morning! 😊,0,,youtube,0.8478,positive
publix,Love it!,0,,youtube,0.6696,positive
publix,Amazing 🎉🎉,1,,youtube,0.8481,positive
publix,Hi Starr!,0,,youtube,0.0,neutral
publix,Thanks ❤😊,0,,youtube,0.9201,positive
publix,Thanks,1,,youtube,0.4404,positive
publix,Thank you. I have the bogo dove from the newspaper and the deal worked. I wanted to try the air wick but was scared to.,0,,youtube,-0.4767,negative
publix,I was waiting for this 😂!! Thanks Star 🌟,2,,youtube,0.7494,positive
publix,My problem is that some of registers at my store are updated and some are not. I can never remember which is which until ive been rung up.,9,,youtube,-0.4019,negative
publix,Thanks Star! Was the lysol free?,0,,youtube,0.7574,positive
publix,Air wick does it work on mist refill as well?,0,,youtube,0.2732,positive
publix,I think the bare chicken is per pack not per lb $5.50 for Two pks is a good  deal,0,,youtube,0.4404,positive
publix,What is the Dove deodorant deal with the Publix Q?,0,,youtube,0.0,neutral
publix,Thank you Ms Star 😊🙏🙏,2,,youtube,0.8176,positive
publix,Thanks Star for another amazing video! Can you please explain how do you use the $10 reward that we received from stocking spree? TIA,0,,youtube,0.9518,positive
publix,"Thanks for thr tip on the airwick. I tried it with the essential mist and it worked. Plus, Ibotta gave me back $5 thinking I had the kit. Hey, I&#39;ll take it lol.",1,,youtube,0.6908,positive
publix,Holding it down like always Star!!! Thank you 🙏🏻,0,,youtube,0.7074,positive
publix,Looking forward to seeing Star work her Publix magic!,0,,youtube,0.0,neutral
publix,Yes yes yes I&#39;m always ready to go to the Pub with the master Star.,0,,youtube,0.8625,positive
publix,Yes yes y&#39;all 🎉,3,,youtube,0.7964,positive
publix,Thanks so much for this... but my Lunchables rung up $1.00 each and idk why. I purchased 8 but the 5 of 20 didn&#39;t come off because of that.,0,,youtube,0.09,positive
publix,Just recently found you on TikTok after seeing you over here for YEARS 👋🏾👋🏾👋🏾,0,,youtube,0.8625,positive
publix,Thanks Star!!❤❤,0,,youtube,0.9167,positive
publix,"Hi, question from where is the angel soft coupon?",0,,youtube,0.0,neutral
publix,For some reason the coupon for Dave’s Snacks got kicked out. I rang them up separately on their own transaction. The coupon shows as “coupon subtracted.” So my total was $6 something instead of $4 something. So weird!,0,,youtube,-0.3681,negative
publix,"For the Hellmans  mayo on top of the 3-10,and the $2 do you can also add 2 $2 from the extra savings makes it $9off",0,,youtube,0.2023,positive
publix,How do i get the printed coupons?,0,,youtube,0.0,neutral
publix,Thank you,0,,youtube,0.3612,positive
publix,"How do I know if my store will do the instant savings of the dove $10 instead of the gift card? My registers are on old system, but we don’t have self checkout.",0,,youtube,0.2382,positive
publix,The mayo have a $2 coupon in the savings book,0,,youtube,0.0,neutral
publix,Thank you for all the money you’ve helped save I love your videos! How do we know of our store is on the old system?,0,,youtube,0.8805,positive
publix,My bacon is 11.49 in NC 😳,0,,youtube,0.0,neutral
publix,"I don’t have the Dave’s coupon. 😢 As always, thank you for all the work you do to put these videos out, I appreciate you so much!",1,,youtube,0.3382,positive
publix,Hello 😊,0,,youtube,0.7184,positive
publix,Last week my store was out of the Carpi Sun’s I got a rain check can anyone tell me if the $5/$20 work for half Bogo states with a rain check,0,,youtube,0.0,neutral
publix,"So, when are you doing the 5 off of 20, that 20 is before the b1g1? So it will take off the 5 even though after b1g1 it’s only like 10.00? Sorry, I know you have probably answered this question multiple times. :) thank you for all you do to help!",0,,youtube,0.8765,positive
publix,How can I incorporate a saver paper coupon for buy one 20oz dove body wash get one 18oz mens Dove body wash into this deal?,4,,youtube,0.0,neutral
publix,There is anyway to print the Taquitos coupon from the previous extra flyers?,0,,youtube,0.0,neutral
publix,G.O.A.T,1,,youtube,0.0,neutral
publix,Anyone have an issue getting the gift cards on dove?  Manager said that you can&#39;t get cards and use the coupons,0,,youtube,0.4404,positive
publix,"Thank you!  I just got my hands on some dove Bogo coupons from the Save insert  so if I buy four body washes and one pack of bar soap, I should pay about $6 for all 5 items!",0,,youtube,0.7081,positive
publix,I just tried to do the Dove deal<br>And my total after all the coupons was almost $30<br>So I do not understand where the mistake was because they got cheer show me the $10 come off twice,0,,youtube,0.2263,positive
publix,None of these coupons are at my publix in Florida:(,1,,youtube,0.0,neutral
publix,"Great Job, Sis❤",1,,youtube,0.8519,positive
publix,Thanks ✨️,0,,youtube,0.4404,positive
publix,Thanks,0,,youtube,0.4404,positive
publix,Hey Michelle! Thanks for sharing your haul. You did great. I hope you have a Happy New Year!,0,,youtube,0.9515,positive
publix,The Gatorade is a stocking spree item.,5,,youtube,0.0,neutral
publix,Thank you for all your info all year ❤ Happy New year 🎉,0,,youtube,0.9201,positive
publix,"Hey my beautiful friend 💕 I’m glad you had a wonderful Christmas and was able to spend it with your foothills family ❤ hopefully we can spend Easter with our mountain family ❤ Thank you for letting us know about the coffee deal☕️ we are 8’oclock consumers 😂 I will definitely be going out and stocking up🎉 Yeah Baby ☕️👍🏻 Stay bundled up, the high is supposed to be 45…brrr 🥶 I think winter may have hit our neck of the woods! 🌟🌊",0,,youtube,0.9915,positive
publix,Thanks Michelle! ;😊 👍,0,,youtube,0.8478,positive
publix,"Michelle, I hope you and your family have a Happy New Year. Thanks for all the deals. Ginny",0,,youtube,0.8591,positive
publix,Pinto beans are super easy and pretty fast to make in the instant pot…quick dinner with rice and all the taco fixings.,0,,youtube,0.875,positive
publix,"Thank you, Michelle!",1,,youtube,0.4199,positive
publix,Great seeing you back after the Christmas holiday ❤,0,,youtube,0.9001,positive
publix,I love the “better than” bouillon jars!!,0,,youtube,0.6988,positive
publix,"Nice to see you today, Michelle. Thank you so much for posting the deals. Hope you and your family had a lovely holiday. And happy new year if we don’t get to see you before that.",1,,youtube,0.9545,positive
publix,Thanks 🙏🏻,1,,youtube,0.4404,positive
publix,"Thanks, Michelle! <br>I&#39;ve tried the Violife cream cheese before and was really surprised by how much it tasted like real cream cheese. <br>Definitely a great deal!",1,,youtube,0.9057,positive
publix,I’ve had that bouillon jar in my fridge for like a year I think. It does last forever! Hopefully it doesn’t go bad 😂,2,,youtube,0.5983,positive
publix,Happy New Year!!  Love watching your videos even though I am in Maryland and there are no Publix here!,0,,youtube,0.8213,positive
publix,Hi Michelle. Thanks for giving us the heads up on these deals. I love great northern beans and will be sure to get a few bags of these. My plan for next year is to cook more from scratch to make my dollars stretch. May you and your family remain safe and happy for the New Year. ❤🎉,0,,youtube,0.9825,positive
publix,"Thanks so much, Michelle! 🎉🎉.",0,,youtube,0.8341,positive
publix,Thanks,0,,youtube,0.4404,positive
publix,Thank you😊😊😊,0,,youtube,0.9612,positive
publix,"I  used the  5 off 20 Maria Calander digital coupon on Marie Callender meals that  are on clearance at my stores , clearance prices 1,53 to 1,75  I filled the freezer, I went to several stores I used several numbers just had son, daughter, and husband clip coupon.",1,,youtube,0.0,neutral
publix,Thank you❤❤❤❤,0,,youtube,0.9652,positive
publix,I did the 3 Dove body washes.used a $5 off 3 digital coupon and $10 instant savings. Also grabbed the Dave”s snack bites and Taquitos. I saved $32.28 in store plus submitted to Ibotta and Fetch. Amazing savings! Thank you Kayla!!,0,,youtube,0.8743,positive
publix,Awesome haul Kayla thank you for all you do and always shining your great deals very helpful ❤😊,0,,youtube,0.9757,positive
publix,YAY Thank you Kayla 🎉🎉🎉,0,,youtube,0.9291,positive
publix,Thank you Kayla,0,,youtube,0.3612,positive
publix,Thank you.,0,,youtube,0.3612,positive
publix,In what world is a pack of bacon over $11??? That’s wild. No wonder they’re having to mark it BOGO.,0,,youtube,-0.4098,negative
publix,Thanks so much for sharing the deals!!,1,,youtube,0.7613,positive
publix,"Thank you so much, Kayla. I&#39;ve noticed that our prices are often a bit higher here in Alabama (e.g. the Lunchables, the Oreos), so Publix doesn&#39;t have the same prices nationwide.  You still save me lots of money with the deals, though!  💚",0,,youtube,0.8805,positive
publix,The $10 off the dove didn’t work. Used self check out. Thinking I’ll run by customer service tomorrow. Anyone else have this issue?,0,,youtube,0.0,neutral
publix,Hi trying to figure out if I&#39;m on a old Publix system or a new Publix system. I&#39;m looking at my receipt but not sure,0,,youtube,-0.3491,negative
publix,Thanks 🙏🏻,2,,youtube,0.4404,positive
publix,"How come you don&#39;t do cvs videos anymore? I would rather see those videos then Publix, I live up north and we don&#39;t have Publix but we do have cvs.",0,,youtube,0.0,neutral
publix,"Thanks Kayla. Had my 2nd successful haul today! Thank you for all you do. I did run into a question. I saw some dove on clearance but it wouldn&#39;t scan on the app (bc it was on clearance i assume, kinda like Walgreens) --i was worried it wouldn&#39;t attach to the digital. What would you have done? Take the risk that it may or may not attach?",3,,youtube,0.4788,positive
publix,If i want to get like 4 boxes of taquitos do i need a coupon for each box? Im not really familiar with how the store coupons work at publix.,1,,youtube,0.4215,positive
publix,Could I buy 4 shampoos/conditioner (2 each) and 1 dove deodorant that is bogo (I live in a half bogo state) and still get the $10 off and the $5 and $2. I want 4 shampoo/conditioners but I dont want to spend more than I have to,1,,youtube,-0.0472,neutral
publix,Also you don&#39;t need to buy 3 if it&#39;s 3 for $10! You&#39;ll still get the sale price. I have to remind my husband of this all the time 🤣,20,,youtube,0.5411,positive
publix,"Im British....and rice pudding , cold, straight out of the can, yummy 😋😊 nice look round.......it&#39;s huge! 😮",9,,youtube,0.9402,positive
publix,I love Publix. Expensive but you gotta shop the deals! Plus their produce is always top notch. They have good keto/ low carb options as well!,17,,youtube,0.8494,positive
publix,I just LOVE Publix!  The BOGO deals are great!,22,,youtube,0.8914,positive
publix,They have the best key lime pie. Thanks for sharing!!😊,8,,youtube,0.9476,positive
publix,"You: &quot;Look how pretty it is, I should get it&quot;<br>Me: &quot;It looks so neat, I don&#39;t wanna mess it up.&quot;",0,,youtube,0.6774,positive
publix,Love Publix.  Publix is the high end grocery store of the south.   They will have items other stores won’t have.,11,,youtube,0.6369,positive
publix,"I live on the Space Coast of FL, and Publix is great for sale items! Everything else is really pricey.",3,,youtube,0.6588,positive
publix,"You are so lucky to have good eaters❣️❣️❣️ My youngest is Mexican-American like myself and won&#39;t eat any hot salsa no matter if it is extremely mild. My dear husband comes from a family who hardly eats any things hot spicy. I come from a family who started us on hot spicy foods before the age of 1 year old. The lady who birth me, would always put hot salsa on everything.‼️🥴😢🤯🌶🌶🌶",2,,youtube,0.9694,positive
publix,Publix brand chocolate chip is the BEST ice cream ever!!!!!!!!!!!!!!!!!!!!!!!!,2,,youtube,0.7964,positive
publix,Amazing large Publix!!!!,0,,youtube,0.7156,positive
publix,"Orlando grocery stores are notorious for being extremely well stocked for tourists! They look pretty and very well organized. Which, you&#39;re so right, make you want to buy more!<br><br>Yes, the Disney souvenirs are so much cheaper outside of Disney! <br><br>Enjoy, Meghan!!!",1,,youtube,0.7618,positive
publix,"I&#39;ve found that the Publix brands are really good options.  Also, my stores in Georgia let us only buy 1 item on a bogo and so it rings up for half price.  Great for when you don&#39;t need 2 of the same item.  Love Publix",12,,youtube,0.9099,positive
publix,"Hi Megan,  Love your channel.I live in Florida and really like Publix.  Their ice cream is the best and their store brands are very good.  Although, they can be pricey.  Enjoy your vacation.😎🌴🌺❤",4,,youtube,0.9771,positive
publix,Publix has best subs chicken and bakery 😊😊😊😊,3,,youtube,0.9803,positive
publix,Hi Megan and welcome to Florida.  I am in NE florida and love Publix ❤!   They have great sales and they are the place to find things you are searching for.,3,,youtube,0.9501,positive
publix,Nice video Meghan.  We live in Tampa for the past 33 years and are frequent shoppers at Publix.  Nice store with outstanding customer service.  Employees are well trained. Thanks for the video.,1,,youtube,0.9274,positive
publix,Cool 😎. The layered apple pie and the Key Lime pie are great ! 😋,2,,youtube,0.8655,positive
publix,"Publix is a very well organized store.  The employees there keep the shelves looking good all the time.  Sometimes I&#39;ll go there instead of Walmart knowing I&#39;m going to have a more pleasant shopping experience compared to Walmart, where shelves can sometime be in disarray.  That produce display DID look very attractive.  There should be a survey on the bottom of your Publix receipt where you can tell them how pleased you were with the appearance of their store.  I love the BOGOs on bread, coffee and grapefruit and orange juice.  While I love Publix and drove 52 miles to the nearest one to me in Virginia at the time, it isn&#39;t my one stop store.  This morning, I needed a half gallon of milk and a small can of baking powder.   When I went online to check Publix&#39;s price for a half gallon of milk, it was over $3 for their store brand.  I just couldn&#39;t bring myself to pay at Publix what would get me a whole gallon at Aldi. I decided I&#39;d just stop at two stores.  Aldi&#39;s half gallon of 1% was $1.75.  Then just to save driving any farther than I had to, I stopped at the closer Winn-Dixie and paid $2.79 for the baking powder.  I didn&#39;t get that at Aldi because they sell the larger can that is more likely to expire before I can use it up.",1,,youtube,0.9678,positive
publix,When I lived in Texas we bought Blue Bell best ice cream…Have fun on your Vacation. ♥️🙏♥️,2,,youtube,0.9509,positive
publix,I go to Publix whenever I go to Florida and visit my parents. They are beautiful stores. 😊,1,,youtube,0.872,positive
publix,The eyebrows lol 😅. Publixfried chicken and deli sandwiches are great! We’re from ohio and when we go to Florida. We go in Publix and the prices kill us. Their products are good and fresh. Just glad I don’t shop all year long there. Enjoy your vacation. 😊,3,,youtube,0.9656,positive
publix,Store is beautiful! Enjoy your vacation!,3,,youtube,0.8264,positive
publix,Girl I&#39;d be lost without Publix even though I&#39;m not in Florida I&#39;m close my city in Alabama we have 4 Publix stores. They are like the poor whole markets . Everything is always fresh at Publix they are bit more in price but for what you get for quality is worth the extra😊😊,1,,youtube,0.9587,positive
publix,The blue Bell ice cream is very good,1,,youtube,0.4927,positive
publix,"I miss Publix!! They&#39;re a little pricey but their BOGOs make it worth it. You can just create your weekly menu around the BOGO sales. The Bakery and Deli CAN NOT be beat, and you don&#39;t have to go to Walmart where you&#39;re bound to catch someone shooting up in the restroom, parking lot, or in some random corner. Also, the further you get from Disney, the lower the prices will be.",1,,youtube,0.3578,positive
publix,From Louisiana and love going to Florida and loveeeee Publix and Blue Bell Moo Llenium   crunch is sooooooo good!!!!,2,,youtube,0.8507,positive
publix,Thanks for sharing.  No Publix near me.  That is a very clean organized store with lots of inventory.  Safe travels back home.,2,,youtube,0.8553,positive
publix,"Publix is expensive, however, their stores and people are nice, with the buy one get one free you can get just one for half price, their subs are really good and since you like chocolate, the bakery has chocolate ganache cake that is excellent and you can get just a couple of servings if you don&#39;t want a whole cake.",1,,youtube,0.9412,positive
publix,"I&#39;m a store brand kind of gal.  My family calls me cheap, but I say I&#39;m frugal xD",2,,youtube,0.7351,positive
publix,Bluebill ice cream is the best it&#39;s originally made in Texas.,1,,youtube,0.6369,positive
publix,PUBLIX is the bomb!!!,2,,youtube,0.7074,positive
publix,Blue Bell ice cream is the best!!! ❤,1,,youtube,0.8827,positive
publix,"Glad you’re enjoying Florida ❤❤, I’ve found that with public’s the BOGO’s are the main reason I shop there.. &amp; their subs &amp; hot food",7,,youtube,0.9413,positive
publix,"Blue Bell ice cream is THE BEST ice cream! You’ve been deprived, my dear. 😂 It’s a Texas brand a ships only to the south, I think. A turnip greens? Season them with some bacon or bacon grease and “they’re fittin’.” And it’s NOO tella.",1,,youtube,0.8236,positive
publix,I only shop at Publix when I buy one and get one.,2,,youtube,0.0,neutral
publix,Publix is a nice store.hope your enjoying your vacation ❤,2,,youtube,0.886,positive
publix,"The only thing we buy at publix.. fried chicken at the deli, it&#39;s fantastic",2,,youtube,0.5574,positive
publix,"I love Publix!!! BOGO you don’t have to buy two, they sell it to you at half price! Great quality and beautiful produce. Ah I love my Publix stores!!! Pricey, yes but they don’t accept tips for bagging or taking out your orders. Yay Publix!!",1,,youtube,0.956,positive
publix,"Whenever we go to Florida We stop at Publix and get a Keylime pie. I think they also have a variation with mango. And you can also get a small one as opposed to the full size. Well worth the money as I believe it’s only about 10 bucks for a large one. Also, we almost paid a small fortune for the beach towel clips, but they also sell those at Walmart for under 5 bucks",1,,youtube,0.1027,positive
publix,Blue Bell is great!!👍🏻 YUM!😋,1,,youtube,0.7163,positive
publix,That’s a beautifully stocked store!,2,,youtube,0.6114,positive
publix,Wow they have a lot of valentines and super bowl treats,1,,youtube,0.8271,positive
publix,Don’t forget to grab some of our Red Cactus White Cheese Sauce in the Tex-Mex section! It tastes just like the restaurant white cheese!  Our salsas will be in Publix by the end of June!!!,0,,youtube,0.4153,positive
publix,I miss your cooking videos so much!!!,1,,youtube,-0.3561,negative
publix,Blue Bell is good ice cream.,1,,youtube,0.4404,positive
publix,Hi Meghan you are in my neck of the wood. enjoy your stay!,1,,youtube,0.5411,positive
publix,"Prices are a bit higher ,but I watch for good sales.  The thing is I find some things not found at Wally.",1,,youtube,0.5927,positive
publix,Love how neat and well stocked everything is at this store.   Reminds me of Wegmans when I lived in Pennsylvania.,1,,youtube,0.8519,positive
publix,ALWAYS get the Blue Blue Ice Cream. Made in Texas and it is absolutely the BEST.,0,,youtube,0.7361,positive
publix,I envy you. Kansas is in the 40s and cold. Get a beautiful tan and swim as much as you can. Great trip. Thanks for sharing. <br>Love 💕 and Hugs. 💙💙💙,1,,youtube,0.9869,positive
publix,Moved to southern Illinois from Georgia almost a year ago - I miss Publix! Favorite grocery store! The Publix brand items are the best.,1,,youtube,0.8011,positive
publix,Hi Megan my favorite shopper😊<br>I love shopping with you.<br>Aldi has the best paczkis ever <br>If you&#39;re interested. I&#39;ve never been to Publix but it looks huge and so much stuff.<br>Keep up the great work.❤❤,3,,youtube,0.9864,positive
publix,"Enjoy your vacation in FL.  I’m in Tampa, Publix brands are really good, Green Wise are also very good 😊 we ❤️ Publix",1,,youtube,0.9597,positive
publix,Their Tarragon chicken salad is the bomb!  You must try it!,1,,youtube,0.6792,positive
publix,You do get familiar with the prices and what to pass on and what to pick up on the BOGO. Also...prices near the resort areas are going to be higher than out in the residential areas.,1,,youtube,0.0,neutral
publix,What an amazing store!!  Never been to one so thanks for the tour!  Highest I&#39;ve ever paid for bananas is 69 cents in California.,1,,youtube,0.8562,positive
publix,The old Florida chips are really good.,1,,youtube,0.4927,positive
publix,Blue Bell has the best ice cream 🍨 ❤,1,,youtube,0.8555,positive
publix,Chicken tenderloin is 2.49 a lb at my local store,1,,youtube,-0.0516,negative
publix,Publix is the best!  Wish we had them in Illinois,1,,youtube,0.8016,positive
publix,I love Publix!! We recently moved back home to Illinois so of course no Publix here. I miss it so much!! It can be a little pricey but the employees are so nice &amp; helpful!! Well worth it!!🥰,7,,youtube,0.9812,positive
publix,I have a Publix just a mile from my house. I love the BOGO’s.,1,,youtube,0.6369,positive
publix,Love Publix!! The BOGO deals are great.,1,,youtube,0.8715,positive
publix,"Publix is a little higher than most grocery stores in Florida. However, it is a clean store.",1,,youtube,0.4019,positive
publix,Oatly is big here in the UK - but beware contains a lot of seed oils,1,,youtube,0.0,neutral
publix,"Living in the north, never saw a Publix before, though I’ve heard of it. Packzi day is February 13th, otherwise known as Fat Tuesday. It’s huge here, up in Michigan. Grocery stores have the “knock off” ones, but to get a “real” packzis, you get them at a Polish bakery. Thanks for sharing!",1,,youtube,0.8588,positive
publix,"I’m in Northern Ky, we’re getting a Publix. My first visit to a Publix was in OBX",1,,youtube,0.0,neutral
publix,Publix has the best bakery. Publix is a great grocery store. Always go there when in FL,1,,youtube,0.8519,positive
publix,Meghan you are wonderful! I wish you were my best friend! ❤️,1,,youtube,0.937,positive
publix,What a great video! Publix rocks! The bakery isle is the best there.,1,,youtube,0.8715,positive
publix,"Selection and prices are larger because it is near the Mouse, I live in central FL and love Publix but shop the sales and BOGO. Publix has good people who take care of their customers. The leaders of Publix all came from the bottom up.",1,,youtube,0.8945,positive
publix,Blue bell ice cream is good. They had it in Texas when I lived their.,1,,youtube,0.4404,positive
publix,"I can relate on the eyebrow thing,, but I woke up with a false eyelash stuck to my forehead!!!,,",1,,youtube,-0.5229,negative
publix,So interesting. 😮,0,,youtube,0.4576,positive
publix,I absolutely love Publix’s!!!  Be sure to go to the bakery and the deli. Everything they have is amazing!!!❤,5,,youtube,0.9514,positive
publix,Blue Bell ice cream tastes great!,1,,youtube,0.6588,positive
publix,Love seeing Publix as we don’t have any in Michigan.  It’s amazing but kind of expensive.  Enjoy your vacation!,1,,youtube,0.8622,positive
publix,"Thank you for taking me to Publix. Those prices will keep the riff-raff out of the store. Rich people&#39;s seal of approval on that I&#39;m sure. Just wish I were &#39;the rich&#39; that&#39;s all.  You did save on Disney souvenirs and balsamic vinegar. <br>I joined your channel before you had 50k, just look at you now. Big thumbs up. I joined last month, Jan 2024.",0,,youtube,0.9468,positive
publix,I only buy the BOGOs.,1,,youtube,0.0,neutral
publix,"Tillamook ice cream is very good. I have heard raves about Blue Bell ice cream, but it isn’t sold in my area.",1,,youtube,0.2724,positive
publix,If you go back you need to try the Subs at the deli!  Unless it is bogo you dont need to buy the amount stated.,1,,youtube,0.0,neutral
publix,"Such a nice store,I would love it.Thanks for sharing.Go Chiefs!!😊",1,,youtube,0.9272,positive
publix,"Blue label, non Public brand, is the best orange juice. This Ohioan loves a vacation trip to Publix. There handmade sandwiches are yum!",0,,youtube,0.8478,positive
publix,I love Publix they don’t have near me but u will love,1,,youtube,0.8555,positive
publix,💖💛💖💛💖💛💖💛,1,,youtube,0.992,positive
publix,Thank you for going to Publix I really miss it since I retired and moved back to Indiana! I know their prices are higher but to me it is worth it if I can find the products I am looking for all in one location!,0,,youtube,0.5002,positive
publix,I love how u are so bright and bubbly,3,,youtube,0.8377,positive
publix,"We live in South Florida, and Costco and Publix are my go to stores. I follow  the sale ads especially the  Bogos. A lot of the south Florida stores do have some tropical clothing,and  beach towels, beach toys. The closer you are to Disney You will get a large selection of Disney items which are great prices , but also, the groceries will be more at that Publix you are  in a Tourists area. 😍 enjoy your trip to Disney❤❤❤",3,,youtube,0.9852,positive
publix,Publix is the best buy its so expensive.  BOGO is great!! Tgeir sandwiches awesome. Bluebell ice cream is so delish. It&#39;s made in Texas!!❤😊,0,,youtube,0.9771,positive
publix,thank&#39;s for showing the indian stuff,1,,youtube,0.0,neutral
publix,Wish we had a Publix herein Minnesota. But the prices in Florida are very high 😅,1,,youtube,0.6723,positive
publix,I think varuka means cocoa beans...,1,,youtube,0.0,neutral
publix,NC Memory Makers went to Florida.,0,,youtube,0.0,neutral
publix,"Publix makes GREAT cakes! 🎂 yellow cake, strawberries in the middle with cream cheese icing…. Yum 😋",6,,youtube,0.729,positive
publix,I shop at Kroger and I want Boar’s lunch meat and of course they did not have. She told this store is consider a poor store.  Can you believe that.,1,,youtube,-0.4215,negative
publix,Glad you did Publix Orlando .,0,,youtube,0.4588,positive
publix,Thanks for sharing what they have at Publix never been  we only have Kroger here. This Publix is so nice ❤️😍🩷,1,,youtube,0.9065,positive
publix,Publix in Florida is great. In Tennessee they need training.  Lots of training.,1,,youtube,0.6249,positive
heb,"Since you have reached your weight loss goal, on shot day you can sing &quot;it&#39;s shot day, it&#39;s shot day, did I maintain my weight, did I maintain my weight?&quot; 😂 You look fabulous girl. Keep up the good work. Keep the videos coming.❤",32,,youtube,0.91,positive
heb,I fell out when you said I need the caged eggs 😂😂😂,29,,youtube,0.8271,positive
heb,That was fun! And thanks for showing us convenient high protein options. 🙂❤️,32,,youtube,0.8481,positive
heb,You could eliminate the constipation by doubling your water consumption. Cheaper too girl!,3,,youtube,0.0,neutral
heb,I&#39;ve fell in love with Quest chips thanks to you. I eat them with the tuna packs,2,,youtube,0.7964,positive
heb,"Hello. My doctor took me off the electrolytes for now because I was retaining too much fluid because of the salt, girllll my feet was on swole.  I don&#39;t get headaches neither. Maybe later in my weight lost journey. Keep up the good work. Also, we need to remind people that weight may not come off in 6 months as we are all different when it comes to weight loss.",11,,youtube,-0.1779,negative
heb,"Girl, I wish we had an HEB. We are in Reading Pennsylvania.",1,,youtube,0.4019,positive
heb,We LOVE HEB. We cross over from Louisiana to save on food taxes. HEB is our fav.,9,,youtube,0.9029,positive
heb,I love bacon too. I also say it&#39;s good to get both Protein and Fiber. I lost of 123 pounds doing both on Zepbound brand.,1,,youtube,0.7003,positive
heb,Well friend if it jumps in the buggy ain’t nothing we can do about it 😂😂😂,2,,youtube,0.9186,positive
heb,"Nice video, Roseland! Thanks for sharing what works for you and giving us ideas. Give us an update on the taste of the new protein chips",5,,youtube,0.8805,positive
heb,Hi Roseland! Thank you for sharing your low carb and protein items!,5,,youtube,0.5837,positive
heb,"WHAT FUN! Whatever you have been eating… IT OBVIOUSLY WORKED FOR YOU! Cause you look FABULOUS! 🥰 YOU did the work! So, your maintenance needs to be a little fun but careful of process snacks with salt, especially if high blood pressures runs in your family. But you got the PROTEIN DOWN PAT! But we LOVE YOU….SO, You take CARE of our girlfriend! ❤❤❤   Oh and YES, I LOVE ZERO CARB MISSION! Makes the best baby sandwiches. I feel good about that! 🥰",13,,youtube,0.9976,positive
heb,Those Tyson chicken bites are the TRUTH! I love the flavored ones but I put the regular ones in my chicken Caesar salad. So good! ❤,1,,youtube,0.9553,positive
heb,"Girlllll I love your channel, your like a bff in my head🎉🎉🎉🎉  I’m hooked… I’m on my weigh loss journey… just starting and you have helped me out!! I feel good about this part of the journey!!! Thank you❤",1,,youtube,0.9832,positive
heb,I loved this video. Hopefully we get to see more of these from you. You look great!❤,3,,youtube,0.945,positive
heb,Thank you for taking us along. I&#39;m going to try HEB you gave me some great options that I never thought of 😊thank you.,2,,youtube,0.7975,positive
heb,This is my second video and I said she sound like she’s in Texas 😂😂😂😂😂 and we love HEB! I live by one and I’m going shopping tomorrow!!!,0,,youtube,0.9697,positive
heb,Thank you for helping me with low carb high protein meals and ideas,0,,youtube,0.3818,positive
heb,Great video!! I&#39;m headed to HEB as soon as I get off from work! Thank you🎉,6,,youtube,0.88,positive
heb,"Because of you I just ordered protein drinks from Amazon. Can’t wait to have an iced coffee for breakfast. Besides being on the SHOT, I had Bariatric surgery twenty five years ago. I lost 120 lbs from that but the SHOT helped me get close to my goal. Down 45 lbs from that. Ten to go till I reach my goal.  I’m obsessed with ALL of your videos. Thanks for all the hard work you put into the videos! ❤️🤗🫶",4,,youtube,0.722,positive
heb,"new subbie, hey girl hey 👋🏾! love your energy",1,,youtube,0.8687,positive
heb,Thank you so much for your content.  I am learning so much !,0,,youtube,0.4199,positive
heb,Thank you very much for this video and I had fun just watching you.  I felt like I was their.,0,,youtube,0.8074,positive
heb,Hey Roseland. You are a great inspiration. I love all your videos. I started on the GLP1 about a month ago so I appreciate the grocery store haul. Here are some of the things I’m using. There is a great low carb bread. It’s the 647 bread. I use the tortillas too and I love them. I love the protein bars by Barbells. They are so good. I hope you try some of these items. Keep up the good work girl. We see you and have your back.,8,,youtube,0.989,positive
heb,Thank you❤ Just the video I was looking for😊,0,,youtube,0.9136,positive
heb,Happy Friday 😊Let&#39;s Go‼️🚶🏾‍♀️,5,,youtube,0.8658,positive
heb,I wish we did have a HEB store. They&#39;re only in Texas and Mexico.,0,,youtube,0.4019,positive
heb,"I’m on a high protein diet too. I get:  eggs, egg whites, chicken, sausage, the protein bars Stars and Honey, salmon, shrimp, lettuce, cilantro, avocado, onions, cheese,and tomatoes. I have gotten those Quest protein chips in the past. I like them. Great video!❤",8,,youtube,0.902,positive
heb,Happy Friday Roseland!! Thanks for taking us shopping with you!!❤,3,,youtube,0.918,positive
heb,HEB is THAT store!,1,,youtube,0.0,neutral
heb,This was fun and a big help for me! Thanks,0,,youtube,0.8478,positive
heb,I love your energy ❤,0,,youtube,0.8885,positive
heb,"Great info. Thanks for taking us along on your grocery shopping haul. I love HEB; however, we do not have HEB stores in WA. I am originally from TX and I definitely miss HEB. You look great!",0,,youtube,0.9679,positive
heb,Thanks for this video!  I needed the fiber gummies.  You are so good at sticking to the right foods.,2,,youtube,0.7866,positive
heb,Thank you so much for sharing your journey.  I bought some of the high protein items on my grocery trip today!   I also bought electrolytes for my water. <br><br>I ordered the white chocolate raspberry and caramel protein shakes and the Quest Chips from Sam’s.  Got them this morning.  I haven’t tried the caramel yet but the white chocolate raspberry is delicious!!  Thank you for being an inspiration!!,0,,youtube,0.9575,positive
heb,Variety is the spice of life!  ❤. Great video girl!  I love gettin ideas from you!  XO 🫶🙌🤗☕️💪⛄️❄️🎄,1,,youtube,0.953,positive
heb,"I love egg bites, make them sometimes. That should be another segment for you, RL bakes, 😊.",0,,youtube,0.8807,positive
heb,Following you!!!! Just started my trizepotide shot today. With Mochie,0,,youtube,0.0,neutral
heb,Girl! Don’t pass up those Built Puff bars!!! They are delicious! The coconut one is my fav! 😋,0,,youtube,0.8346,positive
heb,Hey Roseland! Thanks for sharing with us. I wish we had an HEB where I live. I just want to say you look so beautiful in your thumbnail. Good job! Happy Friday!😊,1,,youtube,0.9802,positive
heb,Congratulations on your weight loss 🎉🎉,0,,youtube,0.7906,positive
heb,Thank you ❤😊,2,,youtube,0.9136,positive
heb,This video is definitely a gem… appreciate you for sharing 😊 Q,0,,youtube,0.9217,positive
heb,I love HEB too! ❤ Great video!,1,,youtube,0.9335,positive
heb,Loved this video and all the great tips,0,,youtube,0.8402,positive
heb,Thank you. This video was so very helpful.,0,,youtube,0.707,positive
heb,"Thank you, this video was helpful❣️ Your ring is beautiful! Ray did good.👍",3,,youtube,0.9485,positive
heb,"New subscriber, I love your energy!!!",0,,youtube,0.8007,positive
heb,"Congrats.  I&#39;m in a renal diet and lost 44 lbs in 2 mos.  Of all the diets I&#39;ve been on and I&#39;m 63 yrs old, the renal diet you will definitely lose weight fast<br>  It&#39;s very strick",0,,youtube,0.2732,positive
heb,Great shopping 🛒 experience with you and yay you didn’t go over budget 👏🏽🥰👍🏽,2,,youtube,0.9413,positive
heb,Love H-E-B!,0,,youtube,0.6696,positive
heb,What a min 😂 not the “let’s find the eggs in the cage!!” 😂😂😂,1,,youtube,0.9039,positive
heb,Thankyou❤❤❤,0,,youtube,0.9274,positive
heb,I’m loving shopping with you!,1,,youtube,0.636,positive
heb,You shop just like me lol,0,,youtube,0.6486,positive
heb,I have the same thought processes during my grocery trips 😂 I’m not on a specific meal plan but I stay reading labels and contemplating what I’m getting just to end up grabbing both options 😅,1,,youtube,0.6369,positive
heb,"Best video I love atkins, frozen veggies, fresh fruit for fiber/ sugar for my bodybuilding needs.",1,,youtube,0.8934,positive
heb,🧡🧡🧡  I love your energy!,2,,youtube,0.9647,positive
heb,Great weight loss,4,,youtube,0.4215,positive
heb,Thank you girl I tried those quest items just because you mentioned it. Indeed that birthday cookie is dangerous.. oh the fajita seasoning too 😂,3,,youtube,0.3182,positive
heb,I just started following you!!!! Really FUN Video!!!!,1,,youtube,0.7575,positive
heb,I love it!! thanks for sharing.  ❤❤❤❤,1,,youtube,0.9823,positive
heb,Great Advice for weight loss!,2,,youtube,0.4753,positive
heb,How did you like that Jimmy Dean?,0,,youtube,0.3612,positive
heb,"I enjoy your videos, ❤. Do you look at fat/saturated fat?",0,,youtube,0.8126,positive
heb,"I&#39;m taking notes! I&#39;ll always share that I skip breakfast and eat one tbsp of peanut butter. 😂 It&#39;s perfect for snacking &amp; dessert, too! Thank you!🥕",2,,youtube,0.9037,positive
heb,I put my HEB ready meals in my airfryer..works great...and I save the pans to reuse (the aluminum ones not the plastic),2,,youtube,0.6908,positive
heb,I really enjoyed your H.E.B. Shopping trips...More please did you get their Customer Awards Card for more savings?,1,,youtube,0.8357,positive
heb,"Heyyy girl! Thanks for bringing us along! Of course we do NOT have a HEB here 😢. The variety of great markets there is unbelievable, but I’m glad you have so many options and choices 😊. Keep doing what works for you - there’s always a critic in the bunch 😂😂😂.  You are looking fabulous and proof that your work is working 😂🤗🤗🤗",1,,youtube,0.9931,positive
heb,"I used to eat those Jimmy Dean&#39;s meat lovers all the time and they were delicious, I got the kind in the little bowl out of the freezer section though. I&#39;m definitely going to look for the cups now.",2,,youtube,0.9217,positive
heb,Lemon pepper is my favorite also,1,,youtube,0.4588,positive
heb,You ever do humas? I recommend roasted pepper or spicy chilli,1,,youtube,0.3612,positive
heb,Will you take me to the store?,0,,youtube,0.0,neutral
heb,The premier has alot of sugar in it,0,,youtube,0.0,neutral
heb,The way egg prices are set up right now I get the caged eggs too lol. Does Raymond eat the same food as you?,2,,youtube,0.4215,positive
heb,Do you eat any type of vegetable in your diet,2,,youtube,0.0,neutral
heb,What&#39;s your limit on carbs?,0,,youtube,0.0,neutral
heb,Do or will I need Primary Care approval prior to ordering ?,1,,youtube,0.743,positive
heb,Are you reading the ingredients or just checking the proteins?,2,,youtube,0.0,neutral
heb,Where are you located? Is that a plus store or a regular HEB?,1,,youtube,0.0,neutral
heb,"low carbs yeah, BUT why does most of the packaged stuff include &quot;natural flavor&quot; in them AKA chemicals such as GMO and MSG to make it taste good, which aren&#39;t good for health? I wish packaged things were more clean 😞",0,,youtube,0.8939,positive
heb,Have to be careful with that per- made food.,1,,youtube,0.1531,positive
heb,High protien diets may be good because you stay full but aren&#39;t you worried about the affect all that sodium is gonna have on your kidneys and other organs?  High protien processed foods are full of sodium. I think you need to cook more. I congratulate you on the weight loss. Just be careful with the processed and pre-made items.,0,,youtube,0.4248,positive
heb,Thank you ❤,0,,youtube,0.7717,positive
heb,"H-E-B and  Hill Country Fare brand products are very, very good. Also the H-E-B meats and produce are outstanding. I don&#39;t know what other shopping options are available to you but where I am in Texas it&#39;s H-E-B or Walmart and that&#39;s it. As long as I have an HEB I am happy!",1,,youtube,0.8772,positive
heb,Your menu sounds really good! And you had a great grocery haul. I like seeing new things that people buy. Thank you for sharing your grocery shopping with us. ❤️🫶🏻😘,1,,youtube,0.953,positive
heb,Tahini cookies are YUM!!! Please share recipe and video!,1,,youtube,0.6876,positive
heb,Hey Jess how about saving a place for me at your dinner table? Promise not to eat to much maybe...😜😊,1,,youtube,0.8074,positive
heb,Hope you and your family have a great Easter,0,,youtube,0.7906,positive
heb,"free chicken!  And free beans!  Aww, Tucker wanting a little carrot? Precious!",0,,youtube,0.8978,positive
heb,Always love your HEB hauls. Thanks for sharing!,0,,youtube,0.8805,positive
heb,Love the idea of mini penne! So cute!,0,,youtube,0.8641,positive
heb,"Awesome video, thanks for sharing Jess 👍💜👍💜👍",0,,youtube,0.9595,positive
heb,Hi Jess. Great haul and meal plan. Tucker is too cute 🥰<br>Thanks for sharing my friend.<br>🤗💕,0,,youtube,0.9638,positive
heb,You got such a good deal on that chicken! As much as I like spicy I’ve never been into wasabi chips or the like. Tucker ate that like a champ!,1,,youtube,0.9199,positive
heb,You got a killer deal on those chicken leg quarters. I wish we had a HEB.,0,,youtube,-0.3818,negative
heb,I always love your videos because your so pleasant &amp; so funny &amp;  other stuff 😂 but anyway I didn&#39;t know they made mini penne either! Your meal plan looks yummy too 😊,0,,youtube,0.9689,positive
heb,I wish we had an HEB.  Love your hauls!!<br>We have Aldi.  It’s ok lol😂,0,,youtube,0.937,positive
heb,Not bad for $200! Nice haul ☺️,0,,youtube,0.8378,positive
heb,Great deal on chicken!❤,0,,youtube,0.8622,positive
heb,New subscriber you got some great deals great grocery haul 💯,0,,youtube,0.8481,positive
heb,Tucker was brave to try that wasabi snack! That chicken was the best deal!! I want to see how you make the apple pie cresant item! Sounds good! Great haul Jess! 💚🍗🧇,0,,youtube,0.9693,positive
heb,"Pork steaks on the grill sounds good. We&#39;re still having crazy weather, 60&#39;s one day, snow 2 days later. Looking forward to grilling season.",0,,youtube,0.128,positive
heb,Can’t beat free chicken!,0,,youtube,0.5562,positive
heb,Please share your fried potatoes &lt;3,0,,youtube,0.5423,positive
heb,This was a unexpected and wonderful video thank you so much and have a safe flight,4,,youtube,0.8442,positive
heb,H-E-B has an entire Mexican grocery store version called Mi Tienda. Lots of the items you showed were from that brand but they have their own store!  Cafe ole is the HEB brand coffee. My family loves Texas Pecan.  Love the reusable bag with the bluebonnets. Our state flower.,7,,youtube,0.9208,positive
heb,Girl! We are so blessed to have HEB.... it&#39;s such an amazing store!<br>Glad you got to experience it.  Welcome to Texas!,1,,youtube,0.9283,positive
heb,"What a beautiful store, we don’t have them in Minnesota but I sure wish we would!! I saw so many things I would love to try. Thank for doing a walk through of this great store 🙂",2,,youtube,0.9848,positive
heb,"This was really cool, thanks for sharing this. 🥘💙",1,,youtube,0.9148,positive
heb,@H-E-B you should send Jackie some brisket queso and some samples of your house brands like Cafe Ole. She’s in Michigan and doesn’t have access to all the wonderful stuff you carry!,1,,youtube,0.7574,positive
heb,Love to see HEB through a newbies eyes. I have about 4 within a 5 mile radius of my house !!!!😊,0,,youtube,0.9075,positive
heb,"Wow, everything is really big in Texas! Safe travels Jackie. 😊",1,,youtube,0.9184,positive
heb,Stay safe crazy world out there ❤,0,,youtube,0.6908,positive
heb,I would love to be close to an HEB grocery. Looks fantastic,0,,youtube,0.8316,positive
heb,I love both H-E-B and Aldi. Very different but both are fun. Glad you got to take the time to do both while here!,0,,youtube,0.907,positive
heb,"Wow! That store is amazing, I would so overspend there. So many different things to try.",0,,youtube,0.8356,positive
heb,"Oh yeah, I love to shop at new grocery stores, my daughters say I&#39;m weird that way.  Too bad for them, LOL.",1,,youtube,0.694,positive
heb,"Whenever you get the chance, an air fryer will change your whole cooking world, opening up many quick possibilities you may find useful, especially with youngens. 🥘💙",0,,youtube,0.8442,positive
heb,We’re finally getting an HEB down the street from my house.  The whole neighborhood is so excited!,0,,youtube,0.528,positive
heb,That store looks amazing we need it here in Michigan,0,,youtube,0.5859,positive
heb,Enjoyed the tour!,1,,youtube,0.5562,positive
heb,We love our HEB in Texas!,1,,youtube,0.6696,positive
heb,"I live in texas,  they are building an h.e.b. by me.  It is huge,  cant wait.",0,,youtube,0.3182,positive
heb,Love HEB!  I’ve lived in several states and HEB is still my favorite grocery store.,1,,youtube,0.8172,positive
heb,"Love that you got to try H-E-B, which is the mac daddy of grocery stores in Texas. I know exactly the HEB that you’re headed to. How fun!",0,,youtube,0.8313,positive
heb,I love that you went to HEB! ❤😊,0,,youtube,0.9402,positive
heb,"Yessssss, love our HEB!! We&#39;re really blessed!!!",0,,youtube,0.89,positive
heb,The strawberry and cream sandwiches are also in the sushi area. It’s a Japanese thing.,0,,youtube,0.0,neutral
heb,"This was SOOO FUN! <br>I would like to have seen the meat department but, like you, I was thrilled with variety of so many things and the reasonable prices. I&#39;m glad you enjoyed the cruise thru HEB!  I don&#39;t have one near me either so this, again, was  a FANTASTIC  vid! Thanks 😊",0,,youtube,0.9909,positive
heb,Theres a lot of hispanic food options in indiana. Its nice to have.,0,,youtube,0.4215,positive
heb,Sounds like a great store.,0,,youtube,0.765,positive
heb,So glad you made it to HEB! Love it! The Texas pecan is so good!,0,,youtube,0.9203,positive
heb,I&#39;d love to have an HEB in New Jersey! Thanks for your walk through. ❤😊,0,,youtube,0.9558,positive
heb,Watching you from Delaware.,0,,youtube,0.0,neutral
heb,I know HEB is a total Texas store but I would LOVE it if they would put them in Alabama!!!,0,,youtube,0.8682,positive
heb,Thanks for ur review of HEB. Do u already have a similar episode on ur Meijer? I live in Iowa and we don&#39;t have Meijer. Im always intrigued when u run in there on Monday. Please and thank u,2,,youtube,0.7717,positive
heb,I would absolutely love HEB. I’m in NC so I’ve never been to one. It looks so fun. I would love that Care Bear funko pop. I collect Care Bear items. So glad you took us along to see HEB.,0,,youtube,0.9756,positive
heb,Even their boursin is a bit cheaper. 🥘💙,0,,youtube,0.6369,positive
heb,The Cafe Ole&#39; is the HEB coffee....,0,,youtube,0.0,neutral
heb,"Yay!! So happy to you got to go!!! Love me some HEB!!! And on the coffee, their two in-store brands are Hill Country and Cafe Ole! LOVE the TX Pecan and Taste of Austin ❤",0,,youtube,0.9801,positive
heb,"Jackie - glad you got to go to an HEB. Debbie and I noticed some of the shelves were empty, which is just the way it goes when you shop at night. The Pflugerville store I think you visited was built in the 80s and has been updated several times - but the NEW HEBs are HUGE and gorgeous! There was a new store about 1 mile west of the Aldi you visited on SH130…wish the Uber driver had taken you there! Come back and visit Texas again!",0,,youtube,0.919,positive
heb,This is my neighborhood HEB!  There&#39;s a better and newer one 2 miles away with even more stuff! and a BBQ restaurant!  Congratulations on your first visit.,0,,youtube,0.826,positive
heb,"My favorite store in Texas is HEB. They are finally building one about 10 minutes from my house. The targeted opening is in April, probably the latter part of next month.",0,,youtube,0.4588,positive
heb,Thanks for sharing this! I hope you try Terry Black&#39;s BBQ! I hope HEB will branch out to other states. ❤,0,,youtube,0.9458,positive
heb,@HEB you should send Jackie some brisket queso and some samples of your house brands like Cafe Ole. She’s in Michigan and doesn’t have access to all the wonderful stuff you carry!,0,,youtube,0.7574,positive
heb,"I&#39;ve always wanted to check out HEB, but I don&#39;t live in TX. So I&#39;m happy you went for me Jackie, it&#39;s a lot like our HyVee. So I&#39;m now satisfied!",0,,youtube,0.9338,positive
heb,"So glad you made it to HEB!  Its a trip in and of itself! Fortunately, Aldi and HEB are across the street from each other, in my area.  I LOVE to grocery shop, too.  Its just potential at every turn.  <br>Love this video.   <br>I drank Sugar Cane Dr. B&#39;s for quite a while, went back to a real Dr Pepper...i waa surprised how much the <b>pepper</b> was prominent.   It gave it a bite the Dr B doesn&#39;t have.  I was glad you picked up a Dr B to try.    <br>Glad you were in our humble state of Texas.  Hope we treated you right.  Anne",1,,youtube,0.9578,positive
heb,You missed the &quot;piggies&quot;😆 one of my favorite HEB items are the molasses cookies that are shaped like pigs. You better get there quick cuz they sell out fast! You should plan a return trip and pack a bag you can check for the way home. Safe travels!,1,,youtube,0.9039,positive
heb,I believe Cafe Ole is the HEB brand.,4,,youtube,0.0,neutral
heb,Thats a great price for chocolate gummybears!<br>The heb coffee brand is hill country fare i think.. Sriracha myo is 💣💣,0,,youtube,-0.3802,negative
heb,"Thanks for sharing and for going to HEB, Jackie. I&#39;ve never been there either. The produce looks stellar. Oh the cakes! I should try a Mexican market out this way. HEB won&#39;t be coming my way. <br><br>YouTube vlogger Mary Bryant Shrader of &quot;Mary&#39;s Nest&quot; shows HEB hauls sometimes. She&#39;s like one of the few vloggers filming about markets I can&#39;t get to that I occasionally watch. Sigh. Aldi&#39;s still my number 1 though.",0,,youtube,0.8231,positive
heb,Isn&#39;t HEB fantastic?  I wish they were out in California!,0,,youtube,0.7644,positive
heb,We don&#39;t have HEB in our area.,0,,youtube,0.0,neutral
heb,I am SO H-E-B(by) you went to H-E-B! It&#39;s such a great store. Took life by the (Long) horns and tackled the Texas shopping. Seems like you definitely got a great selection of goods!<br><br>Thanks for sharing and I hope you&#39;re having fun in TX!,1,,youtube,0.9728,positive
heb,Thanks Jackie for taking us with you to H-E-B! I have family I visit in dripping springs every year and buc-ee&#39;s and H-E-B are mandatory stops. I&#39;m from Long Beach California,1,,youtube,0.4389,positive
heb,I love this place!!!,0,,youtube,0.7249,positive
heb,Miss HEB! Loved living in Austin!,0,,youtube,0.5972,positive
heb,I love H.E.B.❤,1,,youtube,0.8555,positive
heb,Hi Jackie 👋 watching from Arkansas ❤❤❤❤❤❤❤   hope you.are enjoying your trip!   No H*E*B store here in hot springs Arkansas,1,,youtube,0.9906,positive
heb,HEB is a must when I visit my family in Dallas.  But Aldi would still be my first choice.,1,,youtube,0.0,neutral
heb,Maybe you need to do a trip to Texas with the family etc.,0,,youtube,0.0,neutral
heb,Cafe Ole is HEB brand coffee,1,,youtube,0.0,neutral
heb,Jacks ❤❤❤😮😮😮😊😊😊,0,,youtube,0.9843,positive
heb,Im moving to friendswood Texas in the fall to my daughter,1,,youtube,0.0,neutral
heb,The chicken reference haha,1,,youtube,0.4588,positive
heb,I miss Taco Palenque I lived on that place when I was in Texas,1,,youtube,-0.1531,negative
heb,"First time video for me...luv the attitude and check in on &#39;bean meat&#39;...thank you for your content...Ottawa, Ontario",1,,youtube,0.0,neutral
heb,I live in Houston :),1,,youtube,0.4588,positive
heb,I will say when I was stationed in Texas I loved the hell out of heb. They had some of the best store brand stuff for sure.,49,,youtube,0.7003,positive
heb,Love to see a Walmart version. I live in a pretty rural community and Walmart is the closest place. Seems like the fat free options are not very popular.,10,,youtube,0.8922,positive
heb,"Man, HEB has it all when it comes to the anabolic stuff. The markets near me don&#39;t have fat free cheese or those tubes of meat (ground beef or turkey)  I have to go to a market further away from my town but it isn&#39;t too bad. Good Video Remy",25,,youtube,0.0644,positive
heb,I work at H-E-B! Glad you made this Remington. It may not be super anabolic but sometimes I also get the Meal Simple sandwiches and Bowl’s,5,,youtube,-0.0938,negative
heb,Idk if you’ve done this before but can we get a chest workout vlog 🔥,2,,youtube,-0.5106,negative
heb,Love these types of videos. Should post some more full day of eating as well,7,,youtube,0.743,positive
heb,"This video is clutch, brother makes me want to head to heb right now!",5,,youtube,0.1511,positive
heb,Part of me dies when Remington doesn’t do his Norma intro…<br><br>IM HERE TO DO IT FOR YA….LETS DO ITTTTTTTT…YEAH 😂,18,,youtube,0.4404,positive
heb,"Unreal how much cheaper grocery shopping is in the USA compared to Canada (Toronto). And you guys have so much more variety, it&#39;s crazy. I wish we had these things up here as well man! Great video and keep it up bro!",1,,youtube,0.7795,positive
heb,"Do a Walmart triple Rem, I think we all have a Walmart where we live 🥰. Thanks for this great videos.",1,,youtube,0.936,positive
heb,I dont know you.....but I can tell you are a real ass G.  Mad respect brotha!  Been following training for 2 months and love it.,0,,youtube,0.2244,positive
heb,appreciate your knowledge man. Started at 350 and  I am slowly working my way down. That anabolic french toast changed my life. lol,2,,youtube,0.6705,positive
heb,"Reading labels has become essential part of grocery shopping.  Would love to have HEB over here in NJ, but I can find most stuff RJ buys.",3,,youtube,0.3818,positive
heb,"Vintage Rem with the grocery haul, love it.  Loved all those grocery and meal preps when he was in Ohio.  Please do more of these type videos.",1,,youtube,0.886,positive
heb,"These are some great ideas thank you so much! And yes, cinnamon toast crunch is the best cereal",0,,youtube,0.9332,positive
heb,I’m all for the Costco version!!,2,,youtube,0.0,neutral
heb,Cinnamon Toast Crunch is the best and had my wife try it for the first time ever today (keep it as a cheat) and Rem thoughts on changing the pic on the cookbook to show off THE BEARD 💪🧔‍♂️,6,,youtube,0.296,positive
heb,Man I wish we had an HEB up in New England - so many great things.,1,,youtube,0.7951,positive
heb,"Welcome to Texas! Waxahachie, TX we up!",0,,youtube,0.7793,positive
heb,"Remington, Great to see you back!!!! Looking great!!!! Thank you for this video very helpful.  KEEP PUMPING!!!!",0,,youtube,0.9429,positive
heb,Definitely need a Costco version of this video!,0,,youtube,0.4574,positive
heb,"Kroger/Walmart please. Also, still want the eat with RJ for a week VLOG for the algo...Les DOOOOO IT!!!💪🪖🤙",0,,youtube,0.7701,positive
heb,I’d love to see a grocery haul for Celiacs!! So much hidden crap in gluten free stuff.,0,,youtube,0.7368,positive
heb,Yes!  all the store versions!,0,,youtube,0.508,positive
heb,Great video bro!,0,,youtube,0.6588,positive
heb,Do a Kroger version,1,,youtube,0.0,neutral
heb,"Keep it bro, I learn a lot From u!!! I love ur videos. 🇲🇽",2,,youtube,0.7249,positive
heb,Ive never seen those thin crust pizza crusts there. Cool.<br>Please do more of these!!!,0,,youtube,0.0,neutral
heb,Bro make a video of all the places you shop at. Really love the content. Keep the content coming. Stay safe and God Bless.,0,,youtube,0.9061,positive
heb,This really helped thank you man!!,1,,youtube,0.5207,positive
heb,Costco version for sure!,2,,youtube,0.3802,positive
heb,Do a Costco version!!! My bf and I always buy way too much or not enough when meal prepping,2,,youtube,0.0,neutral
heb,"Love the change of scenery, keep it up Rem!🥴",1,,youtube,0.6696,positive
heb,I wanna see a Remington James bulking/maingain series,2,,youtube,0.0,neutral
heb,Dayuumm.. need check out a HeB lol looks like my kinda store !,0,,youtube,0.68,positive
heb,Definitely do a Costco version of this!,0,,youtube,0.4574,positive
heb,Definitely a easy way to stay lean year round 🙌🏼.,0,,youtube,0.6808,positive
heb,I work for HEB….you need to come down and see us in San Juan tx…..,0,,youtube,0.0,neutral
heb,Visited Texas few weeks ago and had to Hit up HEB,0,,youtube,0.0,neutral
heb,"Yes please Do a grocery haul for Walmart and Kroger please,as a lot of people in the comments section don&#39;t have heb...",0,,youtube,0.6124,positive
heb,Would like to see a Walmart grocery haul that&#39;s all we got in the town I live in,0,,youtube,0.3612,positive
heb,We both basically buy the same groceries no joke lmao!😅,1,,youtube,-0.4265,negative
heb,"Rem, you gotta try the No Sugar Added Sweet Baby Ray’s BBQ sauce… Strong competitor to G Hughes!",1,,youtube,0.6588,positive
heb,"Welcome back to the channel, and welcome to MY PARKING LOT",0,,youtube,0.7184,positive
heb,"My haul is similar, except I opt for potatoes/sweet potatoes for my main carb sources. Chop em up, little salt, little bit of nonstick, 25-30 mins in the oven and boom french fries without all the added fat. <br><br>I find my diet WAY easier to stick to when I go for whole food carb sources, as opposed to 8 slices of bread from french toast and sandwiches throughout the day. There&#39;s still room for that stuff, but if I&#39;m getting most of my carbs from bread and flour, I&#39;ll be hungry way sooner after a meal.",2,,youtube,0.2263,positive
heb,Loving the facial hair,0,,youtube,0.5994,positive
heb,I really like this style of video,0,,youtube,0.4201,positive
heb,"Just moved to Houston and I can’t deny, HEB is the 🐐",2,,youtube,-0.34,negative
heb,Yes Walmart version please!,0,,youtube,0.6476,positive
heb,"It&#39;s Mrs Butterworth, not Ms Butterworth.  LOL.  Love the grocery hall videos.  Always good for a new ideas.  I also pick up the 40 calorie rice cakes.  Thanks, Rem.",0,,youtube,0.7978,positive
heb,Hey. Thanks. Remington. Your recipes are great. It help me hit my goals. I&#39;ve  loss 50 pounds. Thanks again.,1,,youtube,0.8834,positive
heb,COSTCO grocery haul!!,0,,youtube,0.0,neutral
heb,Those carb tortillas are high in fiber too btw... and yeah agreed love cinnamon toast crunch,0,,youtube,0.8176,positive
heb,I love in Florida so I hope I can find that Jolly Rancher drink mix. I need that in my life😊😊,0,,youtube,0.9708,positive
heb,Waiting to bump into rem when I go to heb,0,,youtube,0.0,neutral
heb,This was a great shop with me I will definitely make a list from this video. Thanks,0,,youtube,0.8658,positive
heb,can u do a walmart one of these please and ty,0,,youtube,0.5994,positive
heb,Great video rem,0,,youtube,0.6249,positive
heb,A Walmart version would help out alot I&#39;m surrounded by thoses 😄,0,,youtube,0.802,positive
heb,Please do Walmart and Costco versions!,0,,youtube,0.3802,positive
heb,"Damn, crazy how similar we eat 😂💪🏽 i’ve been on those keto cereals for a while. A lot of people say they don’t like them but they’re great in my opinion",1,,youtube,0.7783,positive
heb,Yes please do a Walmart version because I&#39;m not sure if you have a kroger there or not but if you do kroger haul would be great as well 😊,0,,youtube,0.9602,positive
heb,Let’s see a Costco AND Walmart video bud,0,,youtube,0.0,neutral
heb,Great video...,0,,youtube,0.6249,positive
heb,Hell yeah side profile!,0,,youtube,-0.5707,negative
heb,Anabolic Greek tacos! <br><br><br><br><br><br><br><br><br><br><br><br><br><br>And sushi.,0,,youtube,0.0,neutral
heb,Only dude on earth who rocks an undershirt and an Audemar😌,0,,youtube,0.3818,positive
heb,Hello from Houston!! HEB rocks,1,,youtube,0.0,neutral
heb,I would like to see you do a Costco version of this.,0,,youtube,0.3612,positive
heb,I used to live in houston and one of the main things I miss is that exact HEB. Here in finland its insanely hard to find ingredients.,2,,youtube,-0.25,negative
heb,Beards lookin good Rem,0,,youtube,0.4404,positive
heb,Walmart version would be awesome,0,,youtube,0.6249,positive
heb,Please do a Walmart version.,0,,youtube,0.3182,positive
heb,Please do a Costco version thank you !,0,,youtube,0.6239,positive
heb,i love this damn show,0,,youtube,0.2675,positive
heb,Costco Version would be sick!,0,,youtube,-0.5562,negative
heb,"Dude the Zero Pepsi/Coke or Sprite is a staple in my fridge also, the Pink Starburst water flavor packets are amazing!",0,,youtube,0.6239,positive
heb,"God dang dude I have been on vacation for a couple weeks I come back you are huge man, put that work in!",1,,youtube,0.5707,positive
heb,I personally think that frosted Rice Krispies are way better than cinnamon toast crunch but it isn&#39;t great for a diet either LOL,0,,youtube,0.9246,positive
heb,Just moved to Texas and was about to go to HEB and wonder what I should get...this solves it lol,0,,youtube,0.5994,positive
heb,I like how he snuck in the whip cream joke 😂,0,,youtube,0.765,positive
heb,Need one for Costco!,0,,youtube,0.0,neutral
heb,Costco next Brodie 🙏🏽,0,,youtube,0.0,neutral
heb,Heb represent!,0,,youtube,0.0,neutral
heb,Cookbook is good to go🤘,0,,youtube,0.4404,positive
heb,"Please do Walmart, Kroger, and Costco!",0,,youtube,0.3802,positive
heb,"Gotta do a Kroger one. They have a store brand bread with 30 cals and 4g protein per slice and it taste great. They also carry Ole tortillas which have 30 cals (flour taco size), 50 cals/5g protein (medium burrito size) and 80 cals/8g protein (large burrito size). They honestly have better options than even most health food stores.",0,,youtube,0.875,positive
heb,Nice watch rem!,0,,youtube,0.4753,positive
heb,Here in Germany i have to go to 3 different stores only to get half of the tings you got and for fett free or realy low fett cheese probably i should drive to Texas hahah,1,,youtube,0.296,positive
heb,You’re the man,0,,youtube,0.0,neutral
heb,Do Walmart version please .,0,,youtube,0.3182,positive
heb,Costco version would be great!!,0,,youtube,0.6892,positive
heb,Cinnamon Toast crunch is amazing  they zlso make a coffee creamer but since I started following your diet plan I don&#39;t drink it anymore,0,,youtube,0.34,positive
heb,Kroger version! I loved watching the Kroger ones in the past because I can get it item per item since I live next to them,0,,youtube,0.636,positive
heb,"Your grocery items are basically everything I get too. Love the diet, been following you for over a year and never changing it. Lots of good recipes, and my diabetic numbers have never been better! Keep it coming! 💪",2,,youtube,0.7413,positive
heb,Walmart version and Costco I would love,0,,youtube,0.6369,positive
heb,Walmart and Costco version!,0,,youtube,0.0,neutral
heb,"I live in south carolina we dont have HEB could u please do a walmart. My mama needs a liver transplant in the next few months and she needs to build protein and since im kinda fluffy im gonna eat it with her, these videos are amazing the best on youtube. I went thru 4 others before i found yours, u keep it simple great recipes great quality on your videos keep it up and thank u for all your hard work and knowledge",0,,youtube,0.9666,positive
heb,Do a Kroger visit please!,0,,youtube,0.3802,positive
heb,Cinnamon Toast Crunch is the best 🙌,0,,youtube,0.6369,positive
heb,I would probably die at the register if I saw that total lol,445,,youtube,-0.204,negative
heb,What!!? That&#39;s so cheap! Here in Canada that would cost at least 1000$!,80,,youtube,0.0,neutral
heb,"I would die if I had to find room for all those groceries, and I have a fairly large pantry! lol loved the haul.",191,,youtube,0.4753,positive
heb,I think that&#39;s alot for $ 640!!! Great job!!!! love this vlog,28,,youtube,0.8877,positive
heb,"The health trolls and food shamers need to stuff off. I appreciate your food hauls. Food is expensive and you have had parties to do and your family to feed. I think for the price, you have done very well. All of my best.",68,,youtube,0.8999,positive
heb,"Honestly this is what a normal holiday haul of food I think would look like. Not only are you cooking like 3 meals a day for your family, but you have visitors dropping by. Christmas dinner, etc, etc. Plus the kids are out of school which means they&#39;re eating more.  Anyways great haul.",69,,youtube,0.9085,positive
heb,When I worked at HEB many years ago the guys in the meat market told us not to buy pre-seasoned meat because it was meat that had expired and they seasoned it and re-wrapped it.,153,,youtube,0.0,neutral
heb,"Enjoyed watching your haul, hate to see the negative comments. People are so judgmental behind a keyboard. I like to get as much food shopping done at a time as well and pick up perishables when needed. When you have small children it makes life easier. Fellow Etsy shop owner here as well, people don&#39;t realize how busy our lives can be.",28,,youtube,0.5267,positive
heb,"I normally don&#39;t comment, but you mentioned buying a large container of taco seasoning.  Have you thought about making your own?  It will be cheaper and I&#39;m sure you will have all the spices already available.  Plus you can control your sodium.....I make my own taco seasoning all the time...Pinterest.  Enjoy the vids!",237,,youtube,0.8197,positive
heb,Holly cow! that&#39;s 5 months worth of groceries for my family. 😩😩,234,,youtube,-0.3802,negative
heb,Why am i watching this AGAIN?!!!😂😉😂Maybe cause I love food!,13,,youtube,0.811,positive
heb,I&#39;ve watched you for about 5 years and this is my first time commenting. I just think you are so sweet and I love watching your grocery hauls 😄💖,1,,youtube,0.9636,positive
heb,I bet your kids are in heaven when they open the fridge. I need to get my kitchen and pantry to be this stocked I would never leave the house lol,1,,youtube,0.739,positive
heb,I would love to see you actually putting all this away 😘😘,10,,youtube,0.8689,positive
heb,Love your hauls and your channel! Ver real and down to earth- thanks!! Happy new year!,0,,youtube,0.918,positive
heb,I wish. My monthly grocery budget is maybe $60 if I&#39;m lucky,6,,youtube,0.6705,positive
heb,I love watching these videos idk why I find it relaxing.,1,,youtube,0.7906,positive
heb,I LOVE these vlogs! I love seeing the different foods and prices. Your food is so much cheaper then here in Toronto. I&#39;d reaaaally love to see some cooking videos to see how you utilize all this food :),10,,youtube,0.956,positive
heb,"so organized., like how you show everything.",5,,youtube,0.4173,positive
heb,I really enjoy watching these types of videos and especially when there is a lot of grocery,0,,youtube,0.5413,positive
heb,"omg I have a confession to make I saw you with your family at HEB. ( You all were leaving, I was just getting there) I was so fanning out!! I didn&#39;t have the guts to go up to you and say hi. I didn&#39;t want to look like a creaper 😂 I&#39;ve been a silent viewer for years- which is why I was fanning out! Btw great haul",67,,youtube,0.8928,positive
heb,I LOVE your pantry organization! Everything looks neat and you can see what you have.,0,,youtube,0.8491,positive
heb,Love watching your grocery hauls! I had to buy tons of holiday food as well so you are not alone.,1,,youtube,0.8759,positive
heb,Finally a grocery haul I haven&#39;t watched yet!<br><br><br><br>Edit:shoot I just watched it. Time to watch pet hauls again,4,,youtube,0.0,neutral
heb,"wow, you are so organized the pantry is so nice and neat. Hope you had a great holiday with your family!",0,,youtube,0.9669,positive
heb,good on ya for scoring all that food and veg so happy for you and your whanau(family)love your haul and your channel ka-pai(well done).,1,,youtube,0.8244,positive
heb,"this was my first time watching you and I totally enjoyed you, I am gonna subscibe right now, you are an inspiration",0,,youtube,0.7902,positive
heb,I love how organized your pantry is!  Looks great!!,0,,youtube,0.88,positive
heb,I love this grocery haul!! Keep on sending more😊,0,,youtube,0.9017,positive
heb,Loved your haul! I love to grocery shop. Shipping for the house and the holiday is a lot of work. You organized everything so well.,0,,youtube,0.9304,positive
heb,"Omgoodness 😱 I love, love this haul💕 I would love to shop like this more often because I don&#39;t care to constantly have to shop, but I don&#39;t the storage space like you do. You&#39;re very fortunate 🙏  for sure. I bet you guys had a wonderful holiday surrounded by all of this great food- made with love💕  Nothing brings people together like good folks, good food and good times 😋 thanks so much for sharing. Take care 👍",0,,youtube,0.9976,positive
heb,Love how organized you made this.... awesome job!,0,,youtube,0.8851,positive
heb,"Fridge &amp; freezer Tour, Kitchen tour and pantry tour. Puhleaaassseeee!!! Thanks in advance! 😊",0,,youtube,0.877,positive
heb,I have a little family so I dont do much bulk shopping but I enjoy your personality !!! and your hauls are not boring lbs...,0,,youtube,0.8234,positive
heb,"I love how neat and organized your pantry is, I wish mine was so neat and tidy. I love your videos. I live alone, my grandkids come visit a couple of times per week but I really haven&#39;t filled up my pantry since my husband passed several years ago, I like to joke that going grocery shopping is my hobby, so I go several times a week just to have something to do LoL. Treasure these days, I know they&#39;re exhausting, but they really fly by!! Happy Easter!",0,,youtube,0.9766,positive
heb,"Here  in the Uk we recycle food waste , we put it in bio-disposable bags and then it&#39;s just rots and goes back into the earth 😉.  Great haul enjoyed watching 😍.",11,,youtube,0.8225,positive
heb,Love it! Everything has a place and is super tidy,0,,youtube,0.8553,positive
heb,"Shopping for food is not that bad,  figuring out where to put all that stuff is the true headache.  Nice haul.  😊",37,,youtube,0.9253,positive
heb,i love your shopping hauls ❤,0,,youtube,0.8555,positive
heb,"Wow, you guys did so good only having to toss some celery and a few cucumbers! I have to get better about not wasting...that&#39;s the worst having to throw out food you paid for!",6,,youtube,0.9362,positive
heb,omg I loved this like watching this bought me sooooooo much satisfaction !!!,0,,youtube,0.8898,positive
heb,I love your grocery hauls so much! Not going to lie I was so looking forward to this since seeing the sneak in your vlog.,19,,youtube,0.6696,positive
heb,"Your food choices are just fine. Your family is fed nutritiously and you&#39;re happy. That is ALL that matters. And yes, I , too, love your hauls.",0,,youtube,0.91,positive
heb,I just layed down for a nap (yes I&#39;m 23 and still nap🙊) and I got so excited when I saw this video :p,40,,youtube,0.7793,positive
heb,"I set aside a plastic bin, in my pantry leading up to the holidays, for all of my holiday baking items. It keeps them from getting lost, and you know, at a glance, what you have.",2,,youtube,0.4588,positive
heb,"i&#39;m 18 and pregnant lol and I just found your channel . soon to be moving into my first apartment and I can&#39;t wait to build a family and shop like this . this is a goal , like seriously .",0,,youtube,0.7269,positive
heb,Very well organized pantry. I&#39;m impressed!,1,,youtube,0.6989,positive
heb,I loved this haul!!!! Thanks for sharing :),1,,youtube,0.9296,positive
heb,Whew.!  I know it was work out getting things in and out of the car lol. It&#39;s a blessings to be able to afford it all. Merry Christmas and Happy New Year to u all though.,0,,youtube,0.9299,positive
heb,Your fridge and pantry are so organized. I think I need to go clean mine now. :),0,,youtube,0.6908,positive
heb,can you do a video on the 21 day fix. How it works and how you like it.,34,,youtube,0.3612,positive
heb,I LOVE YOUR GROCERY HAULS!!!,1,,youtube,0.7249,positive
heb,It&#39;s so easy to make jalapeño poppers at home plus it&#39;s usually cheaper but having them pre-done is so nice :),0,,youtube,0.9088,positive
heb,"Just out of curiosity, do you have a 2nd refrigerator? Cause I couldn&#39;t imagine fitting all this in mine lmao",20,,youtube,0.5994,positive
heb,I love your fridge!!! Kim,0,,youtube,0.7249,positive
heb,So satisfying to watch ❤️,0,,youtube,0.5095,positive
heb,I live in the uk so love seeing these hauls xx,0,,youtube,0.7481,positive
heb,Can you do a video on how you keep your produce from going bad for a month? What do you freeze? How do you portion?,3,,youtube,-0.5913,negative
heb,one of the best hauls I have seen.,0,,youtube,0.6369,positive
heb,That is impressive!  I love your pantry!,0,,youtube,0.8436,positive
heb,I always look forward to ALL ur vlogs because your girls are amazing!! And I especially loveee your grocery hauls,3,,youtube,0.658,positive
heb,"Your fridge/pantry/freezer are well organised and so neat! Have just found your channel and subscribed, hello from Australia :)",0,,youtube,0.8503,positive
heb,fridge and pantry goals,0,,youtube,0.0,neutral
heb,Great haul! I am sure it was exhausting. Great stuff!,2,,youtube,0.8619,positive
heb,This is so satisfying to watch.,0,,youtube,0.5949,positive
heb,"I love watching grocery hauls, i personally like to go shopping once a week otherwise my fruit and veggies spoil.",1,,youtube,0.7717,positive
heb,I love your videos ☺ awesome grocery haul,0,,youtube,0.9062,positive
heb,loved your haul!!,0,,youtube,0.6688,positive
heb,My mom does this too every month at the end of the month she takes us shopping for what ever we want for the all next mount,0,,youtube,0.0772,positive
heb,"Oh you are definitely not alone girl!!! I have a budget of 7 hundred a month. I love to cook along with my girls. My son has many allergies to food so we shop for him wisely. Don&#39;t listen to the haters, my family &amp; I pretty much live on junk food. It&#39;s not healthy but we are fed.. I hope you and your family had a very Merry Christmas..",10,,youtube,0.9433,positive
heb,A year and a half late to watch this lol but I just found your videos. I have the same fridge and did the same thing with drinks on the bottom right. Love it that way. Totally not much freezer space using it that way but I make it work. Great haul,0,,youtube,0.939,positive
heb,Love your frig!!!! Holds a lot,0,,youtube,0.7482,positive
heb,"No judgement from me.  Looks like you got a great haul.  I just found your vlog and it was really good.  I do a huge grocery haul like that once every three months and around the holidays even more.  My family is pretty big, two kids, and six nieces and nephews.  I do the pre cut things as well.  I just don&#39;t have time to spend cutting up all the prep stuff and I too hate when stuff gets stuck under my fingers.  I&#39;m glad I found you.",0,,youtube,0.9324,positive
heb,Omg snacks up the wazoo!! My kids wouldn&#39;t know how to act with so many snacks lol,2,,youtube,0.5644,positive
heb,Love the hauls!!,1,,youtube,0.6988,positive
heb,that is alot I love it and love your grocery hauls they are awesome,0,,youtube,0.926,positive
heb,I loved this video! Nice job,1,,youtube,0.7901,positive
heb,👋🏼 hey just found your channel love it can&#39;t wait to watch,0,,youtube,0.8126,positive
heb,I love buying in bulk or large quantities. Can&#39;t wait to have a family to fully stock our house like that lol.,0,,youtube,0.8591,positive
heb,"If you want your celery to last longer, wrap it in the foil and keep it in the fridge. In this case your celery  always gonna be nice and crunchy👍✨",2,,youtube,0.6597,positive
heb,650 for a family of 5 is not bad really. Food is just expensive nowadays.,18,,youtube,0.431,positive
heb,Girl i am jealous of your grocery haul lol. &amp; you gave me a good idea with the bread crumbs on the cube steak. I usually just batter mine in milk and egg and then coat it in flour and fry it in some veggie oil with my flour seasoned really well and it always turns out great but I&#39;ve never tried the bread crumbs,0,,youtube,0.6245,positive
heb,All the free stuff is amazing jesus ...pretty cheap for the amount of stuff. this was great,0,,youtube,0.9371,positive
heb,"I loved the video, Melissa, as usual :)",1,,youtube,0.7845,positive
heb,I love your lil family.,0,,youtube,0.6369,positive
heb,I really enjoyed watching this.,1,,youtube,0.5563,positive
heb,Loved the grocery haul.I Subscribed to your channel.,0,,youtube,0.5994,positive
heb,I love your pantry !! I wish mine had extra shelves,0,,youtube,0.8168,positive
heb,We love the HEB seasoning packets at my house. The taco and chili are our favorite.,0,,youtube,0.802,positive
heb,Have you tried making pizza on Naan bread? it is so good.  Great video,6,,youtube,0.845,positive
heb,WOW WEE LOOK HOW MUCH YOU HAVE TO COOK 👨‍🍳Hi I&#39;m new to your channel and am excited to see your recipes,2,,youtube,0.7865,positive
heb,Loved your haul! You must have been exhausted after that shopping trip!,0,,youtube,0.4559,positive
heb,So jealous of that pantry!!!,3,,youtube,-0.6333,negative
heb,I would also love to see what u eat in a day on the 21 day fix. I too am trying to eat healthier but sometimes get stumped. Tfs,0,,youtube,0.3818,positive
heb,Hi.u r like a celebrity in the grocery haul department,1,,youtube,0.3612,positive
heb,I bet most of the people commenting on her food choices eat those same foods lol,58,,youtube,0.4215,positive
heb,Great haul!! Thanks for sharing.,1,,youtube,0.8856,positive
heb,New subbie   awesome haul!!,0,,youtube,0.6892,positive
heb,"Today is lil sister birthday and granmom doing something cool, be glad for 5pm😊😊😊😊😊😊",0,,youtube,0.9901,positive
heb,"I buy big countainers of garlic, onion, and seasoning salt. I love cooking with spice.",0,,youtube,0.6369,positive
heb,"Wednesday blessings to you, Adam, and handsome boys, including fur boys. Hope y&#39;all are doing well this lovely afternoon. Here watching. Fantastic haul and delicious meal plan. Y&#39;all should try Philly cheesesteak baked potatoes. Dinner looked so delicious.",2,,youtube,0.9822,positive
heb,Guess who is back!! Great to be back and watching my friend! Missed you. We actually moved and I have a grandson now since we have chatted! ❤️ great to see you still jamming here!,0,,youtube,0.9075,positive
heb,I always enjoy seeing the food you guys prepare. It&#39;s planned &amp; always looks so delicious!!,0,,youtube,0.8599,positive
heb,A great haul! And the food looked so YUMMY!!,0,,youtube,0.9054,positive
heb,"Always great to see you all, everything always looks so delicious my friend. Sending you lots of love and light❤🎉❤🎉",0,,youtube,0.9853,positive
heb,Great haul and the meal plan sounds yummy! 😋,0,,youtube,0.8313,positive
heb,Boil your spaghetti in a deep sided skillet. It all fits better in there than having to squish it.,0,,youtube,0.4404,positive
heb,We love Chuy’s &amp; I make the jalapeño ranch at home too. So good! Great haul 😊,0,,youtube,0.9618,positive
heb,Jess great haul and a great looking meal for sure!!! Spaghetti is a favorite of mine.😊,0,,youtube,0.9656,positive
heb,❤️❤️❤️❤️,0,,youtube,0.0,neutral
heb,"Hello Jess and boys!👋👋<br><br>The meal plan sounds delicious,quick, and easy meals. My kind of meals.❤  I hope you video Tucker making the coke cola chili(I love seeing the boys help in the kitchen). 😊<br>I wish we had a HEB grocery store here in Ga.  <br>I&#39;m with you on the curbside pickup. It&#39;s convenient for those that need it,but I&#39;d rather give in the grocery store and pick out my own groceries (I&#39;ve worked in a grocery store so I know what goes on when others aren&#39;t around). Just my opinion,I&#39;ll leave it to those that need it.<br>Hope y&#39;all enjoy your week. See y&#39;all in the next video. 😊😊",0,,youtube,0.9918,positive
heb,Great haul. I never thought about eating sketti half and half like that. Im doing that next time! Its the best of both worlds lol ❤,0,,youtube,0.9589,positive
heb,Love ya’ll recipes! Gonna have to make some of your dinner ideas!!,0,,youtube,0.7249,positive
heb,i wish someone would send me one piece of that butter cake. if i made one id eat the whole damn thing!!! so freaking good!!! lol,0,,youtube,0.6505,positive
heb,"Oh my gosh dinner looks fantastic! My daughter and I like butter parm pasta and then some with sauce, too. Grocery pick up is handy, but sometimes the crap they pick irritates me. I’m going to look into that chicken fry batter for zucchini. Usually I just do egg and breadcrumbs. Yum!",0,,youtube,-0.6688,negative
heb,Zucchini bread s good-just wash and roast in oven-delicious!!!,0,,youtube,0.0,neutral
heb,"So are you going to do the weekly menu thing now and weekly what&#39;s for dinner videos?  If so, looking forward to it.",0,,youtube,0.0,neutral
heb,Are the pizzas good? Have you tried the tillamook cheese from HEB? Is is pricey but tastes so good. Wish they had the block though so I could shred it myself and save money. The small bag of it is almost $5!!!,0,,youtube,0.9289,positive
heb,Texas doesn&#39;t have a sales tax on unprepared food.,103,,youtube,0.0,neutral
heb,When I first saw HEB moving from another state I was impressed too. Wait until you see a Central Market HEB!,149,,youtube,0.5255,positive
heb,There isn’t sales tax on food unless it’s prepared like deli meals.,61,,youtube,0.5267,positive
heb,"FYI, the H‑E‑B sodas (orange, root beer, Dr B, and Twist, Cola,  and Wild Red are equivalent to their name brand counterparts.  We only drink the sugar free, so that’s saying a lot! Also, the Creamy Creations line of ice cream is spectacular! You will find many H‑E‑B products are made in their own facilities.  Welcome to Texas! You have to try the Brisket queso, too!",34,,youtube,0.9118,positive
heb,"I&#39;m from Canada, the first time I went to HEB, I was blown away. HEB and Buc-ee&#39;s my two favourite places.",4,,youtube,0.0,neutral
heb,I live 3 mins away from my HEB in Austin and I live in that store!!! lol shame on me 😂😂😂,19,,youtube,0.851,positive
heb,I absolutely hate grocery shopping nothing about it excites me 😂,4,,youtube,-0.5643,negative
heb,HEB is a superb grocery store. Very very clean and organized. The employees are excellent almost in comparison to the Chick Fil A  associates. HEB have to best in store made tortillas especially the butter flavor ones. I shop there faithfully every week. 100% recommend this grocery store to anyone new to Tx. Great video.,30,,youtube,0.9768,positive
heb,Welcome to Texas.We love our HEB❤❤❤,53,,youtube,0.9674,positive
heb,"I miss HEBs good coupons, the coupons now don&#39;t offer steep discounts like they used to. But they still offer the best meat and produce .",5,,youtube,0.8481,positive
heb,I&#39;ve been living in Texas since I was born and ngl I feel like HEB has got even more expensive 😮,9,,youtube,0.3612,positive
heb,"No H.E.B. In my part of Texas. So many rumors over the years about us getting one. Corperate said they never will come out this way. <br>All we have in my city is Walmart, Albertson’s, Sprouts, Whole Foods, Food King &amp; a couple of local places.",9,,youtube,-0.296,negative
heb,HEB is amazing 😍 wish we had them up here in Oklahoma 😭,9,,youtube,0.7506,positive
heb,No tax on groceries in TX ❤.   Howdy! Welcome 😊,3,,youtube,0.9385,positive
heb,I’m from Missouri and now live in Texas. I will never get over how amazing Heb is!!!,40,,youtube,0.6884,positive
heb,This is the McKinney H-E-B right here! I live 6 mins down and feel really grateful to have one close to home.,4,,youtube,0.5551,positive
heb,"I live in South Texas and our only options are HEB and Walmart for full grocery stores. We love our HEB and support them over Walmart. If you research, you&#39;ll see that they give a lot of money to the people in Texas during times of need.",1,,youtube,0.7845,positive
heb,"Me and husband used to live in Bend, OR now we are in DFW. Can confirm that HEB is a game changer",4,,youtube,0.0,neutral
heb,Girl! The sales tax is included in the price in Oregon. That’s why it’s more expensive!!!😂,1,,youtube,0.6209,positive
heb,I love HEB...it has my heart..welcome to Texas.,0,,youtube,0.6369,positive
heb,I wish that there was an HEB near me! I love grocery shopping lol.,0,,youtube,0.8748,positive
heb,Get the brisket queso in the meal simple section!,0,,youtube,0.0,neutral
heb,Hopefully u downloaded the HEB app and clipped coupons,8,,youtube,0.4019,positive
heb,We toured Texas last year from the UK and loved HEB especially the sandwiches and salads..,0,,youtube,0.5994,positive
heb,try central market in austin....omg,2,,youtube,0.0,neutral
heb,That heb is beautiful,0,,youtube,0.5994,positive
heb,HEB is the best,6,,youtube,0.6369,positive
heb,"I’m from Louisiana, but moved to Texas for my husband’s job. HEB’s Sushi Wednesday is amazing! All sushi rolls/poke bowls/ pot stickers are $7.<br>We stopped going to sushi restaurants a while ago because now Wednesday’s are sushi night! It gives us a break from cooking.<br>We know it’s fresh because you can literally see the chefs make it; and they do great. Just as good as a Japanese restaurant for $7? Shiiiiid.<br>Try the california poke bowl (my personal favorite)!",0,,youtube,0.9725,positive
heb,I moved to Nevada in 2020. My husband asked what I wanted for Mother’s Day this year and told him a trip to HEB. 😂,0,,youtube,0.4404,positive
heb,They have the best ready to eat sushi and rice Bowls,3,,youtube,0.7717,positive
heb,Welcome to Texas! 🎉,0,,youtube,0.7177,positive
heb,"I absolutely love HEB, I moved to TX from WA state and lived there for 2 years, absolutely miss that store. I live in KY with my own family and its just not the same. I’ll always remember HEB, hopefully i’ll get to visit it again one day",0,,youtube,0.8602,positive
heb,Welcome to Texas and you got to Love HEB❤,1,,youtube,0.9081,positive
heb,Can’t lie after i turned 30 i love going to the supermarket 😂,0,,youtube,0.7964,positive
heb,I&#39;ve been in Texas 5 years and still haven&#39;t gone 😂,0,,youtube,0.4404,positive
heb,I live in phoenix az and want to go to HEB so bad 😂😂 i absolutely Love grocery shopping for some reason,0,,youtube,0.7271,positive
heb,Welcome to Texas Baby,0,,youtube,0.4588,positive
heb,"Texas doesn’t have sales tax on ingredient groceries - meat, vegetables, fruits, etc…. Only on prepared foods",0,,youtube,0.2263,positive
heb,Welcome to texas 🎉,0,,youtube,0.6908,positive
heb,Love this❤,0,,youtube,0.8555,positive
heb,Please we need a <br>HEB in Stockton ca,0,,youtube,0.3182,positive
heb,"HEB is life-changing! I swear, you can find anything you could possibly need there (and plenty that you didn’t know you needed 😂) I grew up in California and moved out to TX 3 years ago with my husband. We can’t live without HEB!",0,,youtube,0.7592,positive
heb,The best ever i love heb,3,,youtube,0.8555,positive
heb,Love HEB!  I love them even more because when the Hill Country flood hit Kerrville and the communities around there HEB send out the Calvary. Ppl seen truck after truck headed there full loaded!!  They started in Kerrville so it’s their roots tht sent them back.<br>Plus they have so much to pick from too on the store 😂,3,,youtube,0.9213,positive
heb,I love heb,2,,youtube,0.6369,positive
heb,That&#39;s a pretty heb!!! Ours don&#39;t look like that in Austin,0,,youtube,0.7633,positive
heb,Did you just move to Bridgeland? I recognize that HEB! Welcome to the neighborhood ❤❤❤,0,,youtube,0.9508,positive
heb,My brother lives in Texas and the first thing we visited was HEB 😂 loved it,0,,youtube,0.7783,positive
heb,"Yeah HEB is pretty nice, though I wish we had Aldi in the San Antonio area, but for most stuff HEB is pretty awesome, and their brand items seem as good as the name brand, I remember trying a Walmart brand ketchup many years ago, and it just tasted odd, but HEB products always seem spot on, and like you said great onions, well produce in general",0,,youtube,0.9813,positive
heb,girl i’m abt to move south jsut for one 🤣🤣,0,,youtube,0.7506,positive
heb,"Food prices are going up,especially if you eat out!!",0,,youtube,0.0,neutral
heb,I miss heb,1,,youtube,-0.1531,negative
heb,That’s a crazy price,0,,youtube,-0.34,negative
heb,Hope you like H-E-B. I absolutely love it. It is my go to grocery store.,0,,youtube,0.8718,positive
heb,Hii can you make a vlog about the pros and cons of living in Oregon? I was considering moving,0,,youtube,0.0,neutral
heb,I&#39;m proud to say i work at an H-E-B ❤😊,0,,youtube,0.9231,positive
heb,"As a native Texan born and raised, I am here to tell you that HEB is the best grocery store in Texas! Nothing beats it! I promise! I’m born in Waco and lived in HEB as a kid and even moved to Houston for 2 years after living in Dallas for most of my life and HEB is all I shopped at in Houston. Unfortunately I had to move back to Dallas and there’s only a few HEBs in Dallas and none of them are close to me so I’ve been depressed without HEB 😢",1,,youtube,0.608,positive
heb,I love HEB !!!!! I live 1 mile from mine and I go like 3x a wk 😂,1,,youtube,0.8949,positive
heb,"If you would like to try something different, try the HEB Tamales and the little cookies called &quot;Pan De Polvo&quot;, in the Bakery dept, they are cinnamon and sugar cookies, authentic Mexican. <br>Welcome To Texas!! 🤠🤏",0,,youtube,0.4738,positive
heb,I love HEB,0,,youtube,0.6369,positive
heb,I miss Heb so much!,0,,youtube,-0.2244,negative
heb,HEB is originally from San Antonio and went to the valley I grew up going to that grocery store when parents would go there. They always gave very good oridice,0,,youtube,0.4927,positive
heb,"As someone who was born and raised in Texas, I go to Heb like 5 times a week 😭",0,,youtube,-0.1531,negative
heb,New mom friend here❤,0,,youtube,0.8126,positive
heb,What name Brand of refrigerator  please thank you it&#39;s looks amazing cool,0,,youtube,0.872,positive
heb,No place like HEB! 💗,0,,youtube,0.4371,positive
heb,I want HEB in Nevada please,0,,youtube,0.3818,positive
heb,HEB is king,5,,youtube,0.0,neutral
heb,I&#39;m surprised you saw so many Arby&#39;s in TX. Nobody ever goes there! 😂😂,0,,youtube,0.7901,positive
heb,That looks like a HEB plus,0,,youtube,0.3612,positive
heb,"Also, try the two bite brownies &amp; their version of thin mints!!! The best ! Now I don’t have to wait for Girl Scout cookies",0,,youtube,0.7482,positive
heb,Lovely,0,,youtube,0.5859,positive
heb,You are going to love Central Market! It&#39;s H-E-B on steroids!,0,,youtube,0.6988,positive
heb,The hydroponic strawberries i have found out that they have no flavor ....I have bought them several times ..same result ...the heb horganic strawberries though are amazing,0,,youtube,0.3818,positive
heb,"I wish wish HEB would come to California and take out Walmart and Target out, which are already on the decline aside from basic as a last resort.   🙄🙄<br>I visited my family in Texas in July and we went straight to HEB after the airport. I loved it ❤️😩",0,,youtube,0.8442,positive
heb,Are there Aldi in Texas? Because $350!,0,,youtube,0.0,neutral
heb,An HEB Plus.,0,,youtube,0.0,neutral
heb,"Where is the rest of the $350 in groceries? I shop heb weekly and that looks like $200 worth. Maybe you also got paper goods and some frozen? 🙃<br><br>And do NOT miss out on the bakery butter tortillas and the sea salt tortilla chips, again in the BAKERY, not in the aisles. But also heb chips in the chip aisle are so good too.<br>Happy for you to get HEB, hope we never have to leave TX",0,,youtube,0.9539,positive
heb,$300 for that fridge is crazy !,0,,youtube,-0.4003,negative
heb,"HEB used to be the most inexpensive grocery store in Lufkin, Texas. I was a loyal shopper until after they remodeled the store. After that I noticed their costs skyrocketed. Some items, even their generic stuff as compared to WM went up by $2.00. I don&#39;t shop there anymore.",0,,youtube,0.4767,positive
heb,Love your video but your cart ahhhhh why - why isn’t it stacked up all OCd lololol I mean you started off so good but those boxes! 😂,0,,youtube,0.9162,positive
heb,The bes hands down.,0,,youtube,0.0,neutral
heb,There isn’t sales tax on food. Hard foods? Oh yeah but food no.,0,,youtube,0.1027,positive
heb,This was my first time learning that not everyone in the US has HEB (sorry if you don’t bc HEB is SO good),0,,youtube,0.655,positive
heb,Texas doesn&#39;t have sales tax on groceries,0,,youtube,0.0,neutral
heb,$350! I spent $300 after not shopping for two weeks. We are a family of five.,0,,youtube,0.0,neutral
heb,What!? No sales taxes! WOW,1,,youtube,0.6016,positive
heb,"You’re in cattle country…lol! Beef, it’s what’s for dinner 😂",0,,youtube,0.4926,positive
heb,Heb is literal chaos. I compare it to costco.,0,,youtube,-0.5719,negative
heb,Damn i can&#39;t believe Texas taxes food. We don&#39;t have taxes on food in California,0,,youtube,-0.4019,negative
heb,"I had to look at the subtitles. I kept hearing &quot;Orgon&quot;, so I didn&#39;t understand what she was trying to say. I&#39;m not a native English speaker to be honest, but it wouldn&#39;t hurt to pronounce the E from time to time :)",0,,youtube,0.1406,positive
heb,I&#39;m sorry you moved to Texas.,0,,youtube,-0.0772,negative
heb,300 for that little bit omg  food lion would have only been 200 at most,0,,youtube,0.0,neutral
heb,I&#39;ve never heard an Oregon accent... Organ Is the correct pronunciation there?😊,1,,youtube,0.7184,positive
heb,for the week?,0,,youtube,0.0,neutral
heb,Arby&#39;s hater checking in. ✋️,0,,youtube,-0.4215,negative
heb,$350 for the week 😮 groceries are way too expensive,0,,youtube,0.0,neutral
heb,Am I the only one who hears her say “organ”? 😂,0,,youtube,0.4404,positive
heb,"Yay! We moved from Oregon, to Texas also. We love it. But we live in the Panhandle, so no HEB here.",2,,youtube,0.0753,positive
heb,Coming from a blue state . <br>Welcome lol,5,,youtube,0.4215,positive
heb,HEB looks like a great store. I wish I had access to.,3,,youtube,0.8519,positive
heb,Howard E Butt started a chain of grocery stores in Texas in Mexico<br>With the slogan here everything&#39;s better have a very great day,5,,youtube,0.807,positive
heb,We only use Kerry Gold in this house but I get the salted,2,,youtube,0.0,neutral
heb,"Given how prices are now, this was a reasonable grocery haul",3,,youtube,0.0,neutral
heb,I make blueberry juice. 4cups blueberries add 5 cups water 2 1/4 cups sugar. Bring to boil for 2min turn off burner and cool. Then I strain .  Make blueberry lemon aid . 1cup juice 1 1/2 cup water 1 country time lemon aid singles. Is very good.,3,,youtube,0.6478,positive
heb,I love to shop at HEB when we are in Texas.,2,,youtube,0.6369,positive
heb,"I love HEB, but we have a tiny store in Carthage TX. We do not have a lot of what you have..no deli roasted chicken, etc. It&#39;s just a plain old grocery store like you would find in the 50s or 60s. I wish they would update to at least a deli. Their update a couple of years ago amounted to painting the old front sign of the store. It is disappointing. I want to support them, but I get tired of having to go to 2 stores.",3,,youtube,0.6428,positive
heb,I like when you tell us your plans for the groceries you purchade.   I&#39;m eager to see the pizza and creamed spinach recipes!,4,,youtube,0.6476,positive
heb,"I’m excited about the upcoming recipes, especially creamed spinach, yummy! 😋 ❤",2,,youtube,0.8899,positive
heb,"I live in California but my daughter lives near Fort Worth and she just  got hired on for the new HEB going in, in her area.  She is so excited! 😊",4,,youtube,0.9454,positive
heb,"You look fabulous, can you tell me please how you lost weight?",8,,youtube,0.5267,positive
heb,spinach used to be 89 cents for a pakg!,2,,youtube,0.0,neutral
heb,Hi Catherine!!! I liked your haul for today. You got some good items. I enjoy all hauls. Thanks for showing  us what all you got...Nice Video!!!...🦋,4,,youtube,0.918,positive
heb,Great grocery haul!. Prices are high though!.💟,3,,youtube,0.8715,positive
heb,This is a GREAT GROCERY haul.,3,,youtube,0.7034,positive
heb,You look amazing!<br>You’re giving me some motivation.<br>Give your followers a sneak peak in your food for a day.<br>Love both you and your husbands channel.,7,,youtube,0.4003,positive
heb,"Thanks for sharing your HEB haul,great meal ideas,and prices! I wish we had a HEB in my area!! 😊😊",1,,youtube,0.9651,positive
heb,"Thank you! I don&#39;t grocery shop, my husband shops for us. ❤",1,,youtube,0.7901,positive
heb,I&#39;m really looking forward to seeing all the recipe videos that you mentioned,1,,youtube,0.0,neutral
heb,I&#39;ve been to HEB in San Antonio! They are such fun stores 🎊  I wish we had some here in New Mexico,2,,youtube,0.7424,positive
heb,Can’t wait for all the recipes!🙏🙏❤️❤️,1,,youtube,0.0,neutral
heb,"Thanks for sharing! I love my HEB! I usually buy the HEB branded items, so thanks for the heads up on the little pepperonis",1,,youtube,0.9352,positive
heb,Some great ideas,1,,youtube,0.6249,positive
heb,Those will be some &quot;good eatin&quot; coming up. 👍❤,2,,youtube,0.6369,positive
heb,Great haul. Everything looks great. All he recipes sound delicious.👍😋,1,,youtube,0.9169,positive
heb,I am ready for the recipes 😃,1,,youtube,0.6124,positive
heb,"I think you are one happy cook, shopper and loving mom, and wife.  God bless you✝️✝️✝️❤️❤️❤️",4,,youtube,0.91,positive
heb,Can&#39;t wait for the pizza dish!❤,2,,youtube,0.6696,positive
heb,Enjoyed watching!,1,,youtube,0.5562,positive
heb,"Nice haul for under$200. I&#39;m looking forward to seeing the new recipes 😀,I agree with you about Walmart  chicken. I&#39;ll never  purchase it again",1,,youtube,0.7783,positive
heb,"We used to spend the winter in Texas, and I was always impressed with your HEB grocery stores. Great haul! Your menu sounds yummy! 😋",3,,youtube,0.9039,positive
heb,Thanks for sharing.,1,,youtube,0.6908,positive
heb,Happy Easter to you and your hubbie and family,1,,youtube,0.5719,positive
heb,"Looking forward to the recipes.  And, you really are looking great!",1,,youtube,0.6864,positive
heb,i wished we had prices like those in Hawaii,2,,youtube,0.3612,positive
heb,"That Frick’s ham looks really good. I need to look for that brand at my food store. Agree Aidell’s sausage is excellent no matter how it’s prepared. Lately have been cutting it into penny shapes to saute it, and add it to thin sliced cooked cabbage with homemade alfredo sauce (heavy cream, garlic, parmesan cheese, a little butter) Taste is superb!  Thanks for a great haul. Hello from central Minnesota where spring has finally arrived. 🦋🌷",1,,youtube,0.9687,positive
heb,Can&#39;t wait for the pizza receipe,1,,youtube,0.0,neutral
heb,my husband has been doing the shopping for us. Your prices listed are telling me that things are going up a lot more than I expected. Times have really changed here in America and around the world. I hope things will calm down and get better for us.,1,,youtube,0.7964,positive
heb,"I  didnt kmow any thing about  ,  <br>The oasis On Lake Travis in Austin Texa until about 40 minutes  back.!!!!  Its so big.!!!!  And you live about two and a half hours from there. Have you ever been.???!!!<br>By the way  ,     this is Nancy.   The one  that loves your cinnamon poke cake. And you are such a good cook  ,  so  I  bet your mother is a  great cook.!!!!  I  love your mothers chocolate cherry balls at Christmas.   I  cant remember the name of them.  Was it Cherry Mush.???  Man  ,  they are the bomb.!!!!  Thanks Catherine  ,  for all the wonderful recipes.!!!!  🙏✌❤",1,,youtube,0.99,positive
heb,TFS 👍🏽🤤😋❤️🎊🎉👏,1,,youtube,0.4019,positive
heb,I really enjoy your grocery haul videos. Unfortunately no HEB&#39;s where I live. Thank you for not repeating &quot;that word&quot;  on that bread label. Way too many of &quot;those words&quot; being used everywhere now in my opinion.,2,,youtube,0.3384,positive
heb,Have you ever made chicken parmashon  also my mother just put ham in a pot put nothing on it i hated tasted like salt,1,,youtube,-0.4019,negative
heb,I noticed that the island isn&#39;t in the kitchen because you usually put the groceries on it. What happened to it?,1,,youtube,0.0,neutral
heb,glad to hear you and everyone  is 0k very  nice  content  of foods  a great meal plan can&#39;t wait for ur meal prep  I know  it&#39;s surely to be a great one  keep up the great work continue to let God be our guidance stay safe be careful stay hydrated stay prayerful hello to all don&#39;t forget the little doggie In God we trust God blesses us all  !!!!,2,,youtube,0.9891,positive
heb,Hi Lauren how are you happy Tuesday afternoon to you and I hope you having amazing day and you are amazing supporter,3,,youtube,0.946,positive
heb,Hi! Thank you for being you. So positive and kind. Have a wonderful day 😊,0,,youtube,0.9673,positive
heb,"Great meal plan, such good variety. Have a great week!",0,,youtube,0.908,positive
heb,Artesano bread &amp; egg nog makes a great french toast 😋,0,,youtube,0.6249,positive
heb,Hi Lauren - it’s so nice that you were able to spend time with your extended family for Thanksgiving and make those happy family memories with your girls. And you have successfully gone through the Thanksgiving holiday with your bakery business. Congratulations.! I appreciate you sharing your shopping and your meal plans. Give me some ideas.. It’s really annoying that the bacon’s gone from 16 ounces to 12 ounces in a lot of stores!😡. thanks for the video.👍. Much appreciated! ❤❤❤,0,,youtube,0.9908,positive
heb,Thanks for sharing your haul and meals! Always good to get some inspiration. Have you done a video showing how you make your homemade ranch? I’d like to give it a shot.,0,,youtube,0.9299,positive
heb,Very upbeat video!  👍👍👍,0,,youtube,0.0,neutral
heb,Yay I just settled in for the evening and cozy just in time for your fabulous haul sweet friend Lauren thank you for sharing ❤,0,,youtube,0.9702,positive
heb,Please share 🙏,0,,youtube,0.5423,positive
heb,"Your straight cut looks so cute on you! I know you got your hair cut earlier, but you don’t always wear your hair down.",1,,youtube,0.1995,positive
heb,Do you share your bakery recipes?,0,,youtube,0.296,positive
heb,I have also started my bakery business. I was wondering did you get a cottage certification.,0,,youtube,0.0,neutral
heb,Can I have  your recipe for your bread,0,,youtube,0.0,neutral
heb,Please recycle all of that plastic. Check out Ridwell if your county doesn’t recycle.,0,,youtube,0.3182,positive
heb,"Single serving items are for people that constantly travel, I&#39;m a trucker and I definitely appreciate single serving ghee or any healthy stuff I can take with me.",81,,youtube,0.7964,positive
heb,"I’m in San Antonio, Texas! I’ve waited so long for this!!! I may have tweeted you multiple times about it 😂y’all are the best!",142,,youtube,0.6671,positive
heb,HEB is the place to go!!  I live in the suburbs of Houston and had been shopping at Kroger - no more I say as they have gone down hill with their clean foods - HEB all the way - PS Welcome to Texas!!,47,,youtube,0.6876,positive
heb,"I live in Austin and literally revised my  grocery list off this video, thanks for the great content!!! 🎉🎉🎉🎉🎉",31,,youtube,0.9656,positive
heb,La Tortilla factory now makes high protein tortillas with pea protein and paleo cassava tortillas :),12,,youtube,0.4588,positive
heb,"I’ve got 3 H-E-Bs in different directions near my house so no matter what way I am coming home I always have the best grocery store chain in the USA convenient for me. Their keto game is constantly improving so they have someone in corporate that really cares. Thank you, H-E-B!",22,,youtube,0.9243,positive
heb,Worked at the Austin airport a long time.... don’t put the honey in your carry on..,25,,youtube,0.0,neutral
heb,"Welcome to Texas all the way from Keller, TX🤙🏽",15,,youtube,0.8567,positive
heb,"I’m stationed in Texas , so I never knew about H-E-B until I got here and I hear it’s a great store",6,,youtube,0.6249,positive
heb,Thank you so much for going to HEB! I live in Texas and I watch all of your videos. Now I can learn what to buy.,7,,youtube,0.4199,positive
heb,"Dude, when I backpack the ghee single packs are priceless.",28,,youtube,0.0,neutral
heb,"Yaaaay, Austin, Texas born &amp; raised! ❤️❤️ I’ve been wishing for an HEB video. Thank you, Bobby! For someone w/ stomach issues, You’ve helped tremendously w/ all of your videos.",9,,youtube,0.6103,positive
heb,"Welcome to Texas from  the real south Texas, Brownsville, TX. <br>I&#39;m actually fixing to go to HEB for my grocery run.",22,,youtube,0.4588,positive
heb,maybe they&#39;re selling single serves for people who have never tried ghee so can give it a shot before paying for a whole batch of it??,35,,youtube,0.0,neutral
heb,"I’ve had H-E-B nearby my whole life thank you for confirming that their selection and pricing is next level! My husband wants to move up to north Texas where there’s no H-E-B and I don’t know if I could do it!!<br><br>Edit: north Texas as in north of me, Tyler, Texas.",43,,youtube,0.2905,positive
heb,I’m glad y’all had a great time in Texas!,10,,youtube,0.8122,positive
heb,Ha! Finally you came to Texas!,10,,youtube,0.0,neutral
heb,😭 I miss HEB so much. I didn&#39;t know how great it was until I moved away from central Texas. They have the best produce and lots of interesting things.,29,,youtube,0.8074,positive
heb,Would be AWESOME if you made an updated version! HEB has changed a ton in the last few years 🙏🏻,1,,youtube,0.729,positive
heb,I love living in Austin. Can get everything local,10,,youtube,0.6369,positive
heb,I hope you and Art had a great time in Austin and you got to check out our beloved HEB.  We are so blessed to have  it.   Excited you and Art were here.,4,,youtube,0.9565,positive
heb,Thanks for doing this Texas video i can’t wait to hit these stores here in San Antonio 👍🏽,23,,youtube,0.4404,positive
heb,OMG!!! An HEB finally!!! Thank you! 🙌🏻🙌🏻 H-E-B is all we have in south Texas!,5,,youtube,0.5673,positive
heb,I&#39;m so ready to move to the Houston area. I&#39;m loving H-E-B already!👏,6,,youtube,0.7897,positive
heb,I love HEB! I wish we had it out here Cali. Can’t wait to finally be in TX for good🧡,30,,youtube,0.9554,positive
heb,I’m so glad you did this video! Do another ❤Its been 3 years.,1,,youtube,0.5551,positive
heb,My daughter lives in Austin. I’m going to share this with her💗,8,,youtube,0.7964,positive
heb,Being from NY I thought this video wouldn&#39;t really be for me........ but I was wrong! This was actually filled with very helpful  (&amp; new!) information that I am filing for my next trip to Whole Foods! Phenomenal!,22,,youtube,-0.2911,negative
heb,OMG I was just thinking - it’ll be awesome if bobby could come to HEB and have a haul there! Voila! You guys rock !!! 💋💋💋,5,,youtube,0.9283,positive
heb,Yesss! I’ve been waiting for the H-E-B walk through 👏🏼THANK YOU ❤️,3,,youtube,0.0,neutral
heb,Omg thank you sooo much! Recently moved to Texas from Hawaii and “finding” healthy food here is much harder than in Hawaii!,3,,youtube,0.6988,positive
heb,The Grandma&#39;s hummus at HEB is clean and delicious!,5,,youtube,0.7712,positive
heb,"Welcome to Texas! Thanks for sharing good stuff from HEB. My favorite place to shop in San Antonio, TX.",11,,youtube,0.9312,positive
heb,So excited for this video! Finally,4,,youtube,0.4561,positive
heb,of course you went to austin when i wasnt there 😭😭😭 IM SO SAD BUT SO HAPPY YOU FINALLY CAME TO HEB!!!!!,3,,youtube,0.7287,positive
heb,I miss my HEB. I now live in Indianapolis and moved from Houston. I think in Indianapolis maybe Myers may compare a little.,7,,youtube,-0.1531,negative
heb,ART!!!  Thanks for coming to Texas! I live in San Antonio and have been watching her show for a while and enjoying it! I shop at Central Market in San Antonio and I&#39;m going to check out all the fabulous brands u suggested!!!,3,,youtube,0.8972,positive
heb,"AHHHH!!! LOVE IT, as I am sending you a big hug from HOUSTON! My husband works in Austin &amp; one of my 6 kiddos attends school there (UT), WOWOW!!! Sooo happy to see you showing off our HEB stores to your subscribers :)",3,,youtube,0.9509,positive
heb,Welcome to Texas Bobby and Art 😊 hope y’all enjoy your time here,7,,youtube,0.9337,positive
heb,"I&#39;m from Houston, TX and my family and I ALWAYS shop at HEB!",2,,youtube,0.5461,positive
heb,Love HEB! Such great prices and selection and great staff.,4,,youtube,0.9286,positive
heb,Starting this video and being a Texan: choose your words wisely outlander,5,,youtube,0.4215,positive
heb,"I love your YouTube channel! As a Heb employee, I had to check this out and share!",1,,youtube,0.7896,positive
heb,thank you!!!!!!! i’ve been waiting for this vid for so long!!!!!,1,,youtube,0.5673,positive
heb,Welcome to my hometown! Have fun!,11,,youtube,0.7835,positive
heb,Muy buen trabajo Mr Roberto y art🤗🤗🤗👍👍👍,2,,youtube,0.8126,positive
heb,So glad you did an HEB haul video! Thank you!,1,,youtube,0.7489,positive
heb,Yayyyy finally the HEB video I&#39;ve been waiting for. Thanks Bobby &amp; team for pointing me in the direction of healthier food  choices at my HEB :-) Hope Ya&#39;ll had a little cool down in Austin  like we did in San Antonio :-),2,,youtube,0.9171,positive
heb,Thank you for the Great video,1,,youtube,0.765,positive
heb,Yayyyy you came here to Austin!😀,1,,youtube,0.4199,positive
heb,Thanks for all y’all do!!!,0,,youtube,0.5826,positive
heb,Omg why I’m I just seeing this !!!?!! I love your channel! Thank you so much for your videos❤️,0,,youtube,0.8346,positive
heb,"Finally HEB!!! I was looking for this haul everywhere on your channel, just found it. Thank you!",0,,youtube,0.5673,positive
heb,"Your channel has become one of my primary sources for ongoing keto information! Love ALL your shows. I have LEARNED so much from you!! Wow! High caliber information with a view of reasonable costs! Your videographer...nice guy, too!! Thanks",0,,youtube,0.9196,positive
heb,"Houston, Texas in the house! Love thissss! Thank you SO MUCH!",0,,youtube,0.8213,positive
heb,How did I miss this video!! Thanks so much! Yes I love Central Market SOY FREE Organic Eggs! WINNER!!!,1,,youtube,0.9648,positive
heb,Amazing!  Glad you made it to TX!!  Fort Worth represent! Great video guys.,0,,youtube,0.9321,positive
heb,Love this H.E.B video thank you 🙏🏽,1,,youtube,0.7717,positive
heb,"I loooooove  grocery shopping. It&#39;s the first thing I do when I travel,  when I&#39;m having a bad day ... I just love it !",0,,youtube,0.2481,positive
heb,"Bobby, we need you in Florida! Please visit Publix if you&#39;re ever near one.",3,,youtube,0.3802,positive
heb,I love your videos...! Very helpful..I went to the doctor and I have high bad cholesterol. I have been watching your videos and I have been learning a lot of the items that we shouldn&#39;t buy..! We buy this items because we don&#39;t know and companies fool us but now I can make better choices thank to you .  Muchas gracias!! 🙌❤🙏 God bless you.!⭐🥰🙌🙏❤,1,,youtube,0.9903,positive
heb,So nice to see you in my city!!,1,,youtube,0.5686,positive
heb,Great video man. Hello from deep South Texas (McAllen),1,,youtube,0.6249,positive
heb,I was at Central Market (Gucci-B) yesterday in San Antonio and thought of you guys.💞Lol<br><br>Thanks for all that you do!👍🏼,1,,youtube,0.0,neutral
heb,Sooo cool my wife is from bulgaria too. She is also eating clean thanks to you.👏👏👏 🇧🇬,1,,youtube,0.7845,positive
heb,I&#39;m new to your channel and just subscribed. I had to! I&#39;m learning so much. Thank you!,0,,youtube,0.5207,positive
heb,"Thank you for this I go to H-E-B for my groceries, those eggs are amazing",1,,youtube,0.743,positive
heb,"I live in Katy, Texas. I have shopped HEB for many many years. It&#39;s DA BEST! I got their brand of avocado oil. It&#39;s awesome!",2,,youtube,0.8914,positive
heb,Wishes do come true! Always wanted to see what you would say about where I shop each week. Greetings from Texas.,0,,youtube,0.7574,positive
heb,"Wow, Glad You Came To Texas. I&#39;m In The Dallas/Ft Worth Area. I Shop At H.E.B And Central Market.",8,,youtube,0.8271,positive
heb,YES!!!!! thank you for making an HEB video,0,,youtube,0.7964,positive
heb,"Hey Bobby! Been following for you for some years, when I started following you I was living or at least to what I consider a healthy life style. Sadly on 2017 I moved to Mexico which is literally impossible to find Bobby approved products. Or at least it is in Cancun. Now I’m back in USA Texas to be exact and you are definitely helping me to eat healthy! Ty",0,,youtube,0.9097,positive
heb,Dang!   Gonna watch the video again with pen and paper to take notes!  Love H-E-B!!!,0,,youtube,0.7482,positive
heb,"Were you in Circle C , Austin?<br>Omg! I’m in here!!<br>I had to meet you!! <br>I love your channel and very helpful for me. Thank you always",8,,youtube,0.8992,positive
heb,Hail Mary treats are amazing!! Yum!,1,,youtube,0.7163,positive
heb,Thanks for coming to Texas my son lives in Austin and will be sharing this YouTube video.  I Love my HEB. So awesome you came to TEXAS.,4,,youtube,0.9446,positive
heb,Welcome to Texas!,2,,youtube,0.5093,positive
heb,"They package it in small portion for samples, and or people travelling. Also for backpacking or hiking to put in meals.",4,,youtube,0.0,neutral
heb,"I am like you, Bobby.  When I travel to a new place, I&#39;d go to their local grocery stores.  If you ever come to Taiwan, I&#39;d be your local person!",1,,youtube,0.4199,positive
heb,We really enjoy watching your videos.  One suggestion would you also discuss the SODIUM content?  Thank you!,1,,youtube,0.7419,positive
heb,"Wooowwwwww.... I am from Corpus Christi and i had seen that expellar pressed sunflower oil, and I thought of him. Howww crazzyyy he came to HEB. Hellll yesssss!",0,,youtube,0.0,neutral
heb,That local HEB raspberry hibiscus tea is so good. I add it to my regular iced tea. One bag in a gallon of tea is perfect flavor.,1,,youtube,0.8147,positive
heb,"Thanks for the HEB video. We here in Fredericksburg only have HEB and Walmart, plus a new Natural Grocers. I always open my HEB or Walmart grocery apps to check on the item availability here.<br>Great info👍",0,,youtube,0.6597,positive
heb,"This is my Favorite Supermarket IN THE WORLD, Whole Foods is second, and Central Market (owned by HEB) 3rd. I have been to soooo many grocery stores through out the use AND even overseas and HEB by far is my fave. They have sooooo many great &quot;good for us&quot; choices and their produce is unbeatable. During the summer months, I make 3 stops weekly. Whole Foods, HEB and a farmers market for super good produce. I am definitely in my happy place then. Single serves are to test the product I would say? I have done that soooo many times at Whole Foods. Justin&#39;s nut butters , NuttZo seed and nut butter,  etc........before some people plop down 13$ for a jar of peanut butter maybe they want to taste it first. Just a guess. Great video as usual Bobby and Art........❤️",1,,youtube,0.9799,positive
heb,How did I miss the fan meetup! 😢 I live in ATX. Make sure y’all come back.  Oh btw love HEB! They are the best and are always giving back to the community.,5,,youtube,0.9059,positive
heb,OMG!!!! Yes!!!! I was waiting for this video!!!!! 😭😭😭,1,,youtube,-0.8302,negative
heb,So excited to see this! We love our super HEB that does carry a lot of central market foods.,4,,youtube,0.9019,positive
heb,Bobby thanks always enjoy your videos.  The single serve ghee maybe for coffee.  I add ghee or coconut oil or butter  to my coffee for bulletproof coffee,0,,youtube,0.7269,positive
heb,"Yay! I’ve waited so long for this video, y’all.",6,,youtube,0.5707,positive
heb,"Thanks guys. <a href=""http://www.youtube.com/results?search_query=%23keep"">#keep</a> on cooking.",1,,youtube,0.4404,positive
heb,I love the way you explain What are the products that have clean ingredients   👍👍,0,,youtube,0.7845,positive
heb,Welcome to Texas y&#39;all! There&#39;s a lot of mad love down here 🤠,4,,youtube,0.6476,positive
heb,"You’re always welcome to visit our ranch, grass fed grilled rattlesnake and ferel hogs or Mourning Dove stuffed with cream cheese and jalapeño. We can toss some toasted scorpions and fire ants on top. Got cattle, longhorns and bison however they are more like pets.....Mezcal and Prickly Pear cocktails and/or Topo Chico (ranch water) and Tito’s for happy hour! Lol",1,,youtube,0.8012,positive
heb,THANK YOU THANK YOU THANK YOU...I live in So. Texas and that is my store (the only gro. store here no other choice ha ha).   We also have Sam&#39;s/WMrt. but limited in some of the items you have featured.  Now I will check my local HEB and see what they may have.  The Austin market (super prosperous area our tax dollars at work...ahem) very different from here in south Texas especially since we&#39;re the poorest region in the country in the state-Tx that has the 10th largest economy in the WORLD...go figure!!!!  Any hoo thanks for coming to our neck of the woods.,0,,youtube,0.9309,positive
heb,I LOVE HEB. My boyfriend makes fun of me but if I were to move out of texas I would miss HEB the most. Just behind my family and friends hahah. Their HEB brands are affordable but they don’t sacrifice quality,1,,youtube,0.8109,positive
heb,"Yay for Chris, totally AWESOME walkabout in H.E.B. and the Central Market that Art and you were able to make Bobby! :)",2,,youtube,0.9156,positive
heb,The price of low-quality butter has also gone up.  It seems like all dairy has gone up.  Thank you for another great video!  I watched even though we don&#39;t have HEB&#39;s here.,0,,youtube,0.8553,positive
heb,Yes H-E-B!!! Thank you so much!!!,0,,youtube,0.7482,positive
heb,"You should do a candy episode! I know candy can’t really be “healthy”, but I’m interested in seeing what you think is better or worse. And you could get 2 episodes out of it! Chocolate candy &amp; fruity candy. Lol.",2,,youtube,0.8193,positive
heb,"OMG I LIVE IN AUSTIN AND HAVE ALWAYS WANTED YOU GUYS TO DO THIS VIDEO!!! next time you come, do a meet up!!!! I would love to meet everyone!!!  😍 I&#39;m so excited to watch this video!!!!",3,,youtube,0.9097,positive
heb,The avocado cilantro sauce is pronounced like “tah-keh-ree-ah” like a place that sells tacos :),0,,youtube,0.7906,positive
heb,a great haul with a great choice of contents of foods thanks for sharing   really need some these things keep up the great work continue to let God be our guidance stay safe be careful stay hydrated stay cool hello to you and all the family In God we trust God blesses us all!!!!,0,,youtube,0.9892,positive
heb,Great haul!!! Stealing 2 recipe ideas this time.<br>I had a watermelon explode last year all over my kitchen. I didn&#39;t know they could do that either.,0,,youtube,0.3129,positive
heb,I Love My HEB❤,0,,youtube,0.8555,positive
heb,"You live in East Texas? Blackburns from Hendersonville is my favorite.  It&#39;s hard to find in the Houston area.  HEB does not carry it, only Krogers.  You would think that all HEBs in the state would carry Texas-made products.  I can&#39;t even get my favorite sausage, and I live about 100 miles from the place that makes it.",0,,youtube,0.6808,positive
heb,"That&#39;s what im doing cleaning out my pantry, wiping down  shelves, reorganizing, throwing out if needed, and using what i have before buying any more. Plus getting a head start on spring cleaning in the winter.",14,,youtube,0.0,neutral
heb,I would love to see a pantry video on how you organize your items,3,,youtube,0.6369,positive
heb,Happy new year!  God bless all! ❤🎉,12,,youtube,0.944,positive
heb,"I made cabbage rolls when my kids were <a href=""http://still.at/"">still.at</a> home. They didn&#39;t like the cabbage, but they ate the insides .",2,,youtube,0.1901,positive
heb,"Hi guys, that’s quite a haul. You did good w/$217. Glad to see a lot of sugar free products. I’m looking forward to seeing more recipes, especially with the ground chicken.<br>Happy New Year! God bless. ❤",6,,youtube,0.9558,positive
heb,Maybe she would like your Cabbage Rolls. She doesn&#39;t like cabbage but maybe she&#39;s not had it prepared properly 🤷🫶,2,,youtube,0.1283,positive
heb,"Great haul. Am trying to reduce my sugar haul too this year, so appreciate seeing these items.",2,,youtube,0.822,positive
heb,Happy New Year 2026 Catherine and family. You have taught me how to cook again. Cooking fresh for myself instead of relying on frozen meals. I try to cook on Sunday what I am having for the week. I work part-time Monday to Wednesday and get home anywhere from 5 to 6:30 pm. Looking forward to your Egg Foo Young omelet video. Thank you and looking forward to a great 2026 full of great recipes.❤,3,,youtube,0.9678,positive
heb,I love HEB! Thats where i go over here in Southeast Tx. I live in the Country so its in the next city over. Im excited about the Egg Foo Young! Love it.,2,,youtube,0.9078,positive
heb,Happy New Year to you and your family! 🎉I would love to see your pantry and fridge items and organization/storage. ❤,2,,youtube,0.9441,positive
heb,Happy New Year Catherine &amp; Thomas! Wishing you all the very best in 2026! 🎉🥂🍾🕊️,2,,youtube,0.9243,positive
heb,Happy New Year to you both.  I really enjoy your grocery hauls.,2,,youtube,0.8016,positive
heb,We buy the prego no sugar spaghetti sauce it&#39;s pretty good. 😊😊<br>Please share the blueberry biscuit recipe.,2,,youtube,0.9524,positive
heb,"All the recipes you mentioned sound delicious. Looking forward to seeing the videos. This looks like a terrific haul, lots of healthy options. 👍😋",3,,youtube,0.9001,positive
heb,"Hi Catherine!!! Happy New Year to you and your family!!! I enjoyed  your haul. You did get some good items.  Thanks for showing  us this. Yes, a pantry video  would be nice...Dinner today sounds delish. My Daughter  is sending  me dinner over later on. Have a wonderful day...Great Video!!!...🐧🦋",4,,youtube,0.9674,positive
heb,I thoroughly enjoyed your grocery haul. thank you Catherine and I look forward to seeing the recipes you plan on making,2,,youtube,0.7264,positive
heb,Happy New Year from Cold Snowy Pennsylvania,2,,youtube,0.5719,positive
heb,I love orange marmalade on English muffins. I should get some. Happy New Year!,2,,youtube,0.8478,positive
heb,Happy new year! Can’t wait to see all the new recipes!,2,,youtube,0.6467,positive
heb,HAPPY NEW YEAR. 🎉🎉🎇🎆 GREAT GROCERY HAUL. I&#39;m looking forward to see you making foods again.  💕🫂🙏🎇🎆🎉🎉,2,,youtube,0.9641,positive
heb,I grew up having applesauce with spaghetti also !! My mom heated it in a saucepan and added cinnamon to it. Soooo good ! We also always had garlic toast ( made on bread ) and frozen peas.,1,,youtube,0.5826,positive
heb,Congratulations on the wedding somehow I missed that on your channel. I’m gonna have to go back and find that.,2,,youtube,0.4019,positive
heb,👍🏽👍🏽👍🏽👍🏽🎊🎊❤️🎉🎊2️⃣0️⃣2️⃣6️⃣Happy New Year,2,,youtube,0.4019,positive
heb,Happy New Year Catherine and Thomas. Looking forward to all your delicious dishes for 2026.❤❤,1,,youtube,0.9501,positive
heb,Hi sweeties it&#39;s me brandy from Ohio I appsaluly ❤ watching your videos you always make amazing foods I hope you had a great new years ps please let your son know I said congratulations on the wedding ❤❤❤❤❤,2,,youtube,0.9933,positive
heb,Happy New Year!  Would love to see your pantry.  I think you did well for $217.,1,,youtube,0.8832,positive
heb,Avacados are healthy and make gualiamolie too.,2,,youtube,0.4019,positive
heb,One of the best grocery hauls I&#39;ve ever seen Catherine.Thank you for doing it and for showing and explaining your groceries in a clear way 😊,1,,youtube,0.9153,positive
heb,"Happy New Year, Catherine and Thomas 🎉🎉<br>Thanks for another great year and can&#39;t wait to see what&#39;s in store for the New Year.  <br>For the month of January,and February  I want to challenge myself to use what&#39;s in my freezer and pantry then do a massive stock up!<br>Id love to see a video on the pablano chicken soup. 😊😊",1,,youtube,0.9839,positive
heb,Happy 2026 to you and your family 🎉,1,,youtube,0.7506,positive
heb,"Catherine, the zero sugar free jello and pudding mixes are good. I took the orange cream ciclecake mix cookies that you made awhile back and made the sugar free version with sf yellow cake mix with the zero sugar and white chocolate chips and baked the cookies. Turned out great. They were so good. Btw, I&#39;m a diabetic.",1,,youtube,0.9541,positive
heb,And happy new year to you and your husband,2,,youtube,0.5719,positive
heb,Happy New Year Catherine and family ❤❤❤,1,,youtube,0.9538,positive
heb,"Happy New Year!!! All the up coming receipt’s sound good!!! The blueberry biscuits…. Mmm, good!!! I would love a pantry video!!!",0,,youtube,0.942,positive
heb,happy 2026 🎉🎉  groceries hall was good that&#39;s about how much I spend every 2 wks or so bc I have cats and I WILL NOT RUN OUT OF T.P.,1,,youtube,0.9001,positive
heb,✍Hello Catherine and Thomas...Happy New Year  2026  hoping this new year 2026 🎉🍷🍷🎉 will bring You and Your Family the Best of Everything.  Since my husband was Italian when he was still alive sometimes I&#39;d fix spaghetti or lasagna plus the typical new year foods on the new year holiday. My daughter has been doing my grocery shopping for me but I do miss doing my own shopping. So glad you got your shopping done.  Good Night😴 God Bless LuvYa! Bye from NE Ohio🎄,1,,youtube,0.9743,positive
heb,We love the Victoria white linen marinara sauce.  It’s the best sauce I’ve have ever eaten.  It’s made from tomatoes not tomatoe puree.   Happy New Year!!,1,,youtube,0.7897,positive
heb,"Happy belated New Year Catherine.<br>God bless you Catherine and Thomas. ❤<br>May 2026 be a wonderful, happy, prosperous, and blessed year. 🙂",1,,youtube,0.9739,positive
heb,Add some baking soda to your spaghetti sauce to help with the acidity,1,,youtube,0.4019,positive
heb,happy new years,1,,youtube,0.5719,positive
heb,"Great job, with groceries as expensive as they are these days you got quite a lot of stuff, including meat! You must be a really good bargain hunter 😊 great haul!",2,,youtube,0.9641,positive
heb,Happy New Year!  I used several of yor recipes this Holiday.  Enjoyed everything so much 😊 ty.,2,,youtube,0.9493,positive
heb,"Happy New <a href=""http://year.love/"">Year.Love</a> your alls videos.May God bless you all and your family in the coming year❤",1,,youtube,0.9153,positive
heb,"Happy New Year, Catherine and Thomas!!!",2,,youtube,0.6784,positive
heb,Happy New Year Catherine and family 🎉 great haul. 😊,1,,youtube,0.9477,positive
heb,Need to watch your carbs too. They turn into sugar,2,,youtube,0.0,neutral
heb,"Happy New Year, your looking great, love all your videos.",1,,youtube,0.9186,positive
heb,"I love the Frick&#39;s diced ham. It&#39;s good in pinto beans. That watermelon looked really good. Great haul, Catherine. Looks like you got a lot for the money spent.",2,,youtube,0.9529,positive
heb,"Raisin cream pies are delicious; however, a bit too sweet for me. Have not tried the peanut butter cream pie yet. Enjoy!!!",1,,youtube,0.8951,positive
heb,Happy new year my family and friends,1,,youtube,0.7783,positive
heb,Happy New Year Catherine and Thomas Family :) I hope you make those Totchos ;),2,,youtube,0.8885,positive
heb,I tried those raisin creme pies once. That&#39;s why I haven&#39;t tried them twice. Hope Thomas will be ok.😅😅😅,2,,youtube,0.8555,positive
heb,Hi always love your grocery hauls❤❤❤❤,1,,youtube,0.9719,positive
heb,Happy New Year&#39;s to y&#39;all❤❤❤🎉🎉🎉,1,,youtube,0.9761,positive
heb,"I use the grocery bags for my trash (under the sink), unfortunately, California has banned their use in this state so I envy your bag haul!",1,,youtube,-0.7947,negative
heb,Happy New Year to everyone🎆,1,,youtube,0.5719,positive
heb,Happy New Year guys💛🙏💕🕊💚,1,,youtube,0.9545,positive
heb,You must be a fellow Texan ❤ HEB,1,,youtube,0.6369,positive
heb,Happy New Year 🎉🥂🎉,0,,youtube,0.8442,positive
heb,Try also Dave&#39;s Killer sandwich bread; it is great; good fiber to carb ratio.,1,,youtube,0.4019,positive
heb,Happy New Year!,2,,youtube,0.6114,positive
heb,"Thank you for the inspiration for all of the great recipes you mentioned. For anyone who is cleaning out their pantry may be consider donating to a food pantry or the Salvation Army. They help many people that help is needed all your round, but please don’t give dented cans if you can help it thank you. 😊",1,,youtube,0.9775,positive
heb,Happy new year to you all 🎉🍾🥂🎉,1,,youtube,0.8442,positive
heb,"Ooooh, will you do a video on the pablano chicken soup?",2,,youtube,0.0,neutral
heb,Happy New Year,2,,youtube,0.5719,positive
heb,Very very nice. Keep the music coming. Great voice.😊,1,,youtube,0.9256,positive
heb,"When buying sugar-free and no sugar added products, be sure to review labels for added fat and for artificial sweeteners that can be more harmful than products that contain sugar.",2,,youtube,0.0258,neutral
heb,Are you able to share some wedding pictures?  Would love to see.,1,,youtube,0.7506,positive
heb,Happy new year🎉,2,,youtube,0.7506,positive
heb,Catherine on the Cabbage Casserole.. video shows you using 2 cans of Tomato Soup and 2 cans of water …. Recipe shows 1 can of Tomato Soup and 1 can of water 🤔,1,,youtube,0.0,neutral
heb,I miss HEB! We don&#39;t have them in Oklahoma.  😭,2,,youtube,-0.6114,negative
heb,I have been using  Ragu Simply 8 for a while now. It’s my favorite jar sauce. Sorry Raos. 😏,1,,youtube,0.4019,positive
heb,Can you so some more dump and go slow cooker recipes in 2026?,1,,youtube,-0.4865,negative
heb,"Catherine, how long did it take you to shop for this huge order? It seems like I am always in a hurry when I grocery shop.😊",1,,youtube,0.8786,positive
heb,"Are both or 1 of you diabetic? A year ago found out I&#39;m type 2. Just a pill, check blood sugar every other day. Lost over 30 pounds.changed way I eat. Occasionally  a sweet. Lots of protein,  yogurt, cottage cheese. Etc.",1,,youtube,0.1082,positive
heb,My daughter-in-law doesn&#39;t like potatoes.🤷‍♀️,1,,youtube,0.3612,positive
heb,HAPPY NEW YEAR BEAUTIFUL,10,,youtube,0.8225,positive
heb,I’m spending at least $500 a month for two dogs and two adults for groceries.  Tough times for most Americans.,2,,youtube,-0.128,negative
heb,I seriously don’t understand why people think others want to see people grocery hall.  I could care less how many groceries you got for 200$.    Kudos to you to be able to afford.,4,,youtube,0.7269,positive
heb,"So your daughter-in-law does not like cabbage, my goodness",3,,youtube,0.224,positive
heb,"Sorry, but I did not watch thing whole video.  I have mentioned in my comments before that I do not like the way you do your grocery hauls.  The bags are noisy and it seems to take you forever to dig things out, explain, etc.  Others who do hauls have everything out and organized before they tell what they got and why.",3,,youtube,-0.5947,negative
heb,"Oh, I love poblanos! They are much milder than jalapeños. Looking forward to that video. And the blueberry biscuits. ❤ Happy New Year to you and Thomas. 🪅🎉<br>PS Be careful with sugar free. They usually have artificial sweeteners which are worse than natural sugar.",2,,youtube,0.9606,positive
heb,Happy New Year Catherine and family ❤️🎉🎉,1,,youtube,0.8442,positive
heb,Happy New Year!!,1,,youtube,0.6467,positive
heb,I know this may sound crazy but I find it therapeutic watching people shop!😂🤷🏾‍♀️,241,,youtube,0.5334,positive
heb,"You 2 are simply precious with a precious family. Thank you for showing the world what it takes to be a solid family. You work so well together at maintaining a strong, beautiful family. Your videos are instructional and I hope you get more and more followers! The world needs to see you.🎉❤",66,,youtube,0.9842,positive
heb,I love how you both work together. I don&#39;t shop with my husband because i like to take my time and he always watch the time. 😊,55,,youtube,0.9136,positive
heb,Hubby for the win with his puzzle skills getting everything organized in the car!,86,,youtube,0.6239,positive
heb,I know Jess is known for her cooking but nobody talks about how flawless and smooth her skin is.I would like to know what her facial routine  is.,44,,youtube,0.8271,positive
heb,Cooking at home is definitely more economical than eating out even with high grocery cost.,48,,youtube,0.4019,positive
heb,"One smart lady thats for sure, and a wonderful hubby❤",87,,youtube,0.9169,positive
heb,Scan &amp; go...that&#39;s the way to roll.,45,,youtube,0.0,neutral
heb,"Hi Jess, you and your husband are doing a wonderful job. I love your original skills and your style. I’m so proud of you. Continue to be great and amazing!",27,,youtube,0.9732,positive
heb,Thanks for sharing and May God Bless you&#39;ll 🙌 🙏 😊,27,,youtube,0.9393,positive
heb,"What a haul!  Gotta hand it to you,  after a big shopping trip, let&#39;s not forget how much work it is to put everything in its place, and you know it&#39;s going to be organized! And with all the prep and cooking you do, plus clean up, plus filming, editing, and whatever else goes into a YouTube channel, y&#39;all are some hard working people! <br>👍",62,,youtube,0.793,positive
heb,HEYYY FAMILYYY!! I love watching her cook for her family.❤❤❤,40,,youtube,0.9606,positive
heb,Hey Jess and your hubby.  Exciting to see you all shopping.  ❤❤,28,,youtube,0.9118,positive
heb,Hubby is a good organizer👍🩷.  A amazing husband and dad.  And Jess is a amazing wife and mom👍🩷,15,,youtube,0.8885,positive
heb,Such a wholesome couple………a joy to watch you shopping together……..❤️,16,,youtube,0.5859,positive
heb,"Love the shopping hauls, it’s teaching someone how to shop because someone doesn’t really know how to shop or get the best for there dollars.",10,,youtube,0.8555,positive
heb,I thought it was going to be 1k! That&#39;s a lot of stuff.I ❤ this family.,17,,youtube,0.6696,positive
heb,"Hey my favorite Family, so glad you invited us to tag along to see some of the items you choose since you have great taste and of course your home reflects your Classy style. Hubby always there , love the team work. Praying your family stays safe and healthy always. Love you Guys 🙏🏽🙏🏽🙏🏽✝️✝️✝️",7,,youtube,0.9831,positive
heb,"Yesss Jess, keep blessing us!❤",14,,youtube,0.8268,positive
heb,I LOVE THE WAY THEY WORK TOGETHER AS HUSBAND AND WIFE AND HOW ORGANIZED THEY ARE . 😊,1,,youtube,0.8986,positive
heb,Watching from The Uk,10,,youtube,0.0,neutral
heb,Excellent shopping,7,,youtube,0.5719,positive
heb,I love how you both get in and out the store! Perfect couple so focus on the things you both go to stores for. Jess you have a great supporter your hubby beautiful couple. I love how y&#39;all packed your groceries into the<br> car. Great idea.  I enjoy watching your videos and your family.,9,,youtube,0.9846,positive
heb,HEY JESS &amp; HUBBY ..THANKS FOR SHARING !!!,8,,youtube,0.8419,positive
heb,Love grocery shopping hauls,7,,youtube,0.6369,positive
heb,"❤👌👍Home is where Love is , Is what Love ❤️ does. God bless us all",4,,youtube,0.9739,positive
heb,You are so good at what you do.,8,,youtube,0.5777,positive
heb,snacks are important lol,6,,youtube,0.5574,positive
heb,My beautiful couple and family🙏🏾great shopping. Blessings 🙏🏾🌺,5,,youtube,0.8126,positive
heb,You are so blessed to have a husband who helps you. I do everything alone from shopping to yard work. Watching your beautiful family is a blessing❤,1,,youtube,0.9577,positive
heb,Thanks for sharing!,2,,youtube,0.7177,positive
heb,Me too it a blessing  when  you can shop get what you  need  Amen,1,,youtube,0.4939,positive
heb,Love love HEB stores!,1,,youtube,0.8655,positive
heb,😮😮😮😮😮great job done Jess girl 💯👏 I like Sam&#39;s club they have very nice meats!!!!,5,,youtube,0.7757,positive
heb,Wow I wish we had an HEB LMNOP HERE in Cali - that would have been a grand easy out the door at Costco with all that meat but then again steaks here are 4 in a pack for $70.00 🤦🏻‍♀️ - thanks for sharing the video,2,,youtube,0.9294,positive
heb,"My favorite power couple! Love those healthy snack picks, Jess! ❤ I used to buy the whole wheat fig bars too before I developed an allergy to wheat. Anywho, you and hubby had a great haul and I just love the organization you both have. One last thing: I want to thank you, Jess for motivating me to start organizing my home. God bless you and your family.❤",2,,youtube,0.9899,positive
heb,Such a blessing i love to see you shop for groceries and cook,3,,youtube,0.8126,positive
heb,Yesz! I like the grocery shopping content.,1,,youtube,0.4199,positive
heb,Love going grocery shopping with y&#39;all,3,,youtube,0.6369,positive
heb,I totally agree with u watching other people shopping I feel therapeutic also!,1,,youtube,0.474,positive
heb,"Hubby, trunk packer exraordinaire😇",1,,youtube,0.4588,positive
heb,I am on my way to Sams today thank fully for ust few things Its only myself and hubby But Sams great place when feeding a family  May God continue blessing you both and your beautiful family always 🙏🏾,0,,youtube,0.967,positive
heb,"I enjoy the recipes. I enjoy the family communication. I enjoy the sharpening and the family coming together to cook. A meal is amazing how healthy y’all are and y’all plates are full. Thank you for letting us know. It takes more than just a mom or just a dad, it takes a whole set of parents.",0,,youtube,0.9559,positive
heb,Wheee I&#39;m exhausted 😩,0,,youtube,-0.5574,negative
heb,I like the way they both share the house hold duties that way no one will get burnt out Hod bless you and your family,0,,youtube,0.6486,positive
heb,❤ watching your videos!  Not sure if you use coupons.  But clipping coupons on store Apps and using rebate Apps can save you tons of money.  When I stock up on bacon I usually pay $3-$4 a bag.  Watching  couponing videos on social media sites for HEB will also help determine products for weekly sales.,0,,youtube,0.8645,positive
heb,🎉😊 luv how you two did this together! Absolutely have to inspect everything these days.,0,,youtube,0.8398,positive
heb,I love a good stock up video!!,3,,youtube,0.8264,positive
heb,"Wow, Sams sho stock up before they come",1,,youtube,0.5859,positive
heb,"You are an amazing family! I watch how supportive your husband is for you when you go to the store packing the back of your car, perfectly I might add! And you serve the most wonderful meals and make us feel like we’re part of your family while while we watch you. And…we watch you prepare the meals, making our mouths water at your delicious cooking! <br>Thank and God bless you!  I pray God keeps you safe and helps protect your family unity!!  You ate commended and admired!’",1,,youtube,0.9905,positive
heb,Hi Jess. Thanks so much for sharing!😊,1,,youtube,0.9053,positive
heb,I love tgis because I know you throw down in that kitchen and don&#39;t waste your groceries. As I&#39;ve gotten older I definitely cook all our meals at home now. Eating out just doesn&#39;t hit like it used to especially when you know you can make it better at home.,0,,youtube,0.8591,positive
heb,It’s really nice seeing you shop together. Most men will sit back in the car and tell you to be quick. Especially if he was the one to pay the bill,0,,youtube,0.4005,positive
heb,I love the teamwork,0,,youtube,0.6369,positive
heb,Wish we had a HEB! Great shopping! Tfs!,2,,youtube,0.826,positive
heb,"He is an excellent husband, beautiful family.",0,,youtube,0.8225,positive
heb,"Everybody look alike , Jess, your husband and the kids, you guys are so cute ❤",0,,youtube,0.853,positive
heb,I love when yall go grocery shopping. But i miss the kids.  Especially Naria low key talking you into buying stuff.,2,,youtube,-0.3329,negative
heb,Love how they were working together as a team ❤❤❤,0,,youtube,0.9571,positive
heb,Hi tto you guys. I know grocery shopping is a task.  It takes a lot to feed a family healthy food.  I enjoy watching you prepare and throw  down in the kitchen. ❤❤,1,,youtube,0.936,positive
heb,"Thank god for food stamps, it really helps like for a large family gets about a $1200",1,,youtube,0.8508,positive
heb,"Girl, it&#39;s a lot feeding 4 growing kids. I love watching the videos.",0,,youtube,0.7096,positive
heb,"Y&#39;all, such a beautiful family, may God continue to bless this union",0,,youtube,0.8316,positive
heb,yes you both know how to work together that is great I love that so much,0,,youtube,0.9001,positive
heb,"Dear Jess,<br>Thank you for sharing your  precious family moments with your YouTube family.  Your videos are a blessing even to this little ‘ol 73 year old lady who is learning to cook anew from you.  <br>Would you mind sharing what brand of cooking knives you use.<br><br>Again Jess thank you for your gifts and may God bless you all!<br>❤😊❤😊",0,,youtube,0.9913,positive
heb,Dios bendiga grandemente esta familias de 6 🎉🎉🎉🎉❤❤❤gracias por compartir tu días a días,0,,youtube,0.9595,positive
heb,Jess is a pro at grocery shopping and I keep saying hubby knows he can pack a trunk neatly!🙋🏾❤️😂 Great family! The meat looks great in your state!,0,,youtube,0.9557,positive
heb,You guys have a big family. It&#39;s just me and my daughter. I&#39;ve never shopped at a Sam&#39;s Club but we do have a Costco here in California.,2,,youtube,0.0,neutral
heb,"Hey family, I love to watch y&#39;all go shopping!! Very calming 🤗 <br>Blessings always to you and your family 🙏🏾 💖",0,,youtube,0.9535,positive
heb,"Jess, congratulate  on the love you  have for each other and the children a family of love and dedication❤❤❤❤❤❤❤",0,,youtube,0.9923,positive
heb,"I love going shopping with this family. Jess, do like me examintion the bag of potatoes, onions, apples, and any bag fruits. I even smell to make sure none is rotten.😮🤔🤫",1,,youtube,0.8934,positive
heb,It is such an expensive grocery.,1,,youtube,0.0,neutral
heb,Thanks for taking me shopping along wit yall 😊,1,,youtube,0.836,positive
heb,I enjoy watching you shop Jesse. Great teamwork by you and hubby,0,,youtube,0.8074,positive
heb,I really love this family 💙❤ Jess and her husband makes a beautiful couple with very respectable young adults kids 💙❤️❤️💙,0,,youtube,0.984,positive
heb,Thank you for sharing. I’m a regular Sam’s Club shopper and saw some items you bought that I hadn’t seen—I’ll be checking those out. As always please continue to let us visit with you and the family.,0,,youtube,0.765,positive
heb,You remind me of my daughter she looks like your twin same haircut and color. When l want to relax l tune into you you have such a calm demeanor and it relaxes me. I enjoy your content.,0,,youtube,0.9565,positive
heb,Hey family! Love y’all!❤,0,,youtube,0.8745,positive
heb,Jess you and your family Are Absolutely Amazing Keep Up The Good Work 👍 ❤️,0,,youtube,0.7902,positive
heb,You guys are so blessed. God is so good. Loving your content! 🤗🩷,0,,youtube,0.9574,positive
heb,Is is great to watch such amazing family. God bless you and your family in Jesus Christ name.,0,,youtube,0.9153,positive
heb,The coconut crispy roll things are delicious! My son and I tried them at Costco yesterday.,0,,youtube,0.6114,positive
heb,🩵🩵🩵I looooove the Scan&amp;Go. Sooooo convenient 😊,0,,youtube,0.7184,positive
heb,This is truly therapeutic for me!!,0,,youtube,0.5399,positive
heb,That grest cook  has been shopping.She shops and cooks healthy❤😂😂,0,,youtube,0.9136,positive
heb,Awesome‼️ Beautiful Family. Your children are so smart! They will become millionaires‼️,0,,youtube,0.915,positive
heb,Ha Family ❤❤❤❤❤❤🎉🎉🎉🎉King and Queen ❤❤❤❤,1,,youtube,0.9954,positive
heb,"Hey Jess and hubby i love ❤️ watching you grocery shop,   but more than i love watching you cook",1,,youtube,0.8688,positive
heb,I truly love these grocery hauls. I feel like I&#39;m in the store shopping with y&#39;all. Fabulous job 😁♥️,0,,youtube,0.9648,positive
heb,Just went to Sam yesterday!!!,1,,youtube,0.0,neutral
heb,I just love you guys. The way you work together.  You are very attractive people.  You can tell you eat well both of your skin is beautiful and healthy,0,,youtube,0.9441,positive
heb,Thank you both for the time. I get most of your videos that I have already seen. Thank you again for sharing a new one 👍.,0,,youtube,0.7783,positive
heb,now that is how you know how to get the right food s,0,,youtube,0.0,neutral
heb,Yall have good deals down there. Lovely family.,0,,youtube,0.7717,positive
heb,I would be exhausted shopping and unloading glad hubs helps,0,,youtube,0.4767,positive
heb,That is so neat to be able to scan and pay for your groceries without having to stand in line!,0,,youtube,0.5801,positive
heb,"You did excellent in shopping. 👌 i was figuring at least a thousand. Back in the day when my 4 kids were little,  spending a hundred dollars was alot. Beautiful parents ❤️",1,,youtube,0.9291,positive
heb,Gotta love scan and go!,0,,youtube,0.6696,positive
heb,"<a href=""https://www.youtube.com/watch?v=8jTTDl8xPy0&amp;t=633"">10:33</a> this my part... how he perfectly loads the truck. 😂",0,,youtube,0.7964,positive
heb,"Your husband is FINE!! He looks like a fox, and you are his chocolate bunny. You all make a cute and fantastic couple. Gorgeous family and an inspiration. 😍",0,,youtube,0.9706,positive
