"authorFlair","body","category","communityName","createdAt","dataType","flair","html","id","imageUrls/0","imageUrls/1","imageUrls/2","imageUrls/3","imageUrls/4","imageUrls/5","isAd","isVideo","link","numberOfComments","numberOfreplies","over18","parentId","parsedCommunityName","parsedId","postId","scrapedAt","thumbnailUrl","title","upVoteRatio","upVotes","url","userId","username"
,"Images:
	https://preview.redd.it/395agn94xtng1.jpeg?auto=webp&amp;s=329ea26e7b33c2c4658410268810cc1460d98b7d
",,"r/aldi","2026-03-08T14:11:35.000Z","post","USA (General)","Images:
	https://preview.redd.it/395agn94xtng1.jpeg?auto=webp&amp;s=329ea26e7b33c2c4658410268810cc1460d98b7d
","t3_1ro5utw","https://i.redd.it/395agn94xtng1.jpeg",,,,,,"false","false","https://i.redd.it/395agn94xtng1.jpeg","175",,"false",,"aldi","1ro5utw",,"2026-05-05T01:01:14.642Z","https://preview.redd.it/395agn94xtng1.jpeg?width=140&amp;height=105&amp;auto=webp&amp;s=9676806c92f09d1f635238251d529677d1043984","Mosi loves his new couch","0.98","7363","https://www.reddit.com/r/aldi/comments/1ro5utw/mosi_loves_his_new_couch/","t2_5hh5xg00","ahypnotistcollector"
,"Posts and comments that don't follow r/aldi subreddit rules may be subject to removal. No Ai. Please see rules for more information. Please no false reports. This comment is completely automated.       


*I am a bot, and this action was performed automatically. Please [contact the moderators of this subreddit](/message/compose/?to=/r/aldi) if you have any questions or concerns.*","aldi","r/aldi","2026-03-08T14:11:37.000Z","comment",,"&lt;div class=""md""&gt;&lt;p&gt;Posts and comments that don&amp;#39;t follow &lt;a href=""/r/aldi""&gt;r/aldi&lt;/a&gt; subreddit rules may be subject to removal. No Ai. Please see rules for more information. Please no false reports. This comment is completely automated.       &lt;/p&gt;

&lt;p&gt;&lt;em&gt;I am a bot, and this action was performed automatically. Please &lt;a href=""/message/compose/?to=/r/aldi""&gt;contact the moderators of this subreddit&lt;/a&gt; if you have any questions or concerns.&lt;/em&gt;&lt;/p&gt;
&lt;/div&gt;","t1_o9bgszt",,,,,,,,,,,"0",,"t3_1ro5utw",,"o9bgszt","t3_1ro5utw","2026-05-05T01:01:14.858Z",,,,"1","https://www.reddit.com/r/aldi/comments/1ro5utw/mosi_loves_his_new_couch/o9bgszt/","t2_6l4z3","AutoModerator"
,"TY OP. This is also how i sleep on the couch ","aldi","r/aldi","2026-03-08T14:17:30.000Z","comment",,"&lt;div class=""md""&gt;&lt;p&gt;TY OP. This is also how i sleep on the couch &lt;/p&gt;
&lt;/div&gt;","t1_o9bhsqw",,,,,,,,,,,"3",,"t3_1ro5utw",,"o9bhsqw","t3_1ro5utw","2026-05-05T01:01:14.861Z",,,,"665","https://www.reddit.com/r/aldi/comments/1ro5utw/mosi_loves_his_new_couch/o9bhsqw/","t2_12u57npz","shellymarshh"
,"Thank you for the suggestion to post here! ","aldi","r/aldi","2026-03-08T14:18:02.000Z","comment",,"&lt;div class=""md""&gt;&lt;p&gt;Thank you for the suggestion to post here! &lt;/p&gt;
&lt;/div&gt;","t1_o9bhvzp",,,,,,,,,,,"0",,"t1_o9bhsqw",,"o9bhvzp","t3_1ro5utw","2026-05-05T01:01:14.861Z",,,,"77","https://www.reddit.com/r/aldi/comments/1ro5utw/mosi_loves_his_new_couch/o9bhvzp/","t2_5hh5xg00","ahypnotistcollector"
"Feedback Survey Winner","Cannot believe I actually won this, I just saw a post from someone the other day asking if anyone actually wins these and the next day I got one in the mail!  I am honestly shocked ",,"r/aldi","2025-12-22T22:32:57.000Z","post","USA (General)","&lt;!-- SC_OFF --&gt;&lt;div class=""md""&gt;&lt;p&gt;Cannot believe I actually won this, I just saw a post from someone the other day asking if anyone actually wins these and the next day I got one in the mail!  I am honestly shocked &lt;/p&gt;
&lt;/div&gt;&lt;!-- SC_ON --&gt;","t3_1ptd22c","https://i.redd.it/ayez0xna1u8g1.jpeg",,,,,,"false","false","https://i.redd.it/ayez0xna1u8g1.jpeg","357",,"false",,"aldi","1ptd22c",,"2026-05-05T01:01:15.345Z","https://b.thumbs.redditmedia.com/MngrNlIyQkLXm-AztoXcacyIcuoMQ7MlKmb71rz500I.jpg","Holy crap….I actually won a gift card from the receipt survey!","0.97","41940","https://www.reddit.com/r/aldi/comments/1ptd22c/holy_crapi_actually_won_a_gift_card_from_the/","t2_i57ug","dogfoodis"
,"This would be me on a summer break late afternoon nap then waking up not knowing where I was or what time it was. ","aldi","r/aldi","2026-03-08T14:41:31.000Z","comment",,"&lt;div class=""md""&gt;&lt;p&gt;This would be me on a summer break late afternoon nap then waking up not knowing where I was or what time it was. &lt;/p&gt;
&lt;/div&gt;","t1_o9blz37",,,,,,,,,,,"0",,"t1_o9bhsqw",,"o9blz37","t3_1ro5utw","2026-05-05T01:01:14.861Z",,,,"50","https://www.reddit.com/r/aldi/comments/1ro5utw/mosi_loves_his_new_couch/o9blz37/","t2_wkz5d","PoquitoChef"
,"is this also how you tug your tail ?","aldi","r/aldi","2026-03-08T15:10:31.000Z","comment",,"&lt;div class=""md""&gt;&lt;p&gt;is this also how you tug your tail ?&lt;/p&gt;
&lt;/div&gt;","t1_o9br8e2",,,,,,,,,,,"0",,"t1_o9bhsqw",,"o9br8e2","t3_1ro5utw","2026-05-05T01:01:14.861Z",,,,"5","https://www.reddit.com/r/aldi/comments/1ro5utw/mosi_loves_his_new_couch/o9br8e2/","t2_rpt97","CheapChickenDog"
,"That cat is a unit!!! ","aldi","r/aldi","2026-03-08T14:39:05.000Z","comment",,"&lt;div class=""md""&gt;&lt;p&gt;That cat is a unit!!! &lt;/p&gt;
&lt;/div&gt;","t1_o9bljkt",,,,,,,,,,,"3",,"t3_1ro5utw",,"o9bljkt","t3_1ro5utw","2026-05-05T01:01:14.861Z",,,,"286","https://www.reddit.com/r/aldi/comments/1ro5utw/mosi_loves_his_new_couch/o9bljkt/","t2_22b3apdooh","harleenquinzel044"
,"r/chonkers","aldi","r/aldi","2026-03-08T14:46:56.000Z","comment",,"&lt;div class=""md""&gt;&lt;p&gt;&lt;a href=""/r/chonkers""&gt;r/chonkers&lt;/a&gt;&lt;/p&gt;
&lt;/div&gt;","t1_o9bmxkl",,,,,,,,,,,"3",,"t1_o9bljkt",,"o9bmxkl","t3_1ro5utw","2026-05-05T01:01:14.861Z",,,,"69","https://www.reddit.com/r/aldi/comments/1ro5utw/mosi_loves_his_new_couch/o9bmxkl/","t2_73psy0am","ClearAndPure"
,"r/dechonkers ","aldi","r/aldi","2026-03-08T14:50:55.000Z","comment",,"&lt;div class=""md""&gt;&lt;p&gt;&lt;a href=""/r/dechonkers""&gt;r/dechonkers&lt;/a&gt; &lt;/p&gt;
&lt;/div&gt;","t1_o9bnnh8",,,,,,,,,,,"1",,"t1_o9bmxkl",,"o9bnnh8","t3_1ro5utw","2026-05-05T01:01:14.861Z",,,,"33","https://www.reddit.com/r/aldi/comments/1ro5utw/mosi_loves_his_new_couch/o9bnnh8/","t2_1ojbfkgrtl","Hina_Gabu"
,"There’s always another cat sub 😆","aldi","r/aldi","2026-03-08T14:52:31.000Z","comment",,"&lt;div class=""md""&gt;&lt;p&gt;There’s always another cat sub 😆&lt;/p&gt;
&lt;/div&gt;","t1_o9bnyb6",,,,,,,,,,,"0",,"t1_o9bnnh8",,"o9bnyb6","t3_1ro5utw","2026-05-05T01:01:14.862Z",,,,"19","https://www.reddit.com/r/aldi/comments/1ro5utw/mosi_loves_his_new_couch/o9bnyb6/","t2_73psy0am","ClearAndPure"
,"I thought that was the sub I was looking at, not Aldi ","aldi","r/aldi","2026-03-08T21:50:40.000Z","comment",,"&lt;div class=""md""&gt;&lt;p&gt;I thought that was the sub I was looking at, not Aldi &lt;/p&gt;
&lt;/div&gt;","t1_o9dwvw2",,,,,,,,,,,"0",,"t1_o9bmxkl",,"o9dwvw2","t3_1ro5utw","2026-05-05T01:01:14.862Z",,,,"5","https://www.reddit.com/r/aldi/comments/1ro5utw/mosi_loves_his_new_couch/o9dwvw2/","t2_h26u8","gypsysniper9"
,"Animal abuse. ","aldi","r/aldi","2026-03-08T15:56:27.000Z","comment",,"&lt;div class=""md""&gt;&lt;p&gt;Animal abuse. &lt;/p&gt;
&lt;/div&gt;","t1_o9bzzae",,,,,,,,,,,"1",,"t1_o9bmxkl",,"o9bzzae","t3_1ro5utw","2026-05-05T01:01:14.862Z",,,,"4","https://www.reddit.com/r/aldi/comments/1ro5utw/mosi_loves_his_new_couch/o9bzzae/","t2_18jlvsz480","Luci-Noir"
,"Yep. Underrated comment and no idea why you’re being downvoted. The fact people think overweight animals is ‘so cute’, whilst shortening their life span is wild to me. Yeh.. they really love their animals.","aldi","r/aldi","2026-03-08T19:01:02.000Z","comment",,"&lt;div class=""md""&gt;&lt;p&gt;Yep. Underrated comment and no idea why you’re being downvoted. The fact people think overweight animals is ‘so cute’, whilst shortening their life span is wild to me. Yeh.. they really love their animals.&lt;/p&gt;
&lt;/div&gt;","t1_o9d0h63",,,,,,,,,,,"1",,"t1_o9bzzae",,"o9d0h63","t3_1ro5utw","2026-05-05T01:01:14.862Z",,,,"14","https://www.reddit.com/r/aldi/comments/1ro5utw/mosi_loves_his_new_couch/o9d0h63/","t2_kfz4azr1","MelodicSeaweed-"
"Mod","Stop reporting the post, holy moly. It's not advertising, it's not a spam post. This is the second person who has actually won the survey gift card, proving it's not a bunch of bunk for feedback. The post is staying up. ","aldi","r/aldi","2025-12-23T08:46:32.000Z","comment",,"&lt;div class=""md""&gt;&lt;p&gt;Stop reporting the post, holy moly. It&amp;#39;s not advertising, it&amp;#39;s not a spam post. This is the second person who has actually won the survey gift card, proving it&amp;#39;s not a bunch of bunk for feedback. The post is staying up. &lt;/p&gt;
&lt;/div&gt;","t1_nvik0n7",,,,,,,,,,,"0",,"t3_1ptd22c",,"nvik0n7","t3_1ptd22c","2026-05-05T01:01:16.347Z",,,,"1","https://www.reddit.com/r/aldi/comments/1ptd22c/holy_crapi_actually_won_a_gift_card_from_the/nvik0n7/","t2_7y5p5xwr","Mr_Bristles"
,"It infuriated me to see this picture. ","aldi","r/aldi","2026-03-26T04:42:45.000Z","comment",,"&lt;div class=""md""&gt;&lt;p&gt;It infuriated me to see this picture. &lt;/p&gt;
&lt;/div&gt;","t1_ociydue",,,,,,,,,,,"0",,"t1_o9d0h63",,"ociydue","t3_1ro5utw","2026-05-05T01:01:14.862Z",,,,"2","https://www.reddit.com/r/aldi/comments/1ro5utw/mosi_loves_his_new_couch/ociydue/","t2_f9bbt","jewelzzzzzzz"
,"Okay people actually win these holy shit. I’m gonna do the survey every time. Congrats!!!","aldi","r/aldi","2025-12-22T22:46:15.000Z","comment",,"&lt;div class=""md""&gt;&lt;p&gt;Okay people actually win these holy shit. I’m gonna do the survey every time. Congrats!!!&lt;/p&gt;
&lt;/div&gt;","t1_nvg5ubi",,,,,,,,,,,"12",,"t3_1ptd22c",,"nvg5ubi","t3_1ptd22c","2026-05-05T01:01:16.347Z",,,,"1384","https://www.reddit.com/r/aldi/comments/1ptd22c/holy_crapi_actually_won_a_gift_card_from_the/nvg5ubi/","t2_18scp3qt","numberonebarista"
,"Oh lawd he coming!","aldi","r/aldi","2026-03-08T16:26:36.000Z","comment",,"&lt;div class=""md""&gt;&lt;p&gt;Oh lawd he coming!&lt;/p&gt;
&lt;/div&gt;","t1_o9c5z5e",,,,,,,,,,,"0",,"t1_o9bljkt",,"o9c5z5e","t3_1ro5utw","2026-05-05T01:01:14.862Z",,,,"16","https://www.reddit.com/r/aldi/comments/1ro5utw/mosi_loves_his_new_couch/o9c5z5e/","t2_t1y7z7ej4","Icy-Setting-4221"
,"![gif](giphy|ztx5OISHSwlmLvSetd|downsized)","aldi","r/aldi","2025-12-22T23:50:31.000Z","comment",,"&lt;div class=""md""&gt;&lt;p&gt;&lt;a href=""https://giphy.com/gifs/ztx5OISHSwlmLvSetd"" target=""_blank""&gt;&lt;img src=""https://external-preview.redd.it/jAnRq0GKw5ZjQtfen-aedosU5CnU7laI-M6r6kfWs-E.gif?width=480&amp;height=480&amp;s=44deb95a4137ebb27ebc63d26969e8ee5ab9c059"" width=""480"" height=""480""&gt;&lt;/a&gt;&lt;/p&gt;
&lt;/div&gt;","t1_nvggvjl",,,,,,,,,,,"0",,"t1_nvg5ubi",,"nvggvjl","t3_1ptd22c","2026-05-05T01:01:16.347Z",,,,"254","https://www.reddit.com/r/aldi/comments/1ptd22c/holy_crapi_actually_won_a_gift_card_from_the/nvggvjl/","t2_hcyj4nb9","atargatis_17"
,"Was going to post same r/absoluteunit
","aldi","r/aldi","2026-03-08T15:43:23.000Z","comment",,"&lt;div class=""md""&gt;&lt;p&gt;Was going to post same &lt;a href=""/r/absoluteunit""&gt;r/absoluteunit&lt;/a&gt;&lt;/p&gt;
&lt;/div&gt;","t1_o9bxf2k",,,,,,,,,,,"0",,"t1_o9bljkt",,"o9bxf2k","t3_1ro5utw","2026-05-05T01:01:14.862Z",,,,"11","https://www.reddit.com/r/aldi/comments/1ro5utw/mosi_loves_his_new_couch/o9bxf2k/","t2_6w0ti","frandiam"
,"My ex won an iPad from a KFC survey once... I always complete those surveys now","aldi","r/aldi","2025-12-23T00:50:38.000Z","comment",,"&lt;div class=""md""&gt;&lt;p&gt;My ex won an iPad from a KFC survey once... I always complete those surveys now&lt;/p&gt;
&lt;/div&gt;","t1_nvgr30s",,,,,,,,,,,"3",,"t1_nvg5ubi",,"nvgr30s","t3_1ptd22c","2026-05-05T01:01:16.347Z",,,,"172","https://www.reddit.com/r/aldi/comments/1ptd22c/holy_crapi_actually_won_a_gift_card_from_the/nvgr30s/","t2_1v13wm2g","LindyJam"
,"My dad won a fuckin Xbox from Taco Bell. When you turn it on, it does the bell sound from their commercials lol.","aldi","r/aldi","2025-12-23T00:56:12.000Z","comment",,"&lt;div class=""md""&gt;&lt;p&gt;My dad won a fuckin Xbox from Taco Bell. When you turn it on, it does the bell sound from their commercials lol.&lt;/p&gt;
&lt;/div&gt;","t1_nvgs0f5",,,,,,,,,,,"10",,"t1_nvgr30s",,"nvgs0f5","t3_1ptd22c","2026-05-05T01:01:16.347Z",,,,"378","https://www.reddit.com/r/aldi/comments/1ptd22c/holy_crapi_actually_won_a_gift_card_from_the/nvgs0f5/","t2_103t3n2z","sm589"
,"omg that’s awesome","aldi","r/aldi","2025-12-23T01:15:24.000Z","comment",,"&lt;div class=""md""&gt;&lt;p&gt;omg that’s awesome&lt;/p&gt;
&lt;/div&gt;","t1_nvgv4pd",,,,,,,,,,,"1",,"t1_nvgs0f5",,"nvgv4pd","t3_1ptd22c","2026-05-05T01:01:16.347Z",,,,"94","https://www.reddit.com/r/aldi/comments/1ptd22c/holy_crapi_actually_won_a_gift_card_from_the/nvgv4pd/","t2_o7w3e8xk","Double_Network_2573"
,"The worst part is this man barely used it, like I think he used it to watch Netflix and occasionally my nephew would game on it whenever he was over at his house... I might have to see if I can steal it from him lol","aldi","r/aldi","2025-12-23T02:25:52.000Z","comment",,"&lt;div class=""md""&gt;&lt;p&gt;The worst part is this man barely used it, like I think he used it to watch Netflix and occasionally my nephew would game on it whenever he was over at his house... I might have to see if I can steal it from him lol&lt;/p&gt;
&lt;/div&gt;","t1_nvh6nnx",,,,,,,,,,,"4",,"t1_nvgv4pd",,"nvh6nnx","t3_1ptd22c","2026-05-05T01:01:16.347Z",,,,"70","https://www.reddit.com/r/aldi/comments/1ptd22c/holy_crapi_actually_won_a_gift_card_from_the/nvh6nnx/","t2_103t3n2z","sm589"
,"You definitely should bc that sounds awesome lol its cool it makes the taco bell noise","aldi","r/aldi","2025-12-23T02:42:56.000Z","comment",,"&lt;div class=""md""&gt;&lt;p&gt;You definitely should bc that sounds awesome lol its cool it makes the taco bell noise&lt;/p&gt;
&lt;/div&gt;","t1_nvh9g8t",,,,,,,,,,,"0",,"t1_nvh6nnx",,"nvh9g8t","t3_1ptd22c","2026-05-05T01:01:16.347Z",,,,"46","https://www.reddit.com/r/aldi/comments/1ptd22c/holy_crapi_actually_won_a_gift_card_from_the/nvh9g8t/","t2_fg50ymme","Few_Morning_197"
,"I feel like a collector would pay extra for that.","aldi","r/aldi","2025-12-23T03:56:52.000Z","comment",,"&lt;div class=""md""&gt;&lt;p&gt;I feel like a collector would pay extra for that.&lt;/p&gt;
&lt;/div&gt;","t1_nvhl5ca",,,,,,,,,,,"1",,"t1_nvh6nnx",,"nvhl5ca","t3_1ptd22c","2026-05-05T01:01:16.347Z",,,,"39","https://www.reddit.com/r/aldi/comments/1ptd22c/holy_crapi_actually_won_a_gift_card_from_the/nvhl5ca/","t2_4fpje4vq","randomrandom1922"
,"Yes i would, and smile ear to ear. While drinking a baja blast ofc.","aldi","r/aldi","2025-12-23T08:31:53.000Z","comment",,"&lt;div class=""md""&gt;&lt;p&gt;Yes i would, and smile ear to ear. While drinking a baja blast ofc.&lt;/p&gt;
&lt;/div&gt;","t1_nviijsj",,,,,,,,,,,"0",,"t1_nvhl5ca",,"nviijsj","t3_1ptd22c","2026-05-05T01:01:16.347Z",,,,"28","https://www.reddit.com/r/aldi/comments/1ptd22c/holy_crapi_actually_won_a_gift_card_from_the/nviijsj/","t2_95wbvik5","ElevatedKing420"
,"Dude Thats probably super collectible to the right person, might be worth looking into if it’s worth a few thousand sell it and get a new model

Edit: either way though Thats really cool, the bell sound.","aldi","r/aldi","2025-12-24T18:59:15.000Z","comment",,"&lt;div class=""md""&gt;&lt;p&gt;Dude Thats probably super collectible to the right person, might be worth looking into if it’s worth a few thousand sell it and get a new model&lt;/p&gt;

&lt;p&gt;Edit: either way though Thats really cool, the bell sound.&lt;/p&gt;
&lt;/div&gt;","t1_nvrd70g",,,,,,,,,,,"0",,"t1_nvh6nnx",,"nvrd70g","t3_1ptd22c","2026-05-05T01:01:16.347Z",,,,"9","https://www.reddit.com/r/aldi/comments/1ptd22c/holy_crapi_actually_won_a_gift_card_from_the/nvrd70g/","t2_kv0joy1k","yoskinna"
,"yep i had a friend years ago that won one of those from them.

a few months ago one of my mother's coworkers, her son won like 50k or 100k off a $2 scratch-off ticket from a gas station in our small rural town. so, it happens.","aldi","r/aldi","2025-12-23T02:34:28.000Z","comment",,"&lt;div class=""md""&gt;&lt;p&gt;yep i had a friend years ago that won one of those from them.&lt;/p&gt;

&lt;p&gt;a few months ago one of my mother&amp;#39;s coworkers, her son won like 50k or 100k off a $2 scratch-off ticket from a gas station in our small rural town. so, it happens.&lt;/p&gt;
&lt;/div&gt;","t1_nvh8262",,,,,,,,,,,"1",,"t1_nvgs0f5",,"nvh8262","t3_1ptd22c","2026-05-05T01:01:16.347Z",,,,"34","https://www.reddit.com/r/aldi/comments/1ptd22c/holy_crapi_actually_won_a_gift_card_from_the/nvh8262/","t2_10gua63e","hoxxxxx"
,"A lady at my job won $50k from Publisher's Clearing House before the pandemic. The prize patrol showed up there with a giant fake check and a camera crew.","aldi","r/aldi","2025-12-23T02:43:17.000Z","comment",,"&lt;div class=""md""&gt;&lt;p&gt;A lady at my job won $50k from Publisher&amp;#39;s Clearing House before the pandemic. The prize patrol showed up there with a giant fake check and a camera crew.&lt;/p&gt;
&lt;/div&gt;","t1_nvh9id4",,,,,,,,,,,"2",,"t1_nvh8262",,"nvh9id4","t3_1ptd22c","2026-05-05T01:01:16.347Z",,,,"30","https://www.reddit.com/r/aldi/comments/1ptd22c/holy_crapi_actually_won_a_gift_card_from_the/nvh9id4/","t2_1ni3m5g2","Blossom73"
,"holy crap had no idea that was still a thing","aldi","r/aldi","2025-12-23T03:06:30.000Z","comment",,"&lt;div class=""md""&gt;&lt;p&gt;holy crap had no idea that was still a thing&lt;/p&gt;
&lt;/div&gt;","t1_nvhda5i",,,,,,,,,,,"1",,"t1_nvh9id4",,"nvhda5i","t3_1ptd22c","2026-05-05T01:01:16.347Z",,,,"22","https://www.reddit.com/r/aldi/comments/1ptd22c/holy_crapi_actually_won_a_gift_card_from_the/nvhda5i/","t2_10gua63e","hoxxxxx"
,"Later on, this all involved fraud, didn't it?","aldi","r/aldi","2025-12-23T07:15:38.000Z","comment",,"&lt;div class=""md""&gt;&lt;p&gt;Later on, this all involved fraud, didn&amp;#39;t it?&lt;/p&gt;
&lt;/div&gt;","t1_nviak5n",,,,,,,,,,,"1",,"t1_nvh9id4",,"nviak5n","t3_1ptd22c","2026-05-05T01:01:16.347Z",,,,"2","https://www.reddit.com/r/aldi/comments/1ptd22c/holy_crapi_actually_won_a_gift_card_from_the/nviak5n/","t2_1x29x5jc3v","ReceptionNatural9099"
,"Was out shopping with the significant other when we walked passed this abomination. We laughed about how absurd of a combination it was. Like who thought this was a good idea and how many other people had to pretend it was good for it to end up on the shelves? As a prank we bought it and ate it in one sitting",,"r/aldi","2026-04-17T19:28:18.000Z","post","Review","&lt;!-- SC_OFF --&gt;&lt;div class=""md""&gt;&lt;p&gt;Was out shopping with the significant other when we walked passed this abomination. We laughed about how absurd of a combination it was. Like who thought this was a good idea and how many other people had to pretend it was good for it to end up on the shelves? As a prank we bought it and ate it in one sitting&lt;/p&gt;
&lt;/div&gt;&lt;!-- SC_ON --&gt;","t3_1soazbt","https://i.redd.it/oxxuz8d3ysvg1.jpeg",,,,,,"false","false","https://i.redd.it/oxxuz8d3ysvg1.jpeg","792",,"false",,"aldi","1soazbt",,"2026-05-05T01:01:19.751Z","https://preview.redd.it/oxxuz8d3ysvg1.jpeg?width=140&amp;height=140&amp;crop=1:1,smart&amp;auto=webp&amp;s=2ea66e147ec3c4b55259e574487914cabdb9efa1","Every day we drift further from god","0.86","7214","https://www.reddit.com/r/aldi/comments/1soazbt/every_day_we_drift_further_from_god/","t2_ffiyw","420Microbiologist"
,"Posts and comments that don't follow r/aldi subreddit rules may be subject to removal. No Ai. Please see rules for more information. Please no false reports. This comment is completely automated. Your post has not been removed. This automated comment appears on all posts.        


*I am a bot, and this action was performed automatically. Please [contact the moderators of this subreddit](/message/compose/?to=/r/aldi) if you have any questions or concerns.*","aldi","r/aldi","2026-04-17T19:28:21.000Z","comment",,"&lt;div class=""md""&gt;&lt;p&gt;Posts and comments that don&amp;#39;t follow &lt;a href=""/r/aldi""&gt;r/aldi&lt;/a&gt; subreddit rules may be subject to removal. No Ai. Please see rules for more information. Please no false reports. This comment is completely automated. Your post has not been removed. This automated comment appears on all posts.        &lt;/p&gt;

&lt;p&gt;&lt;em&gt;I am a bot, and this action was performed automatically. Please &lt;a href=""/message/compose/?to=/r/aldi""&gt;contact the moderators of this subreddit&lt;/a&gt; if you have any questions or concerns.&lt;/em&gt;&lt;/p&gt;
&lt;/div&gt;","t1_ogrqfpd",,,,,,,,,,,"0",,"t3_1soazbt",,"ogrqfpd","t3_1soazbt","2026-05-05T01:01:19.932Z",,,,"1","https://www.reddit.com/r/aldi/comments/1soazbt/every_day_we_drift_further_from_god/ogrqfpd/","t2_6l4z3","AutoModerator"
,"Adding 7 Up or Sprite to cake mix is a pretty common thing.","aldi","r/aldi","2026-04-17T19:32:42.000Z","comment",,"&lt;div class=""md""&gt;&lt;p&gt;Adding 7 Up or Sprite to cake mix is a pretty common thing.&lt;/p&gt;
&lt;/div&gt;","t1_ogrrbsq",,,,,,,,,,,"8",,"t3_1soazbt",,"ogrrbsq","t3_1soazbt","2026-05-05T01:01:19.932Z",,,,"3179","https://www.reddit.com/r/aldi/comments/1soazbt/every_day_we_drift_further_from_god/ogrrbsq/","t2_1t4zzlou0c","AmputeeHandModel"
,"We had to make sure so we ate it in one sitting. Nothing happened so we got another, then another. Anyways long story short these are delicious and I'm banned from my local Aldi, if anyone can spare a cake or two ","aldi","r/aldi","2026-04-17T19:58:14.000Z","comment",,"&lt;div class=""md""&gt;&lt;p&gt;We had to make sure so we ate it in one sitting. Nothing happened so we got another, then another. Anyways long story short these are delicious and I&amp;#39;m banned from my local Aldi, if anyone can spare a cake or two &lt;/p&gt;
&lt;/div&gt;","t1_ogrwm4n",,,,,,,,,,,"9",,"t1_ogrrbsq",,"ogrwm4n","t3_1soazbt","2026-05-05T01:01:19.932Z",,,,"1432","https://www.reddit.com/r/aldi/comments/1soazbt/every_day_we_drift_further_from_god/ogrwm4n/","t2_ffiyw","420Microbiologist"
,"If you are a cake connoisseur like me and like coconuts, try this

https://www.justapinch.com/recipes/dessert/cake/coconut-creme-better-than-sex-cake-2.html","aldi","r/aldi","2026-04-17T20:06:50.000Z","comment",,"&lt;div class=""md""&gt;&lt;p&gt;If you are a cake connoisseur like me and like coconuts, try this&lt;/p&gt;

&lt;p&gt;&lt;a href=""https://www.justapinch.com/recipes/dessert/cake/coconut-creme-better-than-sex-cake-2.html""&gt;https://www.justapinch.com/recipes/dessert/cake/coconut-creme-better-than-sex-cake-2.html&lt;/a&gt;&lt;/p&gt;
&lt;/div&gt;","t1_ogryesm",,,,,,,,,,,"7",,"t1_ogrwm4n",,"ogryesm","t3_1soazbt","2026-05-05T01:01:19.932Z",,,,"177","https://www.reddit.com/r/aldi/comments/1soazbt/every_day_we_drift_further_from_god/ogryesm/","t2_21ijdxazvs","mynamesJeff998"
,"Coconuts are solid! Just tried making it but I'm not sure it turned out right? https://imgur.com/a/CXjE7HZ","aldi","r/aldi","2026-04-17T20:19:19.000Z","comment",,"&lt;div class=""md""&gt;&lt;p&gt;Coconuts are solid! Just tried making it but I&amp;#39;m not sure it turned out right? &lt;a href=""https://imgur.com/a/CXjE7HZ""&gt;https://imgur.com/a/CXjE7HZ&lt;/a&gt;&lt;/p&gt;
&lt;/div&gt;","t1_ogs112e",,,,,,,,,,,"8",,"t1_ogryesm",,"ogs112e","t3_1soazbt","2026-05-05T01:01:19.932Z",,,,"170","https://www.reddit.com/r/aldi/comments/1soazbt/every_day_we_drift_further_from_god/ogs112e/","t2_ffiyw","420Microbiologist"
,"We need more content like this. ",,"r/aldi","2025-10-27T22:02:26.000Z","post","USA","&lt;!-- SC_OFF --&gt;&lt;div class=""md""&gt;&lt;p&gt;We need more content like this. &lt;/p&gt;
&lt;/div&gt;&lt;!-- SC_ON --&gt;","t3_1ohrzix","https://i.redd.it/voop1jos8qxf1.jpg","https://i.redd.it/rewuejos8qxf1.jpg","https://i.redd.it/2c64cjos8qxf1.jpg","https://i.redd.it/w9y4ijos8qxf1.jpg","https://i.redd.it/mgvlskos8qxf1.jpg","https://i.redd.it/ogizcjos8qxf1.jpg","false","false","https://www.reddit.com/gallery/1ohrzix","352",,"false",,"aldi","1ohrzix",,"2026-05-05T01:01:21.032Z","https://b.thumbs.redditmedia.com/eUAVS40UV1v9bL9qPSkisGgKiguWtsLlnU91_5xGMjA.jpg","Found on TikTok","0.95","7070","https://www.reddit.com/r/aldi/comments/1ohrzix/found_on_tiktok/","t2_kyw4dl4k","feverdesu"
,"It looks like you made the 7up cake again","aldi","r/aldi","2026-04-17T20:31:57.000Z","comment",,"&lt;div class=""md""&gt;&lt;p&gt;It looks like you made the 7up cake again&lt;/p&gt;
&lt;/div&gt;","t1_ogs3o0w",,,,,,,,,,,"0",,"t1_ogs112e",,"ogs3o0w","t3_1soazbt","2026-05-05T01:01:19.932Z",,,,"75","https://www.reddit.com/r/aldi/comments/1soazbt/every_day_we_drift_further_from_god/ogs3o0w/","t2_82f4qwcj","VixxxieVelvet"
,"I love these posts. My family suffers from “can’t think of any meal besides the four that we have had on rotation for the past ten years” syndrome","aldi","r/aldi","2025-10-27T22:28:45.000Z","comment",,"&lt;div class=""md""&gt;&lt;p&gt;I love these posts. My family suffers from “can’t think of any meal besides the four that we have had on rotation for the past ten years” syndrome&lt;/p&gt;
&lt;/div&gt;","t1_nlq7965",,,,,,,,,,,"15",,"t3_1ohrzix",,"nlq7965","t3_1ohrzix","2026-05-05T01:01:21.166Z",,,,"1991","https://www.reddit.com/r/aldi/comments/1ohrzix/found_on_tiktok/nlq7965/","t2_cyw4h0aj","ChannelWarm132"
,"[deleted]","aldi","r/aldi","2026-04-18T02:41:21.000Z","comment",,"&lt;div class=""md""&gt;&lt;p&gt;[deleted]&lt;/p&gt;
&lt;/div&gt;","t1_ogtw4sl",,,,,,,,,,,"1",,"t1_ogs112e",,"ogtw4sl","t3_1soazbt","2026-05-05T01:01:19.932Z",,,,"41","https://www.reddit.com/r/aldi/comments/1soazbt/every_day_we_drift_further_from_god/ogtw4sl/",,"[deleted]"
,"Check out “recession chef” on TikTok and Instagram. He shows these kind of meals and how to prepare them","aldi","r/aldi","2025-10-27T23:26:18.000Z","comment",,"&lt;div class=""md""&gt;&lt;p&gt;Check out “recession chef” on TikTok and Instagram. He shows these kind of meals and how to prepare them&lt;/p&gt;
&lt;/div&gt;","t1_nlqhkc3",,,,,,,,,,,"3",,"t1_nlq7965",,"nlqhkc3","t3_1ohrzix","2026-05-05T01:01:21.166Z",,,,"318","https://www.reddit.com/r/aldi/comments/1ohrzix/found_on_tiktok/nlqhkc3/","t2_e2mud","iforgotmycoat"
,"You got me","aldi","r/aldi","2026-04-17T20:32:22.000Z","comment",,"&lt;div class=""md""&gt;&lt;p&gt;You got me&lt;/p&gt;
&lt;/div&gt;","t1_ogs3r2r",,,,,,,,,,,"0",,"t1_ogs112e",,"ogs3r2r","t3_1soazbt","2026-05-05T01:01:19.932Z",,,,"35","https://www.reddit.com/r/aldi/comments/1soazbt/every_day_we_drift_further_from_god/ogs3r2r/","t2_jr2dj","BVoyager"
,"Him and Townsends on some of the Victorian era recession food for some real old school struggle meals.","aldi","r/aldi","2025-10-27T23:37:26.000Z","comment",,"&lt;div class=""md""&gt;&lt;p&gt;Him and Townsends on some of the Victorian era recession food for some real old school struggle meals.&lt;/p&gt;
&lt;/div&gt;","t1_nlqjkdi",,,,,,,,,,,"3",,"t1_nlqhkc3",,"nlqjkdi","t3_1ohrzix","2026-05-05T01:01:21.166Z",,,,"74","https://www.reddit.com/r/aldi/comments/1ohrzix/found_on_tiktok/nlqjkdi/","t2_19rgo3foel","Jaded_Freedom8105"
,"These lines with only 2 cashiers are driving me crazy 😩😩 does anyone know why they removed self-checkout? Too much theft? ",,"r/aldi","2025-10-13T18:07:17.000Z","post","USA","&lt;!-- SC_OFF --&gt;&lt;div class=""md""&gt;&lt;p&gt;These lines with only 2 cashiers are driving me crazy 😩😩 does anyone know why they removed self-checkout? Too much theft? &lt;/p&gt;
&lt;/div&gt;&lt;!-- SC_ON --&gt;","t3_1o5rbjd","https://i.redd.it/gaqu4m836xuf1.jpeg",,,,,,"false","false","https://i.redd.it/gaqu4m836xuf1.jpeg","842",,"false",,"aldi","1o5rbjd",,"2026-05-05T01:01:21.743Z","https://b.thumbs.redditmedia.com/r88jkcPT3kFwKoqlVutSKzeA6besy12W02oPXq2h0vE.jpg","Lines After Self-Checkout Removal","0.96","6346","https://www.reddit.com/r/aldi/comments/1o5rbjd/lines_after_selfcheckout_removal/","t2_2cul6vg5","sarahrodgers15"
,"*angrily upvotes*","aldi","r/aldi","2026-04-17T23:17:42.000Z","comment",,"&lt;div class=""md""&gt;&lt;p&gt;&lt;em&gt;angrily upvotes&lt;/em&gt;&lt;/p&gt;
&lt;/div&gt;","t1_ogsykdc",,,,,,,,,,,"1",,"t1_ogs112e",,"ogsykdc","t3_1soazbt","2026-05-05T01:01:19.932Z",,,,"33","https://www.reddit.com/r/aldi/comments/1soazbt/every_day_we_drift_further_from_god/ogsykdc/","t2_74ikvij5","TokenWeirdo13"
,"We discovered Townsends last night with their Forgotten  Hot Drinks of History video and ended up having tea before bed last night 😅 immediate subscribe.","aldi","r/aldi","2025-10-28T01:10:57.000Z","comment",,"&lt;div class=""md""&gt;&lt;p&gt;We discovered Townsends last night with their Forgotten  Hot Drinks of History video and ended up having tea before bed last night 😅 immediate subscribe.&lt;/p&gt;
&lt;/div&gt;","t1_nlr0d3x",,,,,,,,,,,"0",,"t1_nlqjkdi",,"nlr0d3x","t3_1ohrzix","2026-05-05T01:01:21.166Z",,,,"40","https://www.reddit.com/r/aldi/comments/1ohrzix/found_on_tiktok/nlr0d3x/","t2_13sc2p4v8r","DickBiter1337"
,"&gt;  Victorian era recession food

example?","aldi","r/aldi","2025-10-28T02:43:55.000Z","comment",,"&lt;div class=""md""&gt;&lt;blockquote&gt;
&lt;p&gt;Victorian era recession food&lt;/p&gt;
&lt;/blockquote&gt;

&lt;p&gt;example?&lt;/p&gt;
&lt;/div&gt;","t1_nlrgmgr",,,,,,,,,,,"1",,"t1_nlqjkdi",,"nlrgmgr","t3_1ohrzix","2026-05-05T01:01:21.166Z",,,,"9","https://www.reddit.com/r/aldi/comments/1ohrzix/found_on_tiktok/nlrgmgr/","t2_28lt0r1c","throwthisawayred2"
,"Haaa same","aldi","r/aldi","2026-04-18T00:04:01.000Z","comment",,"&lt;div class=""md""&gt;&lt;p&gt;Haaa same&lt;/p&gt;
&lt;/div&gt;","t1_ogt6i5v",,,,,,,,,,,"0",,"t1_ogsykdc",,"ogt6i5v","t3_1soazbt","2026-05-05T01:01:19.932Z",,,,"6","https://www.reddit.com/r/aldi/comments/1soazbt/every_day_we_drift_further_from_god/ogt6i5v/","t2_vgaleynb","Consistent_Safe430"
,"I live in an area where we never got self checkout. The cashiers go so fast and set up the next line to call for backup and the crowds die down rather quickly","aldi","r/aldi","2025-10-13T18:20:07.000Z","comment",,"&lt;div class=""md""&gt;&lt;p&gt;I live in an area where we never got self checkout. The cashiers go so fast and set up the next line to call for backup and the crowds die down rather quickly&lt;/p&gt;
&lt;/div&gt;","t1_njbc12w",,,,,,,,,,,"11",,"t3_1o5rbjd",,"njbc12w","t3_1o5rbjd","2026-05-05T01:01:21.945Z",,,,"2018","https://www.reddit.com/r/aldi/comments/1o5rbjd/lines_after_selfcheckout_removal/njbc12w/","t2_armvb","Staplebattery"
,"For example, one kind of big deal is meat and soup/stew. You were able to feed more people nutrients by putting meat into a soup or stew than you were able to by giving cooked meat. This was mostly because you got a broth that had some nutrients in it that could be shared with more people.

Beans, grains, soups, and breads. Even covering the shortage of wheat in England leading to using potatoes and other grains for breads because flour was too expensive. Of course they also used a bit of ash and maybe sawdust too, but yeah.","aldi","r/aldi","2025-10-28T03:37:39.000Z","comment",,"&lt;div class=""md""&gt;&lt;p&gt;For example, one kind of big deal is meat and soup/stew. You were able to feed more people nutrients by putting meat into a soup or stew than you were able to by giving cooked meat. This was mostly because you got a broth that had some nutrients in it that could be shared with more people.&lt;/p&gt;

&lt;p&gt;Beans, grains, soups, and breads. Even covering the shortage of wheat in England leading to using potatoes and other grains for breads because flour was too expensive. Of course they also used a bit of ash and maybe sawdust too, but yeah.&lt;/p&gt;
&lt;/div&gt;","t1_nlrp67r",,,,,,,,,,,"2",,"t1_nlrgmgr",,"nlrp67r","t3_1ohrzix","2026-05-05T01:01:21.166Z",,,,"26","https://www.reddit.com/r/aldi/comments/1ohrzix/found_on_tiktok/nlrp67r/","t2_19rgo3foel","Jaded_Freedom8105"
,"From my experience aldi cashiers are very fast and efficient.   It’s usually the customers that slow it down.","aldi","r/aldi","2025-10-13T19:30:31.000Z","comment",,"&lt;div class=""md""&gt;&lt;p&gt;From my experience aldi cashiers are very fast and efficient.   It’s usually the customers that slow it down.&lt;/p&gt;
&lt;/div&gt;","t1_njbqckw",,,,,,,,,,,"3",,"t1_njbc12w",,"njbqckw","t3_1o5rbjd","2026-05-05T01:01:21.945Z",,,,"979","https://www.reddit.com/r/aldi/comments/1o5rbjd/lines_after_selfcheckout_removal/njbqckw/","t2_3rzlenv6","Mantic0282"
,"Yep, like waiting until the cashier's done ringing everything up to dig around in their wallet or purse for their credit card. Like, you couldn't have had that ready to go?  Or God forbid dig around for their money if they're paying cash.","aldi","r/aldi","2025-10-13T20:21:21.000Z","comment",,"&lt;div class=""md""&gt;&lt;p&gt;Yep, like waiting until the cashier&amp;#39;s done ringing everything up to dig around in their wallet or purse for their credit card. Like, you couldn&amp;#39;t have had that ready to go?  Or God forbid dig around for their money if they&amp;#39;re paying cash.&lt;/p&gt;
&lt;/div&gt;","t1_njc0fso",,,,,,,,,,,"10",,"t1_njbqckw",,"njc0fso","t3_1o5rbjd","2026-05-05T01:01:21.945Z",,,,"313","https://www.reddit.com/r/aldi/comments/1o5rbjd/lines_after_selfcheckout_removal/njc0fso/","t2_hnh8t","MOTwingle"
,"Not just ready to go, it can be scanned before the cashier is done.","aldi","r/aldi","2025-10-13T20:35:43.000Z","comment",,"&lt;div class=""md""&gt;&lt;p&gt;Not just ready to go, it can be scanned before the cashier is done.&lt;/p&gt;
&lt;/div&gt;","t1_njc3bx2",,,,,,,,,,,"2",,"t1_njc0fso",,"njc3bx2","t3_1o5rbjd","2026-05-05T01:01:21.945Z",,,,"141","https://www.reddit.com/r/aldi/comments/1o5rbjd/lines_after_selfcheckout_removal/njc3bx2/","t2_c124b","FrenchTicklerOrange"
,"Oh, maybe this bread contains alum and chalk,

Or sawdust chopped up very fine,

Or gypsum in powder about which they talk,

Terra alba just out of the mine.

And our faith in the butter is apt to be weak,

For we haven’t a good place to pin it

Annato’s so yellow and beef fat so sleek,

Oh, I wish I could know what is in it?

-government food chemist Harvey Wiley","aldi","r/aldi","2025-10-28T15:40:32.000Z","comment",,"&lt;div class=""md""&gt;&lt;p&gt;Oh, maybe this bread contains alum and chalk,&lt;/p&gt;

&lt;p&gt;Or sawdust chopped up very fine,&lt;/p&gt;

&lt;p&gt;Or gypsum in powder about which they talk,&lt;/p&gt;

&lt;p&gt;Terra alba just out of the mine.&lt;/p&gt;

&lt;p&gt;And our faith in the butter is apt to be weak,&lt;/p&gt;

&lt;p&gt;For we haven’t a good place to pin it&lt;/p&gt;

&lt;p&gt;Annato’s so yellow and beef fat so sleek,&lt;/p&gt;

&lt;p&gt;Oh, I wish I could know what is in it?&lt;/p&gt;

&lt;p&gt;-government food chemist Harvey Wiley&lt;/p&gt;
&lt;/div&gt;","t1_nluflm5",,,,,,,,,,,"1",,"t1_nlrp67r",,"nluflm5","t3_1ohrzix","2026-05-05T01:01:21.166Z",,,,"10","https://www.reddit.com/r/aldi/comments/1ohrzix/found_on_tiktok/nluflm5/","t2_13ykyp","driving26inorovalley"
,"Ah the more things change, the more they stay the same.","aldi","r/aldi","2025-10-28T15:44:51.000Z","comment",,"&lt;div class=""md""&gt;&lt;p&gt;Ah the more things change, the more they stay the same.&lt;/p&gt;
&lt;/div&gt;","t1_nlugi1c",,,,,,,,,,,"0",,"t1_nluflm5",,"nlugi1c","t3_1ohrzix","2026-05-05T01:01:21.166Z",,,,"4","https://www.reddit.com/r/aldi/comments/1ohrzix/found_on_tiktok/nlugi1c/","t2_19rgo3foel","Jaded_Freedom8105"
,"when i was a cashier it made me so mad when people did that. now, if i make a mistake it involves a refund rather than just taking it off the computer","aldi","r/aldi","2025-10-13T21:30:02.000Z","comment",,"&lt;div class=""md""&gt;&lt;p&gt;when i was a cashier it made me so mad when people did that. now, if i make a mistake it involves a refund rather than just taking it off the computer&lt;/p&gt;
&lt;/div&gt;","t1_njcdyee",,,,,,,,,,,"4",,"t1_njc3bx2",,"njcdyee","t3_1o5rbjd","2026-05-05T01:01:21.945Z",,,,"66","https://www.reddit.com/r/aldi/comments/1o5rbjd/lines_after_selfcheckout_removal/njcdyee/","t2_sbsbcgsc","No_House5577"
,"Beans and rice(at least nowadays, back then they didn't know rice was the king of caloric efficiency) are the O-mothafuckin-G of sustenance in poverty.","aldi","r/aldi","2025-10-28T16:48:13.000Z","comment",,"&lt;div class=""md""&gt;&lt;p&gt;Beans and rice(at least nowadays, back then they didn&amp;#39;t know rice was the king of caloric efficiency) are the O-mothafuckin-G of sustenance in poverty.&lt;/p&gt;
&lt;/div&gt;","t1_nlutmr2",,,,,,,,,,,"2",,"t1_nlrp67r",,"nlutmr2","t3_1ohrzix","2026-05-05T01:01:21.166Z",,,,"6","https://www.reddit.com/r/aldi/comments/1ohrzix/found_on_tiktok/nlutmr2/","t2_16og6go4do","Outrageous-Orange007"
,"The cashiers by me tell people to swipe while they’re scanning…","aldi","r/aldi","2025-10-13T21:36:44.000Z","comment",,"&lt;div class=""md""&gt;&lt;p&gt;The cashiers by me tell people to swipe while they’re scanning…&lt;/p&gt;
&lt;/div&gt;","t1_njcf79t",,,,,,,,,,,"2",,"t1_njcdyee",,"njcf79t","t3_1o5rbjd","2026-05-05T01:01:21.945Z",,,,"63","https://www.reddit.com/r/aldi/comments/1o5rbjd/lines_after_selfcheckout_removal/njcf79t/","t2_140zla","DoublePostedBroski"
,"A big part of that is because you get all the essential amino acids when you mix rice and beans.

Rice is low in the amino acid lysine, while beans are low in the amino acid methionine. The two foods complement each other's amino acid profiles.","aldi","r/aldi","2025-10-30T13:30:14.000Z","comment",,"&lt;div class=""md""&gt;&lt;p&gt;A big part of that is because you get all the essential amino acids when you mix rice and beans.&lt;/p&gt;

&lt;p&gt;Rice is low in the amino acid lysine, while beans are low in the amino acid methionine. The two foods complement each other&amp;#39;s amino acid profiles.&lt;/p&gt;
&lt;/div&gt;","t1_nm6t22u",,,,,,,,,,,"0",,"t1_nlutmr2",,"nm6t22u","t3_1ohrzix","2026-05-05T01:01:21.166Z",,,,"3","https://www.reddit.com/r/aldi/comments/1ohrzix/found_on_tiktok/nm6t22u/","t2_e3oa1z41t","PissPhlaps"
,"Okay I nearly spit my food out laughing 🤣 ","aldi","r/aldi","2026-04-18T00:02:19.000Z","comment",,"&lt;div class=""md""&gt;&lt;p&gt;Okay I nearly spit my food out laughing 🤣 &lt;/p&gt;
&lt;/div&gt;","t1_ogt680a",,,,,,,,,,,"0",,"t1_ogs112e",,"ogt680a","t3_1soazbt","2026-05-05T01:01:19.932Z",,,,"11","https://www.reddit.com/r/aldi/comments/1soazbt/every_day_we_drift_further_from_god/ogt680a/","t2_4rm2k","bittertea"
,"50% of the customers just stare at you when you tell them that and don’t do it. It’s like there’s a spot on the floor that puts them into sleep mode.","aldi","r/aldi","2025-10-14T10:56:19.000Z","comment",,"&lt;div class=""md""&gt;&lt;p&gt;50% of the customers just stare at you when you tell them that and don’t do it. It’s like there’s a spot on the floor that puts them into sleep mode.&lt;/p&gt;
&lt;/div&gt;","t1_njfeg0k",,,,,,,,,,,"0",,"t1_njcf79t",,"njfeg0k","t3_1o5rbjd","2026-05-05T01:01:21.945Z",,,,"7","https://www.reddit.com/r/aldi/comments/1o5rbjd/lines_after_selfcheckout_removal/njfeg0k/","t2_n85boryo1","MammothCancel6465"
,"Yep!

I like stuffed cabbage as a poverty dinner too. Pound of beef, 1/2 cup of rice to stretch it out, diced tomatoes, and some salt and pepper mixed together. Boil a cabbage, trim the stem out, put the mix in the leaf, roll it, and put it in a pan. Pour more diced tomatoes on top and make sure the liquid coats the bottom of the pan, cover, and bake.","aldi","r/aldi","2025-10-28T16:54:06.000Z","comment",,"&lt;div class=""md""&gt;&lt;p&gt;Yep!&lt;/p&gt;

&lt;p&gt;I like stuffed cabbage as a poverty dinner too. Pound of beef, 1/2 cup of rice to stretch it out, diced tomatoes, and some salt and pepper mixed together. Boil a cabbage, trim the stem out, put the mix in the leaf, roll it, and put it in a pan. Pour more diced tomatoes on top and make sure the liquid coats the bottom of the pan, cover, and bake.&lt;/p&gt;
&lt;/div&gt;","t1_nluuvth",,,,,,,,,,,"1",,"t1_nlutmr2",,"nluuvth","t3_1ohrzix","2026-05-05T01:01:21.166Z",,,,"2","https://www.reddit.com/r/aldi/comments/1ohrzix/found_on_tiktok/nluuvth/","t2_19rgo3foel","Jaded_Freedom8105"
,"Lmfao","aldi","r/aldi","2026-04-17T23:23:34.000Z","comment",,"&lt;div class=""md""&gt;&lt;p&gt;Lmfao&lt;/p&gt;
&lt;/div&gt;","t1_ogszlbs",,,,,,,,,,,"0",,"t1_ogs112e",,"ogszlbs","t3_1soazbt","2026-05-05T01:01:19.932Z",,,,"5","https://www.reddit.com/r/aldi/comments/1soazbt/every_day_we_drift_further_from_god/ogszlbs/","t2_a4z7h","pierogi420"
,"Similar to the Polish gołąbki.","aldi","r/aldi","2025-10-30T13:31:59.000Z","comment",,"&lt;div class=""md""&gt;&lt;p&gt;Similar to the Polish gołąbki.&lt;/p&gt;
&lt;/div&gt;","t1_nm6te1s",,,,,,,,,,,"1",,"t1_nluuvth",,"nm6te1s","t3_1ohrzix","2026-05-05T01:01:21.166Z",,,,"2","https://www.reddit.com/r/aldi/comments/1ohrzix/found_on_tiktok/nm6te1s/","t2_e3oa1z41t","PissPhlaps"
,"I used to work at blockbuster.   On a Friday night the line was easily 20-30 minutes.  If someone got to the front and had to dig in their purse or flip through their wallet, I would take the next person.   I know you can’t do that at the grocery store, but it rarely happened twice to the same person.","aldi","r/aldi","2025-10-13T21:47:59.000Z","comment",,"&lt;div class=""md""&gt;&lt;p&gt;I used to work at blockbuster.   On a Friday night the line was easily 20-30 minutes.  If someone got to the front and had to dig in their purse or flip through their wallet, I would take the next person.   I know you can’t do that at the grocery store, but it rarely happened twice to the same person.&lt;/p&gt;
&lt;/div&gt;","t1_njch9mk",,,,,,,,,,,"4",,"t1_njcdyee",,"njch9mk","t3_1o5rbjd","2026-05-05T01:01:21.945Z",,,,"56","https://www.reddit.com/r/aldi/comments/1o5rbjd/lines_after_selfcheckout_removal/njch9mk/","t2_9h19f3x","hokiewankenobi"
,"![gif](giphy|wR7LHlfuRUjHW|downsized)","aldi","r/aldi","2026-04-19T01:48:19.000Z","comment",,"&lt;div class=""md""&gt;&lt;p&gt;&lt;a href=""https://giphy.com/gifs/wR7LHlfuRUjHW"" target=""_blank""&gt;https://giphy.com/gifs/wR7LHlfuRUjHW&lt;/a&gt;&lt;/p&gt;
&lt;/div&gt;","t1_oh03722",,,,,,,,,,,"0",,"t1_ogs112e",,"oh03722","t3_1soazbt","2026-05-05T01:01:19.932Z",,,,"2","https://www.reddit.com/r/aldi/comments/1soazbt/every_day_we_drift_further_from_god/oh03722/","t2_stcs2yap","TheLeoMrs"
,"It should be roughly the same. My godmother showed me and she's Polish.","aldi","r/aldi","2025-10-30T14:15:29.000Z","comment",,"&lt;div class=""md""&gt;&lt;p&gt;It should be roughly the same. My godmother showed me and she&amp;#39;s Polish.&lt;/p&gt;
&lt;/div&gt;","t1_nm71ybm",,,,,,,,,,,"0",,"t1_nm6te1s",,"nm71ybm","t3_1ohrzix","2026-05-05T01:01:21.166Z",,,,"2","https://www.reddit.com/r/aldi/comments/1ohrzix/found_on_tiktok/nm71ybm/","t2_19rgo3foel","Jaded_Freedom8105"
,"And look what your vigilante line justice did to blockbuster..","aldi","r/aldi","2025-10-14T01:11:22.000Z","comment",,"&lt;div class=""md""&gt;&lt;p&gt;And look what your vigilante line justice did to blockbuster..&lt;/p&gt;
&lt;/div&gt;","t1_njdga84",,,,,,,,,,,"1",,"t1_njch9mk",,"njdga84","t3_1o5rbjd","2026-05-05T01:01:21.945Z",,,,"110","https://www.reddit.com/r/aldi/comments/1o5rbjd/lines_after_selfcheckout_removal/njdga84/","t2_70vek0u0","DarthRizzo87"
,"I absolutely love Townsends. I found Tasting History through them as well, which is awesome.","aldi","r/aldi","2025-10-30T13:26:05.000Z","comment",,"&lt;div class=""md""&gt;&lt;p&gt;I absolutely love Townsends. I found Tasting History through them as well, which is awesome.&lt;/p&gt;
&lt;/div&gt;","t1_nm6s9qh",,,,,,,,,,,"0",,"t1_nlqjkdi",,"nm6s9qh","t3_1ohrzix","2026-05-05T01:01:21.166Z",,,,"3","https://www.reddit.com/r/aldi/comments/1ohrzix/found_on_tiktok/nm6s9qh/","t2_e3oa1z41t","PissPhlaps"
,"Ha! I found a handwritten copy of my late grandmother’s recipe for this. She did include the pineapples. She was pretty buttoned up so I had to laugh at her writing out “better than sex” - I wonder if she was scandalised, or if she thought it was funny. Thanks for bringing up this memory :)","aldi","r/aldi","2026-04-17T21:05:38.000Z","comment",,"&lt;div class=""md""&gt;&lt;p&gt;Ha! I found a handwritten copy of my late grandmother’s recipe for this. She did include the pineapples. She was pretty buttoned up so I had to laugh at her writing out “better than sex” - I wonder if she was scandalised, or if she thought it was funny. Thanks for bringing up this memory :)&lt;/p&gt;
&lt;/div&gt;","t1_ogsai16",,,,,,,,,,,"4",,"t1_ogryesm",,"ogsai16","t3_1soazbt","2026-05-05T01:01:19.932Z",,,,"45","https://www.reddit.com/r/aldi/comments/1soazbt/every_day_we_drift_further_from_god/ogsai16/","t2_9q63n","ralphjuneberry"
,"Hahahaha!!!","aldi","r/aldi","2025-10-14T01:24:50.000Z","comment",,"&lt;div class=""md""&gt;&lt;p&gt;Hahahaha!!!&lt;/p&gt;
&lt;/div&gt;","t1_njdike8",,,,,,,,,,,"1",,"t1_njdga84",,"njdike8","t3_1o5rbjd","2026-05-05T01:01:21.945Z",,,,"28","https://www.reddit.com/r/aldi/comments/1o5rbjd/lines_after_selfcheckout_removal/njdike8/","t2_9h19f3x","hokiewankenobi"
,"Man same exact thing with my grandma, she made a cook book also and I just found the recipe! She was so nice and tiny but she could cook better than anyone and don’t piss her off cause she was a dead shot on anything under 260 yds lol","aldi","r/aldi","2026-04-17T22:14:40.000Z","comment",,"&lt;div class=""md""&gt;&lt;p&gt;Man same exact thing with my grandma, she made a cook book also and I just found the recipe! She was so nice and tiny but she could cook better than anyone and don’t piss her off cause she was a dead shot on anything under 260 yds lol&lt;/p&gt;
&lt;/div&gt;","t1_ogsnl1g",,,,,,,,,,,"0",,"t1_ogsai16",,"ogsnl1g","t3_1soazbt","2026-05-05T01:01:19.932Z",,,,"16","https://www.reddit.com/r/aldi/comments/1soazbt/every_day_we_drift_further_from_god/ogsnl1g/","t2_21ijdxazvs","mynamesJeff998"
,"Dollar Tree Dinners as well.","aldi","r/aldi","2025-10-28T00:36:33.000Z","comment",,"&lt;div class=""md""&gt;&lt;p&gt;Dollar Tree Dinners as well.&lt;/p&gt;
&lt;/div&gt;","t1_nlqu0d8",,,,,,,,,,,"1",,"t1_nlqhkc3",,"nlqu0d8","t3_1ohrzix","2026-05-05T01:01:21.166Z",,,,"35","https://www.reddit.com/r/aldi/comments/1ohrzix/found_on_tiktok/nlqu0d8/","t2_6nkr9u68","ausername_8"
,"I’ll never forgive you 🥲","aldi","r/aldi","2025-10-14T02:07:21.000Z","comment",,"&lt;div class=""md""&gt;&lt;p&gt;I’ll never forgive you 🥲&lt;/p&gt;
&lt;/div&gt;","t1_njdppfb",,,,,,,,,,,"0",,"t1_njdike8",,"njdppfb","t3_1o5rbjd","2026-05-05T01:01:21.945Z",,,,"16","https://www.reddit.com/r/aldi/comments/1o5rbjd/lines_after_selfcheckout_removal/njdppfb/","t2_khchlnayy","Ethereal_Glimmer"
,"This just made me so nostalgic. I wish for those days again.","aldi","r/aldi","2025-10-13T22:44:44.000Z","comment",,"&lt;div class=""md""&gt;&lt;p&gt;This just made me so nostalgic. I wish for those days again.&lt;/p&gt;
&lt;/div&gt;","t1_njcr8ly",,,,,,,,,,,"1",,"t1_njch9mk",,"njcr8ly","t3_1o5rbjd","2026-05-05T01:01:21.945Z",,,,"30","https://www.reddit.com/r/aldi/comments/1o5rbjd/lines_after_selfcheckout_removal/njcr8ly/","t2_w0prj","myloveislikewoah"
,"i use to work at hollywood video, man i wish i worked at blockbuster because they made us wear stupid bow ties and white shirts that were a pain to keep clean.","aldi","r/aldi","2025-10-13T23:35:40.000Z","comment",,"&lt;div class=""md""&gt;&lt;p&gt;i use to work at hollywood video, man i wish i worked at blockbuster because they made us wear stupid bow ties and white shirts that were a pain to keep clean.&lt;/p&gt;
&lt;/div&gt;","t1_njczzdl",,,,,,,,,,,"0",,"t1_njcr8ly",,"njczzdl","t3_1o5rbjd","2026-05-05T01:01:21.945Z",,,,"19","https://www.reddit.com/r/aldi/comments/1o5rbjd/lines_after_selfcheckout_removal/njczzdl/","t2_15fch3","Dabnician"
,"That’s my greatest fear. Not being ready when it’s my turn in line.","aldi","r/aldi","2025-10-14T14:00:56.000Z","comment",,"&lt;div class=""md""&gt;&lt;p&gt;That’s my greatest fear. Not being ready when it’s my turn in line.&lt;/p&gt;
&lt;/div&gt;","t1_njg6sfh",,,,,,,,,,,"0",,"t1_njch9mk",,"njg6sfh","t3_1o5rbjd","2026-05-05T01:01:21.945Z",,,,"4","https://www.reddit.com/r/aldi/comments/1o5rbjd/lines_after_selfcheckout_removal/njg6sfh/","t2_lmnftjwh8","thatsnotyourtaco"
,"Not sure of your POS system but most don't required that unless you've tendered it already. If you're still scanning, you cant tender.","aldi","r/aldi","2025-10-13T22:14:18.000Z","comment",,"&lt;div class=""md""&gt;&lt;p&gt;Not sure of your POS system but most don&amp;#39;t required that unless you&amp;#39;ve tendered it already. If you&amp;#39;re still scanning, you cant tender.&lt;/p&gt;
&lt;/div&gt;","t1_njcm066",,,,,,,,,,,"3",,"t1_njcdyee",,"njcm066","t3_1o5rbjd","2026-05-05T01:01:21.945Z",,,,"11","https://www.reddit.com/r/aldi/comments/1o5rbjd/lines_after_selfcheckout_removal/njcm066/","t2_1y0jkzgiln","Inner-Manager021994"
,"….but my furry son had to demonstrate it.  

I may have to find another one! ",,"r/aldi","2026-02-22T20:00:00.000Z","post","USA (General)","&lt;!-- SC_OFF --&gt;&lt;div class=""md""&gt;&lt;p&gt;….but my furry son had to demonstrate it.  &lt;/p&gt;

&lt;p&gt;I may have to find another one! &lt;/p&gt;
&lt;/div&gt;&lt;!-- SC_ON --&gt;","t3_1rbvubw","https://i.redd.it/t19soymiq3lg1.jpg","https://i.redd.it/eq3d0ymiq3lg1.jpg","https://i.redd.it/qmlnjymiq3lg1.jpg","https://i.redd.it/ffuvkymiq3lg1.jpg",,,"false","false","https://www.reddit.com/gallery/1rbvubw","171",,"false",,"aldi","1rbvubw",,"2026-05-05T01:01:25.853Z","https://preview.redd.it/eq3d0ymiq3lg1.jpg?width=140&amp;height=140&amp;crop=1:1,smart&amp;auto=webp&amp;s=b1785edbed907ee23a92af2fcd0acfce26415039","I bought it for my granddaughter…","0.99","6249","https://www.reddit.com/r/aldi/comments/1rbvubw/i_bought_it_for_my_granddaughter/","t2_1ljd99nds4","PterodactyllPtits"
,"Posts and comments that don't follow r/aldi subreddit rules may be subject to removal. No Ai. Please see rules for more information. Please no false reports. This comment is completely automated.       


*I am a bot, and this action was performed automatically. Please [contact the moderators of this subreddit](/message/compose/?to=/r/aldi) if you have any questions or concerns.*","aldi","r/aldi","2026-02-22T20:00:00.000Z","comment",,"&lt;div class=""md""&gt;&lt;p&gt;Posts and comments that don&amp;#39;t follow &lt;a href=""/r/aldi""&gt;r/aldi&lt;/a&gt; subreddit rules may be subject to removal. No Ai. Please see rules for more information. Please no false reports. This comment is completely automated.       &lt;/p&gt;

&lt;p&gt;&lt;em&gt;I am a bot, and this action was performed automatically. Please &lt;a href=""/message/compose/?to=/r/aldi""&gt;contact the moderators of this subreddit&lt;/a&gt; if you have any questions or concerns.&lt;/em&gt;&lt;/p&gt;
&lt;/div&gt;","t1_o6twa3t",,,,,,,,,,,"0",,"t3_1rbvubw",,"o6twa3t","t3_1rbvubw","2026-05-05T01:01:25.972Z",,,,"1","https://www.reddit.com/r/aldi/comments/1rbvubw/i_bought_it_for_my_granddaughter/o6twa3t/","t2_6l4z3","AutoModerator"
,"Is your cat the granddaughter?","aldi","r/aldi","2026-02-22T20:03:22.000Z","comment",,"&lt;div class=""md""&gt;&lt;p&gt;Is your cat the granddaughter?&lt;/p&gt;
&lt;/div&gt;","t1_o6twym9",,,,,,,,,,,"2",,"t3_1rbvubw",,"o6twym9","t3_1rbvubw","2026-05-05T01:01:25.972Z",,,,"618","https://www.reddit.com/r/aldi/comments/1rbvubw/i_bought_it_for_my_granddaughter/o6twym9/","t2_k7we8","ririd123"
,"😂 no He isn’t lol he is my SON 🥹","aldi","r/aldi","2026-02-22T20:26:05.000Z","comment",,"&lt;div class=""md""&gt;&lt;p&gt;😂 no He isn’t lol he is my SON 🥹&lt;/p&gt;
&lt;/div&gt;","t1_o6u1fta",,,,,,,,,,,"5",,"t1_o6twym9",,"o6u1fta","t3_1rbvubw","2026-05-05T01:01:25.972Z",,,,"532","https://www.reddit.com/r/aldi/comments/1rbvubw/i_bought_it_for_my_granddaughter/o6u1fta/","t2_1ljd99nds4","PterodactyllPtits"
,"So you have a kitten in the house? Its for a grand cat?","aldi","r/aldi","2026-02-22T20:27:18.000Z","comment",,"&lt;div class=""md""&gt;&lt;p&gt;So you have a kitten in the house? Its for a grand cat?&lt;/p&gt;
&lt;/div&gt;","t1_o6u1ofr",,,,,,,,,,,"1",,"t1_o6u1fta",,"o6u1ofr","t3_1rbvubw","2026-05-05T01:01:25.972Z",,,,"129","https://www.reddit.com/r/aldi/comments/1rbvubw/i_bought_it_for_my_granddaughter/o6u1ofr/","t2_49081lp5","Mitsu-Zen"
,"No, it’s for the human granddaughter! But Inky seems to think it’s for him.  
The human baby is not walking yet, so she doesn’t mind.","aldi","r/aldi","2026-02-22T20:34:09.000Z","comment",,"&lt;div class=""md""&gt;&lt;p&gt;No, it’s for the human granddaughter! But Inky seems to think it’s for him.&lt;br/&gt;
The human baby is not walking yet, so she doesn’t mind.&lt;/p&gt;
&lt;/div&gt;","t1_o6u30ob",,,,,,,,,,,"1",,"t1_o6u1ofr",,"o6u30ob","t3_1rbvubw","2026-05-05T01:01:25.972Z",,,,"166","https://www.reddit.com/r/aldi/comments/1rbvubw/i_bought_it_for_my_granddaughter/o6u30ob/","t2_1ljd99nds4","PterodactyllPtits"
"tariffs gone rogue","OMG INKY THATS PRESH","aldi","r/aldi","2026-02-24T09:45:05.000Z","comment",,"&lt;div class=""md""&gt;&lt;p&gt;OMG INKY THATS PRESH&lt;/p&gt;
&lt;/div&gt;","t1_o73yu8c",,,,,,,,,,,"0",,"t1_o6u30ob",,"o73yu8c","t3_1rbvubw","2026-05-05T01:01:25.972Z",,,,"15","https://www.reddit.com/r/aldi/comments/1rbvubw/i_bought_it_for_my_granddaughter/o73yu8c/","t2_229d9p3w9y","Top_Lingonberry2324"
,"He’s going to recruit the granddaughter. Signs of conversion include meowing, sprouting of tail, destruction of property and a neverending desire for treats.","aldi","r/aldi","2026-02-22T23:29:31.000Z","comment",,"&lt;div class=""md""&gt;&lt;p&gt;He’s going to recruit the granddaughter. Signs of conversion include meowing, sprouting of tail, destruction of property and a neverending desire for treats.&lt;/p&gt;
&lt;/div&gt;","t1_o6v0ily",,,,,,,,,,,"1",,"t1_o6u1fta",,"o6v0ily","t3_1rbvubw","2026-05-05T01:01:25.972Z",,,,"46","https://www.reddit.com/r/aldi/comments/1rbvubw/i_bought_it_for_my_granddaughter/o6v0ily/","t2_18jlvsz480","Luci-Noir"
,"MeeMeow will keep her eyes open for signs 👀 🔍","aldi","r/aldi","2026-02-22T23:31:32.000Z","comment",,"&lt;div class=""md""&gt;&lt;p&gt;MeeMeow will keep her eyes open for signs 👀 🔍&lt;/p&gt;
&lt;/div&gt;","t1_o6v0v1y",,,,,,,,,,,"1",,"t1_o6v0ily",,"o6v0v1y","t3_1rbvubw","2026-05-05T01:01:25.972Z",,,,"26","https://www.reddit.com/r/aldi/comments/1rbvubw/i_bought_it_for_my_granddaughter/o6v0v1y/","t2_1ljd99nds4","PterodactyllPtits"
,"At least they’re union though. The Catsters have that good Nine Lives health insurance.","aldi","r/aldi","2026-02-22T23:32:16.000Z","comment",,"&lt;div class=""md""&gt;&lt;p&gt;At least they’re union though. The Catsters have that good Nine Lives health insurance.&lt;/p&gt;
&lt;/div&gt;","t1_o6v0zjq",,,,,,,,,,,"1",,"t1_o6v0v1y",,"o6v0zjq","t3_1rbvubw","2026-05-05T01:01:25.972Z",,,,"16","https://www.reddit.com/r/aldi/comments/1rbvubw/i_bought_it_for_my_granddaughter/o6v0zjq/","t2_18jlvsz480","Luci-Noir"
,"That Always On Your Feet™️ guarantee really gives you peace of mind.","aldi","r/aldi","2026-02-22T23:35:04.000Z","comment",,"&lt;div class=""md""&gt;&lt;p&gt;That Always On Your Feet™️ guarantee really gives you peace of mind.&lt;/p&gt;
&lt;/div&gt;","t1_o6v1gxv",,,,,,,,,,,"1",,"t1_o6v0zjq",,"o6v1gxv","t3_1rbvubw","2026-05-05T01:01:25.972Z",,,,"14","https://www.reddit.com/r/aldi/comments/1rbvubw/i_bought_it_for_my_granddaughter/o6v1gxv/","t2_1ljd99nds4","PterodactyllPtits"
,"Images:
	https://preview.redd.it/g5nq3lsnw3sg1.jpeg?auto=webp&amp;s=3699f0056afab920c9a8e93da006ab5bde5c378b
",,"r/aldi","2026-03-30T04:03:21.000Z","post","Humor ","Images:
	https://preview.redd.it/g5nq3lsnw3sg1.jpeg?auto=webp&amp;s=3699f0056afab920c9a8e93da006ab5bde5c378b
","t3_1s7g9z2","https://i.redd.it/g5nq3lsnw3sg1.jpeg",,,,,,"false","false","https://i.redd.it/g5nq3lsnw3sg1.jpeg","90",,"false",,"aldi","1s7g9z2",,"2026-05-05T01:01:27.234Z","https://preview.redd.it/g5nq3lsnw3sg1.jpeg?width=140&amp;height=140&amp;crop=1:1,smart&amp;auto=webp&amp;s=9463b090be5495424cb044ce6627da19c1739c49","Found a nice ad from Aldi in the newspaper","0.98","5053","https://www.reddit.com/r/aldi/comments/1s7g9z2/found_a_nice_ad_from_aldi_in_the_newspaper/","t2_qksjchj","therealsazerac"
,"Paws! Four paws of claws!","aldi","r/aldi","2026-02-22T23:35:37.000Z","comment",,"&lt;div class=""md""&gt;&lt;p&gt;Paws! Four paws of claws!&lt;/p&gt;
&lt;/div&gt;","t1_o6v1kha",,,,,,,,,,,"0",,"t1_o6v1gxv",,"o6v1kha","t3_1rbvubw","2026-05-05T01:01:25.972Z",,,,"10","https://www.reddit.com/r/aldi/comments/1rbvubw/i_bought_it_for_my_granddaughter/o6v1kha/","t2_18jlvsz480","Luci-Noir"
"Mod Bot 🤖","Mods have pinned a [comment](https://reddit.com/r/aldi/comments/1s7g9z2/found_a_nice_ad_from_aldi_in_the_newspaper/od983ar/) by u/enderjaca:

&gt; For those who don't get it, this is a fake ad in The Onion paper which is well known for being satire. 

**Note:** This is marked humor- allowed

^([What is Spotlight?](https://developers.reddit.com/apps/spotlight-app))","aldi","r/aldi","2026-03-30T15:11:23.000Z","comment",,"&lt;div class=""md""&gt;&lt;p&gt;Mods have pinned a &lt;a href=""https://reddit.com/r/aldi/comments/1s7g9z2/found_a_nice_ad_from_aldi_in_the_newspaper/od983ar/""&gt;comment&lt;/a&gt; by &lt;a href=""/u/enderjaca""&gt;u/enderjaca&lt;/a&gt;:&lt;/p&gt;

&lt;blockquote&gt;
&lt;p&gt;For those who don&amp;#39;t get it, this is a fake ad in The Onion paper which is well known for being satire. &lt;/p&gt;
&lt;/blockquote&gt;

&lt;p&gt;&lt;strong&gt;Note:&lt;/strong&gt; This is marked humor- allowed&lt;/p&gt;

&lt;p&gt;&lt;sup&gt;[What is Spotlight?](&lt;a href=""https://developers.reddit.com/apps/spotlight-app""&gt;https://developers.reddit.com/apps/spotlight-app&lt;/a&gt;&lt;/sup&gt;)&lt;/p&gt;
&lt;/div&gt;","t1_odbpha7",,,,,,,,,,,"0",,"t3_1s7g9z2",,"odbpha7","t3_1s7g9z2","2026-05-05T01:01:27.430Z",,,,"1","https://www.reddit.com/r/aldi/comments/1s7g9z2/found_a_nice_ad_from_aldi_in_the_newspaper/odbpha7/","t2_17wo36r6mi","spotlight-app"
,"Your son is perfect.","aldi","r/aldi","2026-02-23T01:13:20.000Z","comment",,"&lt;div class=""md""&gt;&lt;p&gt;Your son is perfect.&lt;/p&gt;
&lt;/div&gt;","t1_o6viklt",,,,,,,,,,,"2",,"t1_o6u1fta",,"o6viklt","t3_1rbvubw","2026-05-05T01:01:25.972Z",,,,"23","https://www.reddit.com/r/aldi/comments/1rbvubw/i_bought_it_for_my_granddaughter/o6viklt/","t2_dd13khgj","Sea-Adeptness-5245"
,"For those who don't get it, this is a fake ad in The Onion paper which is well known for being satire. ","aldi","r/aldi","2026-03-30T04:23:59.000Z","comment",,"&lt;div class=""md""&gt;&lt;p&gt;For those who don&amp;#39;t get it, this is a fake ad in The Onion paper which is well known for being satire. &lt;/p&gt;
&lt;/div&gt;","t1_od983ar",,,,,,,,,,,"9",,"t3_1s7g9z2",,"od983ar","t3_1s7g9z2","2026-05-05T01:01:27.430Z",,,,"1783","https://www.reddit.com/r/aldi/comments/1s7g9z2/found_a_nice_ad_from_aldi_in_the_newspaper/od983ar/","t2_2f95bz4l","enderjaca"
,"He truly is 🖤","aldi","r/aldi","2026-02-23T01:30:26.000Z","comment",,"&lt;div class=""md""&gt;&lt;p&gt;He truly is 🖤&lt;/p&gt;
&lt;/div&gt;","t1_o6vldz7",,,,,,,,,,,"0",,"t1_o6viklt",,"o6vldz7","t3_1rbvubw","2026-05-05T01:01:25.972Z",,,,"14","https://www.reddit.com/r/aldi/comments/1rbvubw/i_bought_it_for_my_granddaughter/o6vldz7/","t2_1ljd99nds4","PterodactyllPtits"
,"It should be a first glance type of thing. There is 0% chance that Aldi would use that language or tone.","aldi","r/aldi","2026-03-30T07:41:25.000Z","comment",,"&lt;div class=""md""&gt;&lt;p&gt;It should be a first glance type of thing. There is 0% chance that Aldi would use that language or tone.&lt;/p&gt;
&lt;/div&gt;","t1_od9ui4q",,,,,,,,,,,"3",,"t1_od983ar",,"od9ui4q","t3_1s7g9z2","2026-05-05T01:01:27.430Z",,,,"324","https://www.reddit.com/r/aldi/comments/1s7g9z2/found_a_nice_ad_from_aldi_in_the_newspaper/od9ui4q/","t2_67fzqy","AwsiDooger"
,"Dude it took years going from people assuming so much shit to people being hated on for assuming too much shit, and that's good but I don't want to go back to that time where people are simply supposed to assume shit and if they assumed wrong, they're laughed at and ridiculed.

Why can't pics like the OP not at least include the logo of the paper?","aldi","r/aldi","2026-03-30T12:26:30.000Z","comment",,"&lt;div class=""md""&gt;&lt;p&gt;Dude it took years going from people assuming so much shit to people being hated on for assuming too much shit, and that&amp;#39;s good but I don&amp;#39;t want to go back to that time where people are simply supposed to assume shit and if they assumed wrong, they&amp;#39;re laughed at and ridiculed.&lt;/p&gt;

&lt;p&gt;Why can&amp;#39;t pics like the OP not at least include the logo of the paper?&lt;/p&gt;
&lt;/div&gt;","t1_odatc8m",,,,,,,,,,,"2",,"t1_od9ui4q",,"odatc8m","t3_1s7g9z2","2026-05-05T01:01:27.430Z",,,,"60","https://www.reddit.com/r/aldi/comments/1s7g9z2/found_a_nice_ad_from_aldi_in_the_newspaper/odatc8m/","t2_dlugb","frisch85"
,"Purrfect. Fixed it for you.","aldi","r/aldi","2026-02-23T17:29:38.000Z","comment",,"&lt;div class=""md""&gt;&lt;p&gt;Purrfect. Fixed it for you.&lt;/p&gt;
&lt;/div&gt;","t1_o6zh0c7",,,,,,,,,,,"0",,"t1_o6viklt",,"o6zh0c7","t3_1rbvubw","2026-05-05T01:01:25.972Z",,,,"6","https://www.reddit.com/r/aldi/comments/1rbvubw/i_bought_it_for_my_granddaughter/o6zh0c7/","t2_b24b358z","lovestobitch-"
,"Guessing Aldi and Walmart uncrustables are made in the same place! Had to do a double take when Tetrising our groceries in the freezer. ",,"r/aldi","2025-12-13T02:10:55.000Z","post","USA (General)","&lt;!-- SC_OFF --&gt;&lt;div class=""md""&gt;&lt;p&gt;Guessing Aldi and Walmart uncrustables are made in the same place! Had to do a double take when Tetrising our groceries in the freezer. &lt;/p&gt;
&lt;/div&gt;&lt;!-- SC_ON --&gt;","t3_1pl9wyl","https://i.redd.it/idoj5z82rv6g1.jpeg",,,,,,"false","false","https://i.redd.it/idoj5z82rv6g1.jpeg","229",,"false",,"aldi","1pl9wyl",,"2026-05-05T01:01:28.136Z","https://b.thumbs.redditmedia.com/FrovjQYgwzpf1-hQuPAletvXtrjUqMe-gEOpFwmcXAM.jpg","Eye spy someone who isn’t supposed to be here","0.98","4899","https://www.reddit.com/r/aldi/comments/1pl9wyl/eye_spy_someone_who_isnt_supposed_to_be_here/","t2_1c8powpb2j","FuckMikeMilez"
,"Posts and comments that don't follow r/aldi subreddit rules may be subject to removal. Please see rules for more information. This comment is completely automated.       


*I am a bot, and this action was performed automatically. Please [contact the moderators of this subreddit](/message/compose/?to=/r/aldi) if you have any questions or concerns.*","aldi","r/aldi","2025-12-13T02:10:58.000Z","comment",,"&lt;div class=""md""&gt;&lt;p&gt;Posts and comments that don&amp;#39;t follow &lt;a href=""/r/aldi""&gt;r/aldi&lt;/a&gt; subreddit rules may be subject to removal. Please see rules for more information. This comment is completely automated.       &lt;/p&gt;

&lt;p&gt;&lt;em&gt;I am a bot, and this action was performed automatically. Please &lt;a href=""/message/compose/?to=/r/aldi""&gt;contact the moderators of this subreddit&lt;/a&gt; if you have any questions or concerns.&lt;/em&gt;&lt;/p&gt;
&lt;/div&gt;","t1_ntr04zh",,,,,,,,,,,"0",,"t3_1pl9wyl",,"ntr04zh","t3_1pl9wyl","2026-05-05T01:01:28.205Z",,,,"1","https://www.reddit.com/r/aldi/comments/1pl9wyl/eye_spy_someone_who_isnt_supposed_to_be_here/ntr04zh/","t2_6l4z3","AutoModerator"
,"Yeah, the OP's just trying to be cute by saying 'the newspaper' instead of 'the Onion.' By 'cute' I apparently mean 'deliberately confusing.' ","aldi","r/aldi","2026-03-30T19:57:58.000Z","comment",,"&lt;div class=""md""&gt;&lt;p&gt;Yeah, the OP&amp;#39;s just trying to be cute by saying &amp;#39;the newspaper&amp;#39; instead of &amp;#39;the Onion.&amp;#39; By &amp;#39;cute&amp;#39; I apparently mean &amp;#39;deliberately confusing.&amp;#39; &lt;/p&gt;
&lt;/div&gt;","t1_oddg10e",,,,,,,,,,,"0",,"t1_odatc8m",,"oddg10e","t3_1s7g9z2","2026-05-05T01:01:27.430Z",,,,"22","https://www.reddit.com/r/aldi/comments/1s7g9z2/found_a_nice_ad_from_aldi_in_the_newspaper/oddg10e/","t2_tg7mo","dorkysomniloquist"
,"[deleted]","aldi","r/aldi","2025-12-13T02:14:23.000Z","comment",,"&lt;div class=""md""&gt;&lt;p&gt;[deleted]&lt;/p&gt;
&lt;/div&gt;","t1_ntr0nu4",,,,,,,,,,,"7",,"t3_1pl9wyl",,"ntr0nu4","t3_1pl9wyl","2026-05-05T01:01:28.205Z",,,,"833","https://www.reddit.com/r/aldi/comments/1pl9wyl/eye_spy_someone_who_isnt_supposed_to_be_here/ntr0nu4/",,"[deleted]"
,"That is your son’s shopping cart now. You must buy another for your granddaughter.","aldi","r/aldi","2026-02-23T22:39:07.000Z","comment",,"&lt;div class=""md""&gt;&lt;p&gt;That is your son’s shopping cart now. You must buy another for your granddaughter.&lt;/p&gt;
&lt;/div&gt;","t1_o71a43p",,,,,,,,,,,"0",,"t1_o6u1fta",,"o71a43p","t3_1rbvubw","2026-05-05T01:01:25.972Z",,,,"6","https://www.reddit.com/r/aldi/comments/1rbvubw/i_bought_it_for_my_granddaughter/o71a43p/","t2_udquppmh","MizPeachyKeen"
,"Yeah why should this ""person"" above me have to read more than a headline or look at more than 1 picture to get the full story! 

If it can't fit in more than 1 sentence or 1 picture then why bother!","aldi","r/aldi","2026-03-30T13:53:31.000Z","comment",,"&lt;div class=""md""&gt;&lt;p&gt;Yeah why should this &amp;quot;person&amp;quot; above me have to read more than a headline or look at more than 1 picture to get the full story! &lt;/p&gt;

&lt;p&gt;If it can&amp;#39;t fit in more than 1 sentence or 1 picture then why bother!&lt;/p&gt;
&lt;/div&gt;","t1_odb9aza",,,,,,,,,,,"0",,"t1_odatc8m",,"odb9aza","t3_1s7g9z2","2026-05-05T01:01:27.430Z",,,,"-2","https://www.reddit.com/r/aldi/comments/1s7g9z2/found_a_nice_ad_from_aldi_in_the_newspaper/odb9aza/","t2_acsfv","Hanifsefu"
,"It seemed...out of character for sure ","aldi","r/aldi","2026-03-30T13:58:55.000Z","comment",,"&lt;div class=""md""&gt;&lt;p&gt;It seemed...out of character for sure &lt;/p&gt;
&lt;/div&gt;","t1_odbadug",,,,,,,,,,,"0",,"t1_od9ui4q",,"odbadug","t3_1s7g9z2","2026-05-05T01:01:27.430Z",,,,"6","https://www.reddit.com/r/aldi/comments/1s7g9z2/found_a_nice_ad_from_aldi_in_the_newspaper/odbadug/","t2_dbkwikb","rocketsalesman"
,"Yogurt is mostly Chobani. (I'm in the deep South but have used USDA codes to check.)

[https://www.whereismymilkfrom.com/](https://www.whereismymilkfrom.com/)

Anyone can easily check dairy and see who (usually local) is supplying your goods.","aldi","r/aldi","2025-12-13T02:20:46.000Z","comment",,"&lt;div class=""md""&gt;&lt;p&gt;Yogurt is mostly Chobani. (I&amp;#39;m in the deep South but have used USDA codes to check.)&lt;/p&gt;

&lt;p&gt;&lt;a href=""https://www.whereismymilkfrom.com/""&gt;https://www.whereismymilkfrom.com/&lt;/a&gt;&lt;/p&gt;

&lt;p&gt;Anyone can easily check dairy and see who (usually local) is supplying your goods.&lt;/p&gt;
&lt;/div&gt;","t1_ntr1mgl",,,,,,,,,,,"8",,"t1_ntr0nu4",,"ntr1mgl","t3_1pl9wyl","2026-05-05T01:01:28.205Z",,,,"407","https://www.reddit.com/r/aldi/comments/1pl9wyl/eye_spy_someone_who_isnt_supposed_to_be_here/ntr1mgl/","t2_127ua4","omegaoutlier"
"Mod","Can confirm it's chobani :) Family member works for them.","aldi","r/aldi","2025-12-13T02:35:29.000Z","comment",,"&lt;div class=""md""&gt;&lt;p&gt;Can confirm it&amp;#39;s chobani :) Family member works for them.&lt;/p&gt;
&lt;/div&gt;","t1_ntr3tsf",,,,,,,,,,,"1",,"t1_ntr1mgl",,"ntr3tsf","t3_1pl9wyl","2026-05-05T01:01:28.205Z",,,,"176","https://www.reddit.com/r/aldi/comments/1pl9wyl/eye_spy_someone_who_isnt_supposed_to_be_here/ntr3tsf/","t2_55kwptun","LuLuFromValinor"
,"Actually they do snarky and silly social media posts sometimes ","aldi","r/aldi","2026-03-31T14:33:56.000Z","comment",,"&lt;div class=""md""&gt;&lt;p&gt;Actually they do snarky and silly social media posts sometimes &lt;/p&gt;
&lt;/div&gt;","t1_odibix5",,,,,,,,,,,"0",,"t1_od9ui4q",,"odibix5","t3_1s7g9z2","2026-05-05T01:01:27.430Z",,,,"2","https://www.reddit.com/r/aldi/comments/1s7g9z2/found_a_nice_ad_from_aldi_in_the_newspaper/odibix5/","t2_nr73k4e1t","No-Nothing-5754"
,"Don’t worry. Someone on Facebook will post their outrage instead of doing the most minimal of research. ","aldi","r/aldi","2026-03-30T08:16:10.000Z","comment",,"&lt;div class=""md""&gt;&lt;p&gt;Don’t worry. Someone on Facebook will post their outrage instead of doing the most minimal of research. &lt;/p&gt;
&lt;/div&gt;","t1_od9y4dw",,,,,,,,,,,"0",,"t1_od983ar",,"od9y4dw","t3_1s7g9z2","2026-05-05T01:01:27.430Z",,,,"87","https://www.reddit.com/r/aldi/comments/1s7g9z2/found_a_nice_ad_from_aldi_in_the_newspaper/od9y4dw/","t2_ut223n0t","LemonPartyW0rldTour"
,"Which ones? I've never liked any aldi brand yogurts I've tried but I like chobani.","aldi","r/aldi","2025-12-13T03:16:37.000Z","comment",,"&lt;div class=""md""&gt;&lt;p&gt;Which ones? I&amp;#39;ve never liked any aldi brand yogurts I&amp;#39;ve tried but I like chobani.&lt;/p&gt;
&lt;/div&gt;","t1_ntr9y7c",,,,,,,,,,,"3",,"t1_ntr3tsf",,"ntr9y7c","t3_1pl9wyl","2026-05-05T01:01:28.205Z",,,,"63","https://www.reddit.com/r/aldi/comments/1pl9wyl/eye_spy_someone_who_isnt_supposed_to_be_here/ntr9y7c/","t2_15xnpu","ganjgang123"
,"Erika Kirk is going to try and sue them for slander ","aldi","r/aldi","2026-03-30T11:16:19.000Z","comment",,"&lt;div class=""md""&gt;&lt;p&gt;Erika Kirk is going to try and sue them for slander &lt;/p&gt;
&lt;/div&gt;","t1_odait2k",,,,,,,,,,,"2",,"t1_od983ar",,"odait2k","t3_1s7g9z2","2026-05-05T01:01:27.430Z",,,,"43","https://www.reddit.com/r/aldi/comments/1s7g9z2/found_a_nice_ad_from_aldi_in_the_newspaper/odait2k/","t2_1k558j8j8b","itswhatyouwouldo2"
"Mod","I'll ask for the full list, but I know for sure the plain whole milk  is.

Edit- it's plain and strawberry blended :)","aldi","r/aldi","2025-12-13T03:18:53.000Z","comment",,"&lt;div class=""md""&gt;&lt;p&gt;I&amp;#39;ll ask for the full list, but I know for sure the plain whole milk  is.&lt;/p&gt;

&lt;p&gt;Edit- it&amp;#39;s plain and strawberry blended :)&lt;/p&gt;
&lt;/div&gt;","t1_ntra9s5",,,,,,,,,,,"1",,"t1_ntr9y7c",,"ntra9s5","t3_1pl9wyl","2026-05-05T01:01:28.205Z",,,,"95","https://www.reddit.com/r/aldi/comments/1pl9wyl/eye_spy_someone_who_isnt_supposed_to_be_here/ntra9s5/","t2_55kwptun","LuLuFromValinor"
,"Nice one!","aldi","r/aldi","2026-03-30T12:37:41.000Z","comment",,"&lt;div class=""md""&gt;&lt;p&gt;Nice one!&lt;/p&gt;
&lt;/div&gt;","t1_odav8jv",,,,,,,,,,,"0",,"t1_odait2k",,"odav8jv","t3_1s7g9z2","2026-05-05T01:01:27.430Z",,,,"4","https://www.reddit.com/r/aldi/comments/1s7g9z2/found_a_nice_ad_from_aldi_in_the_newspaper/odav8jv/","t2_mg8xkz3t","TotalRecognition2191"
,"Interesting !!!!","aldi","r/aldi","2025-12-13T04:41:44.000Z","comment",,"&lt;div class=""md""&gt;&lt;p&gt;Interesting !!!!&lt;/p&gt;
&lt;/div&gt;","t1_ntrlp1p",,,,,,,,,,,"0",,"t1_ntra9s5",,"ntrlp1p","t3_1pl9wyl","2026-05-05T01:01:28.205Z",,,,"9","https://www.reddit.com/r/aldi/comments/1pl9wyl/eye_spy_someone_who_isnt_supposed_to_be_here/ntrlp1p/","t2_8z84q","ReddUp412"
,"oh boy i can't wait to see a fool and their money part ways some more","aldi","r/aldi","2026-03-31T05:24:52.000Z","comment",,"&lt;div class=""md""&gt;&lt;p&gt;oh boy i can&amp;#39;t wait to see a fool and their money part ways some more&lt;/p&gt;
&lt;/div&gt;","t1_odg7meh",,,,,,,,,,,"0",,"t1_odait2k",,"odg7meh","t3_1s7g9z2","2026-05-05T01:01:27.430Z",,,,"1","https://www.reddit.com/r/aldi/comments/1s7g9z2/found_a_nice_ad_from_aldi_in_the_newspaper/odg7meh/","t2_75mbzsnu","CycloneDusk"
,"You can check via the USDA codes but I've tracked for months and months the whole milk reg Aldi and it's 100% Aldi and I've even done both blind tasting and made my own yogurt from both as starter culture.","aldi","r/aldi","2025-12-13T05:06:03.000Z","comment",,"&lt;div class=""md""&gt;&lt;p&gt;You can check via the USDA codes but I&amp;#39;ve tracked for months and months the whole milk reg Aldi and it&amp;#39;s 100% Aldi and I&amp;#39;ve even done both blind tasting and made my own yogurt from both as starter culture.&lt;/p&gt;
&lt;/div&gt;","t1_ntrourr",,,,,,,,,,,"0",,"t1_ntr9y7c",,"ntrourr","t3_1pl9wyl","2026-05-05T01:01:28.205Z",,,,"7","https://www.reddit.com/r/aldi/comments/1pl9wyl/eye_spy_someone_who_isnt_supposed_to_be_here/ntrourr/","t2_127ua4","omegaoutlier"
,"That is hilarious but even if it wasn’t, I wouldn’t be offended because I know Aldi isn’t talking to me 🙂‍↔️ I never mocked them!","aldi","r/aldi","2026-03-30T18:33:48.000Z","comment",,"&lt;div class=""md""&gt;&lt;p&gt;That is hilarious but even if it wasn’t, I wouldn’t be offended because I know Aldi isn’t talking to me 🙂‍↔️ I never mocked them!&lt;/p&gt;
&lt;/div&gt;","t1_odcxx1y",,,,,,,,,,,"0",,"t1_od983ar",,"odcxx1y","t3_1s7g9z2","2026-05-05T01:01:27.430Z",,,,"6","https://www.reddit.com/r/aldi/comments/1s7g9z2/found_a_nice_ad_from_aldi_in_the_newspaper/odcxx1y/","t2_4fprgp40","ethicallycaring"
,"More than likely the Specialty Selected yogurts.","aldi","r/aldi","2025-12-13T04:43:01.000Z","comment",,"&lt;div class=""md""&gt;&lt;p&gt;More than likely the Specialty Selected yogurts.&lt;/p&gt;
&lt;/div&gt;","t1_ntrlv2p",,,,,,,,,,,"0",,"t1_ntr9y7c",,"ntrlv2p","t3_1pl9wyl","2026-05-05T01:01:28.205Z",,,,"3","https://www.reddit.com/r/aldi/comments/1pl9wyl/eye_spy_someone_who_isnt_supposed_to_be_here/ntrlv2p/","t2_md5o5xhl8","Introverted_Traveler"
,"Oh I just commented that I suspected this! Aldo yogurt always seemed to have that Chobani quality to me. Cool to have it confirmed.","aldi","r/aldi","2025-12-13T03:35:13.000Z","comment",,"&lt;div class=""md""&gt;&lt;p&gt;Oh I just commented that I suspected this! Aldo yogurt always seemed to have that Chobani quality to me. Cool to have it confirmed.&lt;/p&gt;
&lt;/div&gt;","t1_ntrcm2i",,,,,,,,,,,"0",,"t1_ntr1mgl",,"ntrcm2i","t3_1pl9wyl","2026-05-05T01:01:28.205Z",,,,"37","https://www.reddit.com/r/aldi/comments/1pl9wyl/eye_spy_someone_who_isnt_supposed_to_be_here/ntrcm2i/","t2_ama9lf8z3","toe_beans_4_life"
,"Their ads have been the best part of the restarted newspaper. ","aldi","r/aldi","2026-03-30T20:24:44.000Z","comment",,"&lt;div class=""md""&gt;&lt;p&gt;Their ads have been the best part of the restarted newspaper. &lt;/p&gt;
&lt;/div&gt;","t1_oddlw6m",,,,,,,,,,,"0",,"t1_od983ar",,"oddlw6m","t3_1s7g9z2","2026-05-05T01:01:27.430Z",,,,"3","https://www.reddit.com/r/aldi/comments/1s7g9z2/found_a_nice_ad_from_aldi_in_the_newspaper/oddlw6m/","t2_871ng","soonerfreak"
,"I got on a kick off checking my milk codes for a few years. It is absolutely interesting to see where it’s coming from, and while traveling seeing who does or doesn’t seem to have their own milk. 

The milk at my ALDI, Walmart and Target are all exactly the same codes. They have the same code as a larger more local and more expensive brand as well. 

The butter codes were all the same as well and included Costco. I haven’t bought butter at Sam’s. But both Sam’s and Costco have milk codes from another state, so I always get milk from elsewhere.","aldi","r/aldi","2025-12-13T14:22:13.000Z","comment",,"&lt;div class=""md""&gt;&lt;p&gt;I got on a kick off checking my milk codes for a few years. It is absolutely interesting to see where it’s coming from, and while traveling seeing who does or doesn’t seem to have their own milk. &lt;/p&gt;

&lt;p&gt;The milk at my ALDI, Walmart and Target are all exactly the same codes. They have the same code as a larger more local and more expensive brand as well. &lt;/p&gt;

&lt;p&gt;The butter codes were all the same as well and included Costco. I haven’t bought butter at Sam’s. But both Sam’s and Costco have milk codes from another state, so I always get milk from elsewhere.&lt;/p&gt;
&lt;/div&gt;","t1_nttfg46",,,,,,,,,,,"0",,"t1_ntr1mgl",,"nttfg46","t3_1pl9wyl","2026-05-05T01:01:28.205Z",,,,"9","https://www.reddit.com/r/aldi/comments/1pl9wyl/eye_spy_someone_who_isnt_supposed_to_be_here/nttfg46/","t2_e5m2mxrm","Help1Ted"
,"Is it? Because that must mean the onion has permission to use Aldis IP ","aldi","r/aldi","2026-03-31T04:25:37.000Z","comment",,"&lt;div class=""md""&gt;&lt;p&gt;Is it? Because that must mean the onion has permission to use Aldis IP &lt;/p&gt;
&lt;/div&gt;","t1_odfzumv",,,,,,,,,,,"1",,"t1_od983ar",,"odfzumv","t3_1s7g9z2","2026-05-05T01:01:27.430Z",,,,"1","https://www.reddit.com/r/aldi/comments/1s7g9z2/found_a_nice_ad_from_aldi_in_the_newspaper/odfzumv/","t2_jcwoq","PantheraLutra"
,"That's a shame.  [Chobani recently entered a partnership with Ivanka T's company.](https://www.usatoday.com/story/money/food/2025/09/24/chobani-boycott-planet-harvest-controversy/86328106007/)","aldi","r/aldi","2025-12-13T14:48:05.000Z","comment",,"&lt;div class=""md""&gt;&lt;p&gt;That&amp;#39;s a shame.  &lt;a href=""https://www.usatoday.com/story/money/food/2025/09/24/chobani-boycott-planet-harvest-controversy/86328106007/""&gt;Chobani recently entered a partnership with Ivanka T&amp;#39;s company.&lt;/a&gt;&lt;/p&gt;
&lt;/div&gt;","t1_nttjmio",,,,,,,,,,,"1",,"t1_ntr1mgl",,"nttjmio","t3_1pl9wyl","2026-05-05T01:01:28.205Z",,,,"7","https://www.reddit.com/r/aldi/comments/1pl9wyl/eye_spy_someone_who_isnt_supposed_to_be_here/nttjmio/","t2_4ad8r","Day_Bow_Bow"
,"24/7, 365","aldi","r/aldi","2025-12-13T19:06:12.000Z","comment",,"&lt;div class=""md""&gt;&lt;p&gt;24/7, 365&lt;/p&gt;
&lt;/div&gt;","t1_ntuw7hy",,,,,,,,,,,"0",,"t1_nttjmio",,"ntuw7hy","t3_1pl9wyl","2026-05-05T01:01:28.205Z",,,,"2","https://www.reddit.com/r/aldi/comments/1pl9wyl/eye_spy_someone_who_isnt_supposed_to_be_here/ntuw7hy/","t2_e18ql","Lawly3r"
,"Yogurt is mostly from new york iirc","aldi","r/aldi","2025-12-13T04:18:09.000Z","comment",,"&lt;div class=""md""&gt;&lt;p&gt;Yogurt is mostly from new york iirc&lt;/p&gt;
&lt;/div&gt;","t1_ntrijqs",,,,,,,,,,,"0",,"t1_ntr1mgl",,"ntrijqs","t3_1pl9wyl","2026-05-05T01:01:28.205Z",,,,"6","https://www.reddit.com/r/aldi/comments/1pl9wyl/eye_spy_someone_who_isnt_supposed_to_be_here/ntrijqs/","t2_aytfv","karmassacre"
,"Does this include the moo tubes?","aldi","r/aldi","2025-12-13T10:21:05.000Z","comment",,"&lt;div class=""md""&gt;&lt;p&gt;Does this include the moo tubes?&lt;/p&gt;
&lt;/div&gt;","t1_ntslsya",,,,,,,,,,,"1",,"t1_ntr1mgl",,"ntslsya","t3_1pl9wyl","2026-05-05T01:01:28.205Z",,,,"2","https://www.reddit.com/r/aldi/comments/1pl9wyl/eye_spy_someone_who_isnt_supposed_to_be_here/ntslsya/","t2_24mj20x9","halfblindguy"
,"Last year I got this quarter keychain at Aldi to keep my quarter in for my weekly shopping trips. I keep it in my car so it is there when I need it. I went shopping on Friday and between putting my cart away and going to my car, I dropped it. Didn't realize until I got home. This morning I went back to the Aldi to see if I could find it. I had no luck and figured I would ask an employee if someone turned it in. Something told me that the type of shopper at Aldi would turn it in. I asked the employee if someone turned in a keychain and after describing it, he went to the cash register and pulled this out. Some kind person turned it in instead of keeping it for themselves. I do not know who turned it in, but I am thankful and it restores my faith in humanity a bit. ",,"r/aldi","2026-02-28T20:18:29.000Z","post","USA (General)","&lt;!-- SC_OFF --&gt;&lt;div class=""md""&gt;&lt;p&gt;Last year I got this quarter keychain at Aldi to keep my quarter in for my weekly shopping trips. I keep it in my car so it is there when I need it. I went shopping on Friday and between putting my cart away and going to my car, I dropped it. Didn&amp;#39;t realize until I got home. This morning I went back to the Aldi to see if I could find it. I had no luck and figured I would ask an employee if someone turned it in. Something told me that the type of shopper at Aldi would turn it in. I asked the employee if someone turned in a keychain and after describing it, he went to the cash register and pulled this out. Some kind person turned it in instead of keeping it for themselves. I do not know who turned it in, but I am thankful and it restores my faith in humanity a bit. &lt;/p&gt;
&lt;/div&gt;&lt;!-- SC_ON --&gt;","t3_1rhcudd","https://i.redd.it/2lczb1rdmamg1.jpeg",,,,,,"false","false","https://i.redd.it/2lczb1rdmamg1.jpeg","109",,"false",,"aldi","1rhcudd",,"2026-05-05T01:01:30.837Z","https://preview.redd.it/2lczb1rdmamg1.jpeg?width=140&amp;height=140&amp;crop=1:1,smart&amp;auto=webp&amp;s=1eaabcae87fd937197dbf834a5754e4c35e93899","Feeling grateful","0.99","4107","https://www.reddit.com/r/aldi/comments/1rhcudd/feeling_grateful/","t2_4cd7phj0","ladyofhousepounce"
,"Posts and comments that don't follow r/aldi subreddit rules may be subject to removal. No Ai. Please see rules for more information. Please no false reports. This comment is completely automated.       


*I am a bot, and this action was performed automatically. Please [contact the moderators of this subreddit](/message/compose/?to=/r/aldi) if you have any questions or concerns.*","aldi","r/aldi","2026-02-28T20:18:31.000Z","comment",,"&lt;div class=""md""&gt;&lt;p&gt;Posts and comments that don&amp;#39;t follow &lt;a href=""/r/aldi""&gt;r/aldi&lt;/a&gt; subreddit rules may be subject to removal. No Ai. Please see rules for more information. Please no false reports. This comment is completely automated.       &lt;/p&gt;

&lt;p&gt;&lt;em&gt;I am a bot, and this action was performed automatically. Please &lt;a href=""/message/compose/?to=/r/aldi""&gt;contact the moderators of this subreddit&lt;/a&gt; if you have any questions or concerns.&lt;/em&gt;&lt;/p&gt;
&lt;/div&gt;","t1_o7xq7hf",,,,,,,,,,,"0",,"t3_1rhcudd",,"o7xq7hf","t3_1rhcudd","2026-05-05T01:01:30.877Z",,,,"1","https://www.reddit.com/r/aldi/comments/1rhcudd/feeling_grateful/o7xq7hf/","t2_6l4z3","AutoModerator"
,"This absolutely tracks. 

Aldi people are definitely the ""oh hey I found this on the ground I should turn it in"" kind of people.","aldi","r/aldi","2026-02-28T20:26:08.000Z","comment",,"&lt;div class=""md""&gt;&lt;p&gt;This absolutely tracks. &lt;/p&gt;

&lt;p&gt;Aldi people are definitely the &amp;quot;oh hey I found this on the ground I should turn it in&amp;quot; kind of people.&lt;/p&gt;
&lt;/div&gt;","t1_o7xrmix",,,,,,,,,,,"4",,"t3_1rhcudd",,"o7xrmix","t3_1rhcudd","2026-05-05T01:01:30.877Z",,,,"662","https://www.reddit.com/r/aldi/comments/1rhcudd/feeling_grateful/o7xrmix/","t2_1gqy2ghrp2","UniversalMinister"
,"And also the this is my Aldi quarter and it’s lucky kind of people. Which is cute lol","aldi","r/aldi","2026-02-28T21:26:35.000Z","comment",,"&lt;div class=""md""&gt;&lt;p&gt;And also the this is my Aldi quarter and it’s lucky kind of people. Which is cute lol&lt;/p&gt;
&lt;/div&gt;","t1_o7y2t9w",,,,,,,,,,,"1",,"t1_o7xrmix",,"o7y2t9w","t3_1rhcudd","2026-05-05T01:01:30.877Z",,,,"111","https://www.reddit.com/r/aldi/comments/1rhcudd/feeling_grateful/o7y2t9w/","t2_5acit5ic","No_Needleworker215"
,"We haven’t been to Aldi yet. Do you get your same quarter back?","aldi","r/aldi","2026-03-01T02:59:21.000Z","comment",,"&lt;div class=""md""&gt;&lt;p&gt;We haven’t been to Aldi yet. Do you get your same quarter back?&lt;/p&gt;
&lt;/div&gt;","t1_o7zntb9",,,,,,,,,,,"2",,"t1_o7y2t9w",,"o7zntb9","t3_1rhcudd","2026-05-05T01:01:30.877Z",,,,"14","https://www.reddit.com/r/aldi/comments/1rhcudd/feeling_grateful/o7zntb9/","t2_ufctcuzl","LadyHavoc97"
,"It depends.   At my Aldi, the checkout has an empty cart ready to put your scanned groceries in. When you're done you take the other, filled cart and leave your original, now empty cart behind.  
But you do keep your cart if you opt for self checkout.","aldi","r/aldi","2026-03-01T03:50:28.000Z","comment",,"&lt;div class=""md""&gt;&lt;p&gt;It depends.   At my Aldi, the checkout has an empty cart ready to put your scanned groceries in. When you&amp;#39;re done you take the other, filled cart and leave your original, now empty cart behind.&lt;br/&gt;
But you do keep your cart if you opt for self checkout.&lt;/p&gt;
&lt;/div&gt;","t1_o7zvmkv",,,,,,,,,,,"0",,"t1_o7zntb9",,"o7zvmkv","t3_1rhcudd","2026-05-05T01:01:30.877Z",,,,"23","https://www.reddit.com/r/aldi/comments/1rhcudd/feeling_grateful/o7zvmkv/","t2_6mj3ttm9","GingerrGina"
,"Yes it goes into the cart you use so when you take it back it pops your quarter back out.","aldi","r/aldi","2026-03-01T03:26:12.000Z","comment",,"&lt;div class=""md""&gt;&lt;p&gt;Yes it goes into the cart you use so when you take it back it pops your quarter back out.&lt;/p&gt;
&lt;/div&gt;","t1_o7zs0gg",,,,,,,,,,,"1",,"t1_o7zntb9",,"o7zs0gg","t3_1rhcudd","2026-05-05T01:01:30.877Z",,,,"9","https://www.reddit.com/r/aldi/comments/1rhcudd/feeling_grateful/o7zs0gg/","t2_o38y8","BillHang4"
,"That’s so cool! Thanks!","aldi","r/aldi","2026-03-01T03:39:58.000Z","comment",,"&lt;div class=""md""&gt;&lt;p&gt;That’s so cool! Thanks!&lt;/p&gt;
&lt;/div&gt;","t1_o7zu20y",,,,,,,,,,,"1",,"t1_o7zs0gg",,"o7zu20y","t3_1rhcudd","2026-05-05T01:01:30.877Z",,,,"6","https://www.reddit.com/r/aldi/comments/1rhcudd/feeling_grateful/o7zu20y/","t2_ufctcuzl","LadyHavoc97"
,"Unless you pay it forward to someone who doesn't have a quarter or looks like they're having a rough day :-)","aldi","r/aldi","2026-03-01T05:11:55.000Z","comment",,"&lt;div class=""md""&gt;&lt;p&gt;Unless you pay it forward to someone who doesn&amp;#39;t have a quarter or looks like they&amp;#39;re having a rough day :-)&lt;/p&gt;
&lt;/div&gt;","t1_o8070ky",,,,,,,,,,,"5",,"t1_o7zu20y",,"o8070ky","t3_1rhcudd","2026-05-05T01:01:30.877Z",,,,"22","https://www.reddit.com/r/aldi/comments/1rhcudd/feeling_grateful/o8070ky/","t2_o82bfbl5","FloppyFerrett1"
,"Yes I do this especially if it’s their first time and they don’t know. Or if i’m using the cart and im walking back to put it away but someone else is walking in, they will give me their quarter and i give them my cart lol","aldi","r/aldi","2026-03-01T06:05:39.000Z","comment",,"&lt;div class=""md""&gt;&lt;p&gt;Yes I do this especially if it’s their first time and they don’t know. Or if i’m using the cart and im walking back to put it away but someone else is walking in, they will give me their quarter and i give them my cart lol&lt;/p&gt;
&lt;/div&gt;","t1_o80dtf9",,,,,,,,,,,"0",,"t1_o8070ky",,"o80dtf9","t3_1rhcudd","2026-05-05T01:01:30.877Z",,,,"14","https://www.reddit.com/r/aldi/comments/1rhcudd/feeling_grateful/o80dtf9/","t2_qti7xl1","memorman"
,"Yesss I’m more this type than the lucky quarter type. My partner works at Aldi and has a lot of customers with lucky quarters so I know they’re out there","aldi","r/aldi","2026-03-01T12:58:12.000Z","comment",,"&lt;div class=""md""&gt;&lt;p&gt;Yesss I’m more this type than the lucky quarter type. My partner works at Aldi and has a lot of customers with lucky quarters so I know they’re out there&lt;/p&gt;
&lt;/div&gt;","t1_o81ndqj",,,,,,,,,,,"0",,"t1_o8070ky",,"o81ndqj","t3_1rhcudd","2026-05-05T01:01:30.877Z",,,,"6","https://www.reddit.com/r/aldi/comments/1rhcudd/feeling_grateful/o81ndqj/","t2_5acit5ic","No_Needleworker215"
,"&gt;Unless you pay it forward to someone who doesn't have a quarter or looks like they're having a rough day :-)

This is the Aldi people way. 

I've lost a handful of Aldi Quarters this way over the years and I'll keep doing it. A parent with their hands full trying to get kids to a cart without one of them running off, someone who just needs a hand, people who are unfamiliar with the Aldi Quarter ways and don't have one, etc.","aldi","r/aldi","2026-03-01T16:27:25.000Z","comment",,"&lt;div class=""md""&gt;&lt;blockquote&gt;
&lt;p&gt;Unless you pay it forward to someone who doesn&amp;#39;t have a quarter or looks like they&amp;#39;re having a rough day :-)&lt;/p&gt;
&lt;/blockquote&gt;

&lt;p&gt;This is the Aldi people way. &lt;/p&gt;

&lt;p&gt;I&amp;#39;ve lost a handful of Aldi Quarters this way over the years and I&amp;#39;ll keep doing it. A parent with their hands full trying to get kids to a cart without one of them running off, someone who just needs a hand, people who are unfamiliar with the Aldi Quarter ways and don&amp;#39;t have one, etc.&lt;/p&gt;
&lt;/div&gt;","t1_o82p6ek",,,,,,,,,,,"0",,"t1_o8070ky",,"o82p6ek","t3_1rhcudd","2026-05-05T01:01:30.877Z",,,,"6","https://www.reddit.com/r/aldi/comments/1rhcudd/feeling_grateful/o82p6ek/","t2_1gqy2ghrp2","UniversalMinister"
,"This is what I do every time I go. I just leave it in the cart.","aldi","r/aldi","2026-03-01T13:17:20.000Z","comment",,"&lt;div class=""md""&gt;&lt;p&gt;This is what I do every time I go. I just leave it in the cart.&lt;/p&gt;
&lt;/div&gt;","t1_o81q5o4",,,,,,,,,,,"0",,"t1_o8070ky",,"o81q5o4","t3_1rhcudd","2026-05-05T01:01:30.877Z",,,,"4","https://www.reddit.com/r/aldi/comments/1rhcudd/feeling_grateful/o81q5o4/","t2_8ii80u2o","NervousCelebration78"
,"It’s my daughter’s favorite when someone “gifts” us a cart. ","aldi","r/aldi","2026-03-06T16:30:08.000Z","comment",,"&lt;div class=""md""&gt;&lt;p&gt;It’s my daughter’s favorite when someone “gifts” us a cart. &lt;/p&gt;
&lt;/div&gt;","t1_o8zndqu",,,,,,,,,,,"0",,"t1_o8070ky",,"o8zndqu","t3_1rhcudd","2026-05-05T01:01:30.877Z",,,,"2","https://www.reddit.com/r/aldi/comments/1rhcudd/feeling_grateful/o8zndqu/","t2_m6di66jwt","InMyCheerMomEra"
,"I rotate between Aldi, Publix, and my local International market for most of my groceries. Aldi is my absolute favorite. Over the years I've encountered the kindest strangers at Aldi.","aldi","r/aldi","2026-03-01T02:46:05.000Z","comment",,"&lt;div class=""md""&gt;&lt;p&gt;I rotate between Aldi, Publix, and my local International market for most of my groceries. Aldi is my absolute favorite. Over the years I&amp;#39;ve encountered the kindest strangers at Aldi.&lt;/p&gt;
&lt;/div&gt;","t1_o7zlna9",,,,,,,,,,,"0",,"t1_o7xrmix",,"o7zlna9","t3_1rhcudd","2026-05-05T01:01:30.877Z",,,,"13","https://www.reddit.com/r/aldi/comments/1rhcudd/feeling_grateful/o7zlna9/","t2_57h58ghj","AdoraNadora"
,"Some lady hit my mom with her cart at Aldi lol the type of shopper may be locational. ","aldi","r/aldi","2026-03-05T15:38:01.000Z","comment",,"&lt;div class=""md""&gt;&lt;p&gt;Some lady hit my mom with her cart at Aldi lol the type of shopper may be locational. &lt;/p&gt;
&lt;/div&gt;","t1_o8smnc7",,,,,,,,,,,"1",,"t1_o7xrmix",,"o8smnc7","t3_1rhcudd","2026-05-05T01:01:30.877Z",,,,"1","https://www.reddit.com/r/aldi/comments/1rhcudd/feeling_grateful/o8smnc7/","t2_ofnozsoj","ksntheowithabej"
,"I grabbed a box of these popsicles from Aldi the other day, thinking they’d just be… fine. You know, something cold to gnaw on while I contemplated why I exist and convince myself this is better than eating Oreos at 11PM. 

I took one bite and immediately had to sit down. It wasn’t just “mango flavored.” No. It was as if Aldi had hired a team of angels to hand press the very concept of joy into frozen form and then said, “Yeah, we’ll sell these for like $3.”

My taste buds went through all five stages of grief in under 30 seconds. Denial (this can’t be that good), anger (why didn’t anyone tell me?), bargaining (I’ll never eat chips again if I can keep these in stock), depression (realizing the box only has four bars), and acceptance (that I now have a new personality centered around Aldi mango bars).

If by the highly likely chance, you see me standing in the frozen aisle at Aldi with a crazed look in my eye and 12 boxes in my cart, mind your business. ",,"r/aldi","2025-09-17T06:49:42.000Z","post","Review","&lt;!-- SC_OFF --&gt;&lt;div class=""md""&gt;&lt;p&gt;I grabbed a box of these popsicles from Aldi the other day, thinking they’d just be… fine. You know, something cold to gnaw on while I contemplated why I exist and convince myself this is better than eating Oreos at 11PM. &lt;/p&gt;

&lt;p&gt;I took one bite and immediately had to sit down. It wasn’t just “mango flavored.” No. It was as if Aldi had hired a team of angels to hand press the very concept of joy into frozen form and then said, “Yeah, we’ll sell these for like $3.”&lt;/p&gt;

&lt;p&gt;My taste buds went through all five stages of grief in under 30 seconds. Denial (this can’t be that good), anger (why didn’t anyone tell me?), bargaining (I’ll never eat chips again if I can keep these in stock), depression (realizing the box only has four bars), and acceptance (that I now have a new personality centered around Aldi mango bars).&lt;/p&gt;

&lt;p&gt;If by the highly likely chance, you see me standing in the frozen aisle at Aldi with a crazed look in my eye and 12 boxes in my cart, mind your business. &lt;/p&gt;
&lt;/div&gt;&lt;!-- SC_ON --&gt;","t3_1nj5zl8","https://i.redd.it/jgv5u21i9opf1.jpeg",,,,,,"false","false","https://i.redd.it/jgv5u21i9opf1.jpeg","328",,"false",,"aldi","1nj5zl8",,"2026-05-05T01:01:32.637Z","https://b.thumbs.redditmedia.com/6RYQfm35r6HWF1MabYB0PQWFWl4ku6i75rQytkbCGLc.jpg","I tried an Aldi mango bar and blacked out","0.98","4565","https://www.reddit.com/r/aldi/comments/1nj5zl8/i_tried_an_aldi_mango_bar_and_blacked_out/","t2_ptnrvsjeo","GuiltyName7169"
,"One of the few products left that doesn’t use Stevia or Sucralose. Thanks!","aldi","r/aldi","2025-09-17T12:46:29.000Z","comment",,"&lt;div class=""md""&gt;&lt;p&gt;One of the few products left that doesn’t use Stevia or Sucralose. Thanks!&lt;/p&gt;
&lt;/div&gt;","t1_nep2k3u",,,,,,,,,,,"5",,"t3_1nj5zl8",,"nep2k3u","t3_1nj5zl8","2026-05-05T01:01:32.829Z",,,,"561","https://www.reddit.com/r/aldi/comments/1nj5zl8/i_tried_an_aldi_mango_bar_and_blacked_out/nep2k3u/","t2_46chuwmd","Schmeep01"
,"Thanks, I was wondering about that. So many things I can't eat due to that.","aldi","r/aldi","2025-09-17T12:51:58.000Z","comment",,"&lt;div class=""md""&gt;&lt;p&gt;Thanks, I was wondering about that. So many things I can&amp;#39;t eat due to that.&lt;/p&gt;
&lt;/div&gt;","t1_nep3iem",,,,,,,,,,,"4",,"t1_nep2k3u",,"nep3iem","t3_1nj5zl8","2026-05-05T01:01:32.829Z",,,,"101","https://www.reddit.com/r/aldi/comments/1nj5zl8/i_tried_an_aldi_mango_bar_and_blacked_out/nep3iem/","t2_lux9wmi","Nicki_MA"
,"Same- just found out Liquid IV, even the sugared version also uses stevia.","aldi","r/aldi","2025-09-17T12:54:03.000Z","comment",,"&lt;div class=""md""&gt;&lt;p&gt;Same- just found out Liquid IV, even the sugared version also uses stevia.&lt;/p&gt;
&lt;/div&gt;","t1_nep3vjv",,,,,,,,,,,"2",,"t1_nep3iem",,"nep3vjv","t3_1nj5zl8","2026-05-05T01:01:32.829Z",,,,"50","https://www.reddit.com/r/aldi/comments/1nj5zl8/i_tried_an_aldi_mango_bar_and_blacked_out/nep3vjv/","t2_46chuwmd","Schmeep01"
,"They are putting it in everything now. Sucks. So many things I can't eat anymore.","aldi","r/aldi","2025-09-17T14:46:20.000Z","comment",,"&lt;div class=""md""&gt;&lt;p&gt;They are putting it in everything now. Sucks. So many things I can&amp;#39;t eat anymore.&lt;/p&gt;
&lt;/div&gt;","t1_nepp9d5",,,,,,,,,,,"2",,"t1_nep3vjv",,"nepp9d5","t3_1nj5zl8","2026-05-05T01:01:32.829Z",,,,"41","https://www.reddit.com/r/aldi/comments/1nj5zl8/i_tried_an_aldi_mango_bar_and_blacked_out/nepp9d5/","t2_lux9wmi","Nicki_MA"
,"Ugh yep. Allergic to sucrulose and it's in everything. I found dill pickles with that in them, like why??","aldi","r/aldi","2025-09-17T21:24:12.000Z","comment",,"&lt;div class=""md""&gt;&lt;p&gt;Ugh yep. Allergic to sucrulose and it&amp;#39;s in everything. I found dill pickles with that in them, like why??&lt;/p&gt;
&lt;/div&gt;","t1_nes0p33",,,,,,,,,,,"1",,"t1_nepp9d5",,"nes0p33","t3_1nj5zl8","2026-05-05T01:01:32.829Z",,,,"28","https://www.reddit.com/r/aldi/comments/1nj5zl8/i_tried_an_aldi_mango_bar_and_blacked_out/nes0p33/","t2_q6w95je","Pascalica"
,"Same, it's wild the stuff they put it in. Things that don't even need sweeteners. I found I am ok with Munkfruit in tiny amounts. (by accident of course). But almost everything else, I get hives within an hour.","aldi","r/aldi","2025-09-17T21:50:11.000Z","comment",,"&lt;div class=""md""&gt;&lt;p&gt;Same, it&amp;#39;s wild the stuff they put it in. Things that don&amp;#39;t even need sweeteners. I found I am ok with Munkfruit in tiny amounts. (by accident of course). But almost everything else, I get hives within an hour.&lt;/p&gt;
&lt;/div&gt;","t1_nes5pzi",,,,,,,,,,,"0",,"t1_nes0p33",,"nes5pzi","t3_1nj5zl8","2026-05-05T01:01:32.829Z",,,,"11","https://www.reddit.com/r/aldi/comments/1nj5zl8/i_tried_an_aldi_mango_bar_and_blacked_out/nes5pzi/","t2_lux9wmi","Nicki_MA"
,"Even the chili Doritos use it!! Like wtf","aldi","r/aldi","2025-09-18T13:38:19.000Z","comment",,"&lt;div class=""md""&gt;&lt;p&gt;Even the chili Doritos use it!! Like wtf&lt;/p&gt;
&lt;/div&gt;","t1_nevwdud",,,,,,,,,,,"0",,"t1_nepp9d5",,"nevwdud","t3_1nj5zl8","2026-05-05T01:01:32.829Z",,,,"2","https://www.reddit.com/r/aldi/comments/1nj5zl8/i_tried_an_aldi_mango_bar_and_blacked_out/nevwdud/","t2_40flvth","meloscav"
,"Found that out recently as well, $33 wasted. Found a replacement with sugar only from Skratch Labs, quite refreshingly tasty instead of sickeningly sweet salty vileness.","aldi","r/aldi","2025-09-18T23:14:25.000Z","comment",,"&lt;div class=""md""&gt;&lt;p&gt;Found that out recently as well, $33 wasted. Found a replacement with sugar only from Skratch Labs, quite refreshingly tasty instead of sickeningly sweet salty vileness.&lt;/p&gt;
&lt;/div&gt;","t1_nez5sb6",,,,,,,,,,,"1",,"t1_nep3vjv",,"nez5sb6","t3_1nj5zl8","2026-05-05T01:01:32.829Z",,,,"2","https://www.reddit.com/r/aldi/comments/1nj5zl8/i_tried_an_aldi_mango_bar_and_blacked_out/nez5sb6/","t2_u0gpvbbp","MeilleurChien"
,"Why, whats wrong with stevia?","aldi","r/aldi","2025-09-17T17:54:35.000Z","comment",,"&lt;div class=""md""&gt;&lt;p&gt;Why, whats wrong with stevia?&lt;/p&gt;
&lt;/div&gt;","t1_neqsnyu",,,,,,,,,,,"6",,"t1_nep3iem",,"neqsnyu","t3_1nj5zl8","2026-05-05T01:01:32.829Z",,,,"18","https://www.reddit.com/r/aldi/comments/1nj5zl8/i_tried_an_aldi_mango_bar_and_blacked_out/neqsnyu/","t2_lw89t","mr_sweetandawful"
,"Can’t speak to everyone else, but I personally not only hate the taste and can always taste it, but I actually have a sensitivity to it and it actually makes me itchy and nauseous.","aldi","r/aldi","2025-09-17T19:41:28.000Z","comment",,"&lt;div class=""md""&gt;&lt;p&gt;Can’t speak to everyone else, but I personally not only hate the taste and can always taste it, but I actually have a sensitivity to it and it actually makes me itchy and nauseous.&lt;/p&gt;
&lt;/div&gt;","t1_nerf0nb",,,,,,,,,,,"1",,"t1_neqsnyu",,"nerf0nb","t3_1nj5zl8","2026-05-05T01:01:32.829Z",,,,"64","https://www.reddit.com/r/aldi/comments/1nj5zl8/i_tried_an_aldi_mango_bar_and_blacked_out/nerf0nb/","t2_b0h4woyj","Low_Employ8454"
,"Do you happen to have a ragweed pollen allergy? Stevia is known to be cross-reactive with that, and for that reason it *really* needs to be listed in allergen information but for some reason they've skated by without a required disclosure.","aldi","r/aldi","2025-09-19T07:07:55.000Z","comment",,"&lt;div class=""md""&gt;&lt;p&gt;Do you happen to have a ragweed pollen allergy? Stevia is known to be cross-reactive with that, and for that reason it &lt;em&gt;really&lt;/em&gt; needs to be listed in allergen information but for some reason they&amp;#39;ve skated by without a required disclosure.&lt;/p&gt;
&lt;/div&gt;","t1_nf14drk",,,,,,,,,,,"3",,"t1_nerf0nb",,"nf14drk","t3_1nj5zl8","2026-05-05T01:01:32.829Z",,,,"12","https://www.reddit.com/r/aldi/comments/1nj5zl8/i_tried_an_aldi_mango_bar_and_blacked_out/nf14drk/","t2_x25wl","fluffycritter"
,"I had no idea about this correlation and am allergic to both. THANK YOU!!🙏","aldi","r/aldi","2025-09-21T04:50:18.000Z","comment",,"&lt;div class=""md""&gt;&lt;p&gt;I had no idea about this correlation and am allergic to both. THANK YOU!!🙏&lt;/p&gt;
&lt;/div&gt;","t1_nfd9tp3",,,,,,,,,,,"0",,"t1_nf14drk",,"nfd9tp3","t3_1nj5zl8","2026-05-05T01:01:32.829Z",,,,"4","https://www.reddit.com/r/aldi/comments/1nj5zl8/i_tried_an_aldi_mango_bar_and_blacked_out/nfd9tp3/","t2_7zr078pg","CollectionWinter284"
,"Stevia gives me terrible pressure headaches. I avoid it like the plague.","aldi","r/aldi","2025-09-20T05:13:33.000Z","comment",,"&lt;div class=""md""&gt;&lt;p&gt;Stevia gives me terrible pressure headaches. I avoid it like the plague.&lt;/p&gt;
&lt;/div&gt;","t1_nf75nfd",,,,,,,,,,,"0",,"t1_nf14drk",,"nf75nfd","t3_1nj5zl8","2026-05-05T01:01:32.829Z",,,,"3","https://www.reddit.com/r/aldi/comments/1nj5zl8/i_tried_an_aldi_mango_bar_and_blacked_out/nf75nfd/","t2_4mjxocy5","HopefulBackground448"
,"a lot of people get diarrhea/bloating etc from sweeteners","aldi","r/aldi","2025-09-17T20:03:46.000Z","comment",,"&lt;div class=""md""&gt;&lt;p&gt;a lot of people get diarrhea/bloating etc from sweeteners&lt;/p&gt;
&lt;/div&gt;","t1_nerjqth",,,,,,,,,,,"0",,"t1_neqsnyu",,"nerjqth","t3_1nj5zl8","2026-05-05T01:01:32.829Z",,,,"30","https://www.reddit.com/r/aldi/comments/1nj5zl8/i_tried_an_aldi_mango_bar_and_blacked_out/nerjqth/","t2_dvm5nwp9","summon_the_quarrion"
,"My body bloats and I have a pretty severe ibs reaction to it and other artificial sweeteners","aldi","r/aldi","2025-09-17T23:45:21.000Z","comment",,"&lt;div class=""md""&gt;&lt;p&gt;My body bloats and I have a pretty severe ibs reaction to it and other artificial sweeteners&lt;/p&gt;
&lt;/div&gt;","t1_nesq8pr",,,,,,,,,,,"0",,"t1_neqsnyu",,"nesq8pr","t3_1nj5zl8","2026-05-05T01:01:32.829Z",,,,"9","https://www.reddit.com/r/aldi/comments/1nj5zl8/i_tried_an_aldi_mango_bar_and_blacked_out/nesq8pr/","t2_b4nmcnf","theSomberscientist"
,"He loves his new hat!!",,"r/aldi","2025-06-22T01:05:21.000Z","post",,"&lt;!-- SC_OFF --&gt;&lt;div class=""md""&gt;&lt;p&gt;He loves his new hat!!&lt;/p&gt;
&lt;/div&gt;&lt;!-- SC_ON --&gt;","t3_1lhbq5a","https://external-i.redd.it/rcQd6hnw5kp7WgnzFJ0i7fgT_2DuUmKC4Hee8fsInXM.jpeg","https://i.redd.it/801gvr9rod8f1.jpg","https://i.redd.it/tl09o1drod8f1.jpg",,,,"false","false","https://www.reddit.com/gallery/1lhbq5a","98",,"false",,"aldi","1lhbq5a",,"2026-05-05T01:01:36.330Z","https://external-preview.redd.it/rcQd6hnw5kp7WgnzFJ0i7fgT_2DuUmKC4Hee8fsInXM.jpeg?width=140&amp;height=140&amp;crop=140:140,smart&amp;auto=webp&amp;s=c7db38197790b329ae021912e543023bb497f301","Pet hats in the Aldi Finds aisle today!","0.98","2924","https://www.reddit.com/r/aldi/comments/1lhbq5a/pet_hats_in_the_aldi_finds_aisle_today/","t2_1g0d4ju5j2","Catswinetravel"
,"https://preview.redd.it/2sw0kifesd8f1.jpeg?width=1170&amp;format=pjpg&amp;auto=webp&amp;s=eceb9f35435d39499dae3c68c76f775a8051ef38

Omg how cute! Here’s my girl with one they had a few years ago. She absolutely hated it 😂","aldi","r/aldi","2025-06-22T01:26:53.000Z","comment",,"&lt;div class=""md""&gt;&lt;p&gt;&lt;a href=""https://preview.redd.it/2sw0kifesd8f1.jpeg?width=1170&amp;amp;format=pjpg&amp;amp;auto=webp&amp;amp;s=eceb9f35435d39499dae3c68c76f775a8051ef38""&gt;https://preview.redd.it/2sw0kifesd8f1.jpeg?width=1170&amp;amp;format=pjpg&amp;amp;auto=webp&amp;amp;s=eceb9f35435d39499dae3c68c76f775a8051ef38&lt;/a&gt;&lt;/p&gt;

&lt;p&gt;Omg how cute! Here’s my girl with one they had a few years ago. She absolutely hated it 😂&lt;/p&gt;
&lt;/div&gt;","t1_mz2y5bf",,,,,,,,,,,"3",,"t3_1lhbq5a",,"mz2y5bf","t3_1lhbq5a","2026-05-05T01:01:36.531Z",,,,"211","https://www.reddit.com/r/aldi/comments/1lhbq5a/pet_hats_in_the_aldi_finds_aisle_today/mz2y5bf/","t2_54z3vdia","sooshkaboom"
,"That LOOK!🤣😂","aldi","r/aldi","2025-06-22T02:30:14.000Z","comment",,"&lt;div class=""md""&gt;&lt;p&gt;That LOOK!🤣😂&lt;/p&gt;
&lt;/div&gt;","t1_mz380qs",,,,,,,,,,,"0",,"t1_mz2y5bf",,"mz380qs","t3_1lhbq5a","2026-05-05T01:01:36.531Z",,,,"29","https://www.reddit.com/r/aldi/comments/1lhbq5a/pet_hats_in_the_aldi_finds_aisle_today/mz380qs/","t2_5atov6vz","Impossible-Taro-2330"
,"Can't blame her. No one likes anything under their chin.","aldi","r/aldi","2025-06-22T04:24:13.000Z","comment",,"&lt;div class=""md""&gt;&lt;p&gt;Can&amp;#39;t blame her. No one likes anything under their chin.&lt;/p&gt;
&lt;/div&gt;","t1_mz3o3ff",,,,,,,,,,,"1",,"t1_mz2y5bf",,"mz3o3ff","t3_1lhbq5a","2026-05-05T01:01:36.531Z",,,,"17","https://www.reddit.com/r/aldi/comments/1lhbq5a/pet_hats_in_the_aldi_finds_aisle_today/mz3o3ff/",,"[deleted]"
,"I worked 19 years for a real estate development company before I retired.  If I had to wear a suit and tie every work day, it would have felt like 190 years.","aldi","r/aldi","2025-06-22T05:18:26.000Z","comment",,"&lt;div class=""md""&gt;&lt;p&gt;I worked 19 years for a real estate development company before I retired.  If I had to wear a suit and tie every work day, it would have felt like 190 years.&lt;/p&gt;
&lt;/div&gt;","t1_mz3urum",,,,,,,,,,,"0",,"t1_mz3o3ff",,"mz3urum","t3_1lhbq5a","2026-05-05T01:01:36.531Z",,,,"11","https://www.reddit.com/r/aldi/comments/1lhbq5a/pet_hats_in_the_aldi_finds_aisle_today/mz3urum/","t2_76b85sjv","Glass-Tale299"
,"My boomer parents are ShopRite people. They don't shop Aldi much. But this past week I have been telling them how good the Aldi frozen cooked mussels are. 

Side note, I'm a rabid Aldi fan. I love everything about their no-nonsense business model.

So my dad finally ventured into the Aldi in his part of the state to pick some up. He and my mom reported back with a mostly positive review. They liked the mussels.

Then at Christmas my dad said about his Aldi experience, ""I have never seen people working in a supermarket running around like maniacs the way they do.""

I said yes, I brought our Aldi workers some Christmas cookies because I feel like they probably don't get many treats and they work their butts off.

And my dad said, why do they do that?? and I said because Aldi operates on the bare minimum staff.

He said why! That doesn't seem right, and I said well that's just how they  keep prices low. Employees are timed for productivity and how many sales they ring up.

Then my old Italian father looked at me very seriously and said:

""This is not healthy. Tell them it's not healthy for the people who work there.""

I said, maybe you should write a letter and send it to corporate.

I guess I could try to do that myself. But it would be a pretty big project to try and figure out who send a letter to.

So, I just will tell the internet. 

My 80+ year old dad is now concerned about the health of people who work at Aldi. 

Does the current business model factor in unexpected, everyday chaos? Or can that be padded some way to help the employees endure less stress at the stores?

I doubt that Aldi Corporate folks hang out on Reddit. But if you do, please consider this suggestion.

Perhaps just one more, gopher type employee at each store would help lighten the load for all.",,"r/aldi","2025-12-25T13:03:46.000Z","post","USA (General)","&lt;!-- SC_OFF --&gt;&lt;div class=""md""&gt;&lt;p&gt;My boomer parents are ShopRite people. They don&amp;#39;t shop Aldi much. But this past week I have been telling them how good the Aldi frozen cooked mussels are. &lt;/p&gt;

&lt;p&gt;Side note, I&amp;#39;m a rabid Aldi fan. I love everything about their no-nonsense business model.&lt;/p&gt;

&lt;p&gt;So my dad finally ventured into the Aldi in his part of the state to pick some up. He and my mom reported back with a mostly positive review. They liked the mussels.&lt;/p&gt;

&lt;p&gt;Then at Christmas my dad said about his Aldi experience, &amp;quot;I have never seen people working in a supermarket running around like maniacs the way they do.&amp;quot;&lt;/p&gt;

&lt;p&gt;I said yes, I brought our Aldi workers some Christmas cookies because I feel like they probably don&amp;#39;t get many treats and they work their butts off.&lt;/p&gt;

&lt;p&gt;And my dad said, why do they do that?? and I said because Aldi operates on the bare minimum staff.&lt;/p&gt;

&lt;p&gt;He said why! That doesn&amp;#39;t seem right, and I said well that&amp;#39;s just how they  keep prices low. Employees are timed for productivity and how many sales they ring up.&lt;/p&gt;

&lt;p&gt;Then my old Italian father looked at me very seriously and said:&lt;/p&gt;

&lt;p&gt;&amp;quot;This is not healthy. Tell them it&amp;#39;s not healthy for the people who work there.&amp;quot;&lt;/p&gt;

&lt;p&gt;I said, maybe you should write a letter and send it to corporate.&lt;/p&gt;

&lt;p&gt;I guess I could try to do that myself. But it would be a pretty big project to try and figure out who send a letter to.&lt;/p&gt;

&lt;p&gt;So, I just will tell the internet. &lt;/p&gt;

&lt;p&gt;My 80+ year old dad is now concerned about the health of people who work at Aldi. &lt;/p&gt;

&lt;p&gt;Does the current business model factor in unexpected, everyday chaos? Or can that be padded some way to help the employees endure less stress at the stores?&lt;/p&gt;

&lt;p&gt;I doubt that Aldi Corporate folks hang out on Reddit. But if you do, please consider this suggestion.&lt;/p&gt;

&lt;p&gt;Perhaps just one more, gopher type employee at each store would help lighten the load for all.&lt;/p&gt;
&lt;/div&gt;&lt;!-- SC_ON --&gt;","t3_1pvcz3j",,,,,,,"false","false","https://www.reddit.com/r/aldi/comments/1pvcz3j/a_message_from_my_80_year_old_dad_to_aldi/","423",,"false",,"aldi","1pvcz3j",,"2026-05-05T01:01:36.955Z","self","A Message from My 80+ Year Old Dad to Aldi Corporate","0.95","3992","https://www.reddit.com/r/aldi/comments/1pvcz3j/a_message_from_my_80_year_old_dad_to_aldi/",,"[deleted]"
,"Posts and comments that don't follow r/aldi subreddit rules may be subject to removal. Please see rules for more information. This comment is completely automated.       


*I am a bot, and this action was performed automatically. Please [contact the moderators of this subreddit](/message/compose/?to=/r/aldi) if you have any questions or concerns.*","aldi","r/aldi","2025-12-28T14:44:15.000Z","comment",,"&lt;div class=""md""&gt;&lt;p&gt;Posts and comments that don&amp;#39;t follow &lt;a href=""/r/aldi""&gt;r/aldi&lt;/a&gt; subreddit rules may be subject to removal. Please see rules for more information. This comment is completely automated.       &lt;/p&gt;

&lt;p&gt;&lt;em&gt;I am a bot, and this action was performed automatically. Please &lt;a href=""/message/compose/?to=/r/aldi""&gt;contact the moderators of this subreddit&lt;/a&gt; if you have any questions or concerns.&lt;/em&gt;&lt;/p&gt;
&lt;/div&gt;","t1_nwdb05h",,,,,,,,,,,"0",,"t3_1pvcz3j",,"nwdb05h","t3_1pvcz3j","2026-05-05T01:01:37.049Z",,,,"1","https://www.reddit.com/r/aldi/comments/1pvcz3j/a_message_from_my_80_year_old_dad_to_aldi/nwdb05h/","t2_6l4z3","AutoModerator"
,"Ohhhhh my goodness!!","aldi","r/aldi","2025-06-25T23:34:32.000Z","comment",,"&lt;div class=""md""&gt;&lt;p&gt;Ohhhhh my goodness!!&lt;/p&gt;
&lt;/div&gt;","t1_mzsgrsv",,,,,,,,,,,"0",,"t1_mz2y5bf",,"mzsgrsv","t3_1lhbq5a","2026-05-05T01:01:36.532Z",,,,"1","https://www.reddit.com/r/aldi/comments/1lhbq5a/pet_hats_in_the_aldi_finds_aisle_today/mzsgrsv/","t2_18yeqny1qm","Charming-Clothes-334"
,"I know the workers are rarely doing nothing but it hasn't been my experience to see them ""running around like maniacs"".","aldi","r/aldi","2025-12-25T13:19:18.000Z","comment",,"&lt;div class=""md""&gt;&lt;p&gt;I know the workers are rarely doing nothing but it hasn&amp;#39;t been my experience to see them &amp;quot;running around like maniacs&amp;quot;.&lt;/p&gt;
&lt;/div&gt;","t1_nvv7co5",,,,,,,,,,,"12",,"t3_1pvcz3j",,"nvv7co5","t3_1pvcz3j","2026-05-05T01:01:37.049Z",,,,"948","https://www.reddit.com/r/aldi/comments/1pvcz3j/a_message_from_my_80_year_old_dad_to_aldi/nvv7co5/","t2_otx0nng7","Own-Appointment1633"
,"https://preview.redd.it/1zu8kqao2e8f1.jpeg?width=4284&amp;format=pjpg&amp;auto=webp&amp;s=c09816312b0dc9cd98546555a12676bb1484812b","aldi","r/aldi","2025-06-22T02:23:24.000Z","comment",,"&lt;div class=""md""&gt;&lt;p&gt;&lt;a href=""https://preview.redd.it/1zu8kqao2e8f1.jpeg?width=4284&amp;amp;format=pjpg&amp;amp;auto=webp&amp;amp;s=c09816312b0dc9cd98546555a12676bb1484812b""&gt;https://preview.redd.it/1zu8kqao2e8f1.jpeg?width=4284&amp;amp;format=pjpg&amp;amp;auto=webp&amp;amp;s=c09816312b0dc9cd98546555a12676bb1484812b&lt;/a&gt;&lt;/p&gt;
&lt;/div&gt;","t1_mz36ymi",,,,,,,,,,,"2",,"t3_1lhbq5a",,"mz36ymi","t3_1lhbq5a","2026-05-05T01:01:36.532Z",,,,"115","https://www.reddit.com/r/aldi/comments/1lhbq5a/pet_hats_in_the_aldi_finds_aisle_today/mz36ymi/","t2_gn0xj164r","FlaccidCheddar"
,"Aldi worker for over 4 years here, we’re definitely running around like maniacs our entire shift 😴

Bless your dad OP!","aldi","r/aldi","2025-12-25T13:41:02.000Z","comment",,"&lt;div class=""md""&gt;&lt;p&gt;Aldi worker for over 4 years here, we’re definitely running around like maniacs our entire shift 😴&lt;/p&gt;

&lt;p&gt;Bless your dad OP!&lt;/p&gt;
&lt;/div&gt;","t1_nvva5b0",,,,,,,,,,,"8",,"t1_nvv7co5",,"nvva5b0","t3_1pvcz3j","2026-05-05T01:01:37.049Z",,,,"1154","https://www.reddit.com/r/aldi/comments/1pvcz3j/a_message_from_my_80_year_old_dad_to_aldi/nvva5b0/","t2_1ak7ahhr2k","Prior_Researcher_492"
,"The Cat in a Hat!","aldi","r/aldi","2025-06-22T02:37:43.000Z","comment",,"&lt;div class=""md""&gt;&lt;p&gt;The Cat in a Hat!&lt;/p&gt;
&lt;/div&gt;","t1_mz395ql",,,,,,,,,,,"0",,"t1_mz36ymi",,"mz395ql","t3_1lhbq5a","2026-05-05T01:01:36.532Z",,,,"23","https://www.reddit.com/r/aldi/comments/1lhbq5a/pet_hats_in_the_aldi_finds_aisle_today/mz395ql/","t2_61v723m3","Stardust_Particle"
,"I think some employees are just really good at looking calm under pressure. I've always assumed that y'all are like us nurses - maniac in your head, chill on the outside.","aldi","r/aldi","2025-12-25T15:06:13.000Z","comment",,"&lt;div class=""md""&gt;&lt;p&gt;I think some employees are just really good at looking calm under pressure. I&amp;#39;ve always assumed that y&amp;#39;all are like us nurses - maniac in your head, chill on the outside.&lt;/p&gt;
&lt;/div&gt;","t1_nvvm2eh",,,,,,,,,,,"2",,"t1_nvva5b0",,"nvvm2eh","t3_1pvcz3j","2026-05-05T01:01:37.049Z",,,,"326","https://www.reddit.com/r/aldi/comments/1pvcz3j/a_message_from_my_80_year_old_dad_to_aldi/nvvm2eh/","t2_3umbk4us","MizStazya"
,"your cat looks so polite","aldi","r/aldi","2025-06-22T15:04:58.000Z","comment",,"&lt;div class=""md""&gt;&lt;p&gt;your cat looks so polite&lt;/p&gt;
&lt;/div&gt;","t1_mz5w097",,,,,,,,,,,"0",,"t1_mz36ymi",,"mz5w097","t3_1lhbq5a","2026-05-05T01:01:36.532Z",,,,"13","https://www.reddit.com/r/aldi/comments/1lhbq5a/pet_hats_in_the_aldi_finds_aisle_today/mz5w097/","t2_3oqjv6h6","skreepo"
,"As a former Aldi employee, I never really felt that way. Once you’re there for a bit, it becomes very routine, which is one of the things I loved about the job.

Ever since I left my weekly steps and activity have plummeted, unfortunately. I lost like 10 pounds working there, but I loved that about the job. Very physical (especially as an opener) and you really do have to keep moving, but it’s the minor efficiencies that add up over time and you can sort of slow down but still get things done on time or faster. 

I don’t think it’s the kind of job for passive people, generally. It’s great for doers and for people who enjoy the manual and physical aspects of labor, and who have a decent bit of common sense. 

They also pay above average for the industry, post everyone’s pay publicly so that it’s kept fair, and give raises to keep up with inflation. By 6 months I was slated for $19/hr after starting at $17.50, *as a part time opener*. That $19/hr was on par with some supervisor positions at other local stores, and the $17.50 surpassed all other starting pay rates locally. 

I know I sound like a shill, but I genuinely enjoyed my time at Aldi and if I were to quit teaching for any reason, I’d go right back to Aldi (and fortunately, I know they’d hire me on the spot).","aldi","r/aldi","2025-12-25T15:21:07.000Z","comment",,"&lt;div class=""md""&gt;&lt;p&gt;As a former Aldi employee, I never really felt that way. Once you’re there for a bit, it becomes very routine, which is one of the things I loved about the job.&lt;/p&gt;

&lt;p&gt;Ever since I left my weekly steps and activity have plummeted, unfortunately. I lost like 10 pounds working there, but I loved that about the job. Very physical (especially as an opener) and you really do have to keep moving, but it’s the minor efficiencies that add up over time and you can sort of slow down but still get things done on time or faster. &lt;/p&gt;

&lt;p&gt;I don’t think it’s the kind of job for passive people, generally. It’s great for doers and for people who enjoy the manual and physical aspects of labor, and who have a decent bit of common sense. &lt;/p&gt;

&lt;p&gt;They also pay above average for the industry, post everyone’s pay publicly so that it’s kept fair, and give raises to keep up with inflation. By 6 months I was slated for $19/hr after starting at $17.50, &lt;em&gt;as a part time opener&lt;/em&gt;. That $19/hr was on par with some supervisor positions at other local stores, and the $17.50 surpassed all other starting pay rates locally. &lt;/p&gt;

&lt;p&gt;I know I sound like a shill, but I genuinely enjoyed my time at Aldi and if I were to quit teaching for any reason, I’d go right back to Aldi (and fortunately, I know they’d hire me on the spot).&lt;/p&gt;
&lt;/div&gt;","t1_nvvoehp",,,,,,,,,,,"2",,"t1_nvvm2eh",,"nvvoehp","t3_1pvcz3j","2026-05-05T01:01:37.049Z",,,,"241","https://www.reddit.com/r/aldi/comments/1pvcz3j/a_message_from_my_80_year_old_dad_to_aldi/nvvoehp/","t2_7oi9t","Killtrox"
,"I need it. My cat will hate it","aldi","r/aldi","2025-06-22T01:16:22.000Z","comment",,"&lt;div class=""md""&gt;&lt;p&gt;I need it. My cat will hate it&lt;/p&gt;
&lt;/div&gt;","t1_mz2wgq1",,,,,,,,,,,"3",,"t3_1lhbq5a",,"mz2wgq1","t3_1lhbq5a","2026-05-05T01:01:36.532Z",,,,"111","https://www.reddit.com/r/aldi/comments/1lhbq5a/pet_hats_in_the_aldi_finds_aisle_today/mz2wgq1/","t2_856iejbf","Findchidi"
,"[deleted]","aldi","r/aldi","2025-12-25T17:51:41.000Z","comment",,"&lt;div class=""md""&gt;&lt;p&gt;[deleted]&lt;/p&gt;
&lt;/div&gt;","t1_nvwdaor",,,,,,,,,,,"2",,"t1_nvvoehp",,"nvwdaor","t3_1pvcz3j","2026-05-05T01:01:37.049Z",,,,"58","https://www.reddit.com/r/aldi/comments/1pvcz3j/a_message_from_my_80_year_old_dad_to_aldi/nvwdaor/",,"[deleted]"
,"Truly one of the most cat owner things to say","aldi","r/aldi","2025-06-22T03:45:48.000Z","comment",,"&lt;div class=""md""&gt;&lt;p&gt;Truly one of the most cat owner things to say&lt;/p&gt;
&lt;/div&gt;","t1_mz3iz7m",,,,,,,,,,,"0",,"t1_mz2wgq1",,"mz3iz7m","t3_1lhbq5a","2026-05-05T01:01:36.532Z",,,,"30","https://www.reddit.com/r/aldi/comments/1lhbq5a/pet_hats_in_the_aldi_finds_aisle_today/mz3iz7m/","t2_12uxz0dm","seomke"
,"I left towards the end of 2021 when it was clear it was going down that path too. That combined with our SM changing (our original SM had been amazing and got offered a flagship store), the leadership structure changing and all shift managers leaving, our then-new SM being incapable of running a busy store, and the two remaining veteran employees trying to keep everything afloat because the newer employees refused to do their share and we had to keep fixing their messes (one guy always took *eight hours* to do freezer and still left half of it not done)... 

That terrible SM did get fired shortly after the two of us left, though, which was great to hear after having our issues ignored (by the DM too) for so long. 🤭","aldi","r/aldi","2025-12-25T18:33:44.000Z","comment",,"&lt;div class=""md""&gt;&lt;p&gt;I left towards the end of 2021 when it was clear it was going down that path too. That combined with our SM changing (our original SM had been amazing and got offered a flagship store), the leadership structure changing and all shift managers leaving, our then-new SM being incapable of running a busy store, and the two remaining veteran employees trying to keep everything afloat because the newer employees refused to do their share and we had to keep fixing their messes (one guy always took &lt;em&gt;eight hours&lt;/em&gt; to do freezer and still left half of it not done)... &lt;/p&gt;

&lt;p&gt;That terrible SM did get fired shortly after the two of us left, though, which was great to hear after having our issues ignored (by the DM too) for so long. 🤭&lt;/p&gt;
&lt;/div&gt;","t1_nvwkk0v",,,,,,,,,,,"0",,"t1_nvwdaor",,"nvwkk0v","t3_1pvcz3j","2026-05-05T01:01:37.049Z",,,,"36","https://www.reddit.com/r/aldi/comments/1pvcz3j/a_message_from_my_80_year_old_dad_to_aldi/nvwkk0v/","t2_o1ez6","Flustro"
,"Mine will like it just as much as they like that cat exercise wheel I bought them 2 months ago. Untouched.","aldi","r/aldi","2025-06-22T16:29:10.000Z","comment",,"&lt;div class=""md""&gt;&lt;p&gt;Mine will like it just as much as they like that cat exercise wheel I bought them 2 months ago. Untouched.&lt;/p&gt;
&lt;/div&gt;","t1_mz6cd6q",,,,,,,,,,,"0",,"t1_mz2wgq1",,"mz6cd6q","t3_1lhbq5a","2026-05-05T01:01:36.532Z",,,,"5","https://www.reddit.com/r/aldi/comments/1lhbq5a/pet_hats_in_the_aldi_finds_aisle_today/mz6cd6q/","t2_lj0y1","jazzieberry"
,"I’m speaking locally, of course, not for every single Aldi in the nation.","aldi","r/aldi","2025-12-25T20:46:54.000Z","comment",,"&lt;div class=""md""&gt;&lt;p&gt;I’m speaking locally, of course, not for every single Aldi in the nation.&lt;/p&gt;
&lt;/div&gt;","t1_nvx6u5q",,,,,,,,,,,"1",,"t1_nvwdaor",,"nvx6u5q","t3_1pvcz3j","2026-05-05T01:01:37.049Z",,,,"11","https://www.reddit.com/r/aldi/comments/1pvcz3j/a_message_from_my_80_year_old_dad_to_aldi/nvx6u5q/","t2_7oi9t","Killtrox"
,"This is me hahahah 

My fiance and I have 2 cats and I think one will at least let me put it on him and be nonchalant, and the other one will probably run away and absolutely hate it 😂😂","aldi","r/aldi","2025-06-23T19:54:44.000Z","comment",,"&lt;div class=""md""&gt;&lt;p&gt;This is me hahahah &lt;/p&gt;

&lt;p&gt;My fiance and I have 2 cats and I think one will at least let me put it on him and be nonchalant, and the other one will probably run away and absolutely hate it 😂😂&lt;/p&gt;
&lt;/div&gt;","t1_mzdz2js",,,,,,,,,,,"0",,"t1_mz2wgq1",,"mzdz2js","t3_1lhbq5a","2026-05-05T01:01:36.532Z",,,,"2","https://www.reddit.com/r/aldi/comments/1lhbq5a/pet_hats_in_the_aldi_finds_aisle_today/mzdz2js/","t2_83hfq31x","cocochanel888"
,"When was that. My company pays that much with advancement and bonus opportunities.","aldi","r/aldi","2025-12-25T16:27:17.000Z","comment",,"&lt;div class=""md""&gt;&lt;p&gt;When was that. My company pays that much with advancement and bonus opportunities.&lt;/p&gt;
&lt;/div&gt;","t1_nvvz6vr",,,,,,,,,,,"2",,"t1_nvvoehp",,"nvvz6vr","t3_1pvcz3j","2026-05-05T01:01:37.049Z",,,,"6","https://www.reddit.com/r/aldi/comments/1pvcz3j/a_message_from_my_80_year_old_dad_to_aldi/nvvz6vr/","t2_1rnmtmeg1x","Lazy-Background-7598"
,"Like… September?","aldi","r/aldi","2025-12-25T20:45:32.000Z","comment",,"&lt;div class=""md""&gt;&lt;p&gt;Like… September?&lt;/p&gt;
&lt;/div&gt;","t1_nvx6m8t",,,,,,,,,,,"2",,"t1_nvvz6vr",,"nvx6m8t","t3_1pvcz3j","2026-05-05T01:01:37.049Z",,,,"4","https://www.reddit.com/r/aldi/comments/1pvcz3j/a_message_from_my_80_year_old_dad_to_aldi/nvx6m8t/","t2_7oi9t","Killtrox"
,"https://preview.redd.it/pzj3wuk8he8f1.jpeg?width=4284&amp;format=pjpg&amp;auto=webp&amp;s=bb0dd591dbf65ea8f7fce51ca2fb971e82f6b928

Radish has some thoughts on her new hat. Mainly that she wishes she wasn’t wearing it for the picture 😂","aldi","r/aldi","2025-06-22T03:45:23.000Z","comment",,"&lt;div class=""md""&gt;&lt;p&gt;&lt;a href=""https://preview.redd.it/pzj3wuk8he8f1.jpeg?width=4284&amp;amp;format=pjpg&amp;amp;auto=webp&amp;amp;s=bb0dd591dbf65ea8f7fce51ca2fb971e82f6b928""&gt;https://preview.redd.it/pzj3wuk8he8f1.jpeg?width=4284&amp;amp;format=pjpg&amp;amp;auto=webp&amp;amp;s=bb0dd591dbf65ea8f7fce51ca2fb971e82f6b928&lt;/a&gt;&lt;/p&gt;

&lt;p&gt;Radish has some thoughts on her new hat. Mainly that she wishes she wasn’t wearing it for the picture 😂&lt;/p&gt;
&lt;/div&gt;","t1_mz3ix61",,,,,,,,,,,"3",,"t3_1lhbq5a",,"mz3ix61","t3_1lhbq5a","2026-05-05T01:01:36.532Z",,,,"81","https://www.reddit.com/r/aldi/comments/1lhbq5a/pet_hats_in_the_aldi_finds_aisle_today/mz3ix61/","t2_12uxz0dm","seomke"
,"Or at all.","aldi","r/aldi","2025-06-22T04:27:41.000Z","comment",,"&lt;div class=""md""&gt;&lt;p&gt;Or at all.&lt;/p&gt;
&lt;/div&gt;","t1_mz3ojko",,,,,,,,,,,"0",,"t1_mz3ix61",,"mz3ojko","t3_1lhbq5a","2026-05-05T01:01:36.532Z",,,,"10","https://www.reddit.com/r/aldi/comments/1lhbq5a/pet_hats_in_the_aldi_finds_aisle_today/mz3ojko/",,"[deleted]"
,"I’m in another industry (commercial medical-adjacent) and I’m not making your start pay even after 3+ years in the job.

(I’m in an at-work state with federal-level minimum wage, so not surprising, but still disappointing.)

The Aldi employees in the stores near me are constantly moving, unless they’re seated behind the register. And their checkout times are faster than any other grocery store I’ve ever shopped.","aldi","r/aldi","2025-12-25T21:49:59.000Z","comment",,"&lt;div class=""md""&gt;&lt;p&gt;I’m in another industry (commercial medical-adjacent) and I’m not making your start pay even after 3+ years in the job.&lt;/p&gt;

&lt;p&gt;(I’m in an at-work state with federal-level minimum wage, so not surprising, but still disappointing.)&lt;/p&gt;

&lt;p&gt;The Aldi employees in the stores near me are constantly moving, unless they’re seated behind the register. And their checkout times are faster than any other grocery store I’ve ever shopped.&lt;/p&gt;
&lt;/div&gt;","t1_nvxh2zi",,,,,,,,,,,"1",,"t1_nvx6m8t",,"nvxh2zi","t3_1pvcz3j","2026-05-05T01:01:37.049Z",,,,"13","https://www.reddit.com/r/aldi/comments/1pvcz3j/a_message_from_my_80_year_old_dad_to_aldi/nvxh2zi/","t2_m7clk6br","anonerdactyl_rex"
,"It’s really annoying for me to go to the closest Aldi to me (in Queens), I have to go through a lot of traffic and into a parking garage. So hopefully they are building one closer to meeeee!! ",,"r/aldi","2025-08-12T11:57:46.000Z","post","USA","&lt;!-- SC_OFF --&gt;&lt;div class=""md""&gt;&lt;p&gt;It’s really annoying for me to go to the closest Aldi to me (in Queens), I have to go through a lot of traffic and into a parking garage. So hopefully they are building one closer to meeeee!! &lt;/p&gt;
&lt;/div&gt;&lt;!-- SC_ON --&gt;","t3_1mo6p7u","https://i.redd.it/vhofs29nvkif1.jpeg",,,,,,"false","false","https://i.redd.it/vhofs29nvkif1.jpeg","198",,"false",,"aldi","1mo6p7u",,"2026-05-05T01:01:38.353Z","https://a.thumbs.redditmedia.com/7PLEH695ho6jvzXuuOVF34e-0lgc0Hbg_6Hp4krEuu4.jpg","Good news!!","0.99","2786","https://www.reddit.com/r/aldi/comments/1mo6p7u/good_news/","t2_5dqat8uw","princessfluffytoes"
,"I would strongly suggest you be very very careful when sleeping!","aldi","r/aldi","2025-06-22T14:48:24.000Z","comment",,"&lt;div class=""md""&gt;&lt;p&gt;I would strongly suggest you be very very careful when sleeping!&lt;/p&gt;
&lt;/div&gt;","t1_mz5stds",,,,,,,,,,,"0",,"t1_mz3ix61",,"mz5stds","t3_1lhbq5a","2026-05-05T01:01:36.532Z",,,,"9","https://www.reddit.com/r/aldi/comments/1lhbq5a/pet_hats_in_the_aldi_finds_aisle_today/mz5stds/","t2_11m17r","llzellner"
,"I never got to cashier but I would’ve rocked that shit. When I worked at Sam’s Club I sucked at selling the credit cards but everyone went to my line because it moved the quickest","aldi","r/aldi","2025-12-25T23:07:37.000Z","comment",,"&lt;div class=""md""&gt;&lt;p&gt;I never got to cashier but I would’ve rocked that shit. When I worked at Sam’s Club I sucked at selling the credit cards but everyone went to my line because it moved the quickest&lt;/p&gt;
&lt;/div&gt;","t1_nvxthac",,,,,,,,,,,"0",,"t1_nvxh2zi",,"nvxthac","t3_1pvcz3j","2026-05-05T01:01:37.049Z",,,,"8","https://www.reddit.com/r/aldi/comments/1pvcz3j/a_message_from_my_80_year_old_dad_to_aldi/nvxthac/","t2_7oi9t","Killtrox"
,"They’re spreading through my area at Dollar General speed &amp; I love this for them &amp; for me (I was able to hit 4 within 20 minutes this weekend). Still, I can’t shake the worry that we’ll hit the usual tipping point that happens to stores where popularity brings higher prices &amp; lower quality. Curious what others think. Am I overthinking this or is this a legit concern?","aldi","r/aldi","2025-08-12T12:10:42.000Z","comment",,"&lt;div class=""md""&gt;&lt;p&gt;They’re spreading through my area at Dollar General speed &amp;amp; I love this for them &amp;amp; for me (I was able to hit 4 within 20 minutes this weekend). Still, I can’t shake the worry that we’ll hit the usual tipping point that happens to stores where popularity brings higher prices &amp;amp; lower quality. Curious what others think. Am I overthinking this or is this a legit concern?&lt;/p&gt;
&lt;/div&gt;","t1_n89xqbc",,,,,,,,,,,"13",,"t3_1mo6p7u",,"n89xqbc","t3_1mo6p7u","2026-05-05T01:01:38.545Z",,,,"411","https://www.reddit.com/r/aldi/comments/1mo6p7u/good_news/n89xqbc/","t2_x5ogo","Snoobs-Magoo"
,"It’s already happening. They’ve changed some of their product formulations and carry more junk.","aldi","r/aldi","2025-08-12T13:45:18.000Z","comment",,"&lt;div class=""md""&gt;&lt;p&gt;It’s already happening. They’ve changed some of their product formulations and carry more junk.&lt;/p&gt;
&lt;/div&gt;","t1_n8adpt5",,,,,,,,,,,"5",,"t1_n89xqbc",,"n8adpt5","t3_1mo6p7u","2026-05-05T01:01:38.545Z",,,,"199","https://www.reddit.com/r/aldi/comments/1mo6p7u/good_news/n8adpt5/","t2_1049b42clc","herroyalsadness"
,"Pay varies based on location. Some stores start at different rates than others. If you're curious, you can verify this by checking job openings in different cities/states.","aldi","r/aldi","2025-12-26T02:20:33.000Z","comment",,"&lt;div class=""md""&gt;&lt;p&gt;Pay varies based on location. Some stores start at different rates than others. If you&amp;#39;re curious, you can verify this by checking job openings in different cities/states.&lt;/p&gt;
&lt;/div&gt;","t1_nvymq8m",,,,,,,,,,,"0",,"t1_nvvz6vr",,"nvymq8m","t3_1pvcz3j","2026-05-05T01:01:37.049Z",,,,"3","https://www.reddit.com/r/aldi/comments/1pvcz3j/a_message_from_my_80_year_old_dad_to_aldi/nvymq8m/","t2_qice0","no_such_thing_as"
,"In my younger years I worked at a banquet hall.  Before I started they used to have 2 guys restocking the buffet lines per room and a couple people running coffee/water and assisting guests.   

Once I figured out my rhythm I was able to keep 2 buffet lines stocked myself.  I was busy but I made it look calm.   The chef and I developed a shorthand language so I could tell him the next things I needed and he would get them ready for me.   

This freed someone up to assist guests.","aldi","r/aldi","2025-12-25T15:53:33.000Z","comment",,"&lt;div class=""md""&gt;&lt;p&gt;In my younger years I worked at a banquet hall.  Before I started they used to have 2 guys restocking the buffet lines per room and a couple people running coffee/water and assisting guests.   &lt;/p&gt;

&lt;p&gt;Once I figured out my rhythm I was able to keep 2 buffet lines stocked myself.  I was busy but I made it look calm.   The chef and I developed a shorthand language so I could tell him the next things I needed and he would get them ready for me.   &lt;/p&gt;

&lt;p&gt;This freed someone up to assist guests.&lt;/p&gt;
&lt;/div&gt;","t1_nvvtl86",,,,,,,,,,,"0",,"t1_nvvm2eh",,"nvvtl86","t3_1pvcz3j","2026-05-05T01:01:37.049Z",,,,"26","https://www.reddit.com/r/aldi/comments/1pvcz3j/a_message_from_my_80_year_old_dad_to_aldi/nvvtl86/","t2_ipw9h","SafetyMan35"
,"I hate the fact that they’re adding artificial sweetener to a lot of products, and don’t label them when they do. I’m allergic to it so I’ve stopped shopping at Aldi for that reason.","aldi","r/aldi","2025-08-12T15:47:51.000Z","comment",,"&lt;div class=""md""&gt;&lt;p&gt;I hate the fact that they’re adding artificial sweetener to a lot of products, and don’t label them when they do. I’m allergic to it so I’ve stopped shopping at Aldi for that reason.&lt;/p&gt;
&lt;/div&gt;","t1_n8b1nv6",,,,,,,,,,,"5",,"t1_n8adpt5",,"n8b1nv6","t3_1mo6p7u","2026-05-05T01:01:38.545Z",,,,"100","https://www.reddit.com/r/aldi/comments/1mo6p7u/good_news/n8b1nv6/","t2_14vif3","PLZ_PM_ME_URSecrets"
,"Complain to corporate. Not the US corporate, German corporate, they might care more. When the CEO of Aldi US was complaining about cashiers being allowed to sit, German corporate told him to shove it.","aldi","r/aldi","2025-08-12T17:21:18.000Z","comment",,"&lt;div class=""md""&gt;&lt;p&gt;Complain to corporate. Not the US corporate, German corporate, they might care more. When the CEO of Aldi US was complaining about cashiers being allowed to sit, German corporate told him to shove it.&lt;/p&gt;
&lt;/div&gt;","t1_n8bkp2h",,,,,,,,,,,"3",,"t1_n8b1nv6",,"n8bkp2h","t3_1mo6p7u","2026-05-05T01:01:38.545Z",,,,"146","https://www.reddit.com/r/aldi/comments/1mo6p7u/good_news/n8bkp2h/","t2_vgffvndqj","Anon_Chapstick"
,"I have quite a few Aldi stores within 20min of me. NONE of the employees sit around! I also have a grocery store near me that I absolutely hate because of the high cost, so I specifically drive to Aldi. Thank you Aldi worker, and if corporate reads this, do better by your employees!","aldi","r/aldi","2025-12-25T17:40:22.000Z","comment",,"&lt;div class=""md""&gt;&lt;p&gt;I have quite a few Aldi stores within 20min of me. NONE of the employees sit around! I also have a grocery store near me that I absolutely hate because of the high cost, so I specifically drive to Aldi. Thank you Aldi worker, and if corporate reads this, do better by your employees!&lt;/p&gt;
&lt;/div&gt;","t1_nvwbdgp",,,,,,,,,,,"0",,"t1_nvva5b0",,"nvwbdgp","t3_1pvcz3j","2026-05-05T01:01:37.049Z",,,,"34","https://www.reddit.com/r/aldi/comments/1pvcz3j/a_message_from_my_80_year_old_dad_to_aldi/nvwbdgp/","t2_923w7zfh","Zealousideal-Club-71"
,"My local aldis just got rid of cashiers.

If there is one, there's only one.","aldi","r/aldi","2025-08-13T01:00:00.000Z","comment",,"&lt;div class=""md""&gt;&lt;p&gt;My local aldis just got rid of cashiers.&lt;/p&gt;

&lt;p&gt;If there is one, there&amp;#39;s only one.&lt;/p&gt;
&lt;/div&gt;","t1_n8e1rz3",,,,,,,,,,,"4",,"t1_n8bkp2h",,"n8e1rz3","t3_1mo6p7u","2026-05-05T01:01:38.545Z",,,,"27","https://www.reddit.com/r/aldi/comments/1mo6p7u/good_news/n8e1rz3/","t2_e344moq","AntaresOmni"
,"Same where I live","aldi","r/aldi","2025-08-13T04:53:55.000Z","comment",,"&lt;div class=""md""&gt;&lt;p&gt;Same where I live&lt;/p&gt;
&lt;/div&gt;","t1_n8f0hsl",,,,,,,,,,,"0",,"t1_n8e1rz3",,"n8f0hsl","t3_1mo6p7u","2026-05-05T01:01:38.545Z",,,,"3","https://www.reddit.com/r/aldi/comments/1mo6p7u/good_news/n8f0hsl/","t2_12ykdi","firenzagirl"
,"Same with mine","aldi","r/aldi","2025-08-14T13:00:36.000Z","comment",,"&lt;div class=""md""&gt;&lt;p&gt;Same with mine&lt;/p&gt;
&lt;/div&gt;","t1_n8n7jzv",,,,,,,,,,,"0",,"t1_n8e1rz3",,"n8n7jzv","t3_1mo6p7u","2026-05-05T01:01:38.545Z",,,,"1","https://www.reddit.com/r/aldi/comments/1mo6p7u/good_news/n8n7jzv/","t2_1njo3xta","jmg733mpls"
,"Oh that f ing sucks. The ones in my area still all have cashiers, but there's one I visited in Maryland that are self check out. F that","aldi","r/aldi","2025-09-11T19:11:22.000Z","comment",,"&lt;div class=""md""&gt;&lt;p&gt;Oh that f ing sucks. The ones in my area still all have cashiers, but there&amp;#39;s one I visited in Maryland that are self check out. F that&lt;/p&gt;
&lt;/div&gt;","t1_ndopx6e",,,,,,,,,,,"1",,"t1_n8e1rz3",,"ndopx6e","t3_1mo6p7u","2026-05-05T01:01:38.545Z",,,,"1","https://www.reddit.com/r/aldi/comments/1mo6p7u/good_news/ndopx6e/","t2_1xgrb32321","Much_Musician_1494"
,"I went last week and now half the self check outs are closed. Still at least 1-2 security officers and only one cashier. Really sucks.","aldi","r/aldi","2025-09-11T19:56:06.000Z","comment",,"&lt;div class=""md""&gt;&lt;p&gt;I went last week and now half the self check outs are closed. Still at least 1-2 security officers and only one cashier. Really sucks.&lt;/p&gt;
&lt;/div&gt;","t1_ndoz306",,,,,,,,,,,"0",,"t1_ndopx6e",,"ndoz306","t3_1mo6p7u","2026-05-05T01:01:38.545Z",,,,"1","https://www.reddit.com/r/aldi/comments/1mo6p7u/good_news/ndoz306/","t2_e344moq","AntaresOmni"
,"Deliberately misleading comment","aldi","r/aldi","2025-08-13T15:14:08.000Z","comment",,"&lt;div class=""md""&gt;&lt;p&gt;Deliberately misleading comment&lt;/p&gt;
&lt;/div&gt;","t1_n8hbpec",,,,,,,,,,,"1",,"t1_n8e1rz3",,"n8hbpec","t3_1mo6p7u","2026-05-05T01:01:38.545Z",,,,"0","https://www.reddit.com/r/aldi/comments/1mo6p7u/good_news/n8hbpec/","t2_ubcag","Phoenix916"
,"I mean, 3 different stores go from 4 cashiers to a bunch of self check outs over the last two years, which is pretty obvious. Replace cashiers with a security officer, who stands at the front, and suddenly, no one is sitting to work.","aldi","r/aldi","2025-08-13T15:21:22.000Z","comment",,"&lt;div class=""md""&gt;&lt;p&gt;I mean, 3 different stores go from 4 cashiers to a bunch of self check outs over the last two years, which is pretty obvious. Replace cashiers with a security officer, who stands at the front, and suddenly, no one is sitting to work.&lt;/p&gt;
&lt;/div&gt;","t1_n8hd7gz",,,,,,,,,,,"1",,"t1_n8hbpec",,"n8hd7gz","t3_1mo6p7u","2026-05-05T01:01:38.545Z",,,,"0","https://www.reddit.com/r/aldi/comments/1mo6p7u/good_news/n8hd7gz/","t2_e344moq","AntaresOmni"
,"I guess the confusion was over ""just got rid of cashiers"".  I don't consider something I did 2 years ago as something that I just did now.  


Im also shocked your stores have a security officer.  0/5 Aldi stores I've been to near me have a security officer, and I haven't heard of any of the others employing one.  ","aldi","r/aldi","2025-08-13T15:24:57.000Z","comment",,"&lt;div class=""md""&gt;&lt;p&gt;I guess the confusion was over &amp;quot;just got rid of cashiers&amp;quot;.  I don&amp;#39;t consider something I did 2 years ago as something that I just did now.  &lt;/p&gt;

&lt;p&gt;Im also shocked your stores have a security officer.  0/5 Aldi stores I&amp;#39;ve been to near me have a security officer, and I haven&amp;#39;t heard of any of the others employing one.  &lt;/p&gt;
&lt;/div&gt;","t1_n8hdy35",,,,,,,,,,,"2",,"t1_n8hd7gz",,"n8hdy35","t3_1mo6p7u","2026-05-05T01:01:38.545Z",,,,"1","https://www.reddit.com/r/aldi/comments/1mo6p7u/good_news/n8hdy35/","t2_ubcag","Phoenix916"
,"A lot of the grocery stores in my city have security now. Aldi, Kroger, even the Publix in the 'nice area' of town. Way of the world now.","aldi","r/aldi","2025-08-13T15:31:00.000Z","comment",,"&lt;div class=""md""&gt;&lt;p&gt;A lot of the grocery stores in my city have security now. Aldi, Kroger, even the Publix in the &amp;#39;nice area&amp;#39; of town. Way of the world now.&lt;/p&gt;
&lt;/div&gt;","t1_n8hf783",,,,,,,,,,,"1",,"t1_n8hdy35",,"n8hf783","t3_1mo6p7u","2026-05-05T01:01:38.545Z",,,,"1","https://www.reddit.com/r/aldi/comments/1mo6p7u/good_news/n8hf783/","t2_e344moq","AntaresOmni"
,"It doesn’t have to be this way, the US just decided social safety nets aren’t necessary and well… folks gotta eat.","aldi","r/aldi","2025-08-14T13:44:03.000Z","comment",,"&lt;div class=""md""&gt;&lt;p&gt;It doesn’t have to be this way, the US just decided social safety nets aren’t necessary and well… folks gotta eat.&lt;/p&gt;
&lt;/div&gt;","t1_n8nfjsu",,,,,,,,,,,"0",,"t1_n8hf783",,"n8nfjsu","t3_1mo6p7u","2026-05-05T01:01:38.545Z",,,,"3","https://www.reddit.com/r/aldi/comments/1mo6p7u/good_news/n8nfjsu/","t2_kg1nek3v","simonhunterhawk"
,"My 8 month pregnant daughter was a victim of pick pocketing in an Aldi’s in Detroit in July. She ran after the guy and the security guard confronted him but the guy got away with my daughter’s wallet and her 250.00 she made that week as a nanny. Sad to say they haven’t caught the guy yet.","aldi","r/aldi","2025-08-13T15:39:23.000Z","comment",,"&lt;div class=""md""&gt;&lt;p&gt;My 8 month pregnant daughter was a victim of pick pocketing in an Aldi’s in Detroit in July. She ran after the guy and the security guard confronted him but the guy got away with my daughter’s wallet and her 250.00 she made that week as a nanny. Sad to say they haven’t caught the guy yet.&lt;/p&gt;
&lt;/div&gt;","t1_n8hgxzd",,,,,,,,,,,"0",,"t1_n8hdy35",,"n8hgxzd","t3_1mo6p7u","2026-05-05T01:01:38.545Z",,,,"1","https://www.reddit.com/r/aldi/comments/1mo6p7u/good_news/n8hgxzd/","t2_1jrfyvgmhh","Beneficial-One-3262"
,"Images:
	https://preview.redd.it/8vwl3g0iexng1.jpeg?auto=webp&amp;s=41e3ed32f66e6157523fad2328727a3bd3401180
",,"r/aldi","2026-03-09T01:54:19.000Z","post","USA (General)","Images:
	https://preview.redd.it/8vwl3g0iexng1.jpeg?auto=webp&amp;s=41e3ed32f66e6157523fad2328727a3bd3401180
","t3_1ronc3d","https://i.redd.it/8vwl3g0iexng1.jpeg",,,,,,"false","false","https://i.redd.it/8vwl3g0iexng1.jpeg","88",,"false",,"aldi","1ronc3d",,"2026-05-05T01:01:42.632Z","https://preview.redd.it/8vwl3g0iexng1.jpeg?width=140&amp;height=140&amp;crop=1:1,smart&amp;auto=webp&amp;s=fe7d9e96569db038cb40c7b1c39809f0b604e4b5","Score at goodwill today!!","0.98","2623","https://www.reddit.com/r/aldi/comments/1ronc3d/score_at_goodwill_today/","t2_c9vx3","elleay"
,"Posts and comments that don't follow r/aldi subreddit rules may be subject to removal. No Ai. Please see rules for more information. Please no false reports. This comment is completely automated.       


*I am a bot, and this action was performed automatically. Please [contact the moderators of this subreddit](/message/compose/?to=/r/aldi) if you have any questions or concerns.*","aldi","r/aldi","2026-03-09T01:54:20.000Z","comment",,"&lt;div class=""md""&gt;&lt;p&gt;Posts and comments that don&amp;#39;t follow &lt;a href=""/r/aldi""&gt;r/aldi&lt;/a&gt; subreddit rules may be subject to removal. No Ai. Please see rules for more information. Please no false reports. This comment is completely automated.       &lt;/p&gt;

&lt;p&gt;&lt;em&gt;I am a bot, and this action was performed automatically. Please &lt;a href=""/message/compose/?to=/r/aldi""&gt;contact the moderators of this subreddit&lt;/a&gt; if you have any questions or concerns.&lt;/em&gt;&lt;/p&gt;
&lt;/div&gt;","t1_o9f2zzv",,,,,,,,,,,"0",,"t3_1ronc3d",,"o9f2zzv","t3_1ronc3d","2026-05-05T01:01:42.694Z",,,,"1","https://www.reddit.com/r/aldi/comments/1ronc3d/score_at_goodwill_today/o9f2zzv/","t2_6l4z3","AutoModerator"
,"![gif](giphy|twxoPjMpsijwPFBVqs|downsized)","aldi","r/aldi","2026-03-09T02:00:37.000Z","comment",,"&lt;div class=""md""&gt;&lt;p&gt;&lt;a href=""https://giphy.com/gifs/twxoPjMpsijwPFBVqs"" target=""_blank""&gt;https://giphy.com/gifs/twxoPjMpsijwPFBVqs&lt;/a&gt;&lt;/p&gt;
&lt;/div&gt;","t1_o9f40a1",,,,,,,,,,,"1",,"t3_1ronc3d",,"o9f40a1","t3_1ronc3d","2026-05-05T01:01:42.694Z",,,,"223","https://www.reddit.com/r/aldi/comments/1ronc3d/score_at_goodwill_today/o9f40a1/","t2_204chi242j","Kind-Two190"
,"![gif](giphy|oYtVHSxngR3lC|downsized)","aldi","r/aldi","2026-03-09T02:02:58.000Z","comment",,"&lt;div class=""md""&gt;&lt;p&gt;&lt;a href=""https://giphy.com/gifs/oYtVHSxngR3lC"" target=""_blank""&gt;https://giphy.com/gifs/oYtVHSxngR3lC&lt;/a&gt;&lt;/p&gt;
&lt;/div&gt;","t1_o9f4dq4",,,,,,,,,,,"0",,"t1_o9f40a1",,"o9f4dq4","t3_1ronc3d","2026-05-05T01:01:42.694Z",,,,"68","https://www.reddit.com/r/aldi/comments/1ronc3d/score_at_goodwill_today/o9f4dq4/","t2_2pf4ei0c","lakesRgr8"
,"Delete this. The Internet is full of animals according to the four of five comments already made. Lmao. 


Good luck to your inbox and dope find. ","aldi","r/aldi","2026-03-09T02:06:55.000Z","comment",,"&lt;div class=""md""&gt;&lt;p&gt;Delete this. The Internet is full of animals according to the four of five comments already made. Lmao. &lt;/p&gt;

&lt;p&gt;Good luck to your inbox and dope find. &lt;/p&gt;
&lt;/div&gt;","t1_o9f50a4",,,,,,,,,,,"1",,"t3_1ronc3d",,"o9f50a4","t3_1ronc3d","2026-05-05T01:01:42.694Z",,,,"154","https://www.reddit.com/r/aldi/comments/1ronc3d/score_at_goodwill_today/o9f50a4/","t2_753q1","dan1361"
,"No DM’s yet (and hopefully never 😅) thanks dude! Definitely hyped when i found them especially since I was  finally able to score the Aldi shopping cart last week! Double win! ","aldi","r/aldi","2026-03-09T02:09:57.000Z","comment",,"&lt;div class=""md""&gt;&lt;p&gt;No DM’s yet (and hopefully never 😅) thanks dude! Definitely hyped when i found them especially since I was  finally able to score the Aldi shopping cart last week! Double win! &lt;/p&gt;
&lt;/div&gt;","t1_o9f5hub",,,,,,,,,,,"1",,"t1_o9f50a4",,"o9f5hub","t3_1ronc3d","2026-05-05T01:01:42.694Z",,,,"60","https://www.reddit.com/r/aldi/comments/1ronc3d/score_at_goodwill_today/o9f5hub/","t2_c9vx3","elleay"
,"W's all around, then. 


Do you mean you got a literal shopping cart? As in of your own, to keep? ","aldi","r/aldi","2026-03-09T02:13:53.000Z","comment",,"&lt;div class=""md""&gt;&lt;p&gt;W&amp;#39;s all around, then. &lt;/p&gt;

&lt;p&gt;Do you mean you got a literal shopping cart? As in of your own, to keep? &lt;/p&gt;
&lt;/div&gt;","t1_o9f64og",,,,,,,,,,,"3",,"t1_o9f5hub",,"o9f64og","t3_1ronc3d","2026-05-05T01:01:42.694Z",,,,"8","https://www.reddit.com/r/aldi/comments/1ronc3d/score_at_goodwill_today/o9f64og/","t2_753q1","dan1361"
