"authorFlair","body","category","communityName","createdAt","dataType","flair","html","id","imageUrls/0","imageUrls/1","isAd","isVideo","link","numberOfComments","numberOfreplies","over18","parentId","parsedCommunityName","parsedId","postId","scrapedAt","thumbnailUrl","title","upVoteRatio","upVotes","url","userId","username","videoUrl"
,"Apparently diesel fuel got mixed in with unleaded fuel around some stations in town. My Costco was affected. So they are offering premium for the price of unleaded for the inconvenience while they clean the unleaded tanks 🙂",,"r/Costco","2026-01-09T22:51:57.000Z","post",,"&lt;!-- SC_OFF --&gt;&lt;div class=""md""&gt;&lt;p&gt;Apparently diesel fuel got mixed in with unleaded fuel around some stations in town. My Costco was affected. So they are offering premium for the price of unleaded for the inconvenience while they clean the unleaded tanks 🙂&lt;/p&gt;
&lt;/div&gt;&lt;!-- SC_ON --&gt;","t3_1q8n11m","https://i.redd.it/yl730v93lecg1.jpeg",,"false","false","https://i.redd.it/yl730v93lecg1.jpeg","2351",,"false",,"Costco","1q8n11m",,"2026-05-05T00:55:51.009Z","https://b.thumbs.redditmedia.com/5-QqpN2c0rYENIsxZjFPNChpfVi8at2BIQNTpSvlv0A.jpg","Sometimes you get lucky at the pump","0.95","64585","https://www.reddit.com/r/Costco/comments/1q8n11m/sometimes_you_get_lucky_at_the_pump/","t2_a0aodti5","CONative976",
,"Posts that do not follow r/Costco subreddit rules **MAY** be subject to removal. 

**Reminder: No vague non-descriptive post titles or availability questions.**

When applicable, please make sure that you're using a descriptive post title with product name(s) and/or exact question mentioned as it yields better subreddit search results. 

**Including item number, price, and approximate location or region where found is also helpful since product availability can vary.**


*I am a bot, and this action was performed automatically. Please [contact the moderators of this subreddit](/message/compose/?to=/r/Costco) if you have any questions or concerns.*","Costco","r/Costco","2026-01-09T22:51:59.000Z","comment",,"&lt;div class=""md""&gt;&lt;p&gt;Posts that do not follow &lt;a href=""/r/Costco""&gt;r/Costco&lt;/a&gt; subreddit rules &lt;strong&gt;MAY&lt;/strong&gt; be subject to removal. &lt;/p&gt;

&lt;p&gt;&lt;strong&gt;Reminder: No vague non-descriptive post titles or availability questions.&lt;/strong&gt;&lt;/p&gt;

&lt;p&gt;When applicable, please make sure that you&amp;#39;re using a descriptive post title with product name(s) and/or exact question mentioned as it yields better subreddit search results. &lt;/p&gt;

&lt;p&gt;&lt;strong&gt;Including item number, price, and approximate location or region where found is also helpful since product availability can vary.&lt;/strong&gt;&lt;/p&gt;

&lt;p&gt;&lt;em&gt;I am a bot, and this action was performed automatically. Please &lt;a href=""/message/compose/?to=/r/Costco""&gt;contact the moderators of this subreddit&lt;/a&gt; if you have any questions or concerns.&lt;/em&gt;&lt;/p&gt;
&lt;/div&gt;","t1_nyoozan",,,,,,,"0",,"t3_1q8n11m",,"nyoozan","t3_1q8n11m","2026-05-05T00:55:51.096Z",,,,"1","https://www.reddit.com/r/Costco/comments/1q8n11m/sometimes_you_get_lucky_at_the_pump/nyoozan/","t2_6l4z3","AutoModerator",
,"This is happening to us in the Denver metro area. It's because Costco was delivered diesel fuel by mistake and they had to shut down the regular fuel lines.","Costco","r/Costco","2026-01-09T23:00:37.000Z","comment",,"&lt;div class=""md""&gt;&lt;p&gt;This is happening to us in the Denver metro area. It&amp;#39;s because Costco was delivered diesel fuel by mistake and they had to shut down the regular fuel lines.&lt;/p&gt;
&lt;/div&gt;","t1_nyoqoh1",,,,,,,"4",,"t3_1q8n11m",,"nyoqoh1","t3_1q8n11m","2026-05-05T00:55:51.096Z",,,,"3102","https://www.reddit.com/r/Costco/comments/1q8n11m/sometimes_you_get_lucky_at_the_pump/nyoqoh1/","t2_csy4k","trueblue0989",
,"And Murphy’s and King Soopers. A lot of people’s cars are about to be all messed up.","Costco","r/Costco","2026-01-09T23:06:33.000Z","comment",,"&lt;div class=""md""&gt;&lt;p&gt;And Murphy’s and King Soopers. A lot of people’s cars are about to be all messed up.&lt;/p&gt;
&lt;/div&gt;","t1_nyortg2",,,,,,,"3",,"t1_nyoqoh1",,"nyortg2","t3_1q8n11m","2026-05-05T00:55:51.096Z",,,,"858","https://www.reddit.com/r/Costco/comments/1q8n11m/sometimes_you_get_lucky_at_the_pump/nyortg2/","t2_282rulq2","anaboogiewoogie",
,"That’s gotta be a free engine rebuild or car from Costco, right?","Costco","r/Costco","2026-01-10T00:41:27.000Z","comment",,"&lt;div class=""md""&gt;&lt;p&gt;That’s gotta be a free engine rebuild or car from Costco, right?&lt;/p&gt;
&lt;/div&gt;","t1_nyp9nbu",,,,,,,"7",,"t1_nyortg2",,"nyp9nbu","t3_1q8n11m","2026-05-05T00:55:51.096Z",,,,"284","https://www.reddit.com/r/Costco/comments/1q8n11m/sometimes_you_get_lucky_at_the_pump/nyp9nbu/","t2_1hmf8pk762","Wow_u_sure_r_dumb",
,"When I was a tech at the dealer this same exact scenario happened at the Costco near me. We just dropped and cleaned the fuel tanks and sent them on their way. Diesel in a gasser isn't nearly as detrimental as gas in a diesel.","Costco","r/Costco","2026-01-10T00:57:22.000Z","comment",,"&lt;div class=""md""&gt;&lt;p&gt;When I was a tech at the dealer this same exact scenario happened at the Costco near me. We just dropped and cleaned the fuel tanks and sent them on their way. Diesel in a gasser isn&amp;#39;t nearly as detrimental as gas in a diesel.&lt;/p&gt;
&lt;/div&gt;","t1_nypcm9k",,,,,,,"2",,"t1_nyp9nbu",,"nypcm9k","t3_1q8n11m","2026-05-05T00:55:51.096Z",,,,"712","https://www.reddit.com/r/Costco/comments/1q8n11m/sometimes_you_get_lucky_at_the_pump/nypcm9k/","t2_1iqraegp","vaXhc",
,"I didn’t know that. Interesting, thanks","Costco","r/Costco","2026-01-10T01:04:22.000Z","comment",,"&lt;div class=""md""&gt;&lt;p&gt;I didn’t know that. Interesting, thanks&lt;/p&gt;
&lt;/div&gt;","t1_nypdvwo",,,,,,,"2",,"t1_nypcm9k",,"nypdvwo","t3_1q8n11m","2026-05-05T00:55:51.096Z",,,,"193","https://www.reddit.com/r/Costco/comments/1q8n11m/sometimes_you_get_lucky_at_the_pump/nypdvwo/","t2_1hmf8pk762","Wow_u_sure_r_dumb",
,"I have seen people successfully dilute the diesel and just run it through.","Costco","r/Costco","2026-01-10T01:14:06.000Z","comment",,"&lt;div class=""md""&gt;&lt;p&gt;I have seen people successfully dilute the diesel and just run it through.&lt;/p&gt;
&lt;/div&gt;","t1_nypfn3b",,,,,,,"3",,"t1_nypdvwo",,"nypfn3b","t3_1q8n11m","2026-05-05T00:55:51.096Z",,,,"106","https://www.reddit.com/r/Costco/comments/1q8n11m/sometimes_you_get_lucky_at_the_pump/nypfn3b/","t2_e1xixs3u","Bitter_Bandicoot8067",
,"Lil smoky but fine","Costco","r/Costco","2026-01-10T02:04:07.000Z","comment",,"&lt;div class=""md""&gt;&lt;p&gt;Lil smoky but fine&lt;/p&gt;
&lt;/div&gt;","t1_nypoqzx",,,,,,,"4",,"t1_nypfn3b",,"nypoqzx","t3_1q8n11m","2026-05-05T00:55:51.096Z",,,,"61","https://www.reddit.com/r/Costco/comments/1q8n11m/sometimes_you_get_lucky_at_the_pump/nypoqzx/","t2_yudu3","Sogah87",
,"Running that E75 lol","Costco","r/Costco","2026-01-10T02:35:49.000Z","comment",,"&lt;div class=""md""&gt;&lt;p&gt;Running that E75 lol&lt;/p&gt;
&lt;/div&gt;","t1_nypuhry",,,,,,,"2",,"t1_nypoqzx",,"nypuhry","t3_1q8n11m","2026-05-05T00:55:51.096Z",,,,"65","https://www.reddit.com/r/Costco/comments/1q8n11m/sometimes_you_get_lucky_at_the_pump/nypuhry/","t2_11bcedee6i","No-Apple2252",
"US North East Region - NE","hey I mean some cars can run E85 just fine","Costco","r/Costco","2026-01-10T03:42:08.000Z","comment",,"&lt;div class=""md""&gt;&lt;p&gt;hey I mean some cars can run E85 just fine&lt;/p&gt;
&lt;/div&gt;","t1_nyq5uv6",,,,,,,"2",,"t1_nypuhry",,"nyq5uv6","t3_1q8n11m","2026-05-05T00:55:51.096Z",,,,"30","https://www.reddit.com/r/Costco/comments/1q8n11m/sometimes_you_get_lucky_at_the_pump/nyq5uv6/","t2_4kvc81hre","MetsFan1324",
,"Any car can run on e85.....for a while ","Costco","r/Costco","2026-01-10T03:54:39.000Z","comment",,"&lt;div class=""md""&gt;&lt;p&gt;Any car can run on e85.....for a while &lt;/p&gt;
&lt;/div&gt;","t1_nyq7xxu",,,,,,,"1",,"t1_nyq5uv6",,"nyq7xxu","t3_1q8n11m","2026-05-05T00:55:51.096Z",,,,"30","https://www.reddit.com/r/Costco/comments/1q8n11m/sometimes_you_get_lucky_at_the_pump/nyq7xxu/","t2_ccaas","Canis_Familiaris",
,"It's a bit hard on the catalytic converters and will probably throw a code, but a little diesel in gasoline usually won't do any permanent damage.","Costco","r/Costco","2026-01-10T04:13:04.000Z","comment",,"&lt;div class=""md""&gt;&lt;p&gt;It&amp;#39;s a bit hard on the catalytic converters and will probably throw a code, but a little diesel in gasoline usually won&amp;#39;t do any permanent damage.&lt;/p&gt;
&lt;/div&gt;","t1_nyqaurz",,,,,,,"1",,"t1_nypoqzx",,"nyqaurz","t3_1q8n11m","2026-05-05T00:55:51.096Z",,,,"15","https://www.reddit.com/r/Costco/comments/1q8n11m/sometimes_you_get_lucky_at_the_pump/nyqaurz/","t2_2zem4xh6","Killentyme55",
,"Like mezcal","Costco","r/Costco","2026-01-10T09:19:12.000Z","comment",,"&lt;div class=""md""&gt;&lt;p&gt;Like mezcal&lt;/p&gt;
&lt;/div&gt;","t1_nyrcsqb",,,,,,,"1",,"t1_nypoqzx",,"nyrcsqb","t3_1q8n11m","2026-05-05T00:55:51.097Z",,,,"15","https://www.reddit.com/r/Costco/comments/1q8n11m/sometimes_you_get_lucky_at_the_pump/nyrcsqb/","t2_1dx8zg","dumpsterbride",
,"that's right, you don't necessarily NEED to flush the fuel lines. while it's going by the wayside in a lot of new cars, in a lot of cars on the road now, fuel circulates: 
from the pump, up the supply line, to the engine, where a pressure regulator controls fuel pressure by relieving overpressure into a return line which goes back to the tank. 

Accordingly, even if you have filled the fuel system with diesel, you can drain the diesel from the tank, replace it with unleaded, and crank till she splutters to life.","Costco","r/Costco","2026-01-10T02:40:21.000Z","comment",,"&lt;div class=""md""&gt;&lt;p&gt;that&amp;#39;s right, you don&amp;#39;t necessarily NEED to flush the fuel lines. while it&amp;#39;s going by the wayside in a lot of new cars, in a lot of cars on the road now, fuel circulates: 
from the pump, up the supply line, to the engine, where a pressure regulator controls fuel pressure by relieving overpressure into a return line which goes back to the tank. &lt;/p&gt;

&lt;p&gt;Accordingly, even if you have filled the fuel system with diesel, you can drain the diesel from the tank, replace it with unleaded, and crank till she splutters to life.&lt;/p&gt;
&lt;/div&gt;","t1_nypvahy",,,,,,,"2",,"t1_nypfn3b",,"nypvahy","t3_1q8n11m","2026-05-05T00:55:51.097Z",,,,"29","https://www.reddit.com/r/Costco/comments/1q8n11m/sometimes_you_get_lucky_at_the_pump/nypvahy/","t2_aidjoc8x9","sprikkot",
,"Almost all the vehicles on the road are returnless high pressure systems now.","Costco","r/Costco","2026-01-10T03:48:45.000Z","comment",,"&lt;div class=""md""&gt;&lt;p&gt;Almost all the vehicles on the road are returnless high pressure systems now.&lt;/p&gt;
&lt;/div&gt;","t1_nyq6yoh",,,,,,,"1",,"t1_nypvahy",,"nyq6yoh","t3_1q8n11m","2026-05-05T00:55:51.097Z",,,,"16","https://www.reddit.com/r/Costco/comments/1q8n11m/sometimes_you_get_lucky_at_the_pump/nyq6yoh/","t2_9pdgkmme","MrKen2u",
,"Images:
	https://preview.redd.it/e9p1g6nn3alg1.jpeg?auto=webp&amp;s=314d8203df10a00d1905b63297da309152261ced
",,"r/Costco","2026-02-23T17:24:19.000Z","post","Wholesome","Images:
	https://preview.redd.it/e9p1g6nn3alg1.jpeg?auto=webp&amp;s=314d8203df10a00d1905b63297da309152261ced
","t3_1rcnoji","https://i.redd.it/e9p1g6nn3alg1.jpeg",,"false","false","https://i.redd.it/e9p1g6nn3alg1.jpeg","963",,"false",,"Costco","1rcnoji",,"2026-05-05T00:55:53.385Z","https://preview.redd.it/e9p1g6nn3alg1.jpeg?width=140&amp;height=140&amp;crop=1:1,smart&amp;auto=webp&amp;s=77fba6ba387d7940b172414e3f163c9cdb41c05c","The one thing our grandpa wanted for his 100th birthday","0.96","53883","https://www.reddit.com/r/Costco/comments/1rcnoji/the_one_thing_our_grandpa_wanted_for_his_100th/","t2_1i503zwpnb","WinterUnfair9435",
,"Posts that do not follow r/Costco subreddit rules **MAY** be subject to removal. 

**Reminder: No vague non-descriptive post titles or availability questions.**

When applicable, please make sure that you're using a descriptive post title with product name(s) and/or exact question mentioned as it yields better subreddit search results. 

**Including item number, price, and approximate location or region where found is also helpful since product availability can vary.**


*I am a bot, and this action was performed automatically. Please [contact the moderators of this subreddit](/message/compose/?to=/r/Costco) if you have any questions or concerns.*","Costco","r/Costco","2026-02-23T17:24:22.000Z","comment",,"&lt;div class=""md""&gt;&lt;p&gt;Posts that do not follow &lt;a href=""/r/Costco""&gt;r/Costco&lt;/a&gt; subreddit rules &lt;strong&gt;MAY&lt;/strong&gt; be subject to removal. &lt;/p&gt;

&lt;p&gt;&lt;strong&gt;Reminder: No vague non-descriptive post titles or availability questions.&lt;/strong&gt;&lt;/p&gt;

&lt;p&gt;When applicable, please make sure that you&amp;#39;re using a descriptive post title with product name(s) and/or exact question mentioned as it yields better subreddit search results. &lt;/p&gt;

&lt;p&gt;&lt;strong&gt;Including item number, price, and approximate location or region where found is also helpful since product availability can vary.&lt;/strong&gt;&lt;/p&gt;

&lt;p&gt;&lt;em&gt;I am a bot, and this action was performed automatically. Please &lt;a href=""/message/compose/?to=/r/Costco""&gt;contact the moderators of this subreddit&lt;/a&gt; if you have any questions or concerns.&lt;/em&gt;&lt;/p&gt;
&lt;/div&gt;","t1_o6zfvtf",,,,,,,"1",,"t3_1rcnoji",,"o6zfvtf","t3_1rcnoji","2026-05-05T00:55:53.444Z",,,,"1","https://www.reddit.com/r/Costco/comments/1rcnoji/the_one_thing_our_grandpa_wanted_for_his_100th/o6zfvtf/","t2_6l4z3","AutoModerator",
,"Happy 100th birthday! I hope Costco will be around in 34 years when I celebrate my 100th too!","Costco","r/Costco","2026-02-23T17:32:55.000Z","comment",,"&lt;div class=""md""&gt;&lt;p&gt;Happy 100th birthday! I hope Costco will be around in 34 years when I celebrate my 100th too!&lt;/p&gt;
&lt;/div&gt;","t1_o6zhpa1",,,,,,,"3",,"t3_1rcnoji",,"o6zhpa1","t3_1rcnoji","2026-05-05T00:55:53.444Z",,,,"586","https://www.reddit.com/r/Costco/comments/1rcnoji/the_one_thing_our_grandpa_wanted_for_his_100th/o6zhpa1/","t2_ckn2b2eu","Bobbyj59",
,"Me too but in 79 years","Costco","r/Costco","2026-02-23T22:08:25.000Z","comment",,"&lt;div class=""md""&gt;&lt;p&gt;Me too but in 79 years&lt;/p&gt;
&lt;/div&gt;","t1_o7142ph",,,,,,,"4",,"t1_o6zhpa1",,"o7142ph","t3_1rcnoji","2026-05-05T00:55:53.444Z",,,,"77","https://www.reddit.com/r/Costco/comments/1rcnoji/the_one_thing_our_grandpa_wanted_for_his_100th/o7142ph/","t2_4jh8rgar","KatieTSO",
,"Me too. At 35, feeling like 100. 
Broke …","Costco","r/Costco","2026-02-24T01:14:02.000Z","comment",,"&lt;div class=""md""&gt;&lt;p&gt;Me too. At 35, feeling like 100. 
Broke …&lt;/p&gt;
&lt;/div&gt;","t1_o721yoo",,,,,,,"0",,"t1_o7142ph",,"o721yoo","t3_1rcnoji","2026-05-05T00:55:53.444Z",,,,"29","https://www.reddit.com/r/Costco/comments/1rcnoji/the_one_thing_our_grandpa_wanted_for_his_100th/o721yoo/","t2_i0e3zvay","Ordinary_Platypus_25",
,"And it'll still be $1.50 with a drink","Costco","r/Costco","2026-02-24T02:06:28.000Z","comment",,"&lt;div class=""md""&gt;&lt;p&gt;And it&amp;#39;ll still be $1.50 with a drink&lt;/p&gt;
&lt;/div&gt;","t1_o72az1v",,,,,,,"1",,"t1_o7142ph",,"o72az1v","t3_1rcnoji","2026-05-05T00:55:53.444Z",,,,"24","https://www.reddit.com/r/Costco/comments/1rcnoji/the_one_thing_our_grandpa_wanted_for_his_100th/o72az1v/","t2_9elae","esteflo",
,"36 for me. We just got a second Costco. I went in to check it out and it overwhelmed me. I’m getting old.","Costco","r/Costco","2026-02-23T23:46:25.000Z","comment",,"&lt;div class=""md""&gt;&lt;p&gt;36 for me. We just got a second Costco. I went in to check it out and it overwhelmed me. I’m getting old.&lt;/p&gt;
&lt;/div&gt;","t1_o71mcqs",,,,,,,"2",,"t1_o7142ph",,"o71mcqs","t3_1rcnoji","2026-05-05T00:55:53.444Z",,,,"8","https://www.reddit.com/r/Costco/comments/1rcnoji/the_one_thing_our_grandpa_wanted_for_his_100th/o71mcqs/","t2_1yzdanb5em","SpunkierthanYou",
,"I'm 21 and I'm an executive member","Costco","r/Costco","2026-02-24T00:47:17.000Z","comment",,"&lt;div class=""md""&gt;&lt;p&gt;I&amp;#39;m 21 and I&amp;#39;m an executive member&lt;/p&gt;
&lt;/div&gt;","t1_o71xbtf",,,,,,,"1",,"t1_o71mcqs",,"o71xbtf","t3_1rcnoji","2026-05-05T00:55:53.444Z",,,,"14","https://www.reddit.com/r/Costco/comments/1rcnoji/the_one_thing_our_grandpa_wanted_for_his_100th/o71xbtf/","t2_4jh8rgar","KatieTSO",
,"Geez, I don't even hope I'm around for my 100th.","Costco","r/Costco","2026-02-24T08:16:55.000Z","comment",,"&lt;div class=""md""&gt;&lt;p&gt;Geez, I don&amp;#39;t even hope I&amp;#39;m around for my 100th.&lt;/p&gt;
&lt;/div&gt;","t1_o73pnmg",,,,,,,"1",,"t1_o6zhpa1",,"o73pnmg","t3_1rcnoji","2026-05-05T00:55:53.444Z",,,,"6","https://www.reddit.com/r/Costco/comments/1rcnoji/the_one_thing_our_grandpa_wanted_for_his_100th/o73pnmg/","t2_af1o4","Lou_C_Fer",
"US Southeast Region - SE","Very smart man.  Hope he enjoyed his dog!  HAPPY BIRTHDAY TO YOU!","Costco","r/Costco","2026-02-23T17:27:40.000Z","comment",,"&lt;div class=""md""&gt;&lt;p&gt;Very smart man.  Hope he enjoyed his dog!  HAPPY BIRTHDAY TO YOU!&lt;/p&gt;
&lt;/div&gt;","t1_o6zgl8x",,,,,,,"3",,"t3_1rcnoji",,"o6zgl8x","t3_1rcnoji","2026-05-05T00:55:53.444Z",,,,"856","https://www.reddit.com/r/Costco/comments/1rcnoji/the_one_thing_our_grandpa_wanted_for_his_100th/o6zgl8x/","t2_gju7pppy","Luckyforward",
,"At 100 years old, he knows exactly what’s worth celebrating. Truly a legendary move.","Costco","r/Costco","2026-02-23T17:57:00.000Z","comment",,"&lt;div class=""md""&gt;&lt;p&gt;At 100 years old, he knows exactly what’s worth celebrating. Truly a legendary move.&lt;/p&gt;
&lt;/div&gt;","t1_o6zmvsp",,,,,,,"1",,"t1_o6zgl8x",,"o6zmvsp","t3_1rcnoji","2026-05-05T00:55:53.444Z",,,,"200","https://www.reddit.com/r/Costco/comments/1rcnoji/the_one_thing_our_grandpa_wanted_for_his_100th/o6zmvsp/","t2_26woxkov0w","CompetitionLankys",
,"Hotdog still a nickle after all these years","Costco","r/Costco","2026-02-23T21:48:55.000Z","comment",,"&lt;div class=""md""&gt;&lt;p&gt;Hotdog still a nickle after all these years&lt;/p&gt;
&lt;/div&gt;","t1_o7100j2",,,,,,,"2",,"t1_o6zmvsp",,"o7100j2","t3_1rcnoji","2026-05-05T00:55:53.444Z",,,,"29","https://www.reddit.com/r/Costco/comments/1rcnoji/the_one_thing_our_grandpa_wanted_for_his_100th/o7100j2/","t2_dq7t9asg","Aleashed",
,"""I remember when frankfurters only cost a nickel."" ","Costco","r/Costco","2026-02-24T00:56:05.000Z","comment",,"&lt;div class=""md""&gt;&lt;p&gt;&amp;quot;I remember when frankfurters only cost a nickel.&amp;quot; &lt;/p&gt;
&lt;/div&gt;","t1_o71yvpk",,,,,,,"1",,"t1_o7100j2",,"o71yvpk","t3_1rcnoji","2026-05-05T00:55:53.444Z",,,,"10","https://www.reddit.com/r/Costco/comments/1rcnoji/the_one_thing_our_grandpa_wanted_for_his_100th/o71yvpk/","t2_a9q44u7l","hifamhowru",
,"Enjoy that glizzy","Costco","r/Costco","2026-02-23T22:55:55.000Z","comment",,"&lt;div class=""md""&gt;&lt;p&gt;Enjoy that glizzy&lt;/p&gt;
&lt;/div&gt;","t1_o71damf",,,,,,,"1",,"t1_o6zgl8x",,"o71damf","t3_1rcnoji","2026-05-05T00:55:53.444Z",,,,"8","https://www.reddit.com/r/Costco/comments/1rcnoji/the_one_thing_our_grandpa_wanted_for_his_100th/o71damf/","t2_gvwdv","The_Troll_Gull",
,"[removed]","Costco","r/Costco","2026-02-23T17:31:28.000Z","comment",,"&lt;div class=""md""&gt;&lt;p&gt;[removed]&lt;/p&gt;
&lt;/div&gt;","t1_o6zheez",,,,,,,"9",,"t3_1rcnoji",,"o6zheez","t3_1rcnoji","2026-05-05T00:55:53.444Z",,,,"2003","https://www.reddit.com/r/Costco/comments/1rcnoji/the_one_thing_our_grandpa_wanted_for_his_100th/o6zheez/",,"[deleted]",
,"[removed]","Costco","r/Costco","2026-02-23T17:32:36.000Z","comment",,"&lt;div class=""md""&gt;&lt;p&gt;[removed]&lt;/p&gt;
&lt;/div&gt;","t1_o6zhmxe",,,,,,,"10",,"t1_o6zheez",,"o6zhmxe","t3_1rcnoji","2026-05-05T00:55:53.444Z",,,,"771","https://www.reddit.com/r/Costco/comments/1rcnoji/the_one_thing_our_grandpa_wanted_for_his_100th/o6zhmxe/",,"[deleted]",
,"Images:
	https://preview.redd.it/v43jxe08evyf1.jpeg?auto=webp&amp;s=686a4284d202a45833ea6cb8631941b61ba6fb62
",,"r/Costco","2025-11-02T16:25:51.000Z","post","Halloween Costumes","Images:
	https://preview.redd.it/v43jxe08evyf1.jpeg?auto=webp&amp;s=686a4284d202a45833ea6cb8631941b61ba6fb62
","t3_1omlpar","https://i.redd.it/v43jxe08evyf1.jpeg",,"false","false","https://i.redd.it/v43jxe08evyf1.jpeg","1074",,"false",,"Costco","1omlpar",,"2026-05-05T00:55:55.576Z","https://b.thumbs.redditmedia.com/4D6OIc6oxl_rLGpIebLCYxSnxb4YUS-MRGcxRH2Uq9U.jpg","I was a Costco butcher for Halloween, handing out “ground werewolf” rice crispy treats to the kids.","0.95","49105","https://www.reddit.com/r/Costco/comments/1omlpar/i_was_a_costco_butcher_for_halloween_handing_out/","t2_dib8t","Marissachan",
"Worst Person on this Sub and Always Has Been","It’s beyond me how any of you could report this post to try to get Reddit’s overly sensitive Automod to pull it. Shame on you. 

We got you, OP.

Edit: Sending Reddit Cares after me is priceless.","Costco","r/Costco","2025-11-02T21:05:49.000Z","comment",,"&lt;div class=""md""&gt;&lt;p&gt;It’s beyond me how any of you could report this post to try to get Reddit’s overly sensitive Automod to pull it. Shame on you. &lt;/p&gt;

&lt;p&gt;We got you, OP.&lt;/p&gt;

&lt;p&gt;Edit: Sending Reddit Cares after me is priceless.&lt;/p&gt;
&lt;/div&gt;","t1_nmrqyao",,,,,,,"1",,"t3_1omlpar",,"nmrqyao","t3_1omlpar","2026-05-05T00:55:55.686Z",,,,"1","https://www.reddit.com/r/Costco/comments/1omlpar/i_was_a_costco_butcher_for_halloween_handing_out/nmrqyao/","t2_lbbhl","MistahNative",
,"I like the attention to detail. Including the font used for the price/description sheet.","Costco","r/Costco","2025-11-02T17:36:11.000Z","comment",,"&lt;div class=""md""&gt;&lt;p&gt;I like the attention to detail. Including the font used for the price/description sheet.&lt;/p&gt;
&lt;/div&gt;","t1_nmqish9",,,,,,,"2",,"t3_1omlpar",,"nmqish9","t3_1omlpar","2026-05-05T00:55:55.686Z",,,,"3534","https://www.reddit.com/r/Costco/comments/1omlpar/i_was_a_costco_butcher_for_halloween_handing_out/nmqish9/","t2_5se0zgh0","Stunning_Bed23",
,"&gt; Including the font used

This website can identify fonts for you:

https://www.myfonts.com/pages/whatthefont","Costco","r/Costco","2025-11-02T17:57:00.000Z","comment",,"&lt;div class=""md""&gt;&lt;blockquote&gt;
&lt;p&gt;Including the font used&lt;/p&gt;
&lt;/blockquote&gt;

&lt;p&gt;This website can identify fonts for you:&lt;/p&gt;

&lt;p&gt;&lt;a href=""https://www.myfonts.com/pages/whatthefont""&gt;https://www.myfonts.com/pages/whatthefont&lt;/a&gt;&lt;/p&gt;
&lt;/div&gt;","t1_nmqn24a",,,,,,,"2",,"t1_nmqish9",,"nmqn24a","t3_1omlpar","2026-05-05T00:55:55.686Z",,,,"840","https://www.reddit.com/r/Costco/comments/1omlpar/i_was_a_costco_butcher_for_halloween_handing_out/nmqn24a/","t2_5145n","ComputerSavvy",
,"This is so helpful, thank you!! I just emailed this to myself at work, along with a couple co-workers.","Costco","r/Costco","2025-11-02T18:59:53.000Z","comment",,"&lt;div class=""md""&gt;&lt;p&gt;This is so helpful, thank you!! I just emailed this to myself at work, along with a couple co-workers.&lt;/p&gt;
&lt;/div&gt;","t1_nmr0byb",,,,,,,"2",,"t1_nmqn24a",,"nmr0byb","t3_1omlpar","2026-05-05T00:55:55.686Z",,,,"189","https://www.reddit.com/r/Costco/comments/1omlpar/i_was_a_costco_butcher_for_halloween_handing_out/nmr0byb/","t2_5655k0ef","jsmalltri",
,"Matcherator and adobe fonts might also be helpful for you!","Costco","r/Costco","2025-11-02T23:03:42.000Z","comment",,"&lt;div class=""md""&gt;&lt;p&gt;Matcherator and adobe fonts might also be helpful for you!&lt;/p&gt;
&lt;/div&gt;","t1_nmsdgj7",,,,,,,"0",,"t1_nmr0byb",,"nmsdgj7","t3_1omlpar","2026-05-05T00:55:55.686Z",,,,"40","https://www.reddit.com/r/Costco/comments/1omlpar/i_was_a_costco_butcher_for_halloween_handing_out/nmsdgj7/","t2_1zh9ndcv","darksplit",
,"I must see a close up of your rice crispy treats!","Costco","r/Costco","2025-11-02T17:37:24.000Z","comment",,"&lt;div class=""md""&gt;&lt;p&gt;I must see a close up of your rice crispy treats!&lt;/p&gt;
&lt;/div&gt;","t1_nmqj1d8",,,,,,,"5",,"t3_1omlpar",,"nmqj1d8","t3_1omlpar","2026-05-05T00:55:55.686Z",,,,"1999","https://www.reddit.com/r/Costco/comments/1omlpar/i_was_a_costco_butcher_for_halloween_handing_out/nmqj1d8/","t2_50lvs","amandaplzz",
,"https://preview.redd.it/lybgexmhuvyf1.jpeg?width=1320&amp;format=pjpg&amp;auto=webp&amp;s=a67b5b4d7b5584aa3195129da659e357ec69a8eb","Costco","r/Costco","2025-11-02T17:57:03.000Z","comment",,"&lt;div class=""md""&gt;&lt;p&gt;&lt;a href=""https://preview.redd.it/lybgexmhuvyf1.jpeg?width=1320&amp;amp;format=pjpg&amp;amp;auto=webp&amp;amp;s=a67b5b4d7b5584aa3195129da659e357ec69a8eb""&gt;https://preview.redd.it/lybgexmhuvyf1.jpeg?width=1320&amp;amp;format=pjpg&amp;amp;auto=webp&amp;amp;s=a67b5b4d7b5584aa3195129da659e357ec69a8eb&lt;/a&gt;&lt;/p&gt;
&lt;/div&gt;","t1_nmqn2iw",,,,,,,"17",,"t1_nmqj1d8",,"nmqn2iw","t3_1omlpar","2026-05-05T00:55:55.686Z",,,,"4399","https://www.reddit.com/r/Costco/comments/1omlpar/i_was_a_costco_butcher_for_halloween_handing_out/nmqn2iw/","t2_dib8t","Marissachan",
,"This is precisely the kind of detail oriented Halloween setup I love! Great job on everything! I know if I was a kid, I’d definitely be afraid of eating these 😭","Costco","r/Costco","2025-11-02T18:28:58.000Z","comment",,"&lt;div class=""md""&gt;&lt;p&gt;This is precisely the kind of detail oriented Halloween setup I love! Great job on everything! I know if I was a kid, I’d definitely be afraid of eating these 😭&lt;/p&gt;
&lt;/div&gt;","t1_nmqtpts",,,,,,,"0",,"t1_nmqn2iw",,"nmqtpts","t3_1omlpar","2026-05-05T00:55:55.686Z",,,,"338","https://www.reddit.com/r/Costco/comments/1omlpar/i_was_a_costco_butcher_for_halloween_handing_out/nmqtpts/","t2_bo465ggb","Gnome_Researcher",
,"[video of my set up](https://www.instagram.com/reel/DQfmxsCjVpc/?igsh=dzllc201YzFvb2dj)","Costco","r/Costco","2025-11-02T18:01:52.000Z","comment",,"&lt;div class=""md""&gt;&lt;p&gt;&lt;a href=""https://www.instagram.com/reel/DQfmxsCjVpc/?igsh=dzllc201YzFvb2dj""&gt;video of my set up&lt;/a&gt;&lt;/p&gt;
&lt;/div&gt;","t1_nmqo1qt",,,,,,,"3",,"t1_nmqn2iw",,"nmqo1qt","t3_1omlpar","2026-05-05T00:55:55.686Z",,,,"885","https://www.reddit.com/r/Costco/comments/1omlpar/i_was_a_costco_butcher_for_halloween_handing_out/nmqo1qt/","t2_dib8t","Marissachan",
,"Wish i could do something like this... but there are just too many kids that show up.","Costco","r/Costco","2025-11-02T20:02:17.000Z","comment",,"&lt;div class=""md""&gt;&lt;p&gt;Wish i could do something like this... but there are just too many kids that show up.&lt;/p&gt;
&lt;/div&gt;","t1_nmrdcg2",,,,,,,"3",,"t1_nmqo1qt",,"nmrdcg2","t3_1omlpar","2026-05-05T00:55:55.686Z",,,,"398","https://www.reddit.com/r/Costco/comments/1omlpar/i_was_a_costco_butcher_for_halloween_handing_out/nmrdcg2/","t2_7zap9at0","Reputation-Final",
,"I get about 140","Costco","r/Costco","2025-11-02T20:33:56.000Z","comment",,"&lt;div class=""md""&gt;&lt;p&gt;I get about 140&lt;/p&gt;
&lt;/div&gt;","t1_nmrk4xz",,,,,,,"2",,"t1_nmrdcg2",,"nmrk4xz","t3_1omlpar","2026-05-05T00:55:55.686Z",,,,"368","https://www.reddit.com/r/Costco/comments/1omlpar/i_was_a_costco_butcher_for_halloween_handing_out/nmrk4xz/","t2_dib8t","Marissachan",
,"Over 700 here. 5 bags of costco candy, all gone. Constant stream of kids from 5-9 or until we run out.","Costco","r/Costco","2025-11-02T20:37:04.000Z","comment",,"&lt;div class=""md""&gt;&lt;p&gt;Over 700 here. 5 bags of costco candy, all gone. Constant stream of kids from 5-9 or until we run out.&lt;/p&gt;
&lt;/div&gt;","t1_nmrkswf",,,,,,,"4",,"t1_nmrk4xz",,"nmrkswf","t3_1omlpar","2026-05-05T00:55:55.686Z",,,,"343","https://www.reddit.com/r/Costco/comments/1omlpar/i_was_a_costco_butcher_for_halloween_handing_out/nmrkswf/","t2_7zap9at0","Reputation-Final",
,"Damn, that actually sounds exhausting! If you don’t mind me asking, how much money do you usually spend on candy/treats for halloween?","Costco","r/Costco","2025-11-02T20:46:30.000Z","comment",,"&lt;div class=""md""&gt;&lt;p&gt;Damn, that actually sounds exhausting! If you don’t mind me asking, how much money do you usually spend on candy/treats for halloween?&lt;/p&gt;
&lt;/div&gt;","t1_nmrmsqt",,,,,,,"2",,"t1_nmrkswf",,"nmrmsqt","t3_1omlpar","2026-05-05T00:55:55.686Z",,,,"155","https://www.reddit.com/r/Costco/comments/1omlpar/i_was_a_costco_butcher_for_halloween_handing_out/nmrmsqt/","t2_vmzj56c","WholesomeWhores",
,"I get the bags from costco. So 100 bucks now.

Not that long ago it was half the price.","Costco","r/Costco","2025-11-02T21:00:24.000Z","comment",,"&lt;div class=""md""&gt;&lt;p&gt;I get the bags from costco. So 100 bucks now.&lt;/p&gt;

&lt;p&gt;Not that long ago it was half the price.&lt;/p&gt;
&lt;/div&gt;","t1_nmrprqy",,,,,,,"3",,"t1_nmrmsqt",,"nmrprqy","t3_1omlpar","2026-05-05T00:55:55.686Z",,,,"170","https://www.reddit.com/r/Costco/comments/1omlpar/i_was_a_costco_butcher_for_halloween_handing_out/nmrprqy/","t2_7zap9at0","Reputation-Final",
,"So were most things friend.","Costco","r/Costco","2025-11-02T21:45:21.000Z","comment",,"&lt;div class=""md""&gt;&lt;p&gt;So were most things friend.&lt;/p&gt;
&lt;/div&gt;","t1_nmrz1ff",,,,,,,"0",,"t1_nmrprqy",,"nmrz1ff","t3_1omlpar","2026-05-05T00:55:55.686Z",,,,"136","https://www.reddit.com/r/Costco/comments/1omlpar/i_was_a_costco_butcher_for_halloween_handing_out/nmrz1ff/","t2_b5q72","Chris275",
,"I was halfway through the project when they switched the soda choices on me but the blue is lovely anyways. No AI was used in the making of this piece at any stage! ",,"r/Costco","2025-10-05T21:12:39.000Z","post","[Mildly Interesting]","&lt;!-- SC_OFF --&gt;&lt;div class=""md""&gt;&lt;p&gt;I was halfway through the project when they switched the soda choices on me but the blue is lovely anyways. No AI was used in the making of this piece at any stage! &lt;/p&gt;
&lt;/div&gt;&lt;!-- SC_ON --&gt;","t3_1nz0ap3","https://i.redd.it/h8y4p88vzctf1.jpeg",,"false","false","https://i.redd.it/h8y4p88vzctf1.jpeg","505",,"false",,"Costco","1nz0ap3",,"2026-05-05T00:55:58.273Z","https://b.thumbs.redditmedia.com/Xu1ynVoq2_UAaOXOQn9GUdKZucE5PIH9z6Ar0eKu8bY.jpg","My ode to the unbeatable $1.50 Hot Dog Deal in stained glass","0.96","39844","https://www.reddit.com/r/Costco/comments/1nz0ap3/my_ode_to_the_unbeatable_150_hot_dog_deal_in/","t2_32s6j4io","cheezedragon25",
,"This is great! Nicely done!","Costco","r/Costco","2025-10-05T21:27:41.000Z","comment",,"&lt;div class=""md""&gt;&lt;p&gt;This is great! Nicely done!&lt;/p&gt;
&lt;/div&gt;","t1_nhyov8e",,,,,,,"1",,"t3_1nz0ap3",,"nhyov8e","t3_1nz0ap3","2026-05-05T00:55:58.342Z",,,,"1010","https://www.reddit.com/r/Costco/comments/1nz0ap3/my_ode_to_the_unbeatable_150_hot_dog_deal_in/nhyov8e/","t2_ey1zp","Daeval",
,"Beautiful! Did you take a class or just watch some tutorials online?","Costco","r/Costco","2025-10-05T21:50:16.000Z","comment",,"&lt;div class=""md""&gt;&lt;p&gt;Beautiful! Did you take a class or just watch some tutorials online?&lt;/p&gt;
&lt;/div&gt;","t1_nhyt8nw",,,,,,,"1",,"t1_nhyov8e",,"nhyt8nw","t3_1nz0ap3","2026-05-05T00:55:58.342Z",,,,"193","https://www.reddit.com/r/Costco/comments/1nz0ap3/my_ode_to_the_unbeatable_150_hot_dog_deal_in/nhyt8nw/","t2_7sjbs","lastofthevegas",
,"I took a class from my local studio in July and got hooked. Ended up buying some equipment off of a guy closing his stained glass shop locally and then entirely too much glass from my local craft store. It definitely has a price tag to get in it but feels well worth it when a project is completed.","Costco","r/Costco","2025-10-05T21:56:13.000Z","comment",,"&lt;div class=""md""&gt;&lt;p&gt;I took a class from my local studio in July and got hooked. Ended up buying some equipment off of a guy closing his stained glass shop locally and then entirely too much glass from my local craft store. It definitely has a price tag to get in it but feels well worth it when a project is completed.&lt;/p&gt;
&lt;/div&gt;","t1_nhyucjw",,,,,,,"2",,"t1_nhyt8nw",,"nhyucjw","t3_1nz0ap3","2026-05-05T00:55:58.342Z",,,,"484","https://www.reddit.com/r/Costco/comments/1nz0ap3/my_ode_to_the_unbeatable_150_hot_dog_deal_in/nhyucjw/","t2_32s6j4io","cheezedragon25",
,"Did you have no experience prior to July? That's super cool for a newly picked up skill, I might have to give stained glass a go! It looks great","Costco","r/Costco","2025-10-06T00:37:40.000Z","comment",,"&lt;div class=""md""&gt;&lt;p&gt;Did you have no experience prior to July? That&amp;#39;s super cool for a newly picked up skill, I might have to give stained glass a go! It looks great&lt;/p&gt;
&lt;/div&gt;","t1_nhzm6d0",,,,,,,"1",,"t1_nhyucjw",,"nhzm6d0","t3_1nz0ap3","2026-05-05T00:55:58.342Z",,,,"83","https://www.reddit.com/r/Costco/comments/1nz0ap3/my_ode_to_the_unbeatable_150_hot_dog_deal_in/nhzm6d0/","t2_38a5m","arcoare",
,"I did not actually! Always been creative but never “touched glass” until July. It was easier than I thought but it’s also slower than I thought. Takes a lot of time to trace then cut then grind then foil then solder then patina but it’s also incredibly therapeutic. I really hit my stride when I broke my ankle in August and spent a ton of time sitting. Definitely try a class and I couldn’t recommend it higher!!","Costco","r/Costco","2025-10-06T00:47:26.000Z","comment",,"&lt;div class=""md""&gt;&lt;p&gt;I did not actually! Always been creative but never “touched glass” until July. It was easier than I thought but it’s also slower than I thought. Takes a lot of time to trace then cut then grind then foil then solder then patina but it’s also incredibly therapeutic. I really hit my stride when I broke my ankle in August and spent a ton of time sitting. Definitely try a class and I couldn’t recommend it higher!!&lt;/p&gt;
&lt;/div&gt;","t1_nhznty5",,,,,,,"5",,"t1_nhzm6d0",,"nhznty5","t3_1nz0ap3","2026-05-05T00:55:58.342Z",,,,"178","https://www.reddit.com/r/Costco/comments/1nz0ap3/my_ode_to_the_unbeatable_150_hot_dog_deal_in/nhznty5/","t2_32s6j4io","cheezedragon25",
,"lmfao, ""touch glass""

thanks for the winter hobby inspo!","Costco","r/Costco","2025-10-06T00:50:42.000Z","comment",,"&lt;div class=""md""&gt;&lt;p&gt;lmfao, &amp;quot;touch glass&amp;quot;&lt;/p&gt;

&lt;p&gt;thanks for the winter hobby inspo!&lt;/p&gt;
&lt;/div&gt;","t1_nhzode8",,,,,,,"0",,"t1_nhznty5",,"nhzode8","t3_1nz0ap3","2026-05-05T00:55:58.342Z",,,,"107","https://www.reddit.com/r/Costco/comments/1nz0ap3/my_ode_to_the_unbeatable_150_hot_dog_deal_in/nhzode8/","t2_c5vbh","HandsOfCobalt",
,"&gt;hit my stride when I broke my ankle

Ok.  If that wasn’t intentional then I’m doubly impressed. lol","Costco","r/Costco","2025-10-06T05:07:00.000Z","comment",,"&lt;div class=""md""&gt;&lt;blockquote&gt;
&lt;p&gt;hit my stride when I broke my ankle&lt;/p&gt;
&lt;/blockquote&gt;

&lt;p&gt;Ok.  If that wasn’t intentional then I’m doubly impressed. lol&lt;/p&gt;
&lt;/div&gt;","t1_ni0puxr",,,,,,,"0",,"t1_nhznty5",,"ni0puxr","t3_1nz0ap3","2026-05-05T00:55:58.342Z",,,,"13","https://www.reddit.com/r/Costco/comments/1nz0ap3/my_ode_to_the_unbeatable_150_hot_dog_deal_in/ni0puxr/","t2_3acyyjm2","LoadsDroppin",
,"Please tell me you want to make another one and sell it to me,","Costco","r/Costco","2025-10-06T01:49:59.000Z","comment",,"&lt;div class=""md""&gt;&lt;p&gt;Please tell me you want to make another one and sell it to me,&lt;/p&gt;
&lt;/div&gt;","t1_nhzy2a1",,,,,,,"1",,"t1_nhznty5",,"nhzy2a1","t3_1nz0ap3","2026-05-05T00:55:58.342Z",,,,"34","https://www.reddit.com/r/Costco/comments/1nz0ap3/my_ode_to_the_unbeatable_150_hot_dog_deal_in/nhzy2a1/","t2_2fs5ld85","poppyseed1981",
,"Don't go there, the Costco Sign Police will be a'knockin',  babbling about Copyright infringement, with a Cease &amp; Desist order...","Costco","r/Costco","2025-10-06T02:43:27.000Z","comment",,"&lt;div class=""md""&gt;&lt;p&gt;Don&amp;#39;t go there, the Costco Sign Police will be a&amp;#39;knockin&amp;#39;,  babbling about Copyright infringement, with a Cease &amp;amp; Desist order...&lt;/p&gt;
&lt;/div&gt;","t1_ni06gqz",,,,,,,"2",,"t1_nhzy2a1",,"ni06gqz","t3_1nz0ap3","2026-05-05T00:55:58.342Z",,,,"15","https://www.reddit.com/r/Costco/comments/1nz0ap3/my_ode_to_the_unbeatable_150_hot_dog_deal_in/ni06gqz/","t2_16esz81d0t","FlanCharacter3878",
,"Change the next one to say ""Korkland"" and they'll never notice!","Costco","r/Costco","2025-10-06T03:21:05.000Z","comment",,"&lt;div class=""md""&gt;&lt;p&gt;Change the next one to say &amp;quot;Korkland&amp;quot; and they&amp;#39;ll never notice!&lt;/p&gt;
&lt;/div&gt;","t1_ni0c4zu",,,,,,,"2",,"t1_ni06gqz",,"ni0c4zu","t3_1nz0ap3","2026-05-05T00:55:58.342Z",,,,"20","https://www.reddit.com/r/Costco/comments/1nz0ap3/my_ode_to_the_unbeatable_150_hot_dog_deal_in/ni0c4zu/","t2_47euar6t","Sunshine030209",
,"Problem solved  Awesome !","Costco","r/Costco","2025-10-06T03:25:09.000Z","comment",,"&lt;div class=""md""&gt;&lt;p&gt;Problem solved  Awesome !&lt;/p&gt;
&lt;/div&gt;","t1_ni0cpon",,,,,,,"0",,"t1_ni0c4zu",,"ni0cpon","t3_1nz0ap3","2026-05-05T00:55:58.342Z",,,,"5","https://www.reddit.com/r/Costco/comments/1nz0ap3/my_ode_to_the_unbeatable_150_hot_dog_deal_in/ni0cpon/","t2_16esz81d0t","FlanCharacter3878",
,"This is so cool! Makes me want to give it a shot. When I was a kid my elderly aunt had a stained glass studio in her basement. I remember being so fascinated by the fractals and patterns and colors whenever we’d make the long road trip to visit every couple years. Ive always regretted that we lived so far and I wasn’t able to really get into it with her before she passed because I was so young. Thanks for sharing how you got started!","Costco","r/Costco","2025-10-07T17:06:13.000Z","comment",,"&lt;div class=""md""&gt;&lt;p&gt;This is so cool! Makes me want to give it a shot. When I was a kid my elderly aunt had a stained glass studio in her basement. I remember being so fascinated by the fractals and patterns and colors whenever we’d make the long road trip to visit every couple years. Ive always regretted that we lived so far and I wasn’t able to really get into it with her before she passed because I was so young. Thanks for sharing how you got started!&lt;/p&gt;
&lt;/div&gt;","t1_ni9z0jh",,,,,,,"0",,"t1_nhznty5",,"ni9z0jh","t3_1nz0ap3","2026-05-05T00:55:58.342Z",,,,"5","https://www.reddit.com/r/Costco/comments/1nz0ap3/my_ode_to_the_unbeatable_150_hot_dog_deal_in/ni9z0jh/",,"[deleted]",
,"I broke my ankle end of July and nothing to show for it!
Good job using your down time wisely","Costco","r/Costco","2025-10-08T01:38:17.000Z","comment",,"&lt;div class=""md""&gt;&lt;p&gt;I broke my ankle end of July and nothing to show for it!
Good job using your down time wisely&lt;/p&gt;
&lt;/div&gt;","t1_nicn2gm",,,,,,,"0",,"t1_nhznty5",,"nicn2gm","t3_1nz0ap3","2026-05-05T00:55:58.342Z",,,,"2","https://www.reddit.com/r/Costco/comments/1nz0ap3/my_ode_to_the_unbeatable_150_hot_dog_deal_in/nicn2gm/","t2_5tconp0c","wheeziem",
,"I think this should end up in the Costco magazine- you should reach out to them! ","Costco","r/Costco","2025-10-05T21:52:53.000Z","comment",,"&lt;div class=""md""&gt;&lt;p&gt;I think this should end up in the Costco magazine- you should reach out to them! &lt;/p&gt;
&lt;/div&gt;","t1_nhytq5n",,,,,,,"3",,"t3_1nz0ap3",,"nhytq5n","t3_1nz0ap3","2026-05-05T00:55:58.342Z",,,,"561","https://www.reddit.com/r/Costco/comments/1nz0ap3/my_ode_to_the_unbeatable_150_hot_dog_deal_in/nhytq5n/","t2_1hj69ow4ei","Immediate_Falcon8808",
,"I’d love if it made its way there! Didn’t know they had a magazine so cool!!","Costco","r/Costco","2025-10-05T21:59:27.000Z","comment",,"&lt;div class=""md""&gt;&lt;p&gt;I’d love if it made its way there! Didn’t know they had a magazine so cool!!&lt;/p&gt;
&lt;/div&gt;","t1_nhyuxqa",,,,,,,"5",,"t1_nhytq5n",,"nhyuxqa","t3_1nz0ap3","2026-05-05T00:55:58.342Z",,,,"218","https://www.reddit.com/r/Costco/comments/1nz0ap3/my_ode_to_the_unbeatable_150_hot_dog_deal_in/nhyuxqa/","t2_32s6j4io","cheezedragon25",
,"My 79 year old dad had a massive stroke in the Winston-Salem, NC, Costco on Tuesday, July 22nd. He had stopped for a watermelon and some grill stuff and then bought a hot dog and soda as he was leaving. 

He went to grab the soda cup and his right foot tripped over his left leg as it was paralyzed. A manager saw his face was drooping and yelled for a wheelchair and called a trauma team and an ambulance. They kept him calm until the ambulance got there. 

The doctor said only 2 out of 10 people survive this kind of stroke and that it would be a different outcome had the store not acted so quickly. Now my dad is home with no stroke side effects and he made some galbi on the grill last night. The well-trained Costco manager saved my dad's life 😭

UPDATE: Costco responded to the email and had also seen this post. They are going to recognize the employees and share my email with them. My dad has been too tired to leave the house, but we're going to try and get to Costco tomorrow for his watermelon and to thank them in person. ",,"r/Costco","2025-07-27T23:52:14.000Z","post","Wholesome","&lt;!-- SC_OFF --&gt;&lt;div class=""md""&gt;&lt;p&gt;My 79 year old dad had a massive stroke in the Winston-Salem, NC, Costco on Tuesday, July 22nd. He had stopped for a watermelon and some grill stuff and then bought a hot dog and soda as he was leaving. &lt;/p&gt;

&lt;p&gt;He went to grab the soda cup and his right foot tripped over his left leg as it was paralyzed. A manager saw his face was drooping and yelled for a wheelchair and called a trauma team and an ambulance. They kept him calm until the ambulance got there. &lt;/p&gt;

&lt;p&gt;The doctor said only 2 out of 10 people survive this kind of stroke and that it would be a different outcome had the store not acted so quickly. Now my dad is home with no stroke side effects and he made some galbi on the grill last night. The well-trained Costco manager saved my dad&amp;#39;s life 😭&lt;/p&gt;

&lt;p&gt;UPDATE: Costco responded to the email and had also seen this post. They are going to recognize the employees and share my email with them. My dad has been too tired to leave the house, but we&amp;#39;re going to try and get to Costco tomorrow for his watermelon and to thank them in person. &lt;/p&gt;
&lt;/div&gt;&lt;!-- SC_ON --&gt;","t3_1mb1cy3",,,"false","false","https://www.reddit.com/r/Costco/comments/1mb1cy3/costco_manager_saved_my_dads_life/","679",,"false",,"Costco","1mb1cy3",,"2026-05-05T00:56:00.272Z","self","Costco manager saved my dad's life","0.96","43470","https://www.reddit.com/r/Costco/comments/1mb1cy3/costco_manager_saved_my_dads_life/","t2_769x9i5i","Snoo_53440",
,"Posts that do not follow r/Costco subreddit rules **MAY** be subject to removal. 

**Reminder: No vague non-descriptive post titles or availability questions.**

When applicable, please make sure that you're using a descriptive post title with product name(s) and/or exact question mentioned as it yields better subreddit search results. 

**Including item number, price, and approximate location or region where found is also helpful since product availability can vary.**


*I am a bot, and this action was performed automatically. Please [contact the moderators of this subreddit](/message/compose/?to=/r/Costco) if you have any questions or concerns.*","Costco","r/Costco","2025-07-27T23:52:14.000Z","comment",,"&lt;div class=""md""&gt;&lt;p&gt;Posts that do not follow &lt;a href=""/r/Costco""&gt;r/Costco&lt;/a&gt; subreddit rules &lt;strong&gt;MAY&lt;/strong&gt; be subject to removal. &lt;/p&gt;

&lt;p&gt;&lt;strong&gt;Reminder: No vague non-descriptive post titles or availability questions.&lt;/strong&gt;&lt;/p&gt;

&lt;p&gt;When applicable, please make sure that you&amp;#39;re using a descriptive post title with product name(s) and/or exact question mentioned as it yields better subreddit search results. &lt;/p&gt;

&lt;p&gt;&lt;strong&gt;Including item number, price, and approximate location or region where found is also helpful since product availability can vary.&lt;/strong&gt;&lt;/p&gt;

&lt;p&gt;&lt;em&gt;I am a bot, and this action was performed automatically. Please &lt;a href=""/message/compose/?to=/r/Costco""&gt;contact the moderators of this subreddit&lt;/a&gt; if you have any questions or concerns.&lt;/em&gt;&lt;/p&gt;
&lt;/div&gt;","t1_n5it9bz",,,,,,,"0",,"t3_1mb1cy3",,"n5it9bz","t3_1mb1cy3","2026-05-05T00:56:00.335Z",,,,"1","https://www.reddit.com/r/Costco/comments/1mb1cy3/costco_manager_saved_my_dads_life/n5it9bz/","t2_6l4z3","AutoModerator",
,"please share with corporate,  they have a special recognition for employees! its the president's award.  very prestigious and hard to get recognized.  usually its from saving a life!  please speak up so the manager and employees involved get recognition!   email corporate,  they can also review camera feed to help identify employees, if you dont have their names!","Costco","r/Costco","2025-07-28T00:08:05.000Z","comment",,"&lt;div class=""md""&gt;&lt;p&gt;please share with corporate,  they have a special recognition for employees! its the president&amp;#39;s award.  very prestigious and hard to get recognized.  usually its from saving a life!  please speak up so the manager and employees involved get recognition!   email corporate,  they can also review camera feed to help identify employees, if you dont have their names!&lt;/p&gt;
&lt;/div&gt;","t1_n5ivvl6",,,,,,,"4",,"t3_1mb1cy3",,"n5ivvl6","t3_1mb1cy3","2026-05-05T00:56:00.335Z",,,,"4246","https://www.reddit.com/r/Costco/comments/1mb1cy3/costco_manager_saved_my_dads_life/n5ivvl6/","t2_6ir1x","evendree72",
,"That's awesome. One more reason to like Costco","Costco","r/Costco","2025-07-28T02:32:27.000Z","comment",,"&lt;div class=""md""&gt;&lt;p&gt;That&amp;#39;s awesome. One more reason to like Costco&lt;/p&gt;
&lt;/div&gt;","t1_n5jiwjl",,,,,,,"2",,"t1_n5ivvl6",,"n5jiwjl","t3_1mb1cy3","2026-05-05T00:56:00.335Z",,,,"813","https://www.reddit.com/r/Costco/comments/1mb1cy3/costco_manager_saved_my_dads_life/n5jiwjl/","t2_9qco2","hotinmyigloo",
,"I wish they had a Costco hospital where the Costco doctor could treat their Costco patients as recommended by the Costco manager while shopping at the Costco store.","Costco","r/Costco","2025-07-28T13:49:20.000Z","comment",,"&lt;div class=""md""&gt;&lt;p&gt;I wish they had a Costco hospital where the Costco doctor could treat their Costco patients as recommended by the Costco manager while shopping at the Costco store.&lt;/p&gt;
&lt;/div&gt;","t1_n5lwpsm",,,,,,,"10",,"t1_n5jiwjl",,"n5lwpsm","t3_1mb1cy3","2026-05-05T00:56:00.335Z",,,,"571","https://www.reddit.com/r/Costco/comments/1mb1cy3/costco_manager_saved_my_dads_life/n5lwpsm/","t2_4kizy9fk","LieutenantButthole",
,"Welcome to Costco. I love you.","Costco","r/Costco","2025-07-28T14:59:46.000Z","comment",,"&lt;div class=""md""&gt;&lt;p&gt;Welcome to Costco. I love you.&lt;/p&gt;
&lt;/div&gt;","t1_n5mav36",,,,,,,"2",,"t1_n5lwpsm",,"n5mav36","t3_1mb1cy3","2026-05-05T00:56:00.335Z",,,,"252","https://www.reddit.com/r/Costco/comments/1mb1cy3/costco_manager_saved_my_dads_life/n5mav36/","t2_29etenl","flaks117",
,"""Yah I know this place pretty good, I went to law school here.""","Costco","r/Costco","2025-07-28T15:04:02.000Z","comment",,"&lt;div class=""md""&gt;&lt;p&gt;&amp;quot;Yah I know this place pretty good, I went to law school here.&amp;quot;&lt;/p&gt;
&lt;/div&gt;","t1_n5mbqok",,,,,,,"1",,"t1_n5mav36",,"n5mbqok","t3_1mb1cy3","2026-05-05T00:56:00.335Z",,,,"137","https://www.reddit.com/r/Costco/comments/1mb1cy3/costco_manager_saved_my_dads_life/n5mbqok/","t2_9ljw0","ReeferCheefer",
,"“It’s a 2 day walk from here”","Costco","r/Costco","2025-07-28T17:18:00.000Z","comment",,"&lt;div class=""md""&gt;&lt;p&gt;“It’s a 2 day walk from here”&lt;/p&gt;
&lt;/div&gt;","t1_n5n4dqx",,,,,,,"1",,"t1_n5mbqok",,"n5n4dqx","t3_1mb1cy3","2026-05-05T00:56:00.335Z",,,,"24","https://www.reddit.com/r/Costco/comments/1mb1cy3/costco_manager_saved_my_dads_life/n5n4dqx/","t2_fmaeg","Book_talker_abouter",
,"Buy ten X-Rays and save","Costco","r/Costco","2025-07-28T16:33:44.000Z","comment",,"&lt;div class=""md""&gt;&lt;p&gt;Buy ten X-Rays and save&lt;/p&gt;
&lt;/div&gt;","t1_n5mupyd",,,,,,,"0",,"t1_n5lwpsm",,"n5mupyd","t3_1mb1cy3","2026-05-05T00:56:00.335Z",,,,"52","https://www.reddit.com/r/Costco/comments/1mb1cy3/costco_manager_saved_my_dads_life/n5mupyd/","t2_a1gmqgjh","Ok_Cycle_185",
,"Can’t say no to affordable healthcare!","Costco","r/Costco","2025-07-28T14:37:50.000Z","comment",,"&lt;div class=""md""&gt;&lt;p&gt;Can’t say no to affordable healthcare!&lt;/p&gt;
&lt;/div&gt;","t1_n5m6bhg",,,,,,,"1",,"t1_n5lwpsm",,"n5m6bhg","t3_1mb1cy3","2026-05-05T00:56:00.335Z",,,,"43","https://www.reddit.com/r/Costco/comments/1mb1cy3/costco_manager_saved_my_dads_life/n5m6bhg/","t2_9921oas4","Unlikely_Ear7684",
,"Honestly: their pharmacy is excellent.","Costco","r/Costco","2025-07-28T18:03:57.000Z","comment",,"&lt;div class=""md""&gt;&lt;p&gt;Honestly: their pharmacy is excellent.&lt;/p&gt;
&lt;/div&gt;","t1_n5neiqo",,,,,,,"1",,"t1_n5m6bhg",,"n5neiqo","t3_1mb1cy3","2026-05-05T00:56:00.335Z",,,,"42","https://www.reddit.com/r/Costco/comments/1mb1cy3/costco_manager_saved_my_dads_life/n5neiqo/","t2_pwz1ph8","CautionarySnail",
,"I know we are currently living in a dystopia, but that sounds like the actual setting of a cyberpunk novel.","Costco","r/Costco","2025-07-28T15:08:22.000Z","comment",,"&lt;div class=""md""&gt;&lt;p&gt;I know we are currently living in a dystopia, but that sounds like the actual setting of a cyberpunk novel.&lt;/p&gt;
&lt;/div&gt;","t1_n5mcn60",,,,,,,"1",,"t1_n5lwpsm",,"n5mcn60","t3_1mb1cy3","2026-05-05T00:56:00.335Z",,,,"30","https://www.reddit.com/r/Costco/comments/1mb1cy3/costco_manager_saved_my_dads_life/n5mcn60/","t2_2vcoo7tf","inbigtreble30",
,"Pretty sure that’s the actual setting of *Idiocracy*.","Costco","r/Costco","2025-07-28T19:13:57.000Z","comment",,"&lt;div class=""md""&gt;&lt;p&gt;Pretty sure that’s the actual setting of &lt;em&gt;Idiocracy&lt;/em&gt;.&lt;/p&gt;
&lt;/div&gt;","t1_n5nt7qw",,,,,,,"1",,"t1_n5mcn60",,"n5nt7qw","t3_1mb1cy3","2026-05-05T00:56:00.335Z",,,,"18","https://www.reddit.com/r/Costco/comments/1mb1cy3/costco_manager_saved_my_dads_life/n5nt7qw/","t2_1axhny36","spaceforcerecruit",
,"With their Costco pharmaceuticals","Costco","r/Costco","2025-07-28T16:51:20.000Z","comment",,"&lt;div class=""md""&gt;&lt;p&gt;With their Costco pharmaceuticals&lt;/p&gt;
&lt;/div&gt;","t1_n5mygp6",,,,,,,"0",,"t1_n5lwpsm",,"n5mygp6","t3_1mb1cy3","2026-05-05T00:56:00.335Z",,,,"9","https://www.reddit.com/r/Costco/comments/1mb1cy3/costco_manager_saved_my_dads_life/n5mygp6/","t2_3vfp5jz8","beefandvodka",
,"LieutenantButthole is right once again!","Costco","r/Costco","2025-07-28T16:13:45.000Z","comment",,"&lt;div class=""md""&gt;&lt;p&gt;LieutenantButthole is right once again!&lt;/p&gt;
&lt;/div&gt;","t1_n5mqjp6",,,,,,,"0",,"t1_n5lwpsm",,"n5mqjp6","t3_1mb1cy3","2026-05-05T00:56:00.335Z",,,,"7","https://www.reddit.com/r/Costco/comments/1mb1cy3/costco_manager_saved_my_dads_life/n5mqjp6/","t2_4dcx5iho","COOL42ALEX",
,"Oh, you mean a Costpital?","Costco","r/Costco","2025-07-28T17:44:47.000Z","comment",,"&lt;div class=""md""&gt;&lt;p&gt;Oh, you mean a Costpital?&lt;/p&gt;
&lt;/div&gt;","t1_n5naaz7",,,,,,,"0",,"t1_n5lwpsm",,"n5naaz7","t3_1mb1cy3","2026-05-05T00:56:00.335Z",,,,"7","https://www.reddit.com/r/Costco/comments/1mb1cy3/costco_manager_saved_my_dads_life/n5naaz7/","t2_59il0f7s","beerthdaycake",
"Newbie","Images:
	https://preview.redd.it/dun2js4131ug1.jpeg?auto=webp&amp;s=550837962219d9a1c54b6328761429c5b42989dd
",,"r/publix","2026-04-08T20:41:58.000Z","post","CUSTOMERS","Images:
	https://preview.redd.it/dun2js4131ug1.jpeg?auto=webp&amp;s=550837962219d9a1c54b6328761429c5b42989dd
","t3_1sg4wao","https://i.redd.it/dun2js4131ug1.jpeg",,"false","false","https://i.redd.it/dun2js4131ug1.jpeg","429",,"false",,"publix","1sg4wao",,"2026-05-05T00:56:02.173Z","https://preview.redd.it/dun2js4131ug1.jpeg?width=140&amp;height=140&amp;crop=1:1,smart&amp;auto=webp&amp;s=59b0086a3c2279e909dc364a536c7e9cba1a8d33","Pub Sub in Japan","0.98","7388","https://www.reddit.com/r/publix/comments/1sg4wao/pub_sub_in_japan/","t2_1mh9hsicr5","Putrid_Interaction31",
"Newbie","Does not compute","publix","r/publix","2026-04-08T20:49:43.000Z","comment",,"&lt;div class=""md""&gt;&lt;p&gt;Does not compute&lt;/p&gt;
&lt;/div&gt;","t1_of2fhe9",,,,,,,"3",,"t3_1sg4wao",,"of2fhe9","t3_1sg4wao","2026-05-05T00:56:02.404Z",,,,"424","https://www.reddit.com/r/publix/comments/1sg4wao/pub_sub_in_japan/of2fhe9/","t2_siro1hlc","InhibitedExistence",
"Newbie","Bro I literally did this meme when I saw the post:

![gif](giphy|RILsqUte1MME7TzQJ9)","publix","r/publix","2026-04-09T05:56:51.000Z","comment",,"&lt;div class=""md""&gt;&lt;p&gt;Bro I literally did this meme when I saw the post:&lt;/p&gt;

&lt;p&gt;&lt;a href=""https://giphy.com/gifs/RILsqUte1MME7TzQJ9"" target=""_blank""&gt;https://giphy.com/gifs/RILsqUte1MME7TzQJ9&lt;/a&gt;&lt;/p&gt;
&lt;/div&gt;","t1_of4zjxi",,,,,,,"0",,"t1_of2fhe9",,"of4zjxi","t3_1sg4wao","2026-05-05T00:56:02.404Z",,,,"87","https://www.reddit.com/r/publix/comments/1sg4wao/pub_sub_in_japan/of4zjxi/","t2_7atw702o","camcamfc",
"Newbie","Me too! Lol.","publix","r/publix","2026-04-09T15:19:20.000Z","comment",,"&lt;div class=""md""&gt;&lt;p&gt;Me too! Lol.&lt;/p&gt;
&lt;/div&gt;","t1_of7c9w7",,,,,,,"0",,"t1_of2fhe9",,"of7c9w7","t3_1sg4wao","2026-05-05T00:56:02.404Z",,,,"6","https://www.reddit.com/r/publix/comments/1sg4wao/pub_sub_in_japan/of7c9w7/","t2_9qxb6le3","AdPuzzleheaded5076",
"Newbie","But….why","publix","r/publix","2026-04-08T20:53:20.000Z","comment",,"&lt;div class=""md""&gt;&lt;p&gt;But….why&lt;/p&gt;
&lt;/div&gt;","t1_of2gakh",,,,,,,"6",,"t3_1sg4wao",,"of2gakh","t3_1sg4wao","2026-05-05T00:56:02.404Z",,,,"310","https://www.reddit.com/r/publix/comments/1sg4wao/pub_sub_in_japan/of2gakh/","t2_1kffi6jmyw","Blanky_Blank_",
"Newbie","Mental illness","publix","r/publix","2026-04-08T21:06:27.000Z","comment",,"&lt;div class=""md""&gt;&lt;p&gt;Mental illness&lt;/p&gt;
&lt;/div&gt;","t1_of2j7n1",,,,,,,"1",,"t1_of2gakh",,"of2j7n1","t3_1sg4wao","2026-05-05T00:56:02.404Z",,,,"202","https://www.reddit.com/r/publix/comments/1sg4wao/pub_sub_in_japan/of2j7n1/","t2_s974n","MouseRat_AD",
"Newbie","https://preview.redd.it/xei5nov481ug1.jpeg?width=552&amp;format=pjpg&amp;auto=webp&amp;s=a32f227b5bb49d1e20b4b2baa57a96157c922e5c","publix","r/publix","2026-04-08T21:10:37.000Z","comment",,"&lt;div class=""md""&gt;&lt;p&gt;&lt;a href=""https://preview.redd.it/xei5nov481ug1.jpeg?width=552&amp;amp;format=pjpg&amp;amp;auto=webp&amp;amp;s=a32f227b5bb49d1e20b4b2baa57a96157c922e5c""&gt;https://preview.redd.it/xei5nov481ug1.jpeg?width=552&amp;amp;format=pjpg&amp;amp;auto=webp&amp;amp;s=a32f227b5bb49d1e20b4b2baa57a96157c922e5c&lt;/a&gt;&lt;/p&gt;
&lt;/div&gt;","t1_of2k3hg",,,,,,,"1",,"t1_of2j7n1",,"of2k3hg","t3_1sg4wao","2026-05-05T00:56:02.404Z",,,,"127","https://www.reddit.com/r/publix/comments/1sg4wao/pub_sub_in_japan/of2k3hg/","t2_22zt8bonre","FieryTitmouse55",
"Newbie","I imagine if you’re there for long enough and crave a staple meal from back home… this would fit the bill ","publix","r/publix","2026-04-09T00:51:27.000Z","comment",,"&lt;div class=""md""&gt;&lt;p&gt;I imagine if you’re there for long enough and crave a staple meal from back home… this would fit the bill &lt;/p&gt;
&lt;/div&gt;","t1_of3p7ac",,,,,,,"1",,"t1_of2gakh",,"of3p7ac","t3_1sg4wao","2026-05-05T00:56:02.404Z",,,,"20","https://www.reddit.com/r/publix/comments/1sg4wao/pub_sub_in_japan/of3p7ac/","t2_5djfr","AlchemyAlice",
"Newbie","My brother-in-law brought one on a cruise and ate it a few days in. Naturally he got really sick because it had just been sitting in his suitcase for the first 2 days. 

It was HILARIOUS!","publix","r/publix","2026-04-10T20:36:11.000Z","comment",,"&lt;div class=""md""&gt;&lt;p&gt;My brother-in-law brought one on a cruise and ate it a few days in. Naturally he got really sick because it had just been sitting in his suitcase for the first 2 days. &lt;/p&gt;

&lt;p&gt;It was HILARIOUS!&lt;/p&gt;
&lt;/div&gt;","t1_ofg8kq8",,,,,,,"2",,"t1_of3p7ac",,"ofg8kq8","t3_1sg4wao","2026-05-05T00:56:02.404Z",,,,"10","https://www.reddit.com/r/publix/comments/1sg4wao/pub_sub_in_japan/ofg8kq8/","t2_9mwmpefh","ArtisticAd7455",
"Newbie","Yeah for you. But not for his butthole ","publix","r/publix","2026-04-10T22:54:08.000Z","comment",,"&lt;div class=""md""&gt;&lt;p&gt;Yeah for you. But not for his butthole &lt;/p&gt;
&lt;/div&gt;","t1_ofgzjlf",,,,,,,"0",,"t1_ofg8kq8",,"ofgzjlf","t3_1sg4wao","2026-05-05T00:56:02.404Z",,,,"5","https://www.reddit.com/r/publix/comments/1sg4wao/pub_sub_in_japan/ofgzjlf/","t2_5djfr","AlchemyAlice",
"Newbie","So basically not the hot Cuban that you want on a cruise but the one you deserve","publix","r/publix","2026-04-11T23:38:30.000Z","comment",,"&lt;div class=""md""&gt;&lt;p&gt;So basically not the hot Cuban that you want on a cruise but the one you deserve&lt;/p&gt;
&lt;/div&gt;","t1_ofnqwhw",,,,,,,"0",,"t1_ofg8kq8",,"ofnqwhw","t3_1sg4wao","2026-05-05T00:56:02.404Z",,,,"3","https://www.reddit.com/r/publix/comments/1sg4wao/pub_sub_in_japan/ofnqwhw/","t2_h6g2z4hk","twistedbrewmejunk",
"Newbie","Imagine doing all this and realizing you added ""mayo both sides"" and now you cant eat it lol ","publix","r/publix","2026-04-10T02:51:27.000Z","comment",,"&lt;div class=""md""&gt;&lt;p&gt;Imagine doing all this and realizing you added &amp;quot;mayo both sides&amp;quot; and now you cant eat it lol &lt;/p&gt;
&lt;/div&gt;","t1_ofb8asl",,,,,,,"1",,"t1_of2gakh",,"ofb8asl","t3_1sg4wao","2026-05-05T00:56:02.404Z",,,,"9","https://www.reddit.com/r/publix/comments/1sg4wao/pub_sub_in_japan/ofb8asl/","t2_ekjxmo9jh","ImissRIF97",
"Cashier","To bring Publix to Japan! ","publix","r/publix","2026-04-10T07:23:03.000Z","comment",,"&lt;div class=""md""&gt;&lt;p&gt;To bring Publix to Japan! &lt;/p&gt;
&lt;/div&gt;","t1_ofc84i1",,,,,,,"0",,"t1_of2gakh",,"ofc84i1","t3_1sg4wao","2026-05-05T00:56:02.404Z",,,,"3","https://www.reddit.com/r/publix/comments/1sg4wao/pub_sub_in_japan/ofc84i1/","t2_o12lw","RangoTheMerc",
"Newbie","What! Question would be why not?","publix","r/publix","2026-04-09T00:47:12.000Z","comment",,"&lt;div class=""md""&gt;&lt;p&gt;What! Question would be why not?&lt;/p&gt;
&lt;/div&gt;","t1_of3oghq",,,,,,,"1",,"t1_of2gakh",,"of3oghq","t3_1sg4wao","2026-05-05T00:56:02.404Z",,,,"5","https://www.reddit.com/r/publix/comments/1sg4wao/pub_sub_in_japan/of3oghq/","t2_s5jx1v0","ednanog631",
"Retired","How Is that thing even still edible at this point?","publix","r/publix","2026-04-08T21:01:34.000Z","comment",,"&lt;div class=""md""&gt;&lt;p&gt;How Is that thing even still edible at this point?&lt;/p&gt;
&lt;/div&gt;","t1_of2i572",,,,,,,"3",,"t3_1sg4wao",,"of2i572","t3_1sg4wao","2026-05-05T00:56:02.404Z",,,,"177","https://www.reddit.com/r/publix/comments/1sg4wao/pub_sub_in_japan/of2i572/","t2_nnzu9vy","VegasGuy1223",
"Newbie","It’s not, it’s like six months old

That said there’s a company near me in South Florida called Russo’s subs that will overnight subs worldwide. They started doing it to send subs to service members during desert shield/desert storm and they’ve kept doing it ever since.","publix","r/publix","2026-04-08T21:49:08.000Z","comment",,"&lt;div class=""md""&gt;&lt;p&gt;It’s not, it’s like six months old&lt;/p&gt;

&lt;p&gt;That said there’s a company near me in South Florida called Russo’s subs that will overnight subs worldwide. They started doing it to send subs to service members during desert shield/desert storm and they’ve kept doing it ever since.&lt;/p&gt;
&lt;/div&gt;","t1_of2s09h",,,,,,,"5",,"t1_of2i572",,"of2s09h","t3_1sg4wao","2026-05-05T00:56:02.404Z",,,,"185","https://www.reddit.com/r/publix/comments/1sg4wao/pub_sub_in_japan/of2s09h/","t2_1ebtd9g4pw","Legitimate-Lab9077",
,"Recently had the pleasure of meeting Guillermo Rodriguez! Comedian and cohost of Jimmy’s Kimmel’s show and he was super nice! He was demoing his salsa brand at my location the other day. I said hi and told him I didn’t want to bother him but that my girlfriend and I were huge fans. He asked if I wanted a picture and I was ecstatic. The salsa was really good and tasted fresh and will definitely be a buy this upcoming weekend. Dreams do come true",,"r/Costco","2026-02-05T02:16:50.000Z","post","[Mildly Interesting]","&lt;!-- SC_OFF --&gt;&lt;div class=""md""&gt;&lt;p&gt;Recently had the pleasure of meeting Guillermo Rodriguez! Comedian and cohost of Jimmy’s Kimmel’s show and he was super nice! He was demoing his salsa brand at my location the other day. I said hi and told him I didn’t want to bother him but that my girlfriend and I were huge fans. He asked if I wanted a picture and I was ecstatic. The salsa was really good and tasted fresh and will definitely be a buy this upcoming weekend. Dreams do come true&lt;/p&gt;
&lt;/div&gt;&lt;!-- SC_ON --&gt;","t3_1qw8mlu","https://i.redd.it/2syi2n1c5lhg1.jpeg",,"false","false","https://i.redd.it/2syi2n1c5lhg1.jpeg","279",,"false",,"Costco","1qw8mlu",,"2026-05-05T00:56:05.787Z","https://b.thumbs.redditmedia.com/hfrEpRDWyzCCSLJzGCg6VhEM6JlVp3LWPMcePR-hSTA.jpg","Guillermo from Jimmy Kimmel visited my location to demo and promote his salsa!","0.96","29393","https://www.reddit.com/r/Costco/comments/1qw8mlu/guillermo_from_jimmy_kimmel_visited_my_location/","t2_4dwtmyfl","NightofSpring",
"Newbie","(reposted from NextDoor)",,"r/publix","2026-03-12T18:00:12.000Z","post","RANT :snoo_tableflip:","&lt;!-- SC_OFF --&gt;&lt;div class=""md""&gt;&lt;p&gt;(reposted from NextDoor)&lt;/p&gt;
&lt;/div&gt;&lt;!-- SC_ON --&gt;","t3_1rry2js","https://i.redd.it/stxivx5klnog1.jpeg",,"false","false","https://i.redd.it/stxivx5klnog1.jpeg","1151",,"false",,"publix","1rry2js",,"2026-05-05T00:56:05.877Z","https://preview.redd.it/stxivx5klnog1.jpeg?width=140&amp;height=140&amp;auto=webp&amp;s=8052937c88edc34f41ffd8f728364fa6183b4979","Publix for the win","0.99","6905","https://www.reddit.com/r/publix/comments/1rry2js/publix_for_the_win/","t2_57bfu3twi","Gulf_Coast_21",
,"Posts that do not follow r/Costco subreddit rules **MAY** be subject to removal. 

**Reminder: No vague non-descriptive post titles or availability questions.**

When applicable, please make sure that you're using a descriptive post title with product name(s) and/or exact question mentioned as it yields better subreddit search results. 

**Including item number, price, and approximate location or region where found is also helpful since product availability can vary.**


*I am a bot, and this action was performed automatically. Please [contact the moderators of this subreddit](/message/compose/?to=/r/Costco) if you have any questions or concerns.*","Costco","r/Costco","2026-02-05T02:16:53.000Z","comment",,"&lt;div class=""md""&gt;&lt;p&gt;Posts that do not follow &lt;a href=""/r/Costco""&gt;r/Costco&lt;/a&gt; subreddit rules &lt;strong&gt;MAY&lt;/strong&gt; be subject to removal. &lt;/p&gt;

&lt;p&gt;&lt;strong&gt;Reminder: No vague non-descriptive post titles or availability questions.&lt;/strong&gt;&lt;/p&gt;

&lt;p&gt;When applicable, please make sure that you&amp;#39;re using a descriptive post title with product name(s) and/or exact question mentioned as it yields better subreddit search results. &lt;/p&gt;

&lt;p&gt;&lt;strong&gt;Including item number, price, and approximate location or region where found is also helpful since product availability can vary.&lt;/strong&gt;&lt;/p&gt;

&lt;p&gt;&lt;em&gt;I am a bot, and this action was performed automatically. Please &lt;a href=""/message/compose/?to=/r/Costco""&gt;contact the moderators of this subreddit&lt;/a&gt; if you have any questions or concerns.&lt;/em&gt;&lt;/p&gt;
&lt;/div&gt;","t1_o3n92za",,,,,,,"0",,"t3_1qw8mlu",,"o3n92za","t3_1qw8mlu","2026-05-05T00:56:05.904Z",,,,"1","https://www.reddit.com/r/Costco/comments/1qw8mlu/guillermo_from_jimmy_kimmel_visited_my_location/o3n92za/","t2_6l4z3","AutoModerator",
"Newbie","Publix is also more expensive than Whole Foods 😂😂😂😂","publix","r/publix","2026-03-12T18:33:37.000Z","comment",,"&lt;div class=""md""&gt;&lt;p&gt;Publix is also more expensive than Whole Foods 😂😂😂😂&lt;/p&gt;
&lt;/div&gt;","t1_oa32v9x",,,,,,,"12",,"t3_1rry2js",,"oa32v9x","t3_1rry2js","2026-05-05T00:56:05.972Z",,,,"496","https://www.reddit.com/r/publix/comments/1rry2js/publix_for_the_win/oa32v9x/","t2_c6w4ywwul","Videoplushair",
,"Love that dude. And not at all surprised to hear he’s a good guy","Costco","r/Costco","2026-02-05T02:19:47.000Z","comment",,"&lt;div class=""md""&gt;&lt;p&gt;Love that dude. And not at all surprised to hear he’s a good guy&lt;/p&gt;
&lt;/div&gt;","t1_o3n9l8r",,,,,,,"5",,"t3_1qw8mlu",,"o3n9l8r","t3_1qw8mlu","2026-05-05T00:56:05.904Z",,,,"1098","https://www.reddit.com/r/Costco/comments/1qw8mlu/guillermo_from_jimmy_kimmel_visited_my_location/o3n9l8r/","t2_5sm1ngcq","H3llm0nt",
,"Every story about him just sounds wholesome, funny, and genuinely kind.","Costco","r/Costco","2026-02-05T03:01:54.000Z","comment",,"&lt;div class=""md""&gt;&lt;p&gt;Every story about him just sounds wholesome, funny, and genuinely kind.&lt;/p&gt;
&lt;/div&gt;","t1_o3nh0u2",,,,,,,"2",,"t1_o3n9l8r",,"o3nh0u2","t3_1qw8mlu","2026-05-05T00:56:05.904Z",,,,"262","https://www.reddit.com/r/Costco/comments/1qw8mlu/guillermo_from_jimmy_kimmel_visited_my_location/o3nh0u2/","t2_26rkay0fob","Few-Cheesecake6883",
,"I liked it when Guillermo del Toro was a guest and I think he hugged Guillermo and went ""My brother!""","Costco","r/Costco","2026-02-05T07:51:34.000Z","comment",,"&lt;div class=""md""&gt;&lt;p&gt;I liked it when Guillermo del Toro was a guest and I think he hugged Guillermo and went &amp;quot;My brother!&amp;quot;&lt;/p&gt;
&lt;/div&gt;","t1_o3ok2k8",,,,,,,"0",,"t1_o3nh0u2",,"o3ok2k8","t3_1qw8mlu","2026-05-05T00:56:05.904Z",,,,"114","https://www.reddit.com/r/Costco/comments/1qw8mlu/guillermo_from_jimmy_kimmel_visited_my_location/o3ok2k8/","t2_h8oxd","ILoveRegenHealth",
,"I swear if ICE fuvks with him....","Costco","r/Costco","2026-02-05T04:55:03.000Z","comment",,"&lt;div class=""md""&gt;&lt;p&gt;I swear if ICE fuvks with him....&lt;/p&gt;
&lt;/div&gt;","t1_o3nypz3",,,,,,,"2",,"t1_o3nh0u2",,"o3nypz3","t3_1qw8mlu","2026-05-05T00:56:05.904Z",,,,"54","https://www.reddit.com/r/Costco/comments/1qw8mlu/guillermo_from_jimmy_kimmel_visited_my_location/o3nypz3/","t2_fhi8w0t9q","Ok-Replacement9595",
,"They already re haven’t you seen how they are readying his brothers and sisters? We all in this together. Thats what they don’t understand","Costco","r/Costco","2026-02-05T19:07:28.000Z","comment",,"&lt;div class=""md""&gt;&lt;p&gt;They already re haven’t you seen how they are readying his brothers and sisters? We all in this together. Thats what they don’t understand&lt;/p&gt;
&lt;/div&gt;","t1_o3rmnxp",,,,,,,"0",,"t1_o3nypz3",,"o3rmnxp","t3_1qw8mlu","2026-05-05T00:56:05.904Z",,,,"11","https://www.reddit.com/r/Costco/comments/1qw8mlu/guillermo_from_jimmy_kimmel_visited_my_location/o3rmnxp/","t2_4dg1u941","Express-Ad4146",
"Newbie","I just said the same thing to my father, we drive 25 minutes to go to whole foods now. ","publix","r/publix","2026-03-12T20:02:46.000Z","comment",,"&lt;div class=""md""&gt;&lt;p&gt;I just said the same thing to my father, we drive 25 minutes to go to whole foods now. &lt;/p&gt;
&lt;/div&gt;","t1_oa3lvqn",,,,,,,"5",,"t1_oa32v9x",,"oa3lvqn","t3_1rry2js","2026-05-05T00:56:05.972Z",,,,"114","https://www.reddit.com/r/publix/comments/1rry2js/publix_for_the_win/oa3lvqn/","t2_q73v49ze","Florida_Mannish",
,"Guillermo is absolutely as authentic and nice as you can imagine. My wife and I ran into him and his wife a year ago in Hawai’i and they talked to us for like 20 min about what attractions and activities they should check out around the resort. Just incredibly genuine and kind people.","Costco","r/Costco","2026-02-05T19:53:12.000Z","comment",,"&lt;div class=""md""&gt;&lt;p&gt;Guillermo is absolutely as authentic and nice as you can imagine. My wife and I ran into him and his wife a year ago in Hawai’i and they talked to us for like 20 min about what attractions and activities they should check out around the resort. Just incredibly genuine and kind people.&lt;/p&gt;
&lt;/div&gt;","t1_o3rwg2s",,,,,,,"0",,"t1_o3n9l8r",,"o3rwg2s","t3_1qw8mlu","2026-05-05T00:56:05.904Z",,,,"35","https://www.reddit.com/r/Costco/comments/1qw8mlu/guillermo_from_jimmy_kimmel_visited_my_location/o3rwg2s/","t2_ekcy4txg","IAmThePunWhoMocks",
,"His whole thing is being a good guy.","Costco","r/Costco","2026-02-05T15:28:37.000Z","comment",,"&lt;div class=""md""&gt;&lt;p&gt;His whole thing is being a good guy.&lt;/p&gt;
&lt;/div&gt;","t1_o3qb7r2",,,,,,,"0",,"t1_o3n9l8r",,"o3qb7r2","t3_1qw8mlu","2026-05-05T00:56:05.904Z",,,,"11","https://www.reddit.com/r/Costco/comments/1qw8mlu/guillermo_from_jimmy_kimmel_visited_my_location/o3qb7r2/","t2_3v40bho0","Ok-Post6492",
"Newbie","I said this in the sub a few months back and got 2k plus downvotes. ","publix","r/publix","2026-03-12T21:07:25.000Z","comment",,"&lt;div class=""md""&gt;&lt;p&gt;I said this in the sub a few months back and got 2k plus downvotes. &lt;/p&gt;
&lt;/div&gt;","t1_oa3zukm",,,,,,,"7",,"t1_oa3lvqn",,"oa3zukm","t3_1rry2js","2026-05-05T00:56:05.972Z",,,,"142","https://www.reddit.com/r/publix/comments/1rry2js/publix_for_the_win/oa3zukm/","t2_1hbfp3ywmy","_25xamonth",
,"could not agree more!","Costco","r/Costco","2026-02-06T00:00:48.000Z","comment",,"&lt;div class=""md""&gt;&lt;p&gt;could not agree more!&lt;/p&gt;
&lt;/div&gt;","t1_o3t9lv3",,,,,,,"0",,"t1_o3n9l8r",,"o3t9lv3","t3_1qw8mlu","2026-05-05T00:56:05.904Z",,,,"1","https://www.reddit.com/r/Costco/comments/1qw8mlu/guillermo_from_jimmy_kimmel_visited_my_location/o3t9lv3/","t2_27iqw93gvn","Fearless_Here579",
,"He’s like Jimmy may get canned again I gotta get hustling","Costco","r/Costco","2026-02-05T02:20:30.000Z","comment",,"&lt;div class=""md""&gt;&lt;p&gt;He’s like Jimmy may get canned again I gotta get hustling&lt;/p&gt;
&lt;/div&gt;","t1_o3n9pnb",,,,,,,"3",,"t3_1qw8mlu",,"o3n9pnb","t3_1qw8mlu","2026-05-05T00:56:05.904Z",,,,"654","https://www.reddit.com/r/Costco/comments/1qw8mlu/guillermo_from_jimmy_kimmel_visited_my_location/o3n9pnb/","t2_8tncw92k","Jellyfishwonderbread",
"Newbie","![gif](giphy|26DNioenMF55ocuWY)

HES BACK FOR MORE!!! SEIZE HIM!!","publix","r/publix","2026-03-12T21:31:35.000Z","comment",,"&lt;div class=""md""&gt;&lt;p&gt;&lt;a href=""https://giphy.com/gifs/26DNioenMF55ocuWY"" target=""_blank""&gt;https://giphy.com/gifs/26DNioenMF55ocuWY&lt;/a&gt;&lt;/p&gt;

&lt;p&gt;HES BACK FOR MORE!!! SEIZE HIM!!&lt;/p&gt;
&lt;/div&gt;","t1_oa44sn2",,,,,,,"4",,"t1_oa3zukm",,"oa44sn2","t3_1rry2js","2026-05-05T00:56:05.972Z",,,,"113","https://www.reddit.com/r/publix/comments/1rry2js/publix_for_the_win/oa44sn2/","t2_gaf2r31w","Alternative-Pride138",
,"[removed]","Costco","r/Costco","2026-02-05T03:10:17.000Z","comment",,"&lt;div class=""md""&gt;&lt;p&gt;[removed]&lt;/p&gt;
&lt;/div&gt;","t1_o3nigik",,,,,,,"3",,"t1_o3n9pnb",,"o3nigik","t3_1qw8mlu","2026-05-05T00:56:05.904Z",,,,"305","https://www.reddit.com/r/Costco/comments/1qw8mlu/guillermo_from_jimmy_kimmel_visited_my_location/o3nigik/",,"[deleted]",
"Customer Service","https://i.redd.it/0opgn6rc5rog1.gif

/s","publix","r/publix","2026-03-13T05:56:32.000Z","comment",,"&lt;div class=""md""&gt;&lt;p&gt;&lt;a href=""https://i.redd.it/0opgn6rc5rog1.gif""&gt;https://i.redd.it/0opgn6rc5rog1.gif&lt;/a&gt;&lt;/p&gt;

&lt;p&gt;/s&lt;/p&gt;
&lt;/div&gt;","t1_oa6fl9w",,,,,,,"0",,"t1_oa44sn2",,"oa6fl9w","t3_1rry2js","2026-05-05T00:56:05.972Z",,,,"41","https://www.reddit.com/r/publix/comments/1rry2js/publix_for_the_win/oa6fl9w/","t2_lisc78em","HavingAnInternalCow",
,"[removed]","Costco","r/Costco","2026-02-05T05:57:33.000Z","comment",,"&lt;div class=""md""&gt;&lt;p&gt;[removed]&lt;/p&gt;
&lt;/div&gt;","t1_o3o73va",,,,,,,"1",,"t1_o3nigik",,"o3o73va","t3_1qw8mlu","2026-05-05T00:56:05.904Z",,,,"31","https://www.reddit.com/r/Costco/comments/1qw8mlu/guillermo_from_jimmy_kimmel_visited_my_location/o3o73va/",,"[deleted]",
"Newbie","![gif](giphy|hrEw3hdISgH1KtYOEJ)","publix","r/publix","2026-03-13T13:07:08.000Z","comment",,"&lt;div class=""md""&gt;&lt;p&gt;&lt;a href=""https://giphy.com/gifs/hrEw3hdISgH1KtYOEJ"" target=""_blank""&gt;https://giphy.com/gifs/hrEw3hdISgH1KtYOEJ&lt;/a&gt;&lt;/p&gt;
&lt;/div&gt;","t1_oa7vrx1",,,,,,,"0",,"t1_oa44sn2",,"oa7vrx1","t3_1rry2js","2026-05-05T00:56:05.972Z",,,,"13","https://www.reddit.com/r/publix/comments/1rry2js/publix_for_the_win/oa7vrx1/","t2_kmoh90mr","No_Restaurant_774",
,"Selena sells salsa down by...la biblioteca?","Costco","r/Costco","2026-02-05T07:13:58.000Z","comment",,"&lt;div class=""md""&gt;&lt;p&gt;Selena sells salsa down by...la biblioteca?&lt;/p&gt;
&lt;/div&gt;","t1_o3og06w",,,,,,,"1",,"t1_o3o73va",,"o3og06w","t3_1qw8mlu","2026-05-05T00:56:05.904Z",,,,"15","https://www.reddit.com/r/Costco/comments/1qw8mlu/guillermo_from_jimmy_kimmel_visited_my_location/o3og06w/","t2_5by39q7x","kerokerobronito",
"Newbie","😂😂😂😂😂","publix","r/publix","2026-03-13T02:49:47.000Z","comment",,"&lt;div class=""md""&gt;&lt;p&gt;😂😂😂😂😂&lt;/p&gt;
&lt;/div&gt;","t1_oa5qeqy",,,,,,,"0",,"t1_oa44sn2",,"oa5qeqy","t3_1rry2js","2026-05-05T00:56:05.972Z",,,,"3","https://www.reddit.com/r/publix/comments/1rry2js/publix_for_the_win/oa5qeqy/","t2_1klgjchqvv","PeaKindly4538",
,"Uno salsa, por fovor","Costco","r/Costco","2026-02-05T11:51:27.000Z","comment",,"&lt;div class=""md""&gt;&lt;p&gt;Uno salsa, por fovor&lt;/p&gt;
&lt;/div&gt;","t1_o3pa1zu",,,,,,,"0",,"t1_o3og06w",,"o3pa1zu","t3_1qw8mlu","2026-05-05T00:56:05.904Z",,,,"3","https://www.reddit.com/r/Costco/comments/1qw8mlu/guillermo_from_jimmy_kimmel_visited_my_location/o3pa1zu/","t2_9lciktge8","digital-didgeridoo",
,"I won't buy until I see a salsa dancing class with Guillermo on youtube","Costco","r/Costco","2026-02-05T07:14:00.000Z","comment",,"&lt;div class=""md""&gt;&lt;p&gt;I won&amp;#39;t buy until I see a salsa dancing class with Guillermo on youtube&lt;/p&gt;
&lt;/div&gt;","t1_o3og0b9",,,,,,,"0",,"t1_o3nigik",,"o3og0b9","t3_1qw8mlu","2026-05-05T00:56:05.904Z",,,,"3","https://www.reddit.com/r/Costco/comments/1qw8mlu/guillermo_from_jimmy_kimmel_visited_my_location/o3og0b9/","t2_u1bpccqh","asspounder-4000",
"Newbie","I’ve done math, publix is 100% more expensive than Whole Foods. Compare 1lb of Salmon between Whole Foods, Trader Joe’s, Aldi, Sprouts, Walmart, etc and Publix will be the highest. ","publix","r/publix","2026-03-12T21:51:26.000Z","comment",,"&lt;div class=""md""&gt;&lt;p&gt;I’ve done math, publix is 100% more expensive than Whole Foods. Compare 1lb of Salmon between Whole Foods, Trader Joe’s, Aldi, Sprouts, Walmart, etc and Publix will be the highest. &lt;/p&gt;
&lt;/div&gt;","t1_oa48r6g",,,,,,,"3",,"t1_oa3zukm",,"oa48r6g","t3_1rry2js","2026-05-05T00:56:05.972Z",,,,"38","https://www.reddit.com/r/publix/comments/1rry2js/publix_for_the_win/oa48r6g/","t2_d9rzr","Jakemeister91",
"Newbie","I remember when I realized how expensive Publix is compared to other stores.

The price they charge on produce is insane. ""You want an onion? That'll be $3""

Meanwhile I can go to Aldi or other grocery stores and get 3 times as much for around the same price. 

Publix is a nice place to shop, but damn it's expensive. Especially now.","publix","r/publix","2026-03-13T03:10:34.000Z","comment",,"&lt;div class=""md""&gt;&lt;p&gt;I remember when I realized how expensive Publix is compared to other stores.&lt;/p&gt;

&lt;p&gt;The price they charge on produce is insane. &amp;quot;You want an onion? That&amp;#39;ll be $3&amp;quot;&lt;/p&gt;

&lt;p&gt;Meanwhile I can go to Aldi or other grocery stores and get 3 times as much for around the same price. &lt;/p&gt;

&lt;p&gt;Publix is a nice place to shop, but damn it&amp;#39;s expensive. Especially now.&lt;/p&gt;
&lt;/div&gt;","t1_oa5tq14",,,,,,,"3",,"t1_oa48r6g",,"oa5tq14","t3_1rry2js","2026-05-05T00:56:05.972Z",,,,"25","https://www.reddit.com/r/publix/comments/1rry2js/publix_for_the_win/oa5tq14/","t2_ac047yia","ElegantCoach4066",
"Newbie","I go to Publix for 2 main reasons

-Prepared food
-Convenience

And even prepared food I have to be intentional about. Wings, subs, and fried chicken are a better deal than a restaurant, but rotisserie chicken is as much if not more than almost every other grocer. ","publix","r/publix","2026-03-13T09:36:04.000Z","comment",,"&lt;div class=""md""&gt;&lt;p&gt;I go to Publix for 2 main reasons&lt;/p&gt;

&lt;p&gt;-Prepared food
-Convenience&lt;/p&gt;

&lt;p&gt;And even prepared food I have to be intentional about. Wings, subs, and fried chicken are a better deal than a restaurant, but rotisserie chicken is as much if not more than almost every other grocer. &lt;/p&gt;
&lt;/div&gt;","t1_oa72k6v",,,,,,,"7",,"t1_oa5tq14",,"oa72k6v","t3_1rry2js","2026-05-05T00:56:05.972Z",,,,"12","https://www.reddit.com/r/publix/comments/1rry2js/publix_for_the_win/oa72k6v/","t2_d9rzr","Jakemeister91",
"Newbie","I only go if they got the meat on bogo 🤣everything else too damn expensive. ","publix","r/publix","2026-03-13T17:02:38.000Z","comment",,"&lt;div class=""md""&gt;&lt;p&gt;I only go if they got the meat on bogo 🤣everything else too damn expensive. &lt;/p&gt;
&lt;/div&gt;","t1_oa97i6n",,,,,,,"2",,"t1_oa72k6v",,"oa97i6n","t3_1rry2js","2026-05-05T00:56:05.972Z",,,,"11","https://www.reddit.com/r/publix/comments/1rry2js/publix_for_the_win/oa97i6n/","t2_22mmr7l9","GabbyyB",
"Newbie","from what people are describing, its seems like with the bogo you’d be getting the same amount of meat you’d get at the other stores lol. like if its twice as much at normal price at public compared to other grocery stores, your bogo would equal what it’d be to just buy the two neats out right no sale at the other stores right? like if ground beef is $8 a pound at publix and theres a bogo you can get two pounds for $8. but say walmart of whole foods its $4 a pound normal price you can get two lbs without there even being a sale lol (i’ve never been to a publix theres never been one in the states i’ve lived till now) and obviously these numbers are random","publix","r/publix","2026-03-14T06:37:10.000Z","comment",,"&lt;div class=""md""&gt;&lt;p&gt;from what people are describing, its seems like with the bogo you’d be getting the same amount of meat you’d get at the other stores lol. like if its twice as much at normal price at public compared to other grocery stores, your bogo would equal what it’d be to just buy the two neats out right no sale at the other stores right? like if ground beef is $8 a pound at publix and theres a bogo you can get two pounds for $8. but say walmart of whole foods its $4 a pound normal price you can get two lbs without there even being a sale lol (i’ve never been to a publix theres never been one in the states i’ve lived till now) and obviously these numbers are random&lt;/p&gt;
&lt;/div&gt;","t1_oad1syd",,,,,,,"1",,"t1_oa97i6n",,"oad1syd","t3_1rry2js","2026-05-05T00:56:05.972Z",,,,"2","https://www.reddit.com/r/publix/comments/1rry2js/publix_for_the_win/oad1syd/","t2_158v2ntyru","Feeling-frees",
"Deli","Since I work there and need to pick a few things up I do it. But always regret it each time. 4 items and it might be 30$ or under if i'm lucky.","publix","r/publix","2026-03-14T10:36:33.000Z","comment",,"&lt;div class=""md""&gt;&lt;p&gt;Since I work there and need to pick a few things up I do it. But always regret it each time. 4 items and it might be 30$ or under if i&amp;#39;m lucky.&lt;/p&gt;
&lt;/div&gt;","t1_oadpx9n",,,,,,,"1",,"t1_oa72k6v",,"oadpx9n","t3_1rry2js","2026-05-05T00:56:05.972Z",,,,"4","https://www.reddit.com/r/publix/comments/1rry2js/publix_for_the_win/oadpx9n/","t2_l8vl3","DirkDoom",
"Newbie","I go for bogos. Very rarely will I buy something if it’s not buy-one-get-one. ","publix","r/publix","2026-03-14T03:31:29.000Z","comment",,"&lt;div class=""md""&gt;&lt;p&gt;I go for bogos. Very rarely will I buy something if it’s not buy-one-get-one. &lt;/p&gt;
&lt;/div&gt;","t1_oacfn6d",,,,,,,"0",,"t1_oa72k6v",,"oacfn6d","t3_1rry2js","2026-05-05T00:56:05.972Z",,,,"3","https://www.reddit.com/r/publix/comments/1rry2js/publix_for_the_win/oacfn6d/","t2_5l8qzilc","zinten789",
"Newbie","The prepared food at Whole Foods is on another level. I picked up a family tray that contained 4 big pieces of salmon, string beans, and sweet potatoes. It was $30 and that was my lunch for 4 days! At $7.50 per serving eating grilled salmon with high quality sides man I’m never going back to cooking! ","publix","r/publix","2026-03-14T14:03:50.000Z","comment",,"&lt;div class=""md""&gt;&lt;p&gt;The prepared food at Whole Foods is on another level. I picked up a family tray that contained 4 big pieces of salmon, string beans, and sweet potatoes. It was $30 and that was my lunch for 4 days! At $7.50 per serving eating grilled salmon with high quality sides man I’m never going back to cooking! &lt;/p&gt;
&lt;/div&gt;","t1_oaeinbt",,,,,,,"1",,"t1_oa72k6v",,"oaeinbt","t3_1rry2js","2026-05-05T00:56:05.972Z",,,,"3","https://www.reddit.com/r/publix/comments/1rry2js/publix_for_the_win/oaeinbt/","t2_c6w4ywwul","Videoplushair",
"Produce","Images:
	https://preview.redd.it/qfl3g49xmh3f1.jpeg?auto=webp&amp;s=435690f5ab9a6830206d5ba00f5015bd2f86d60c
",,"r/publix","2025-05-28T09:01:35.000Z","post","BLEED GREEN","Images:
	https://preview.redd.it/qfl3g49xmh3f1.jpeg?auto=webp&amp;s=435690f5ab9a6830206d5ba00f5015bd2f86d60c
","t3_1kxccwr","https://i.redd.it/qfl3g49xmh3f1.jpeg",,"false","false","https://i.redd.it/qfl3g49xmh3f1.jpeg","107",,"false",,"publix","1kxccwr",,"2026-05-05T00:56:07.574Z","https://b.thumbs.redditmedia.com/C3Em3nxCr_ge-YthriNiTngQMmrhnnYzW7su9JVqROs.jpg","Took this by happen chance. Turned out insanely metal.","1","6377","https://www.reddit.com/r/publix/comments/1kxccwr/took_this_by_happen_chance_turned_out_insanely/","t2_15u8z6a7","Azurehue22",
,"*happenstance

And yes, very cool","publix","r/publix","2025-05-28T13:03:05.000Z","comment",,"&lt;div class=""md""&gt;&lt;p&gt;*happenstance&lt;/p&gt;

&lt;p&gt;And yes, very cool&lt;/p&gt;
&lt;/div&gt;","t1_muoyaef",,,,,,,"1",,"t3_1kxccwr",,"muoyaef","t3_1kxccwr","2026-05-05T00:56:07.640Z",,,,"110","https://www.reddit.com/r/publix/comments/1kxccwr/took_this_by_happen_chance_turned_out_insanely/muoyaef/",,"[deleted]",
"Produce","Fuck no you right why did I write chance???","publix","r/publix","2025-05-28T13:32:30.000Z","comment",,"&lt;div class=""md""&gt;&lt;p&gt;Fuck no you right why did I write chance???&lt;/p&gt;
&lt;/div&gt;","t1_mup3l26",,,,,,,"2",,"t1_muoyaef",,"mup3l26","t3_1kxccwr","2026-05-05T00:56:07.640Z",,,,"42","https://www.reddit.com/r/publix/comments/1kxccwr/took_this_by_happen_chance_turned_out_insanely/mup3l26/","t2_15u8z6a7","Azurehue22",
"Newbie","Post it to their X account! Great Pic!","publix","r/publix","2025-05-28T15:28:58.000Z","comment",,"&lt;div class=""md""&gt;&lt;p&gt;Post it to their X account! Great Pic!&lt;/p&gt;
&lt;/div&gt;","t1_muprauw",,,,,,,"1",,"t1_mup3l26",,"muprauw","t3_1kxccwr","2026-05-05T00:56:07.640Z",,,,"7","https://www.reddit.com/r/publix/comments/1kxccwr/took_this_by_happen_chance_turned_out_insanely/muprauw/","t2_vedx682m","LojikSupreme",
"Produce","I did!","publix","r/publix","2025-05-30T18:34:33.000Z","comment",,"&lt;div class=""md""&gt;&lt;p&gt;I did!&lt;/p&gt;
&lt;/div&gt;","t1_mv44kjw",,,,,,,"0",,"t1_muprauw",,"mv44kjw","t3_1kxccwr","2026-05-05T00:56:07.640Z",,,,"2","https://www.reddit.com/r/publix/comments/1kxccwr/took_this_by_happen_chance_turned_out_insanely/mv44kjw/","t2_15u8z6a7","Azurehue22",
,"Yours is right too too though.  Words are just sounds that mean ideas.  Your ideas work perfectly here","publix","r/publix","2025-05-29T15:10:50.000Z","comment",,"&lt;div class=""md""&gt;&lt;p&gt;Yours is right too too though.  Words are just sounds that mean ideas.  Your ideas work perfectly here&lt;/p&gt;
&lt;/div&gt;","t1_muw9vds",,,,,,,"0",,"t1_mup3l26",,"muw9vds","t3_1kxccwr","2026-05-05T00:56:07.640Z",,,,"-4","https://www.reddit.com/r/publix/comments/1kxccwr/took_this_by_happen_chance_turned_out_insanely/muw9vds/",,"[deleted]",
"Management","This should be one of the images on the training computer's screensaver.","publix","r/publix","2025-05-28T14:57:40.000Z","comment",,"&lt;div class=""md""&gt;&lt;p&gt;This should be one of the images on the training computer&amp;#39;s screensaver.&lt;/p&gt;
&lt;/div&gt;","t1_mupkofe",,,,,,,"0",,"t3_1kxccwr",,"mupkofe","t3_1kxccwr","2026-05-05T00:56:07.640Z",,,,"79","https://www.reddit.com/r/publix/comments/1kxccwr/took_this_by_happen_chance_turned_out_insanely/mupkofe/","t2_a1io4","Reidmill",
"Bakery","Me when I'm at the Evils Publix","publix","r/publix","2025-05-28T13:20:32.000Z","comment",,"&lt;div class=""md""&gt;&lt;p&gt;Me when I&amp;#39;m at the Evils Publix&lt;/p&gt;
&lt;/div&gt;","t1_mup1ejs",,,,,,,"3",,"t3_1kxccwr",,"mup1ejs","t3_1kxccwr","2026-05-05T00:56:07.640Z",,,,"79","https://www.reddit.com/r/publix/comments/1kxccwr/took_this_by_happen_chance_turned_out_insanely/mup1ejs/","t2_12k0cikege","mr_kitty974",
"Distribution Center","Had to do a stop, drop, and roll when I saw this today.

$20 for a tub of coffee. These were less than $8 before covid. The Walmart down the street sells these for 11.98.   

How does Publix justify being almost double the cost of competitors? I worked in the warehouse for 5 years and we definitely did not get treated good enough to justify these prices. ",,"r/publix","2025-05-17T22:11:05.000Z","post","RANT :snoo_tableflip:","&lt;!-- SC_OFF --&gt;&lt;div class=""md""&gt;&lt;p&gt;Had to do a stop, drop, and roll when I saw this today.&lt;/p&gt;

&lt;p&gt;$20 for a tub of coffee. These were less than $8 before covid. The Walmart down the street sells these for 11.98.   &lt;/p&gt;

&lt;p&gt;How does Publix justify being almost double the cost of competitors? I worked in the warehouse for 5 years and we definitely did not get treated good enough to justify these prices. &lt;/p&gt;
&lt;/div&gt;&lt;!-- SC_ON --&gt;","t3_1kp4q14","https://i.redd.it/mrue9j3c1f1f1.jpeg",,"false","false","https://i.redd.it/mrue9j3c1f1f1.jpeg","1678",,"false",,"publix","1kp4q14",,"2026-05-05T00:56:08.386Z","https://b.thumbs.redditmedia.com/aHbbI2ROGqtPaaL59T4fIAh7Gb8M96uIkw3xbkBiYfg.jpg","Publix has lost their minds.","0.99","6595","https://www.reddit.com/r/publix/comments/1kp4q14/publix_has_lost_their_minds/","t2_z76j4","Daveit4later",
"Newbie","Evil Publix: Where shopping is a Displeasure 

Buy one get none free

Sub pubs

5 dollar sushi is on Tuesday","publix","r/publix","2025-05-29T17:08:05.000Z","comment",,"&lt;div class=""md""&gt;&lt;p&gt;Evil Publix: Where shopping is a Displeasure &lt;/p&gt;

&lt;p&gt;Buy one get none free&lt;/p&gt;

&lt;p&gt;Sub pubs&lt;/p&gt;

&lt;p&gt;5 dollar sushi is on Tuesday&lt;/p&gt;
&lt;/div&gt;","t1_muwyyh2",,,,,,,"0",,"t1_mup1ejs",,"muwyyh2","t3_1kxccwr","2026-05-05T00:56:07.640Z",,,,"15","https://www.reddit.com/r/publix/comments/1kxccwr/took_this_by_happen_chance_turned_out_insanely/muwyyh2/","t2_6y7dpbab","IllustratorFar1883",
"Produce","Because people buy it, simple as that","publix","r/publix","2025-05-17T22:15:21.000Z","comment",,"&lt;div class=""md""&gt;&lt;p&gt;Because people buy it, simple as that&lt;/p&gt;
&lt;/div&gt;","t1_msv39bi",,,,,,,"7",,"t3_1kp4q14",,"msv39bi","t3_1kp4q14","2026-05-05T00:56:08.472Z",,,,"640","https://www.reddit.com/r/publix/comments/1kp4q14/publix_has_lost_their_minds/msv39bi/","t2_2qm37nw3","AdeptusGames",
"Customer Service","Publix of doom and despair","publix","r/publix","2025-05-28T21:03:43.000Z","comment",,"&lt;div class=""md""&gt;&lt;p&gt;Publix of doom and despair&lt;/p&gt;
&lt;/div&gt;","t1_murpj9h",,,,,,,"1",,"t1_mup1ejs",,"murpj9h","t3_1kxccwr","2026-05-05T00:56:07.640Z",,,,"20","https://www.reddit.com/r/publix/comments/1kxccwr/took_this_by_happen_chance_turned_out_insanely/murpj9h/","t2_43q8b3en","Rico_de_mexico",
"Newbie","This is a boomer staple.  Those folks would pay any price because that's their coffee.

edit-  obviously I'm generalizing here.  I've worked in restaurants and grocery stores since the 90s.  I'm not wrong that the age group that drinks this the most is older people.","publix","r/publix","2025-05-17T22:26:54.000Z","comment",,"&lt;div class=""md""&gt;&lt;p&gt;This is a boomer staple.  Those folks would pay any price because that&amp;#39;s their coffee.&lt;/p&gt;

&lt;p&gt;edit-  obviously I&amp;#39;m generalizing here.  I&amp;#39;ve worked in restaurants and grocery stores since the 90s.  I&amp;#39;m not wrong that the age group that drinks this the most is older people.&lt;/p&gt;
&lt;/div&gt;","t1_msv557m",,,,,,,"14",,"t1_msv39bi",,"msv557m","t3_1kp4q14","2026-05-05T00:56:08.472Z",,,,"322","https://www.reddit.com/r/publix/comments/1kp4q14/publix_has_lost_their_minds/msv557m/","t2_mc3x5","tossNwashking",
"Newbie","Just like the people who pay $10 for something at Starbucks .","publix","r/publix","2025-05-17T22:40:19.000Z","comment",,"&lt;div class=""md""&gt;&lt;p&gt;Just like the people who pay $10 for something at Starbucks .&lt;/p&gt;
&lt;/div&gt;","t1_msv7bid",,,,,,,"2",,"t1_msv557m",,"msv7bid","t3_1kp4q14","2026-05-05T00:56:08.472Z",,,,"170","https://www.reddit.com/r/publix/comments/1kp4q14/publix_has_lost_their_minds/msv7bid/","t2_1cmngzf4mj","Carbonbybigd",
"Newbie","Abandon hope all ye who enter here","publix","r/publix","2025-05-28T22:25:31.000Z","comment",,"&lt;div class=""md""&gt;&lt;p&gt;Abandon hope all ye who enter here&lt;/p&gt;
&lt;/div&gt;","t1_mus5kh5",,,,,,,"1",,"t1_murpj9h",,"mus5kh5","t3_1kxccwr","2026-05-05T00:56:07.640Z",,,,"16","https://www.reddit.com/r/publix/comments/1kxccwr/took_this_by_happen_chance_turned_out_insanely/mus5kh5/","t2_nxy5g","ISortaStudyHistory",
"Newbie","If you think about it, no matter which way you put it, the boomer still smarter since you can make a whole WHOLE lot of coffee cups off of that, vs Gen Z doofuses(I’m Gen Z) are paying 10-15$ for a single cup of coffee that sounds like a football play rather than an actual coffee😂","publix","r/publix","2025-05-17T22:43:45.000Z","comment",,"&lt;div class=""md""&gt;&lt;p&gt;If you think about it, no matter which way you put it, the boomer still smarter since you can make a whole WHOLE lot of coffee cups off of that, vs Gen Z doofuses(I’m Gen Z) are paying 10-15$ for a single cup of coffee that sounds like a football play rather than an actual coffee😂&lt;/p&gt;
&lt;/div&gt;","t1_msv7vcz",,,,,,,"4",,"t1_msv7bid",,"msv7vcz","t3_1kp4q14","2026-05-05T00:56:08.472Z",,,,"88","https://www.reddit.com/r/publix/comments/1kp4q14/publix_has_lost_their_minds/msv7vcz/","t2_c3gs6mzu","EzzoBlizzy",
"Newbie","👏🏼👏🏼👏🏼👏🏼👏🏼","publix","r/publix","2025-05-31T14:34:24.000Z","comment",,"&lt;div class=""md""&gt;&lt;p&gt;👏🏼👏🏼👏🏼👏🏼👏🏼&lt;/p&gt;
&lt;/div&gt;","t1_mv91eee",,,,,,,"0",,"t1_mus5kh5",,"mv91eee","t3_1kxccwr","2026-05-05T00:56:07.640Z",,,,"1","https://www.reddit.com/r/publix/comments/1kxccwr/took_this_by_happen_chance_turned_out_insanely/mv91eee/","t2_pcjkdiast","Maine302",
"Newbie","Well it’s $11 at Walmart. So the boomers would still be idiots if they grabbed this from Publix. lol you can’t move the goalpost to justify something so over priced","publix","r/publix","2025-05-18T11:16:29.000Z","comment",,"&lt;div class=""md""&gt;&lt;p&gt;Well it’s $11 at Walmart. So the boomers would still be idiots if they grabbed this from Publix. lol you can’t move the goalpost to justify something so over priced&lt;/p&gt;
&lt;/div&gt;","t1_msxrbze",,,,,,,"3",,"t1_msv7vcz",,"msxrbze","t3_1kp4q14","2026-05-05T00:56:08.472Z",,,,"25","https://www.reddit.com/r/publix/comments/1kp4q14/publix_has_lost_their_minds/msxrbze/","t2_12ybor","ZooPoo7",
"Newbie","any publix with an island deli","publix","r/publix","2025-05-31T16:46:28.000Z","comment",,"&lt;div class=""md""&gt;&lt;p&gt;any publix with an island deli&lt;/p&gt;
&lt;/div&gt;","t1_mv9qmr6",,,,,,,"1",,"t1_mup1ejs",,"mv9qmr6","t3_1kxccwr","2026-05-05T00:56:07.640Z",,,,"3","https://www.reddit.com/r/publix/comments/1kxccwr/took_this_by_happen_chance_turned_out_insanely/mv9qmr6/","t2_1ad5041o31","Pterolykus",
"Newbie","My time is worth more than going to Walmart. I don’t drink coffee, but if I did it would be worth $10 not to be at Walmart.","publix","r/publix","2025-05-18T19:03:01.000Z","comment",,"&lt;div class=""md""&gt;&lt;p&gt;My time is worth more than going to Walmart. I don’t drink coffee, but if I did it would be worth $10 not to be at Walmart.&lt;/p&gt;
&lt;/div&gt;","t1_mszzie0",,,,,,,"7",,"t1_msxrbze",,"mszzie0","t3_1kp4q14","2026-05-05T00:56:08.472Z",,,,"23","https://www.reddit.com/r/publix/comments/1kp4q14/publix_has_lost_their_minds/mszzie0/","t2_7jkjcdk8","cappotto-marrone",
"Newbie","I agree with this logic; sometimes I’ll break if im doing a big order I could just order from Walmart and pickup to go but when its the one or 2 items and im paying $5-$10 more… yeah I prefer Publix. 

I also feel like you pay for the peace of mind of Publix (usually).","publix","r/publix","2025-05-18T20:21:30.000Z","comment",,"&lt;div class=""md""&gt;&lt;p&gt;I agree with this logic; sometimes I’ll break if im doing a big order I could just order from Walmart and pickup to go but when its the one or 2 items and im paying $5-$10 more… yeah I prefer Publix. &lt;/p&gt;

&lt;p&gt;I also feel like you pay for the peace of mind of Publix (usually).&lt;/p&gt;
&lt;/div&gt;","t1_mt0e1y9",,,,,,,"1",,"t1_mszzie0",,"mt0e1y9","t3_1kp4q14","2026-05-05T00:56:08.472Z",,,,"10","https://www.reddit.com/r/publix/comments/1kp4q14/publix_has_lost_their_minds/mt0e1y9/","t2_myjk8","ImportunerDJ",
"Bakery","i gasps! 🙀","publix","r/publix","2025-05-31T16:49:32.000Z","comment",,"&lt;div class=""md""&gt;&lt;p&gt;i gasps! 🙀&lt;/p&gt;
&lt;/div&gt;","t1_mv9r7ty",,,,,,,"0",,"t1_mv9qmr6",,"mv9r7ty","t3_1kxccwr","2026-05-05T00:56:07.640Z",,,,"1","https://www.reddit.com/r/publix/comments/1kxccwr/took_this_by_happen_chance_turned_out_insanely/mv9r7ty/","t2_12k0cikege","mr_kitty974",
"Newbie","Post this to the Google images for your store","publix","r/publix","2025-05-28T14:11:10.000Z","comment",,"&lt;div class=""md""&gt;&lt;p&gt;Post this to the Google images for your store&lt;/p&gt;
&lt;/div&gt;","t1_mupb08g",,,,,,,"0",,"t3_1kxccwr",,"mupb08g","t3_1kxccwr","2026-05-05T00:56:07.640Z",,,,"16","https://www.reddit.com/r/publix/comments/1kxccwr/took_this_by_happen_chance_turned_out_insanely/mupb08g/","t2_11vssaa71o","Tiny-Try8890",
"Newbie","This is actually the reason behind publix prices. When I worked there, I was told in training that people are “paying for the experience” because they know they’ll always be shopping at a clean, well stocked, well maintained store with kind and helpful associates. 

Take that as you all please","publix","r/publix","2025-05-18T20:17:19.000Z","comment",,"&lt;div class=""md""&gt;&lt;p&gt;This is actually the reason behind publix prices. When I worked there, I was told in training that people are “paying for the experience” because they know they’ll always be shopping at a clean, well stocked, well maintained store with kind and helpful associates. &lt;/p&gt;

&lt;p&gt;Take that as you all please&lt;/p&gt;
&lt;/div&gt;","t1_mt0da0p",,,,,,,"8",,"t1_mszzie0",,"mt0da0p","t3_1kp4q14","2026-05-05T00:56:08.472Z",,,,"6","https://www.reddit.com/r/publix/comments/1kp4q14/publix_has_lost_their_minds/mt0da0p/","t2_9vxez1y5","CSI_KSmore",
"Newbie","Master of Publix is pulling your strinnnnngs","publix","r/publix","2025-05-28T16:08:46.000Z","comment",,"&lt;div class=""md""&gt;&lt;p&gt;Master of Publix is pulling your strinnnnngs&lt;/p&gt;
&lt;/div&gt;","t1_mupzqq7",,,,,,,"1",,"t3_1kxccwr",,"mupzqq7","t3_1kxccwr","2026-05-05T00:56:07.640Z",,,,"12","https://www.reddit.com/r/publix/comments/1kxccwr/took_this_by_happen_chance_turned_out_insanely/mupzqq7/","t2_wa9gt","Aberration1246",
,"Yea but I like to see the critters of wal mart every now and then. U see some amazing sites.","publix","r/publix","2025-05-20T11:53:35.000Z","comment",,"&lt;div class=""md""&gt;&lt;p&gt;Yea but I like to see the critters of wal mart every now and then. U see some amazing sites.&lt;/p&gt;
&lt;/div&gt;","t1_mta4eok",,,,,,,"0",,"t1_mt0da0p",,"mta4eok","t3_1kp4q14","2026-05-05T00:56:08.472Z",,,,"6","https://www.reddit.com/r/publix/comments/1kp4q14/publix_has_lost_their_minds/mta4eok/",,"[deleted]",
"Newbie","Unrelated: There are always pretty women shopping at Publix. I shop at Publix for food (hot, deli) because it’s closest to my house. Walmart I use for cleaning supplies, toiletries, laundry detergent because the prices are cheaper. That’s just me.","publix","r/publix","2025-05-20T16:54:58.000Z","comment",,"&lt;div class=""md""&gt;&lt;p&gt;Unrelated: There are always pretty women shopping at Publix. I shop at Publix for food (hot, deli) because it’s closest to my house. Walmart I use for cleaning supplies, toiletries, laundry detergent because the prices are cheaper. That’s just me.&lt;/p&gt;
&lt;/div&gt;","t1_mtbojzc",,,,,,,"1",,"t1_mt0da0p",,"mtbojzc","t3_1kp4q14","2026-05-05T00:56:08.472Z",,,,"6","https://www.reddit.com/r/publix/comments/1kp4q14/publix_has_lost_their_minds/mtbojzc/","t2_tskj9dao0","Magneto-Mark-1",
"Newbie","I’ll do you one better… get the cvs app and clip the coupons. Also take advantage of the extra bucks.  I pay damn near nothing for those type of products and they pay you to shop there essentially.","publix","r/publix","2025-05-22T01:35:32.000Z","comment",,"&lt;div class=""md""&gt;&lt;p&gt;I’ll do you one better… get the cvs app and clip the coupons. Also take advantage of the extra bucks.  I pay damn near nothing for those type of products and they pay you to shop there essentially.&lt;/p&gt;
&lt;/div&gt;","t1_mtkxeb0",,,,,,,"1",,"t1_mtbojzc",,"mtkxeb0","t3_1kp4q14","2026-05-05T00:56:08.472Z",,,,"2","https://www.reddit.com/r/publix/comments/1kp4q14/publix_has_lost_their_minds/mtkxeb0/","t2_7prz349b","coughebeann",
"Newbie","One of my first jobs was at a Harris Teeter, and that is exactly why their prices are higher. We were constantly cleaning and straightening aisles, as well as making sure we were prepared to help people find things quickly. People 100% pay for the experience, and for feeling they are buying quality products.","publix","r/publix","2025-05-20T01:38:02.000Z","comment",,"&lt;div class=""md""&gt;&lt;p&gt;One of my first jobs was at a Harris Teeter, and that is exactly why their prices are higher. We were constantly cleaning and straightening aisles, as well as making sure we were prepared to help people find things quickly. People 100% pay for the experience, and for feeling they are buying quality products.&lt;/p&gt;
&lt;/div&gt;","t1_mt849cw",,,,,,,"2",,"t1_mt0da0p",,"mt849cw","t3_1kp4q14","2026-05-05T00:56:08.472Z",,,,"3","https://www.reddit.com/r/publix/comments/1kp4q14/publix_has_lost_their_minds/mt849cw/","t2_5j9icg5kb","diverdown-k8",
"Newbie","Sometimes their prices are up, sometimes they are down.

It’s a Harris Teeter-totter.



I’ll see myself out.","publix","r/publix","2025-05-20T21:28:57.000Z","comment",,"&lt;div class=""md""&gt;&lt;p&gt;Sometimes their prices are up, sometimes they are down.&lt;/p&gt;

&lt;p&gt;It’s a Harris Teeter-totter.&lt;/p&gt;

&lt;p&gt;I’ll see myself out.&lt;/p&gt;
&lt;/div&gt;","t1_mtd8kv6",,,,,,,"0",,"t1_mt849cw",,"mtd8kv6","t3_1kp4q14","2026-05-05T00:56:08.472Z",,,,"2","https://www.reddit.com/r/publix/comments/1kp4q14/publix_has_lost_their_minds/mtd8kv6/","t2_c7bej231","IllustratorPuzzled93",
"Newbie","In my area, the Publix locations all have decent to good produce, while (10+ years ago) the two Walmart locations routinely have produce that is rotting on the shelf or is bad within a day or two. Publix does tend to have higher prices overall than grocery stores like Kroger. But I usually go there for produce and then take advantage of some of the BOGO deals.

Again, I haven't been inside a local Walmart in over 10 years. And as I understand it, Publix employees are treated significantly better.","publix","r/publix","2025-05-20T21:04:03.000Z","comment",,"&lt;div class=""md""&gt;&lt;p&gt;In my area, the Publix locations all have decent to good produce, while (10+ years ago) the two Walmart locations routinely have produce that is rotting on the shelf or is bad within a day or two. Publix does tend to have higher prices overall than grocery stores like Kroger. But I usually go there for produce and then take advantage of some of the BOGO deals.&lt;/p&gt;

&lt;p&gt;Again, I haven&amp;#39;t been inside a local Walmart in over 10 years. And as I understand it, Publix employees are treated significantly better.&lt;/p&gt;
&lt;/div&gt;","t1_mtd3ql4",,,,,,,"1",,"t1_mt0da0p",,"mtd3ql4","t3_1kp4q14","2026-05-05T00:56:08.472Z",,,,"2","https://www.reddit.com/r/publix/comments/1kp4q14/publix_has_lost_their_minds/mtd3ql4/","t2_3tx9kjk28","AdMountain6203",
"Newbie","It's almost like those are the basic requirements for having a business to begin with......so paying extra for ""peice of mind"" is just as stupid and another excuse to over charge someone ...... It's quite literally the bare minimum of their job to have their store stocked cleaned maintained and respectfully staffed... Stop letting people sell yall dirt just because it came from the beach 😂","publix","r/publix","2025-05-20T21:26:37.000Z","comment",,"&lt;div class=""md""&gt;&lt;p&gt;It&amp;#39;s almost like those are the basic requirements for having a business to begin with......so paying extra for &amp;quot;peice of mind&amp;quot; is just as stupid and another excuse to over charge someone ...... It&amp;#39;s quite literally the bare minimum of their job to have their store stocked cleaned maintained and respectfully staffed... Stop letting people sell yall dirt just because it came from the beach 😂&lt;/p&gt;
&lt;/div&gt;","t1_mtd84k4",,,,,,,"0",,"t1_mt0da0p",,"mtd84k4","t3_1kp4q14","2026-05-05T00:56:08.472Z",,,,"2","https://www.reddit.com/r/publix/comments/1kp4q14/publix_has_lost_their_minds/mtd84k4/","t2_az3spy9l","Specialist_Coyote602",
"Newbie","Images:
	https://preview.redd.it/hi485ir41sze1.jpeg?auto=webp&amp;s=ae79a5a7daf3bfc97fe2bd237bab7e896faa8313
",,"r/publix","2025-05-09T15:42:26.000Z","post","DISCUSSION","Images:
	https://preview.redd.it/hi485ir41sze1.jpeg?auto=webp&amp;s=ae79a5a7daf3bfc97fe2bd237bab7e896faa8313
","t3_1kilmui","https://i.redd.it/hi485ir41sze1.jpeg",,"false","false","https://i.redd.it/hi485ir41sze1.jpeg","321",,"false",,"publix","1kilmui",,"2026-05-05T00:56:39.377Z","https://external-preview.redd.it/0tIGGMdYjsYqWQxUDRocE7_dI10z7YnyJS0dXTCs1-4.jpeg?width=140&amp;height=93&amp;crop=140:93,smart&amp;auto=webp&amp;s=57fbb75c24739379611e4146d1336b56cdc425e9","Publix employees in the 80's","1","5543","https://www.reddit.com/r/publix/comments/1kilmui/publix_employees_in_the_80s/","t2_7g01papd","Amazing-Figure9802",
"CSS","I thought this was her arm and I had questions.

https://preview.redd.it/gs8hdiajfsze1.jpeg?width=1179&amp;format=pjpg&amp;auto=webp&amp;s=0c7c0dc8dd7ceed3b85f60f7b53dfa48889331e6","publix","r/publix","2025-05-09T17:03:16.000Z","comment",,"&lt;div class=""md""&gt;&lt;p&gt;I thought this was her arm and I had questions.&lt;/p&gt;

&lt;p&gt;&lt;a href=""https://preview.redd.it/gs8hdiajfsze1.jpeg?width=1179&amp;amp;format=pjpg&amp;amp;auto=webp&amp;amp;s=0c7c0dc8dd7ceed3b85f60f7b53dfa48889331e6""&gt;https://preview.redd.it/gs8hdiajfsze1.jpeg?width=1179&amp;amp;format=pjpg&amp;amp;auto=webp&amp;amp;s=0c7c0dc8dd7ceed3b85f60f7b53dfa48889331e6&lt;/a&gt;&lt;/p&gt;
&lt;/div&gt;","t1_mrg5fty",,,,,,,"5",,"t3_1kilmui",,"mrg5fty","t3_1kilmui","2026-05-05T00:56:39.488Z",,,,"88","https://www.reddit.com/r/publix/comments/1kilmui/publix_employees_in_the_80s/mrg5fty/","t2_ggh2pm5v","Lissypooh628",
"Newbie","Miss those green stamps. Mom would take us to the store and pick out stuff when she had enough books.","publix","r/publix","2025-05-09T17:20:18.000Z","comment",,"&lt;div class=""md""&gt;&lt;p&gt;Miss those green stamps. Mom would take us to the store and pick out stuff when she had enough books.&lt;/p&gt;
&lt;/div&gt;","t1_mrg8tf3",,,,,,,"2",,"t1_mrg5fty",,"mrg8tf3","t3_1kilmui","2026-05-05T00:56:39.488Z",,,,"34","https://www.reddit.com/r/publix/comments/1kilmui/publix_employees_in_the_80s/mrg8tf3/","t2_4dbktywn","ruskijim",
,"Why do people do this, if you don’t want it put it back and not just throw it anywhere else it doesn’t belong. I mean sure it’s more “justified” if it’s non perishable but come on…this just irks me ",,"r/Costco","2026-01-10T21:06:32.000Z","post","Mildly Infuriating","&lt;!-- SC_OFF --&gt;&lt;div class=""md""&gt;&lt;p&gt;Why do people do this, if you don’t want it put it back and not just throw it anywhere else it doesn’t belong. I mean sure it’s more “justified” if it’s non perishable but come on…this just irks me &lt;/p&gt;
&lt;/div&gt;&lt;!-- SC_ON --&gt;","t3_1q9fo1u","https://i.redd.it/2ve2gs417lcg1.jpeg",,"false","false","https://i.redd.it/2ve2gs417lcg1.jpeg","884",,"false",,"Costco","1q9fo1u",,"2026-05-05T00:56:39.788Z","https://b.thumbs.redditmedia.com/DhdFObtMRJlLACYXcqF4FxJKgYHDJ-MorslMolJW1kM.jpg","I hate lazy ass Mfer who leaves perishables behind.","0.97","24916","https://www.reddit.com/r/Costco/comments/1q9fo1u/i_hate_lazy_ass_mfer_who_leaves_perishables_behind/","t2_amttlgp0","Thnxredball",
"Newbie","I hadn't thought about those things in ages. I remember them laying around the house.","publix","r/publix","2025-05-09T21:51:16.000Z","comment",,"&lt;div class=""md""&gt;&lt;p&gt;I hadn&amp;#39;t thought about those things in ages. I remember them laying around the house.&lt;/p&gt;
&lt;/div&gt;","t1_mrhp8yr",,,,,,,"0",,"t1_mrg8tf3",,"mrhp8yr","t3_1kilmui","2026-05-05T00:56:39.488Z",,,,"8","https://www.reddit.com/r/publix/comments/1kilmui/publix_employees_in_the_80s/mrhp8yr/","t2_gpkj58fp","RaygunMarksman",
,"Posts that do not follow r/Costco subreddit rules **MAY** be subject to removal. 

**Reminder: No vague non-descriptive post titles or availability questions.**

When applicable, please make sure that you're using a descriptive post title with product name(s) and/or exact question mentioned as it yields better subreddit search results. 

**Including item number, price, and approximate location or region where found is also helpful since product availability can vary.**


*I am a bot, and this action was performed automatically. Please [contact the moderators of this subreddit](/message/compose/?to=/r/Costco) if you have any questions or concerns.*","Costco","r/Costco","2026-01-10T21:06:36.000Z","comment",,"&lt;div class=""md""&gt;&lt;p&gt;Posts that do not follow &lt;a href=""/r/Costco""&gt;r/Costco&lt;/a&gt; subreddit rules &lt;strong&gt;MAY&lt;/strong&gt; be subject to removal. &lt;/p&gt;

&lt;p&gt;&lt;strong&gt;Reminder: No vague non-descriptive post titles or availability questions.&lt;/strong&gt;&lt;/p&gt;

&lt;p&gt;When applicable, please make sure that you&amp;#39;re using a descriptive post title with product name(s) and/or exact question mentioned as it yields better subreddit search results. &lt;/p&gt;

&lt;p&gt;&lt;strong&gt;Including item number, price, and approximate location or region where found is also helpful since product availability can vary.&lt;/strong&gt;&lt;/p&gt;

&lt;p&gt;&lt;em&gt;I am a bot, and this action was performed automatically. Please &lt;a href=""/message/compose/?to=/r/Costco""&gt;contact the moderators of this subreddit&lt;/a&gt; if you have any questions or concerns.&lt;/em&gt;&lt;/p&gt;
&lt;/div&gt;","t1_nyuq4dz",,,,,,,"0",,"t3_1q9fo1u",,"nyuq4dz","t3_1q9fo1u","2026-05-05T00:56:40.071Z",,,,"1","https://www.reddit.com/r/Costco/comments/1q9fo1u/i_hate_lazy_ass_mfer_who_leaves_perishables_behind/nyuq4dz/","t2_6l4z3","AutoModerator",
"Newbie","That's Rhondatron. She's a machine.","publix","r/publix","2025-05-10T05:24:02.000Z","comment",,"&lt;div class=""md""&gt;&lt;p&gt;That&amp;#39;s Rhondatron. She&amp;#39;s a machine.&lt;/p&gt;
&lt;/div&gt;","t1_mrjlcp9",,,,,,,"1",,"t1_mrg5fty",,"mrjlcp9","t3_1kilmui","2026-05-05T00:56:39.488Z",,,,"9","https://www.reddit.com/r/publix/comments/1kilmui/publix_employees_in_the_80s/mrjlcp9/","t2_3ecdo","Rasalom",
,"I don't go to Costco to get a king-sized hatred of mankind but I usually leave with one.","Costco","r/Costco","2026-01-10T21:09:48.000Z","comment",,"&lt;div class=""md""&gt;&lt;p&gt;I don&amp;#39;t go to Costco to get a king-sized hatred of mankind but I usually leave with one.&lt;/p&gt;
&lt;/div&gt;","t1_nyuqrfw",,,,,,,"10",,"t3_1q9fo1u",,"nyuqrfw","t3_1q9fo1u","2026-05-05T00:56:40.071Z",,,,"2046","https://www.reddit.com/r/Costco/comments/1q9fo1u/i_hate_lazy_ass_mfer_who_leaves_perishables_behind/nyuqrfw/",,"[deleted]",
"Newbie","Those 80s shoulder pads. 😂","publix","r/publix","2025-05-13T20:32:08.000Z","comment",,"&lt;div class=""md""&gt;&lt;p&gt;Those 80s shoulder pads. 😂&lt;/p&gt;
&lt;/div&gt;","t1_ms5l48c",,,,,,,"0",,"t1_mrg5fty",,"ms5l48c","t3_1kilmui","2026-05-05T00:56:39.488Z",,,,"3","https://www.reddit.com/r/publix/comments/1kilmui/publix_employees_in_the_80s/ms5l48c/","t2_f8fde","Chupo",
,"Lemme park my shopping cart perpendicularly here while I take 10 minutes picking through every bunch of bananas","Costco","r/Costco","2026-01-10T21:16:57.000Z","comment",,"&lt;div class=""md""&gt;&lt;p&gt;Lemme park my shopping cart perpendicularly here while I take 10 minutes picking through every bunch of bananas&lt;/p&gt;
&lt;/div&gt;","t1_nyus6uw",,,,,,,"8",,"t1_nyuqrfw",,"nyus6uw","t3_1q9fo1u","2026-05-05T00:56:40.071Z",,,,"535","https://www.reddit.com/r/Costco/comments/1q9fo1u/i_hate_lazy_ass_mfer_who_leaves_perishables_behind/nyus6uw/","t2_1s9p8qd89k","Exciting_Door_5125",
"Newbie","Same","publix","r/publix","2025-05-09T22:48:20.000Z","comment",,"&lt;div class=""md""&gt;&lt;p&gt;Same&lt;/p&gt;
&lt;/div&gt;","t1_mrhyztq",,,,,,,"0",,"t1_mrg5fty",,"mrhyztq","t3_1kilmui","2026-05-05T00:56:39.488Z",,,,"2","https://www.reddit.com/r/publix/comments/1kilmui/publix_employees_in_the_80s/mrhyztq/","t2_2afqp12s","_fuzzy_owl_",
,"Let’s walk my entire extended family down the aisle, shoulder to shoulder, at the slowest pace possible while completely ignoring all of our surroundings","Costco","r/Costco","2026-01-10T21:41:21.000Z","comment",,"&lt;div class=""md""&gt;&lt;p&gt;Let’s walk my entire extended family down the aisle, shoulder to shoulder, at the slowest pace possible while completely ignoring all of our surroundings&lt;/p&gt;
&lt;/div&gt;","t1_nyux419",,,,,,,"4",,"t1_nyus6uw",,"nyux419","t3_1q9fo1u","2026-05-05T00:56:40.071Z",,,,"424","https://www.reddit.com/r/Costco/comments/1q9fo1u/i_hate_lazy_ass_mfer_who_leaves_perishables_behind/nyux419/","t2_21y9yv6ptj","Syzyjyzygy",
,"Let's stop 3 carts blocking the entire aisle to wait for the sample lady.","Costco","r/Costco","2026-01-10T23:08:35.000Z","comment",,"&lt;div class=""md""&gt;&lt;p&gt;Let&amp;#39;s stop 3 carts blocking the entire aisle to wait for the sample lady.&lt;/p&gt;
&lt;/div&gt;","t1_nyveh34",,,,,,,"2",,"t1_nyux419",,"nyveh34","t3_1q9fo1u","2026-05-05T00:56:40.071Z",,,,"169","https://www.reddit.com/r/Costco/comments/1q9fo1u/i_hate_lazy_ass_mfer_who_leaves_perishables_behind/nyveh34/","t2_bpcvxr79","So_Many_Words",
"Newbie","Lmao","publix","r/publix","2025-05-14T06:28:28.000Z","comment",,"&lt;div class=""md""&gt;&lt;p&gt;Lmao&lt;/p&gt;
&lt;/div&gt;","t1_ms88a46",,,,,,,"0",,"t1_mrg5fty",,"ms88a46","t3_1kilmui","2026-05-05T00:56:39.488Z",,,,"2","https://www.reddit.com/r/publix/comments/1kilmui/publix_employees_in_the_80s/ms88a46/","t2_b2nibuso","PeachySunshine64",
"Newbie","Back when you could support a family of 4 on just a full time, non management wage. I was born a few decades too early lol","publix","r/publix","2025-05-09T17:36:30.000Z","comment",,"&lt;div class=""md""&gt;&lt;p&gt;Back when you could support a family of 4 on just a full time, non management wage. I was born a few decades too early lol&lt;/p&gt;
&lt;/div&gt;","t1_mrgc1vf",,,,,,,"4",,"t3_1kilmui",,"mrgc1vf","t3_1kilmui","2026-05-05T00:56:39.488Z",,,,"87","https://www.reddit.com/r/publix/comments/1kilmui/publix_employees_in_the_80s/mrgc1vf/","t2_frsjt0km","ty123416",
,"You know where I should have a conversation with this acquaintance I just ran into? How about at the end of the aisle, completely blocking anyone from getting in, or out.","Costco","r/Costco","2026-01-10T23:24:16.000Z","comment",,"&lt;div class=""md""&gt;&lt;p&gt;You know where I should have a conversation with this acquaintance I just ran into? How about at the end of the aisle, completely blocking anyone from getting in, or out.&lt;/p&gt;
&lt;/div&gt;","t1_nyvhew3",,,,,,,"1",,"t1_nyveh34",,"nyvhew3","t3_1q9fo1u","2026-05-05T00:56:40.071Z",,,,"98","https://www.reddit.com/r/Costco/comments/1q9fo1u/i_hate_lazy_ass_mfer_who_leaves_perishables_behind/nyvhew3/","t2_6fs9f35x","SuperDizz",
,"You guys crack me up. You could probably scrape by supporting a family of four back then MAYBE on a meat cutter’s wage. Not a cashier or clerk of any kind. Seriously, what do you think the cashiers and clerks were making back then?","publix","r/publix","2025-05-09T17:50:58.000Z","comment",,"&lt;div class=""md""&gt;&lt;p&gt;You guys crack me up. You could probably scrape by supporting a family of four back then MAYBE on a meat cutter’s wage. Not a cashier or clerk of any kind. Seriously, what do you think the cashiers and clerks were making back then?&lt;/p&gt;
&lt;/div&gt;","t1_mrgez0b",,,,,,,"2",,"t1_mrgc1vf",,"mrgez0b","t3_1kilmui","2026-05-05T00:56:39.488Z",,,,"25","https://www.reddit.com/r/publix/comments/1kilmui/publix_employees_in_the_80s/mrgez0b/",,"[deleted]",
,"Let me commandeer the entire rotisserie chicken area as I repeatedly pick up chicken bag after chicken bag, weigh them in my hands, turn them around to scrutinize them from all angles, decide they are not adequate, put them back on the shelf, and pick up another.","Costco","r/Costco","2026-01-10T23:57:11.000Z","comment",,"&lt;div class=""md""&gt;&lt;p&gt;Let me commandeer the entire rotisserie chicken area as I repeatedly pick up chicken bag after chicken bag, weigh them in my hands, turn them around to scrutinize them from all angles, decide they are not adequate, put them back on the shelf, and pick up another.&lt;/p&gt;
&lt;/div&gt;","t1_nyvnk3g",,,,,,,"2",,"t1_nyvhew3",,"nyvnk3g","t3_1q9fo1u","2026-05-05T00:56:40.071Z",,,,"80","https://www.reddit.com/r/Costco/comments/1q9fo1u/i_hate_lazy_ass_mfer_who_leaves_perishables_behind/nyvnk3g/","t2_3kfu4e7z","petitespantoufles",
"Newbie","It’s not so much how much they made, as to how much they made in comparison to how much things cost then. An entry level house today is in the high 300’s where I’m at. Rent starts at $2k.","publix","r/publix","2025-05-09T18:04:44.000Z","comment",,"&lt;div class=""md""&gt;&lt;p&gt;It’s not so much how much they made, as to how much they made in comparison to how much things cost then. An entry level house today is in the high 300’s where I’m at. Rent starts at $2k.&lt;/p&gt;
&lt;/div&gt;","t1_mrghquu",,,,,,,"2",,"t1_mrgez0b",,"mrghquu","t3_1kilmui","2026-05-05T00:56:39.488Z",,,,"51","https://www.reddit.com/r/publix/comments/1kilmui/publix_employees_in_the_80s/mrghquu/","t2_12zs2i","at-woork",
,"I'm just going to bump your Achilles tendons with my overloaded cart. Oops, so sorry!","Costco","r/Costco","2026-01-11T13:28:25.000Z","comment",,"&lt;div class=""md""&gt;&lt;p&gt;I&amp;#39;m just going to bump your Achilles tendons with my overloaded cart. Oops, so sorry!&lt;/p&gt;
&lt;/div&gt;","t1_nyyv04c",,,,,,,"1",,"t1_nyvnk3g",,"nyyv04c","t3_1q9fo1u","2026-05-05T00:56:40.071Z",,,,"48","https://www.reddit.com/r/Costco/comments/1q9fo1u/i_hate_lazy_ass_mfer_who_leaves_perishables_behind/nyyv04c/","t2_83975ek","doubleuponthatdip",
"Newbie","Explain tariffs to them next!","publix","r/publix","2025-05-10T05:14:43.000Z","comment",,"&lt;div class=""md""&gt;&lt;p&gt;Explain tariffs to them next!&lt;/p&gt;
&lt;/div&gt;","t1_mrjka8x",,,,,,,"0",,"t1_mrghquu",,"mrjka8x","t3_1kilmui","2026-05-05T00:56:39.488Z",,,,"14","https://www.reddit.com/r/publix/comments/1kilmui/publix_employees_in_the_80s/mrjka8x/","t2_6xxkio85","jacksonbarley",
,"It really is Costco’s and Sam’s Club’s fault. It isn’t designed for anyone to hang out anywhere for long. You’re always in someone else’s way.","Costco","r/Costco","2026-01-11T17:43:43.000Z","comment",,"&lt;div class=""md""&gt;&lt;p&gt;It really is Costco’s and Sam’s Club’s fault. It isn’t designed for anyone to hang out anywhere for long. You’re always in someone else’s way.&lt;/p&gt;
&lt;/div&gt;","t1_nz08ui1",,,,,,,"1",,"t1_nyveh34",,"nz08ui1","t3_1q9fo1u","2026-05-05T00:56:40.071Z",,,,"15","https://www.reddit.com/r/Costco/comments/1q9fo1u/i_hate_lazy_ass_mfer_who_leaves_perishables_behind/nz08ui1/","t2_6g5bk0ud","Momotheone92",
"Newbie","Nope.  And they severely limited the number of full timers.  Out of like 150 employees at a store, 25 made a living wage.  I worked part-time through college and topped out at $5.50 an hour.  They were a crappy place unless you were male and the manager liked you.  Meat department did best because they were union.","publix","r/publix","2025-05-10T20:34:17.000Z","comment",,"&lt;div class=""md""&gt;&lt;p&gt;Nope.  And they severely limited the number of full timers.  Out of like 150 employees at a store, 25 made a living wage.  I worked part-time through college and topped out at $5.50 an hour.  They were a crappy place unless you were male and the manager liked you.  Meat department did best because they were union.&lt;/p&gt;
&lt;/div&gt;","t1_mrn7i6i",,,,,,,"0",,"t1_mrgc1vf",,"mrn7i6i","t3_1kilmui","2026-05-05T00:56:39.488Z",,,,"3","https://www.reddit.com/r/publix/comments/1kilmui/publix_employees_in_the_80s/mrn7i6i/","t2_kzaol44y","crsmiami99",
,"It may be an instigator, but ultimately people are responsible for their own actions. Parking your cart in the middle of 2 others completely blocking the way so you can wait on a sample while there's a line of people trying to get through is a choice, and not the stores.


There are other places to park your cart.","Costco","r/Costco","2026-01-11T17:50:53.000Z","comment",,"&lt;div class=""md""&gt;&lt;p&gt;It may be an instigator, but ultimately people are responsible for their own actions. Parking your cart in the middle of 2 others completely blocking the way so you can wait on a sample while there&amp;#39;s a line of people trying to get through is a choice, and not the stores.&lt;/p&gt;

&lt;p&gt;There are other places to park your cart.&lt;/p&gt;
&lt;/div&gt;","t1_nz0ads1",,,,,,,"0",,"t1_nz08ui1",,"nz0ads1","t3_1q9fo1u","2026-05-05T00:56:40.071Z",,,,"11","https://www.reddit.com/r/Costco/comments/1q9fo1u/i_hate_lazy_ass_mfer_who_leaves_perishables_behind/nz0ads1/","t2_bpcvxr79","So_Many_Words",
"Newbie","Yeah but we had fewer billionaires and that makes conservatives sad.","publix","r/publix","2025-05-10T16:28:29.000Z","comment",,"&lt;div class=""md""&gt;&lt;p&gt;Yeah but we had fewer billionaires and that makes conservatives sad.&lt;/p&gt;
&lt;/div&gt;","t1_mrlzhq0",,,,,,,"0",,"t1_mrgc1vf",,"mrlzhq0","t3_1kilmui","2026-05-05T00:56:39.488Z",,,,"2","https://www.reddit.com/r/publix/comments/1kilmui/publix_employees_in_the_80s/mrlzhq0/","t2_6bfiv3zp","user_bits",
"GRS","i know they had the hottest break room tea","publix","r/publix","2025-05-09T17:04:52.000Z","comment",,"&lt;div class=""md""&gt;&lt;p&gt;i know they had the hottest break room tea&lt;/p&gt;
&lt;/div&gt;","t1_mrg5r6v",,,,,,,"1",,"t3_1kilmui",,"mrg5r6v","t3_1kilmui","2026-05-05T00:56:39.488Z",,,,"82","https://www.reddit.com/r/publix/comments/1kilmui/publix_employees_in_the_80s/mrg5r6v/","t2_itl13rqyo","regulatedslime",
,"Honestly the most aggravating situation in my experience is when two sample carts decide to park across the same isle. It NEVER goes well and they still do it every time. Get like nine people and somehow twelve carts piled up around the nastiest looking food samples 

The one near me consistently does this in the frozen section. Making it a total deadlock consistently.","Costco","r/Costco","2026-01-10T23:31:55.000Z","comment",,"&lt;div class=""md""&gt;&lt;p&gt;Honestly the most aggravating situation in my experience is when two sample carts decide to park across the same isle. It NEVER goes well and they still do it every time. Get like nine people and somehow twelve carts piled up around the nastiest looking food samples &lt;/p&gt;

&lt;p&gt;The one near me consistently does this in the frozen section. Making it a total deadlock consistently.&lt;/p&gt;
&lt;/div&gt;","t1_nyvit60",,,,,,,"1",,"t1_nyux419",,"nyvit60","t3_1q9fo1u","2026-05-05T00:56:40.071Z",,,,"24","https://www.reddit.com/r/Costco/comments/1q9fo1u/i_hate_lazy_ass_mfer_who_leaves_perishables_behind/nyvit60/","t2_vfkx1n1r","hanks_panky_emporium",
"Newbie","And cigarettes!","publix","r/publix","2025-05-09T17:50:42.000Z","comment",,"&lt;div class=""md""&gt;&lt;p&gt;And cigarettes!&lt;/p&gt;
&lt;/div&gt;","t1_mrgex2e",,,,,,,"1",,"t1_mrg5r6v",,"mrgex2e","t3_1kilmui","2026-05-05T00:56:39.488Z",,,,"28","https://www.reddit.com/r/publix/comments/1kilmui/publix_employees_in_the_80s/mrgex2e/","t2_15ne0d534w","Icy-Role2321",
,"The Costco near us has employees do sweeps to tell people to keep aisles clear. Some people have been kicked out because they get all aggressive over having to leave a path for other people.","Costco","r/Costco","2026-01-11T01:20:29.000Z","comment",,"&lt;div class=""md""&gt;&lt;p&gt;The Costco near us has employees do sweeps to tell people to keep aisles clear. Some people have been kicked out because they get all aggressive over having to leave a path for other people.&lt;/p&gt;
&lt;/div&gt;","t1_nyw3gdx",,,,,,,"1",,"t1_nyvit60",,"nyw3gdx","t3_1q9fo1u","2026-05-05T00:56:40.071Z",,,,"57","https://www.reddit.com/r/Costco/comments/1q9fo1u/i_hate_lazy_ass_mfer_who_leaves_perishables_behind/nyw3gdx/","t2_fi9dwa8","BrisingrAerowing",
,"👏🏽👏🏽 that is fantastic and I wish to Costco near me had the gumption to do that.","Costco","r/Costco","2026-01-11T02:54:29.000Z","comment",,"&lt;div class=""md""&gt;&lt;p&gt;👏🏽👏🏽 that is fantastic and I wish to Costco near me had the gumption to do that.&lt;/p&gt;
&lt;/div&gt;","t1_nywkswz",,,,,,,"0",,"t1_nyw3gdx",,"nywkswz","t3_1q9fo1u","2026-05-05T00:56:40.071Z",,,,"26","https://www.reddit.com/r/Costco/comments/1q9fo1u/i_hate_lazy_ass_mfer_who_leaves_perishables_behind/nywkswz/","t2_172nzoso","5cactiplz",
,"My newest hate has been people who shop together. Usually older women with two carts side by side. ","Costco","r/Costco","2026-01-11T16:18:17.000Z","comment",,"&lt;div class=""md""&gt;&lt;p&gt;My newest hate has been people who shop together. Usually older women with two carts side by side. &lt;/p&gt;
&lt;/div&gt;","t1_nyzqu7f",,,,,,,"1",,"t1_nyux419",,"nyzqu7f","t3_1q9fo1u","2026-05-05T00:56:40.071Z",,,,"3","https://www.reddit.com/r/Costco/comments/1q9fo1u/i_hate_lazy_ass_mfer_who_leaves_perishables_behind/nyzqu7f/","t2_21u83ho7k7","Unfair_Web_8275",
,"I took my 84 year old friend there last week and we ended up in a fight. He grabbed the hotdogs and then got a phonecall on the way to the soda fountain and just stopped dead in his tracks. The guy behind him had to stop short so I kept trying to get him to move since he was blocking everyone and he refused. I ended up yelling at him to GTFO of everyone's way. I won't be bringing him back.","Costco","r/Costco","2026-01-10T21:33:07.000Z","comment",,"&lt;div class=""md""&gt;&lt;p&gt;I took my 84 year old friend there last week and we ended up in a fight. He grabbed the hotdogs and then got a phonecall on the way to the soda fountain and just stopped dead in his tracks. The guy behind him had to stop short so I kept trying to get him to move since he was blocking everyone and he refused. I ended up yelling at him to GTFO of everyone&amp;#39;s way. I won&amp;#39;t be bringing him back.&lt;/p&gt;
&lt;/div&gt;","t1_nyuvfq5",,,,,,,"1",,"t1_nyus6uw",,"nyuvfq5","t3_1q9fo1u","2026-05-05T00:56:40.071Z",,,,"101","https://www.reddit.com/r/Costco/comments/1q9fo1u/i_hate_lazy_ass_mfer_who_leaves_perishables_behind/nyuvfq5/","t2_1huhyhzs6u","CeeUNTy",
,"From Costco's Instagram",,"r/Costco","2026-03-19T15:31:47.000Z","post","[Social Media]","&lt;!-- SC_OFF --&gt;&lt;div class=""md""&gt;&lt;p&gt;From Costco&amp;#39;s Instagram&lt;/p&gt;
&lt;/div&gt;&lt;!-- SC_ON --&gt;","t3_1ry3ltp","https://external-i.redd.it/ZzNpcWltbTR0MHFnMfs8uQqXMKvLhIBTAjJ1gsjKgJzk8oWO_ah--SBGnsSp.png",,"false","true","https://v.redd.it/6h09iem4t0qg1","1605",,"false",,"Costco","1ry3ltp",,"2026-05-05T00:56:44.871Z","https://external-preview.redd.it/ZzNpcWltbTR0MHFnMfs8uQqXMKvLhIBTAjJ1gsjKgJzk8oWO_ah--SBGnsSp.png?width=140&amp;height=140&amp;crop=1:1,smart&amp;format=jpg&amp;auto=webp&amp;s=de55e90e4ec22e1f87acf6ad2c7f727c1f9f5033","Costco CEO Ron Vachris eats a hotdog","0.94","21944","https://www.reddit.com/r/Costco/comments/1ry3ltp/costco_ceo_ron_vachris_eats_a_hotdog/","t2_9a8pl","Tassadarr","https://v.redd.it/6h09iem4t0qg1/CMAF_720.mp4?source=fallback"
,"It’s very clear he’s wearing clothing purchased exclusively at Costco, too.","Costco","r/Costco","2026-03-19T16:29:16.000Z","comment",,"&lt;div class=""md""&gt;&lt;p&gt;It’s very clear he’s wearing clothing purchased exclusively at Costco, too.&lt;/p&gt;
&lt;/div&gt;","t1_obbv1ps",,,,,,,"4",,"t3_1ry3ltp",,"obbv1ps","t3_1ry3ltp","2026-05-05T00:56:45.271Z",,,,"5215","https://www.reddit.com/r/Costco/comments/1ry3ltp/costco_ceo_ron_vachris_eats_a_hotdog/obbv1ps/","t2_7i6f9","KSMO",
"US North West (Alaska, Washington, Oregon, Utah, Idaho, Montana)","He’s Costco through and through. he started out at Costco as a forklift operator.","Costco","r/Costco","2026-03-19T16:37:50.000Z","comment",,"&lt;div class=""md""&gt;&lt;p&gt;He’s Costco through and through. he started out at Costco as a forklift operator.&lt;/p&gt;
&lt;/div&gt;","t1_obbwukd",,,,,,,"8",,"t1_obbv1ps",,"obbwukd","t3_1ry3ltp","2026-05-05T00:56:45.271Z",,,,"3701","https://www.reddit.com/r/Costco/comments/1ry3ltp/costco_ceo_ron_vachris_eats_a_hotdog/obbwukd/","t2_4wjjq","drprofessional",
,"Guessing most everything in his house, including the food he eats, furniture and car he drives are through Costco as well.  That's part of what makes Costco so successful.  Not only are they true believers in the products and services being offered, but many of the folks in management (operational) positions started off entry level and worked their way up, so they also understand the employee perspective as well. ","Costco","r/Costco","2026-03-19T16:55:59.000Z","comment",,"&lt;div class=""md""&gt;&lt;p&gt;Guessing most everything in his house, including the food he eats, furniture and car he drives are through Costco as well.  That&amp;#39;s part of what makes Costco so successful.  Not only are they true believers in the products and services being offered, but many of the folks in management (operational) positions started off entry level and worked their way up, so they also understand the employee perspective as well. &lt;/p&gt;
&lt;/div&gt;","t1_obc0rjz",,,,,,,"5",,"t1_obbwukd",,"obc0rjz","t3_1ry3ltp","2026-05-05T00:56:45.271Z",,,,"1417","https://www.reddit.com/r/Costco/comments/1ry3ltp/costco_ceo_ron_vachris_eats_a_hotdog/obc0rjz/","t2_4b6kpze5","sain197",
,"One of the reasons I love em too. 

Look, capitalism is fucked but costco at least kinda does it with some ethics. 

Wild that just treating your employees and customers like human beings is all it takes these days but thats where we're at I guess. ","Costco","r/Costco","2026-03-19T16:58:14.000Z","comment",,"&lt;div class=""md""&gt;&lt;p&gt;One of the reasons I love em too. &lt;/p&gt;

&lt;p&gt;Look, capitalism is fucked but costco at least kinda does it with some ethics. &lt;/p&gt;

&lt;p&gt;Wild that just treating your employees and customers like human beings is all it takes these days but thats where we&amp;#39;re at I guess. &lt;/p&gt;
&lt;/div&gt;","t1_obc19by",,,,,,,"5",,"t1_obc0rjz",,"obc19by","t3_1ry3ltp","2026-05-05T00:56:45.271Z",,,,"1032","https://www.reddit.com/r/Costco/comments/1ry3ltp/costco_ceo_ron_vachris_eats_a_hotdog/obc19by/","t2_691s550g","TheUlty05",
,"Welcome to Costco, I love you! ","Costco","r/Costco","2026-03-19T17:43:27.000Z","comment",,"&lt;div class=""md""&gt;&lt;p&gt;Welcome to Costco, I love you! &lt;/p&gt;
&lt;/div&gt;","t1_obcawca",,,,,,,"2",,"t1_obc19by",,"obcawca","t3_1ry3ltp","2026-05-05T00:56:45.271Z",,,,"374","https://www.reddit.com/r/Costco/comments/1ry3ltp/costco_ceo_ron_vachris_eats_a_hotdog/obcawca/","t2_hgidhqyx9","RogerPenroseSmiles",
,"Yah I know this place pretty good. I went to law school here. ","Costco","r/Costco","2026-03-19T17:58:24.000Z","comment",,"&lt;div class=""md""&gt;&lt;p&gt;Yah I know this place pretty good. I went to law school here. &lt;/p&gt;
&lt;/div&gt;","t1_obce4lu",,,,,,,"1",,"t1_obcawca",,"obce4lu","t3_1ry3ltp","2026-05-05T00:56:45.271Z",,,,"149","https://www.reddit.com/r/Costco/comments/1ry3ltp/costco_ceo_ron_vachris_eats_a_hotdog/obce4lu/","t2_2ypbv8bd","taxilicious",
,"Do you know if the brawndo is still past the Starbucks?  ","Costco","r/Costco","2026-03-19T18:44:52.000Z","comment",,"&lt;div class=""md""&gt;&lt;p&gt;Do you know if the brawndo is still past the Starbucks?  &lt;/p&gt;
&lt;/div&gt;","t1_obco36u",,,,,,,"3",,"t1_obce4lu",,"obco36u","t3_1ry3ltp","2026-05-05T00:56:45.271Z",,,,"58","https://www.reddit.com/r/Costco/comments/1ry3ltp/costco_ceo_ron_vachris_eats_a_hotdog/obco36u/","t2_kclxv","TheFisGoingOn",
,"Sure is! Just watch out for Upgrayedd; you do NOT want to run into him!","Costco","r/Costco","2026-03-19T19:04:16.000Z","comment",,"&lt;div class=""md""&gt;&lt;p&gt;Sure is! Just watch out for Upgrayedd; you do NOT want to run into him!&lt;/p&gt;
&lt;/div&gt;","t1_obcs91c",,,,,,,"1",,"t1_obco36u",,"obcs91c","t3_1ry3ltp","2026-05-05T00:56:45.271Z",,,,"24","https://www.reddit.com/r/Costco/comments/1ry3ltp/costco_ceo_ron_vachris_eats_a_hotdog/obcs91c/","t2_2ypbv8bd","taxilicious",
,"With 2 Ds for a double dose of his pimpin’","Costco","r/Costco","2026-03-19T21:45:14.000Z","comment",,"&lt;div class=""md""&gt;&lt;p&gt;With 2 Ds for a double dose of his pimpin’&lt;/p&gt;
&lt;/div&gt;","t1_obdmoi8",,,,,,,"1",,"t1_obcs91c",,"obdmoi8","t3_1ry3ltp","2026-05-05T00:56:45.271Z",,,,"17","https://www.reddit.com/r/Costco/comments/1ry3ltp/costco_ceo_ron_vachris_eats_a_hotdog/obdmoi8/","t2_8uybai0l","methinfiniti",
,"I don’t know if we have time for a hand job. ","Costco","r/Costco","2026-03-19T20:29:57.000Z","comment",,"&lt;div class=""md""&gt;&lt;p&gt;I don’t know if we have time for a hand job. &lt;/p&gt;
&lt;/div&gt;","t1_obd7d0x",,,,,,,"1",,"t1_obco36u",,"obd7d0x","t3_1ry3ltp","2026-05-05T00:56:45.271Z",,,,"36","https://www.reddit.com/r/Costco/comments/1ry3ltp/costco_ceo_ron_vachris_eats_a_hotdog/obd7d0x/","t2_4go38","digitalrenaissance",
,"There’s always time for a hand job. ","Costco","r/Costco","2026-03-19T21:04:29.000Z","comment",,"&lt;div class=""md""&gt;&lt;p&gt;There’s always time for a hand job. &lt;/p&gt;
&lt;/div&gt;","t1_obdeggq",,,,,,,"0",,"t1_obd7d0x",,"obdeggq","t3_1ry3ltp","2026-05-05T00:56:45.271Z",,,,"19","https://www.reddit.com/r/Costco/comments/1ry3ltp/costco_ceo_ron_vachris_eats_a_hotdog/obdeggq/","t2_2ypbv8bd","taxilicious",
,"I think what most C\*O executive leaders miss is that broad loyalty to your employees will bring out the best in people, crop up problems on the floor that can lead to efficiency or capabilities and low turnover provides an intangible stability at that level.

I guess my point is is that looking at other metrics other than profit and stock price can more accurately measure success over the long term (and not just quarterly earnings) which provides value to all even stockholders.

So, I'd argue that there's a capitalistic incentive to treating your employees with more respect. It's just that we're not measuring the right things (beyond profits/stock toward employee satisfaction, brand loyalty, etc. instead) at the right time (beyond quarters of a year to quarters of centuries instead).","Costco","r/Costco","2026-03-19T19:03:52.000Z","comment",,"&lt;div class=""md""&gt;&lt;p&gt;I think what most C*O executive leaders miss is that broad loyalty to your employees will bring out the best in people, crop up problems on the floor that can lead to efficiency or capabilities and low turnover provides an intangible stability at that level.&lt;/p&gt;

&lt;p&gt;I guess my point is is that looking at other metrics other than profit and stock price can more accurately measure success over the long term (and not just quarterly earnings) which provides value to all even stockholders.&lt;/p&gt;

&lt;p&gt;So, I&amp;#39;d argue that there&amp;#39;s a capitalistic incentive to treating your employees with more respect. It&amp;#39;s just that we&amp;#39;re not measuring the right things (beyond profits/stock toward employee satisfaction, brand loyalty, etc. instead) at the right time (beyond quarters of a year to quarters of centuries instead).&lt;/p&gt;
&lt;/div&gt;","t1_obcs5yh",,,,,,,"1",,"t1_obc19by",,"obcs5yh","t3_1ry3ltp","2026-05-05T00:56:45.271Z",,,,"69","https://www.reddit.com/r/Costco/comments/1ry3ltp/costco_ceo_ron_vachris_eats_a_hotdog/obcs5yh/","t2_334v5","jclin",
,"Costco is American Capitalism gone right","Costco","r/Costco","2026-03-19T18:35:44.000Z","comment",,"&lt;div class=""md""&gt;&lt;p&gt;Costco is American Capitalism gone right&lt;/p&gt;
&lt;/div&gt;","t1_obcm4un",,,,,,,"1",,"t1_obc19by",,"obcm4un","t3_1ry3ltp","2026-05-05T00:56:45.271Z",,,,"93","https://www.reddit.com/r/Costco/comments/1ry3ltp/costco_ceo_ron_vachris_eats_a_hotdog/obcm4un/","t2_rqtlsos","JayPeeAyyy",
"US Midwest Region - MW","Ask the employees. We must maintain our culture. Rewarding shareholders is #5 in line of the code of ethics, however, lately it’s been seeming to be #1. Ahead of members, employees and vendors. ","Costco","r/Costco","2026-03-19T19:24:24.000Z","comment",,"&lt;div class=""md""&gt;&lt;p&gt;Ask the employees. We must maintain our culture. Rewarding shareholders is #5 in line of the code of ethics, however, lately it’s been seeming to be #1. Ahead of members, employees and vendors. &lt;/p&gt;
&lt;/div&gt;","t1_obcun5i",,,,,,,"2",,"t1_obc19by",,"obcun5i","t3_1ry3ltp","2026-05-05T00:56:45.271Z",,,,"30","https://www.reddit.com/r/Costco/comments/1ry3ltp/costco_ceo_ron_vachris_eats_a_hotdog/obcun5i/","t2_9fvszli1","Minimum_Gur_4413",
,"100%.

The pay is definitely better than similar retail, but everything else has been getting worse quickly.","Costco","r/Costco","2026-03-19T19:41:38.000Z","comment",,"&lt;div class=""md""&gt;&lt;p&gt;100%.&lt;/p&gt;

&lt;p&gt;The pay is definitely better than similar retail, but everything else has been getting worse quickly.&lt;/p&gt;
&lt;/div&gt;","t1_obcxgtd",,,,,,,"1",,"t1_obcun5i",,"obcxgtd","t3_1ry3ltp","2026-05-05T00:56:45.271Z",,,,"22","https://www.reddit.com/r/Costco/comments/1ry3ltp/costco_ceo_ron_vachris_eats_a_hotdog/obcxgtd/","t2_6hzuu53","-mythologized-",
,"If you’re going to bring your *e n t i r e* family to Costco, can you guys PLEASE stop walking side by side shoulder to shoulder making it impossible for others to get by? And while we’re at it, can you also stop leaving your cart in middle of the aisle while you run off to grab something?  Please just have some spatial awareness and be considerate of other shoppers in one of the busiest retail environments known to man. Thank you! Rant over. 

**TLDR  If you’re rolling with a crew, let people through!**",,"r/Costco","2025-07-11T17:44:13.000Z","post","[Rant]","&lt;!-- SC_OFF --&gt;&lt;div class=""md""&gt;&lt;p&gt;If you’re going to bring your &lt;em&gt;e n t i r e&lt;/em&gt; family to Costco, can you guys PLEASE stop walking side by side shoulder to shoulder making it impossible for others to get by? And while we’re at it, can you also stop leaving your cart in middle of the aisle while you run off to grab something?  Please just have some spatial awareness and be considerate of other shoppers in one of the busiest retail environments known to man. Thank you! Rant over. &lt;/p&gt;

&lt;p&gt;&lt;strong&gt;TLDR  If you’re rolling with a crew, let people through!&lt;/strong&gt;&lt;/p&gt;
&lt;/div&gt;&lt;!-- SC_ON --&gt;","t3_1lxdcr1",,,"false","false","https://www.reddit.com/r/Costco/comments/1lxdcr1/im_begging_you_move_out_of_the_way/","1636",,"false",,"Costco","1lxdcr1",,"2026-05-05T00:56:48.980Z","self","I’m begging you, move out of the way! 😩","0.94","17307","https://www.reddit.com/r/Costco/comments/1lxdcr1/im_begging_you_move_out_of_the_way/","t2_22oveutg","CarterWorthy",
"Newbie","Images:
	https://preview.redd.it/2sp0gmuza01f1.jpeg?auto=webp&amp;s=37504d697de0f3739f9548d70a289ccefe92847e
",,"r/publix","2025-05-15T20:36:07.000Z","post","MEME","Images:
	https://preview.redd.it/2sp0gmuza01f1.jpeg?auto=webp&amp;s=37504d697de0f3739f9548d70a289ccefe92847e
","t3_1knio1e","https://i.redd.it/2sp0gmuza01f1.jpeg",,"false","false","https://i.redd.it/2sp0gmuza01f1.jpeg","342",,"false",,"publix","1knio1e",,"2026-05-05T00:56:49.174Z","https://a.thumbs.redditmedia.com/l8goikQ3g0qtiCtjtODndTePVQr85I7d65YeYWEjdC0.jpg","Saint Pete Beach Publix burns down… comments are ruthless","0.99","5398","https://www.reddit.com/r/publix/comments/1knio1e/saint_pete_beach_publix_burns_down_comments_are/","t2_4yu11ojf","totallynotlawyer",
,"Posts that do not follow r/Costco subreddit rules **MAY** be subject to removal. 

**Reminder: No vague non-descriptive post titles or availability questions.**

When applicable, please make sure that you're using a descriptive post title with product name(s) and/or exact question mentioned as it yields better subreddit search results. 

**Including item number, price, and approximate location or region where found is also helpful since product availability can vary.**


*I am a bot, and this action was performed automatically. Please [contact the moderators of this subreddit](/message/compose/?to=/r/Costco) if you have any questions or concerns.*","Costco","r/Costco","2025-07-18T03:29:08.000Z","comment",,"&lt;div class=""md""&gt;&lt;p&gt;Posts that do not follow &lt;a href=""/r/Costco""&gt;r/Costco&lt;/a&gt; subreddit rules &lt;strong&gt;MAY&lt;/strong&gt; be subject to removal. &lt;/p&gt;

&lt;p&gt;&lt;strong&gt;Reminder: No vague non-descriptive post titles or availability questions.&lt;/strong&gt;&lt;/p&gt;

&lt;p&gt;When applicable, please make sure that you&amp;#39;re using a descriptive post title with product name(s) and/or exact question mentioned as it yields better subreddit search results. &lt;/p&gt;

&lt;p&gt;&lt;strong&gt;Including item number, price, and approximate location or region where found is also helpful since product availability can vary.&lt;/strong&gt;&lt;/p&gt;

&lt;p&gt;&lt;em&gt;I am a bot, and this action was performed automatically. Please &lt;a href=""/message/compose/?to=/r/Costco""&gt;contact the moderators of this subreddit&lt;/a&gt; if you have any questions or concerns.&lt;/em&gt;&lt;/p&gt;
&lt;/div&gt;","t1_n3r5yqq",,,,,,,"0",,"t3_1lxdcr1",,"n3r5yqq","t3_1lxdcr1","2026-05-05T00:56:49.220Z",,,,"1","https://www.reddit.com/r/Costco/comments/1lxdcr1/im_begging_you_move_out_of_the_way/n3r5yqq/","t2_6l4z3","AutoModerator",
"Newbie","Black smoke…. A new store manager was not chosen…","publix","r/publix","2025-05-16T00:05:24.000Z","comment",,"&lt;div class=""md""&gt;&lt;p&gt;Black smoke…. A new store manager was not chosen…&lt;/p&gt;
&lt;/div&gt;","t1_msjit2e",,,,,,,"6",,"t3_1knio1e",,"msjit2e","t3_1knio1e","2026-05-05T00:56:49.387Z",,,,"635","https://www.reddit.com/r/publix/comments/1knio1e/saint_pete_beach_publix_burns_down_comments_are/msjit2e/","t2_yv4ai","Melikinskitty",
,"Now do the people who arrange themselves like seagulls around the sample stations.","Costco","r/Costco","2025-07-11T17:45:58.000Z","comment",,"&lt;div class=""md""&gt;&lt;p&gt;Now do the people who arrange themselves like seagulls around the sample stations.&lt;/p&gt;
&lt;/div&gt;","t1_n2l6jdj",,,,,,,"14",,"t3_1lxdcr1",,"n2l6jdj","t3_1lxdcr1","2026-05-05T00:56:49.220Z",,,,"4216","https://www.reddit.com/r/Costco/comments/1lxdcr1/im_begging_you_move_out_of_the_way/n2l6jdj/","t2_axisa","Mr-Duck1",
"Newbie","Hahaha","publix","r/publix","2025-05-16T01:24:13.000Z","comment",,"&lt;div class=""md""&gt;&lt;p&gt;Hahaha&lt;/p&gt;
&lt;/div&gt;","t1_msjvczb",,,,,,,"0",,"t1_msjit2e",,"msjvczb","t3_1knio1e","2026-05-05T00:56:49.387Z",,,,"50","https://www.reddit.com/r/publix/comments/1knio1e/saint_pete_beach_publix_burns_down_comments_are/msjvczb/","t2_s32umzaz2","alyx_is_haunted",
,"“MINE! MINE! MINE! MINE!”","Costco","r/Costco","2025-07-11T17:54:27.000Z","comment",,"&lt;div class=""md""&gt;&lt;p&gt;“MINE! MINE! MINE! MINE!”&lt;/p&gt;
&lt;/div&gt;","t1_n2l8dw4",,,,,,,"5",,"t1_n2l6jdj",,"n2l8dw4","t3_1lxdcr1","2026-05-05T00:56:49.220Z",,,,"1815","https://www.reddit.com/r/Costco/comments/1lxdcr1/im_begging_you_move_out_of_the_way/n2l8dw4/","t2_22oveutg","CarterWorthy",
,"Also, what’s everyone’s best method for reheating ? My toaster over gets it too crispy. ",,"r/Costco","2026-03-02T22:33:23.000Z","post","[Food Court]","&lt;!-- SC_OFF --&gt;&lt;div class=""md""&gt;&lt;p&gt;Also, what’s everyone’s best method for reheating ? My toaster over gets it too crispy. &lt;/p&gt;
&lt;/div&gt;&lt;!-- SC_ON --&gt;","t3_1rj7jaa","https://i.redd.it/9saj0f36lpmg1.jpeg",,"false","false","https://i.redd.it/9saj0f36lpmg1.jpeg","1225",,"false",,"Costco","1rj7jaa",,"2026-05-05T00:56:49.880Z","https://preview.redd.it/9saj0f36lpmg1.jpeg?width=140&amp;height=140&amp;crop=1:1,smart&amp;auto=webp&amp;s=85a38b84d9923e5464a744d323235679d67ea1d5","Surely I can’t be the only one who does the extra ride home slice. No one is ever the wiser.","0.94","17033","https://www.reddit.com/r/Costco/comments/1rj7jaa/surely_i_cant_be_the_only_one_who_does_the_extra/","t2_39qzhcyu","theonewhoisknown",
"US San Diego Region + Arizona, Colorado &amp; New Mexico - SD","These people act like they’ve never had food before.","Costco","r/Costco","2025-07-11T19:19:53.000Z","comment",,"&lt;div class=""md""&gt;&lt;p&gt;These people act like they’ve never had food before.&lt;/p&gt;
&lt;/div&gt;","t1_n2lq1qc",,,,,,,"5",,"t1_n2l8dw4",,"n2lq1qc","t3_1lxdcr1","2026-05-05T00:56:49.220Z",,,,"334","https://www.reddit.com/r/Costco/comments/1lxdcr1/im_begging_you_move_out_of_the_way/n2lq1qc/","t2_z2rjx","addictedtofit",
"Meat","![gif](giphy|f8lDluiWJ7yQTtdS3L)","publix","r/publix","2025-05-16T01:54:13.000Z","comment",,"&lt;div class=""md""&gt;&lt;p&gt;&lt;a href=""https://giphy.com/gifs/f8lDluiWJ7yQTtdS3L"" target=""_blank""&gt;&lt;img src=""https://external-preview.redd.it/_t9TqMOxuZ4ipFYbHteVNm5dCVf9TtEQuWPtk2q5i6g.gif?width=356&amp;height=200&amp;s=e7d368c452da3a14009453a4b5894d67a7dd5beb"" width=""356"" height=""200""&gt;&lt;/a&gt;&lt;/p&gt;
&lt;/div&gt;","t1_msk09vv",,,,,,,"0",,"t1_msjit2e",,"msk09vv","t3_1knio1e","2026-05-05T00:56:49.387Z",,,,"44","https://www.reddit.com/r/publix/comments/1knio1e/saint_pete_beach_publix_burns_down_comments_are/msk09vv/","t2_57fzabw3","WonderfulJacket8",
,"Done by [instagram.com/jillans.ink](http://instagram.com/jillans.ink)",,"r/Costco","2025-05-17T04:23:56.000Z","post",,"&lt;!-- SC_OFF --&gt;&lt;div class=""md""&gt;&lt;p&gt;Done by &lt;a href=""http://instagram.com/jillans.ink""&gt;instagram.com/jillans.ink&lt;/a&gt;&lt;/p&gt;
&lt;/div&gt;&lt;!-- SC_ON --&gt;","t3_1kokgfa","https://i.redd.it/1km7rydbr91f1.jpeg",,"false","false","https://i.redd.it/1km7rydbr91f1.jpeg","420",,"false",,"Costco","1kokgfa",,"2026-05-05T00:56:49.993Z","https://b.thumbs.redditmedia.com/OX3peHozfWrV7q_fBnQgpiiStkA1XlbF3Rto0Q15UuI.jpg","My Buddy Got An Insane Costco Tattoo...","0.95","17143","https://www.reddit.com/r/Costco/comments/1kokgfa/my_buddy_got_an_insane_costco_tattoo/","t2_8ssicrr1","wavyboisilv",
,"Posts that do not follow r/Costco subreddit rules **MAY** be subject to removal. 

**Reminder: No vague non-descriptive post titles or availability questions.**

When applicable, please make sure that you're using a descriptive post title with product name(s) and/or exact question mentioned as it yields better subreddit search results. 

**Including item number, price, and approximate location or region where found is also helpful since product availability can vary.**


*I am a bot, and this action was performed automatically. Please [contact the moderators of this subreddit](/message/compose/?to=/r/Costco) if you have any questions or concerns.*","Costco","r/Costco","2026-03-02T22:33:25.000Z","comment",,"&lt;div class=""md""&gt;&lt;p&gt;Posts that do not follow &lt;a href=""/r/Costco""&gt;r/Costco&lt;/a&gt; subreddit rules &lt;strong&gt;MAY&lt;/strong&gt; be subject to removal. &lt;/p&gt;

&lt;p&gt;&lt;strong&gt;Reminder: No vague non-descriptive post titles or availability questions.&lt;/strong&gt;&lt;/p&gt;

&lt;p&gt;When applicable, please make sure that you&amp;#39;re using a descriptive post title with product name(s) and/or exact question mentioned as it yields better subreddit search results. &lt;/p&gt;

&lt;p&gt;&lt;strong&gt;Including item number, price, and approximate location or region where found is also helpful since product availability can vary.&lt;/strong&gt;&lt;/p&gt;

&lt;p&gt;&lt;em&gt;I am a bot, and this action was performed automatically. Please &lt;a href=""/message/compose/?to=/r/Costco""&gt;contact the moderators of this subreddit&lt;/a&gt; if you have any questions or concerns.&lt;/em&gt;&lt;/p&gt;
&lt;/div&gt;","t1_o8b749k",,,,,,,"0",,"t3_1rj7jaa",,"o8b749k","t3_1rj7jaa","2026-05-05T00:56:50.073Z",,,,"1","https://www.reddit.com/r/Costco/comments/1rj7jaa/surely_i_cant_be_the_only_one_who_does_the_extra/o8b749k/","t2_6l4z3","AutoModerator",
"Newbie","No, it means The Others are coming.","publix","r/publix","2025-05-17T04:49:19.000Z","comment",,"&lt;div class=""md""&gt;&lt;p&gt;No, it means The Others are coming.&lt;/p&gt;
&lt;/div&gt;","t1_msqw4qq",,,,,,,"0",,"t1_msjit2e",,"msqw4qq","t3_1knio1e","2026-05-05T00:56:49.387Z",,,,"6","https://www.reddit.com/r/publix/comments/1knio1e/saint_pete_beach_publix_burns_down_comments_are/msqw4qq/","t2_bua6i","reddittle",
,"My favorite is they then feel like they need to give feedback to the person serving it or others also blocking the way eating it.  Like its some picnic food tasting event.  ""That sauce is delicious and the mouthfeel is on point""... Like, dude...  its a hotpocket ffs get out of the way..","Costco","r/Costco","2025-07-11T20:27:44.000Z","comment",,"&lt;div class=""md""&gt;&lt;p&gt;My favorite is they then feel like they need to give feedback to the person serving it or others also blocking the way eating it.  Like its some picnic food tasting event.  &amp;quot;That sauce is delicious and the mouthfeel is on point&amp;quot;... Like, dude...  its a hotpocket ffs get out of the way..&lt;/p&gt;
&lt;/div&gt;","t1_n2m3o4a",,,,,,,"5",,"t1_n2lq1qc",,"n2m3o4a","t3_1lxdcr1","2026-05-05T00:56:49.220Z",,,,"328","https://www.reddit.com/r/Costco/comments/1lxdcr1/im_begging_you_move_out_of_the_way/n2m3o4a/","t2_zrzcf","BarbequedYeti",
"Newbie","Publix is not the company people think it is anymore.
My mother has worked at Publix for over 20 years. After two decades of loyalty, experience, and reliability, she makes $23 and change an hour—and her annual raise is a laughable 15–25 cents.
Publix used to do evaluations every 6 months. Now it’s once a year, and they claim (yes, this is a direct quote) that employees “actually make more money this way.”
Anyone with basic math skills knows that’s complete nonsense.
They also say she’s “maxed out” on pay. Apparently, 20+ years of service has a ceiling—and it’s low.
What really makes my blood boil:
If she works even an hour or two of overtime, management will force her to leave early another day just to avoid paying time-and-a-half. Imagine treating long-term employees like a liability instead of an asset.
I’ve worked at Publix myself. Don’t do it.
This company is not what it used to be.
Back when George Jenkins ran Publix, the philosophy was simple: take care of your employees and customers, and everything else follows. And it worked. Publix earned its reputation.
Then his son took over—and greed took the wheel.
Now:
Stores are chronically understaffed
Employees are doing 2–3x the workload for the same pay
Management claims they “don’t have the hours”
(Reminder: Publix is a billion-dollar company)
The worst part? Customers suffer too. Shelves aren’t stocked, lines are longer, departments are stretched thin—but corporate still pats itself on the back.
And let’s talk prices.
Shopping at Publix is basically volunteering to get ripped off. Almost everything they sell can be found for dollars less at other grocery stores. I genuinely don’t understand how people fill entire carts and don’t notice the markup.
Meat quality has gone down, prices have gone up, and the experience keeps getting worse.
I could list hundreds more reasons why Publix is slowly killing itself, but honestly? I’d rather watch it crash and burn than pretend this is still a “great place to work.”
And before anyone says I’m just being emotional or defending my mom—
She’s been there since I was a kid. Now she’s stuck. Her retirement and healthcare are tied to this company, so walking away isn’t an option.
Publix didn’t just change.
It abandoned the very people who built it.",,"r/publix","2025-12-26T18:31:18.000Z","post","RANT :snoo_tableflip:","&lt;!-- SC_OFF --&gt;&lt;div class=""md""&gt;&lt;p&gt;Publix is not the company people think it is anymore.
My mother has worked at Publix for over 20 years. After two decades of loyalty, experience, and reliability, she makes $23 and change an hour—and her annual raise is a laughable 15–25 cents.
Publix used to do evaluations every 6 months. Now it’s once a year, and they claim (yes, this is a direct quote) that employees “actually make more money this way.”
Anyone with basic math skills knows that’s complete nonsense.
They also say she’s “maxed out” on pay. Apparently, 20+ years of service has a ceiling—and it’s low.
What really makes my blood boil:
If she works even an hour or two of overtime, management will force her to leave early another day just to avoid paying time-and-a-half. Imagine treating long-term employees like a liability instead of an asset.
I’ve worked at Publix myself. Don’t do it.
This company is not what it used to be.
Back when George Jenkins ran Publix, the philosophy was simple: take care of your employees and customers, and everything else follows. And it worked. Publix earned its reputation.
Then his son took over—and greed took the wheel.
Now:
Stores are chronically understaffed
Employees are doing 2–3x the workload for the same pay
Management claims they “don’t have the hours”
(Reminder: Publix is a billion-dollar company)
The worst part? Customers suffer too. Shelves aren’t stocked, lines are longer, departments are stretched thin—but corporate still pats itself on the back.
And let’s talk prices.
Shopping at Publix is basically volunteering to get ripped off. Almost everything they sell can be found for dollars less at other grocery stores. I genuinely don’t understand how people fill entire carts and don’t notice the markup.
Meat quality has gone down, prices have gone up, and the experience keeps getting worse.
I could list hundreds more reasons why Publix is slowly killing itself, but honestly? I’d rather watch it crash and burn than pretend this is still a “great place to work.”
And before anyone says I’m just being emotional or defending my mom—
She’s been there since I was a kid. Now she’s stuck. Her retirement and healthcare are tied to this company, so walking away isn’t an option.
Publix didn’t just change.
It abandoned the very people who built it.&lt;/p&gt;
&lt;/div&gt;&lt;!-- SC_ON --&gt;","t3_1pwbajk",,,"false","false","https://www.reddit.com/r/publix/comments/1pwbajk/publix_is_living_off_a_reputation_it_no_longer/","1163",,"false",,"publix","1pwbajk",,"2026-05-05T00:56:50.095Z","self","Publix Is Living Off a Reputation It No Longer Deserves","0.96","5260","https://www.reddit.com/r/publix/comments/1pwbajk/publix_is_living_off_a_reputation_it_no_longer/","t2_1wclekqnsb","ProbablyStonedR",
,"You are a true scholar","Costco","r/Costco","2026-03-02T22:35:13.000Z","comment",,"&lt;div class=""md""&gt;&lt;p&gt;You are a true scholar&lt;/p&gt;
&lt;/div&gt;","t1_o8b7ggl",,,,,,,"4",,"t3_1rj7jaa",,"o8b7ggl","t3_1rj7jaa","2026-05-05T00:56:50.073Z",,,,"3152","https://www.reddit.com/r/Costco/comments/1rj7jaa/surely_i_cant_be_the_only_one_who_does_the_extra/o8b7ggl/","t2_3yp8xnhu","Entientt",
,"Posts that do not follow r/Costco subreddit rules **MAY** be subject to removal. 

**Reminder: No vague or non-descriptive post titles or availability questions.**

When applicable, please make sure that you're using a descriptive post title with product name(s) and/or exact question mentioned as it yields better subreddit search results. 

**Including item number, price, and approximate location or region where found is also helpful since product availability can vary.**


*I am a bot, and this action was performed automatically. Please [contact the moderators of this subreddit](/message/compose/?to=/r/Costco) if you have any questions or concerns.*","Costco","r/Costco","2025-05-17T04:23:58.000Z","comment",,"&lt;div class=""md""&gt;&lt;p&gt;Posts that do not follow &lt;a href=""/r/Costco""&gt;r/Costco&lt;/a&gt; subreddit rules &lt;strong&gt;MAY&lt;/strong&gt; be subject to removal. &lt;/p&gt;

&lt;p&gt;&lt;strong&gt;Reminder: No vague or non-descriptive post titles or availability questions.&lt;/strong&gt;&lt;/p&gt;

&lt;p&gt;When applicable, please make sure that you&amp;#39;re using a descriptive post title with product name(s) and/or exact question mentioned as it yields better subreddit search results. &lt;/p&gt;

&lt;p&gt;&lt;strong&gt;Including item number, price, and approximate location or region where found is also helpful since product availability can vary.&lt;/strong&gt;&lt;/p&gt;

&lt;p&gt;&lt;em&gt;I am a bot, and this action was performed automatically. Please &lt;a href=""/message/compose/?to=/r/Costco""&gt;contact the moderators of this subreddit&lt;/a&gt; if you have any questions or concerns.&lt;/em&gt;&lt;/p&gt;
&lt;/div&gt;","t1_msqt3wo",,,,,,,"0",,"t3_1kokgfa",,"msqt3wo","t3_1kokgfa","2026-05-05T00:56:50.215Z",,,,"1","https://www.reddit.com/r/Costco/comments/1kokgfa/my_buddy_got_an_insane_costco_tattoo/msqt3wo/","t2_6l4z3","AutoModerator",
,"I'm actually conflicted with this, as I have always thought the same. I always thought the workers were only taking the work that they could get.....and needed the work. So, I just let them be, in order to give them some hassle-free time.

But, as I've worked with aging adults. I've learned that they need the human interactions, to feel valued, and actually talk to people. It's the same for everyone. Otherwise, you become depressed. And that is very easy to do when you feel invisible, unvalued, and never get a chance to talk to anyone.","Costco","r/Costco","2025-07-12T01:43:02.000Z","comment",,"&lt;div class=""md""&gt;&lt;p&gt;I&amp;#39;m actually conflicted with this, as I have always thought the same. I always thought the workers were only taking the work that they could get.....and needed the work. So, I just let them be, in order to give them some hassle-free time.&lt;/p&gt;

&lt;p&gt;But, as I&amp;#39;ve worked with aging adults. I&amp;#39;ve learned that they need the human interactions, to feel valued, and actually talk to people. It&amp;#39;s the same for everyone. Otherwise, you become depressed. And that is very easy to do when you feel invisible, unvalued, and never get a chance to talk to anyone.&lt;/p&gt;
&lt;/div&gt;","t1_n2nnv4q",,,,,,,"3",,"t1_n2m3o4a",,"n2nnv4q","t3_1lxdcr1","2026-05-05T00:56:49.220Z",,,,"106","https://www.reddit.com/r/Costco/comments/1lxdcr1/im_begging_you_move_out_of_the_way/n2nnv4q/","t2_4t0lpba0","CosmoKing2",
"Newbie","Wicked, I love that one….","publix","r/publix","2025-05-16T08:39:36.000Z","comment",,"&lt;div class=""md""&gt;&lt;p&gt;Wicked, I love that one….&lt;/p&gt;
&lt;/div&gt;","t1_msld9kd",,,,,,,"0",,"t1_msjit2e",,"msld9kd","t3_1knio1e","2026-05-05T00:56:49.387Z",,,,"7","https://www.reddit.com/r/publix/comments/1knio1e/saint_pete_beach_publix_burns_down_comments_are/msld9kd/","t2_74c3o3k7","TYdays",
"Newbie","Taking care of your employees used to be a philosophy for a lot of companies but everyone is just profit motivated now. employees are not valued, which is exactly why I feel zero loyalty to any of my employers. I have quit more jobs in the last four years than I have in my 50 years of working because I realize that they’re all about profit and what’s their bottom line. so I’m all about my bottom line. if I find something better I leave. sometimes I give notice and sometimes I don’t.","publix","r/publix","2025-12-26T18:37:30.000Z","comment",,"&lt;div class=""md""&gt;&lt;p&gt;Taking care of your employees used to be a philosophy for a lot of companies but everyone is just profit motivated now. employees are not valued, which is exactly why I feel zero loyalty to any of my employers. I have quit more jobs in the last four years than I have in my 50 years of working because I realize that they’re all about profit and what’s their bottom line. so I’m all about my bottom line. if I find something better I leave. sometimes I give notice and sometimes I don’t.&lt;/p&gt;
&lt;/div&gt;","t1_nw2a0l6",,,,,,,"6",,"t3_1pwbajk",,"nw2a0l6","t3_1pwbajk","2026-05-05T00:56:50.271Z",,,,"564","https://www.reddit.com/r/publix/comments/1pwbajk/publix_is_living_off_a_reputation_it_no_longer/nw2a0l6/","t2_1obsoou47u","Candid-Seaweed1474",
"Newbie","Everyone at work now thinks I'm crazy for laughing by myself. You earned my upvote.","publix","r/publix","2025-05-16T19:39:32.000Z","comment",,"&lt;div class=""md""&gt;&lt;p&gt;Everyone at work now thinks I&amp;#39;m crazy for laughing by myself. You earned my upvote.&lt;/p&gt;
&lt;/div&gt;","t1_msoh0cx",,,,,,,"1",,"t1_msjit2e",,"msoh0cx","t3_1knio1e","2026-05-05T00:56:49.387Z",,,,"3","https://www.reddit.com/r/publix/comments/1knio1e/saint_pete_beach_publix_burns_down_comments_are/msoh0cx/","t2_8qnfsl89","Ok-Rock2345",
,"Gonna be awkward when they switch to coke products","Costco","r/Costco","2025-05-17T04:26:28.000Z","comment",,"&lt;div class=""md""&gt;&lt;p&gt;Gonna be awkward when they switch to coke products&lt;/p&gt;
&lt;/div&gt;","t1_msqtew5",,,,,,,"8",,"t3_1kokgfa",,"msqtew5","t3_1kokgfa","2026-05-05T00:56:50.215Z",,,,"3004","https://www.reddit.com/r/Costco/comments/1kokgfa/my_buddy_got_an_insane_costco_tattoo/msqtew5/","t2_3yao16us","Chicken-cat",
,"I’ve convinced my wife that all pizza places always make pizzas one slice short.

Can’t believe she’s fallen for it for 20 years.","Costco","r/Costco","2026-03-02T22:46:59.000Z","comment",,"&lt;div class=""md""&gt;&lt;p&gt;I’ve convinced my wife that all pizza places always make pizzas one slice short.&lt;/p&gt;

&lt;p&gt;Can’t believe she’s fallen for it for 20 years.&lt;/p&gt;
&lt;/div&gt;","t1_o8b9qez",,,,,,,"8",,"t1_o8b7ggl",,"o8b9qez","t3_1rj7jaa","2026-05-05T00:56:50.073Z",,,,"903","https://www.reddit.com/r/Costco/comments/1rj7jaa/surely_i_cant_be_the_only_one_who_does_the_extra/o8b9qez/","t2_416arkh","dunnodudes",
,"I said thank you for a sample one time and the lady just about started crying, late afternoon, I was the first person all day to say thanks to her.","Costco","r/Costco","2025-07-12T23:34:43.000Z","comment",,"&lt;div class=""md""&gt;&lt;p&gt;I said thank you for a sample one time and the lady just about started crying, late afternoon, I was the first person all day to say thanks to her.&lt;/p&gt;
&lt;/div&gt;","t1_n2t7wvc",,,,,,,"2",,"t1_n2nnv4q",,"n2t7wvc","t3_1lxdcr1","2026-05-05T00:56:49.220Z",,,,"70","https://www.reddit.com/r/Costco/comments/1lxdcr1/im_begging_you_move_out_of_the_way/n2t7wvc/","t2_a2zsk4i0a","InfrequentFlyerClub",
,"That’ll only make it more valuable, like a rare edition","Costco","r/Costco","2025-05-17T04:30:49.000Z","comment",,"&lt;div class=""md""&gt;&lt;p&gt;That’ll only make it more valuable, like a rare edition&lt;/p&gt;
&lt;/div&gt;","t1_msqtxua",,,,,,,"3",,"t1_msqtew5",,"msqtxua","t3_1kokgfa","2026-05-05T00:56:50.215Z",,,,"1018","https://www.reddit.com/r/Costco/comments/1kokgfa/my_buddy_got_an_insane_costco_tattoo/msqtxua/","t2_t90ztoyzv","Certain_Passion1630",
"Newbie","That’s not what I meant when I asked for my sub toasted","publix","r/publix","2025-05-15T21:03:20.000Z","comment",,"&lt;div class=""md""&gt;&lt;p&gt;That’s not what I meant when I asked for my sub toasted&lt;/p&gt;
&lt;/div&gt;","t1_msimakp",,,,,,,"2",,"t3_1knio1e",,"msimakp","t3_1knio1e","2026-05-05T00:56:49.387Z",,,,"526","https://www.reddit.com/r/publix/comments/1knio1e/saint_pete_beach_publix_burns_down_comments_are/msimakp/","t2_1dy7lzeye6","pirate-minded",
"Newbie","Stakeholder vs Shareholder. Corporations were stakeholder focused until the mid/late 80s when they became shareholder focused. Jack Welch at GE had a lot to do with this as well as executive pay shifting to be more stock heavy. In 1993 they changed the tax code in a way where it became much more beneficial to have stock heavy compensation packages than straight salary. Now the C levels have a ton of stocks which makes it more personally beneficial to worry about the stock price at that moment of time versus the stability of the company.","publix","r/publix","2025-12-26T21:00:23.000Z","comment",,"&lt;div class=""md""&gt;&lt;p&gt;Stakeholder vs Shareholder. Corporations were stakeholder focused until the mid/late 80s when they became shareholder focused. Jack Welch at GE had a lot to do with this as well as executive pay shifting to be more stock heavy. In 1993 they changed the tax code in a way where it became much more beneficial to have stock heavy compensation packages than straight salary. Now the C levels have a ton of stocks which makes it more personally beneficial to worry about the stock price at that moment of time versus the stability of the company.&lt;/p&gt;
&lt;/div&gt;","t1_nw30hrj",,,,,,,"4",,"t1_nw2a0l6",,"nw30hrj","t3_1pwbajk","2026-05-05T00:56:50.271Z",,,,"60","https://www.reddit.com/r/publix/comments/1pwbajk/publix_is_living_off_a_reputation_it_no_longer/nw30hrj/","t2_ipqj91y","mr_mgs11",
,"We have a mouse that lives in both of our cars, depending on who is doing pickup.  We have named him ""Nibbles"" and we frequently comment on that 'lil stinker' when there is obvious food missing after a pickup.  Though it's mostly an issue with pizza, nobody knows about the car fries.","Costco","r/Costco","2026-03-02T23:11:54.000Z","comment",,"&lt;div class=""md""&gt;&lt;p&gt;We have a mouse that lives in both of our cars, depending on who is doing pickup.  We have named him &amp;quot;Nibbles&amp;quot; and we frequently comment on that &amp;#39;lil stinker&amp;#39; when there is obvious food missing after a pickup.  Though it&amp;#39;s mostly an issue with pizza, nobody knows about the car fries.&lt;/p&gt;
&lt;/div&gt;","t1_o8bedlu",,,,,,,"3",,"t1_o8b9qez",,"o8bedlu","t3_1rj7jaa","2026-05-05T00:56:50.073Z",,,,"369","https://www.reddit.com/r/Costco/comments/1rj7jaa/surely_i_cant_be_the_only_one_who_does_the_extra/o8bedlu/","t2_1jqvsyrimw","Newspeak_Linguist",
,"I guess you and I are in the minority here.  I always say thank you to the sample folks and it really does make a difference.  But it shocks me how few others don't do this.","Costco","r/Costco","2025-07-13T00:03:10.000Z","comment",,"&lt;div class=""md""&gt;&lt;p&gt;I guess you and I are in the minority here.  I always say thank you to the sample folks and it really does make a difference.  But it shocks me how few others don&amp;#39;t do this.&lt;/p&gt;
&lt;/div&gt;","t1_n2tcnc4",,,,,,,"1",,"t1_n2t7wvc",,"n2tcnc4","t3_1lxdcr1","2026-05-05T00:56:49.220Z",,,,"67","https://www.reddit.com/r/Costco/comments/1lxdcr1/im_begging_you_move_out_of_the_way/n2tcnc4/","t2_7697wwxq","art_lipchalk",
,"That lardass Costco kid gonna gnaw his arm off like a feral hyena and his dad is gonna try to ebay that arm like a Pokémon card to afford the family’s Crisco habit.","Costco","r/Costco","2025-05-17T04:40:47.000Z","comment",,"&lt;div class=""md""&gt;&lt;p&gt;That lardass Costco kid gonna gnaw his arm off like a feral hyena and his dad is gonna try to ebay that arm like a Pokémon card to afford the family’s Crisco habit.&lt;/p&gt;
&lt;/div&gt;","t1_msqv4ku",,,,,,,"2",,"t1_msqtxua",,"msqv4ku","t3_1kokgfa","2026-05-05T00:56:50.215Z",,,,"125","https://www.reddit.com/r/Costco/comments/1kokgfa/my_buddy_got_an_insane_costco_tattoo/msqv4ku/","t2_1fe3t8nk96","Area51_Spurs",
"Bakery","I laughed harder than I should've at this comment. Take my upvote.","publix","r/publix","2025-05-15T23:00:18.000Z","comment",,"&lt;div class=""md""&gt;&lt;p&gt;I laughed harder than I should&amp;#39;ve at this comment. Take my upvote.&lt;/p&gt;
&lt;/div&gt;","t1_msj7rtj",,,,,,,"0",,"t1_msimakp",,"msj7rtj","t3_1knio1e","2026-05-05T00:56:49.387Z",,,,"63","https://www.reddit.com/r/publix/comments/1knio1e/saint_pete_beach_publix_burns_down_comments_are/msj7rtj/","t2_pzfc8","Aeruhat",
"Newbie","Thanks. This greed has been building for a long time. I heard someone say we are in the end stages of capitalism.  Seems about right","publix","r/publix","2025-12-26T23:22:50.000Z","comment",,"&lt;div class=""md""&gt;&lt;p&gt;Thanks. This greed has been building for a long time. I heard someone say we are in the end stages of capitalism.  Seems about right&lt;/p&gt;
&lt;/div&gt;","t1_nw3pydz",,,,,,,"2",,"t1_nw30hrj",,"nw3pydz","t3_1pwbajk","2026-05-05T00:56:50.271Z",,,,"25","https://www.reddit.com/r/publix/comments/1pwbajk/publix_is_living_off_a_reputation_it_no_longer/nw3pydz/","t2_ha4imz35","Fat-Armadillo6061",
,"There's nothing wrong with saying hello or commenting on the food but be quick with it because there's someone standing behind you. You can stop to talk to the CDS people. Just step to the side and let other people get to the samples. Don't block the entire table standing there saying, ""MmmmmMMmmmmMm... man.. this is GOOD. What is it Turkey? It kinda has that smoked aristocratic flavor that goes good with a nice chardonay...""","Costco","r/Costco","2025-07-13T00:25:43.000Z","comment",,"&lt;div class=""md""&gt;&lt;p&gt;There&amp;#39;s nothing wrong with saying hello or commenting on the food but be quick with it because there&amp;#39;s someone standing behind you. You can stop to talk to the CDS people. Just step to the side and let other people get to the samples. Don&amp;#39;t block the entire table standing there saying, &amp;quot;MmmmmMMmmmmMm... man.. this is GOOD. What is it Turkey? It kinda has that smoked aristocratic flavor that goes good with a nice chardonay...&amp;quot;&lt;/p&gt;
&lt;/div&gt;","t1_n2tgbd5",,,,,,,"1",,"t1_n2nnv4q",,"n2tgbd5","t3_1lxdcr1","2026-05-05T00:56:49.220Z",,,,"25","https://www.reddit.com/r/Costco/comments/1lxdcr1/im_begging_you_move_out_of_the_way/n2tgbd5/","t2_52fxnncf","ted_anderson",
,"There’s actually a tattoo museum in Tokyo, with displays of human skins collected by a pathologist (autopsy doctor) who has tattooed individuals donate their skin when they die.

https://cvltnation.com/dead-skin-living-art-the-museum-of-tattooed-skin/","Costco","r/Costco","2025-05-17T05:54:08.000Z","comment",,"&lt;div class=""md""&gt;&lt;p&gt;There’s actually a tattoo museum in Tokyo, with displays of human skins collected by a pathologist (autopsy doctor) who has tattooed individuals donate their skin when they die.&lt;/p&gt;

&lt;p&gt;&lt;a href=""https://cvltnation.com/dead-skin-living-art-the-museum-of-tattooed-skin/""&gt;https://cvltnation.com/dead-skin-living-art-the-museum-of-tattooed-skin/&lt;/a&gt;&lt;/p&gt;
&lt;/div&gt;","t1_msr3bmy",,,,,,,"4",,"t1_msqv4ku",,"msr3bmy","t3_1kokgfa","2026-05-05T00:56:50.215Z",,,,"71","https://www.reddit.com/r/Costco/comments/1kokgfa/my_buddy_got_an_insane_costco_tattoo/msr3bmy/","t2_3ydxq","Yotsubato",
,"&gt;nobody knows about the car fries.

My wife: ""Wow five guys usually gives us way more fries than this""

Me who hit every red light on the way home:

https://preview.redd.it/eu3a20ve4qmg1.jpeg?width=201&amp;format=pjpg&amp;auto=webp&amp;s=97e510eb0c8fbba41806fefbd483c123e812f10c","Costco","r/Costco","2026-03-03T00:20:35.000Z","comment",,"&lt;div class=""md""&gt;&lt;blockquote&gt;
&lt;p&gt;nobody knows about the car fries.&lt;/p&gt;
&lt;/blockquote&gt;

&lt;p&gt;My wife: &amp;quot;Wow five guys usually gives us way more fries than this&amp;quot;&lt;/p&gt;

&lt;p&gt;Me who hit every red light on the way home:&lt;/p&gt;

&lt;p&gt;&lt;a href=""https://preview.redd.it/eu3a20ve4qmg1.jpeg?width=201&amp;amp;format=pjpg&amp;amp;auto=webp&amp;amp;s=97e510eb0c8fbba41806fefbd483c123e812f10c""&gt;https://preview.redd.it/eu3a20ve4qmg1.jpeg?width=201&amp;amp;format=pjpg&amp;amp;auto=webp&amp;amp;s=97e510eb0c8fbba41806fefbd483c123e812f10c&lt;/a&gt;&lt;/p&gt;
&lt;/div&gt;","t1_o8bqcn0",,,,,,,"2",,"t1_o8bedlu",,"o8bqcn0","t3_1rj7jaa","2026-05-05T00:56:50.073Z",,,,"423","https://www.reddit.com/r/Costco/comments/1rj7jaa/surely_i_cant_be_the_only_one_who_does_the_extra/o8bqcn0/","t2_ngj6z","Evil_phd",
"Newbie","yeah we want our subs…steamed","publix","r/publix","2025-05-15T22:09:16.000Z","comment",,"&lt;div class=""md""&gt;&lt;p&gt;yeah we want our subs…steamed&lt;/p&gt;
&lt;/div&gt;","t1_msiz13x",,,,,,,"1",,"t1_msimakp",,"msiz13x","t3_1knio1e","2026-05-05T00:56:49.387Z",,,,"37","https://www.reddit.com/r/publix/comments/1knio1e/saint_pete_beach_publix_burns_down_comments_are/msiz13x/","t2_gno25cji","Federal-Sport-1635",
"US San Diego Region + Arizona, Colorado &amp; New Mexico - SD","Right like it’s a tasting event or a social event. 🤣","Costco","r/Costco","2025-07-11T21:20:10.000Z","comment",,"&lt;div class=""md""&gt;&lt;p&gt;Right like it’s a tasting event or a social event. 🤣&lt;/p&gt;
&lt;/div&gt;","t1_n2me6zm",,,,,,,"1",,"t1_n2m3o4a",,"n2me6zm","t3_1lxdcr1","2026-05-05T00:56:49.220Z",,,,"41","https://www.reddit.com/r/Costco/comments/1lxdcr1/im_begging_you_move_out_of_the_way/n2me6zm/","t2_z2rjx","addictedtofit",
,"psychopathologist, maybe.","Costco","r/Costco","2025-05-17T06:24:44.000Z","comment",,"&lt;div class=""md""&gt;&lt;p&gt;psychopathologist, maybe.&lt;/p&gt;
&lt;/div&gt;","t1_msr6hrv",,,,,,,"1",,"t1_msr3bmy",,"msr6hrv","t3_1kokgfa","2026-05-05T00:56:50.215Z",,,,"50","https://www.reddit.com/r/Costco/comments/1kokgfa/my_buddy_got_an_insane_costco_tattoo/msr6hrv/","t2_1fxielu9iy","Ok_Search1480",
"Newbie","End stages is Foxconn. You’ll live where you work with employer subsidized housing. ","publix","r/publix","2025-12-26T23:47:56.000Z","comment",,"&lt;div class=""md""&gt;&lt;p&gt;End stages is Foxconn. You’ll live where you work with employer subsidized housing. &lt;/p&gt;
&lt;/div&gt;","t1_nw3u2z1",,,,,,,"5",,"t1_nw3pydz",,"nw3u2z1","t3_1pwbajk","2026-05-05T00:56:50.271Z",,,,"14","https://www.reddit.com/r/publix/comments/1pwbajk/publix_is_living_off_a_reputation_it_no_longer/nw3u2z1/","t2_1uqqke3mk1","Hot_Storm3252",
,"French fry tax","Costco","r/Costco","2026-03-03T02:50:12.000Z","comment",,"&lt;div class=""md""&gt;&lt;p&gt;French fry tax&lt;/p&gt;
&lt;/div&gt;","t1_o8cfxvj",,,,,,,"1",,"t1_o8bqcn0",,"o8cfxvj","t3_1rj7jaa","2026-05-05T00:56:50.073Z",,,,"60","https://www.reddit.com/r/Costco/comments/1rj7jaa/surely_i_cant_be_the_only_one_who_does_the_extra/o8cfxvj/","t2_n9x9m8si4","925doorguy",
,"*Claaaarice*","Costco","r/Costco","2025-05-17T07:43:44.000Z","comment",,"&lt;div class=""md""&gt;&lt;p&gt;&lt;em&gt;Claaaarice&lt;/em&gt;&lt;/p&gt;
&lt;/div&gt;","t1_msre937",,,,,,,"1",,"t1_msr6hrv",,"msre937","t3_1kokgfa","2026-05-05T00:56:50.215Z",,,,"26","https://www.reddit.com/r/Costco/comments/1kokgfa/my_buddy_got_an_insane_costco_tattoo/msre937/","t2_7o1x702t","Ok-Seaworthiness4488",
,"going back to company towns","publix","r/publix","2025-12-27T04:40:29.000Z","comment",,"&lt;div class=""md""&gt;&lt;p&gt;going back to company towns&lt;/p&gt;
&lt;/div&gt;","t1_nw53ii7",,,,,,,"2",,"t1_nw3u2z1",,"nw53ii7","t3_1pwbajk","2026-05-05T00:56:50.271Z",,,,"10","https://www.reddit.com/r/publix/comments/1pwbajk/publix_is_living_off_a_reputation_it_no_longer/nw53ii7/",,"[deleted]",
"Newbie","![gif](giphy|9Bpv0NoXnZQ2c)

I thought you said steamed hams","publix","r/publix","2025-05-16T13:28:15.000Z","comment",,"&lt;div class=""md""&gt;&lt;p&gt;&lt;a href=""https://giphy.com/gifs/9Bpv0NoXnZQ2c"" target=""_blank""&gt;&lt;img src=""https://external-preview.redd.it/YmbBkzhXe_Zt_7FvedTZzYD_oL6O_uKq-KqP-R4wSE4.gif?width=266&amp;height=200&amp;s=860c290af432b1782bda4d735860fa8618e47594"" width=""266"" height=""200""&gt;&lt;/a&gt;&lt;/p&gt;

&lt;p&gt;I thought you said steamed hams&lt;/p&gt;
&lt;/div&gt;","t1_msmels1",,,,,,,"4",,"t1_msiz13x",,"msmels1","t3_1knio1e","2026-05-05T00:56:49.387Z",,,,"13","https://www.reddit.com/r/publix/comments/1knio1e/saint_pete_beach_publix_burns_down_comments_are/msmels1/","t2_m24l32wjl","YachtRockYeti",
,"Carrying charges. ","Costco","r/Costco","2026-03-03T21:52:35.000Z","comment",,"&lt;div class=""md""&gt;&lt;p&gt;Carrying charges. &lt;/p&gt;
&lt;/div&gt;","t1_o8hjiyh",,,,,,,"0",,"t1_o8cfxvj",,"o8hjiyh","t3_1rj7jaa","2026-05-05T00:56:50.073Z",,,,"9","https://www.reddit.com/r/Costco/comments/1rj7jaa/surely_i_cant_be_the_only_one_who_does_the_extra/o8hjiyh/","t2_wiseiqt73","OT_fiddler",
,"I shouldn’t have clicked that with food in my mouth","Costco","r/Costco","2025-05-17T14:12:11.000Z","comment",,"&lt;div class=""md""&gt;&lt;p&gt;I shouldn’t have clicked that with food in my mouth&lt;/p&gt;
&lt;/div&gt;","t1_mssnse3",,,,,,,"1",,"t1_msr3bmy",,"mssnse3","t3_1kokgfa","2026-05-05T00:56:50.215Z",,,,"11","https://www.reddit.com/r/Costco/comments/1kokgfa/my_buddy_got_an_insane_costco_tattoo/mssnse3/","t2_nmsqchqb","AdoreMoi",
,"Hey, it’s my Saturday night at the 'club'.","Costco","r/Costco","2025-07-12T00:14:44.000Z","comment",,"&lt;div class=""md""&gt;&lt;p&gt;Hey, it’s my Saturday night at the &amp;#39;club&amp;#39;.&lt;/p&gt;
&lt;/div&gt;","t1_n2n9ct1",,,,,,,"0",,"t1_n2me6zm",,"n2n9ct1","t3_1lxdcr1","2026-05-05T00:56:49.220Z",,,,"29","https://www.reddit.com/r/Costco/comments/1lxdcr1/im_begging_you_move_out_of_the_way/n2n9ct1/",,"[deleted]",
"Newbie","That is actually in the works","publix","r/publix","2025-12-27T10:14:03.000Z","comment",,"&lt;div class=""md""&gt;&lt;p&gt;That is actually in the works&lt;/p&gt;
&lt;/div&gt;","t1_nw64t8f",,,,,,,"1",,"t1_nw53ii7",,"nw64t8f","t3_1pwbajk","2026-05-05T00:56:50.271Z",,,,"7","https://www.reddit.com/r/publix/comments/1pwbajk/publix_is_living_off_a_reputation_it_no_longer/nw64t8f/","t2_nkhq0mju","Mega-Pints",
,"They feel guilty because they have no intention of actually buying the product they’re sampling… They just wanna pound three or four samples for free.","Costco","r/Costco","2025-07-12T11:36:48.000Z","comment",,"&lt;div class=""md""&gt;&lt;p&gt;They feel guilty because they have no intention of actually buying the product they’re sampling… They just wanna pound three or four samples for free.&lt;/p&gt;
&lt;/div&gt;","t1_n2pnfsm",,,,,,,"0",,"t1_n2m3o4a",,"n2pnfsm","t3_1lxdcr1","2026-05-05T00:56:49.220Z",,,,"7","https://www.reddit.com/r/Costco/comments/1lxdcr1/im_begging_you_move_out_of_the_way/n2pnfsm/","t2_9wsef3un","Possible_Raspberry75",
"Newbie","Doesn't seem that far off.","publix","r/publix","2025-12-26T23:59:06.000Z","comment",,"&lt;div class=""md""&gt;&lt;p&gt;Doesn&amp;#39;t seem that far off.&lt;/p&gt;
&lt;/div&gt;","t1_nw3vxxo",,,,,,,"0",,"t1_nw3u2z1",,"nw3vxxo","t3_1pwbajk","2026-05-05T00:56:50.271Z",,,,"7","https://www.reddit.com/r/publix/comments/1pwbajk/publix_is_living_off_a_reputation_it_no_longer/nw3vxxo/","t2_ha4imz35","Fat-Armadillo6061",
,"Or when the sample attendant says where it is and the taster feels the need to make an excuse why they're not gonna buy it at that point.","Costco","r/Costco","2025-07-12T14:38:02.000Z","comment",,"&lt;div class=""md""&gt;&lt;p&gt;Or when the sample attendant says where it is and the taster feels the need to make an excuse why they&amp;#39;re not gonna buy it at that point.&lt;/p&gt;
&lt;/div&gt;","t1_n2qfwce",,,,,,,"0",,"t1_n2m3o4a",,"n2qfwce","t3_1lxdcr1","2026-05-05T00:56:49.220Z",,,,"5","https://www.reddit.com/r/Costco/comments/1lxdcr1/im_begging_you_move_out_of_the_way/n2qfwce/","t2_4rgxm","arkaycee",
,"I regret it even without food lol","Costco","r/Costco","2025-05-18T03:22:23.000Z","comment",,"&lt;div class=""md""&gt;&lt;p&gt;I regret it even without food lol&lt;/p&gt;
&lt;/div&gt;","t1_mswdt29",,,,,,,"0",,"t1_mssnse3",,"mswdt29","t3_1kokgfa","2026-05-05T00:56:50.215Z",,,,"7","https://www.reddit.com/r/Costco/comments/1kokgfa/my_buddy_got_an_insane_costco_tattoo/mswdt29/",,"[deleted]",
"Newbie","Does anyone remember that old black and white movie about a company town?  Pretty sure it was US based and Hollywood produced, not British.  I watched some of it a long time ago, but it was so dreary and depressing I didn't finish.  I had no idea that there was such a thing and that they existed in the US.  I remember seeing them written about in Victorian literature in the north of England, but somehow don't remember it ever being talked about in any of my history classes in school.","publix","r/publix","2025-12-27T16:08:04.000Z","comment",,"&lt;div class=""md""&gt;&lt;p&gt;Does anyone remember that old black and white movie about a company town?  Pretty sure it was US based and Hollywood produced, not British.  I watched some of it a long time ago, but it was so dreary and depressing I didn&amp;#39;t finish.  I had no idea that there was such a thing and that they existed in the US.  I remember seeing them written about in Victorian literature in the north of England, but somehow don&amp;#39;t remember it ever being talked about in any of my history classes in school.&lt;/p&gt;
&lt;/div&gt;","t1_nw7ik1c",,,,,,,"2",,"t1_nw3u2z1",,"nw7ik1c","t3_1pwbajk","2026-05-05T00:56:50.271Z",,,,"3","https://www.reddit.com/r/publix/comments/1pwbajk/publix_is_living_off_a_reputation_it_no_longer/nw7ik1c/","t2_6064gil6","MuramatsuCherry",
,"Fries lose half their value when you drive off the lot. Must eat them while they're hot! ","Costco","r/Costco","2026-03-04T03:36:44.000Z","comment",,"&lt;div class=""md""&gt;&lt;p&gt;Fries lose half their value when you drive off the lot. Must eat them while they&amp;#39;re hot! &lt;/p&gt;
&lt;/div&gt;","t1_o8j8cyx",,,,,,,"0",,"t1_o8bqcn0",,"o8j8cyx","t3_1rj7jaa","2026-05-05T00:56:50.073Z",,,,"7","https://www.reddit.com/r/Costco/comments/1rj7jaa/surely_i_cant_be_the_only_one_who_does_the_extra/o8j8cyx/","t2_ho376k10","rivenshire",
"Newbie","It might have been The Grapes of Wrath.","publix","r/publix","2025-12-27T19:10:58.000Z","comment",,"&lt;div class=""md""&gt;&lt;p&gt;It might have been The Grapes of Wrath.&lt;/p&gt;
&lt;/div&gt;","t1_nw8itf2",,,,,,,"1",,"t1_nw7ik1c",,"nw8itf2","t3_1pwbajk","2026-05-05T00:56:50.271Z",,,,"3","https://www.reddit.com/r/publix/comments/1pwbajk/publix_is_living_off_a_reputation_it_no_longer/nw8itf2/","t2_a1fh6uyc","AdmirableCommittee47",
,"[removed]","Costco","r/Costco","2025-05-17T19:48:22.000Z","comment",,"&lt;div class=""md""&gt;&lt;p&gt;[removed]&lt;/p&gt;
&lt;/div&gt;","t1_msud9d2",,,,,,,"1",,"t1_msr3bmy",,"msud9d2","t3_1kokgfa","2026-05-05T00:56:50.215Z",,,,"12","https://www.reddit.com/r/Costco/comments/1kokgfa/my_buddy_got_an_insane_costco_tattoo/msud9d2/",,"[deleted]",
,"Car fries are the best fries","Costco","r/Costco","2026-03-03T01:07:28.000Z","comment",,"&lt;div class=""md""&gt;&lt;p&gt;Car fries are the best fries&lt;/p&gt;
&lt;/div&gt;","t1_o8bynig",,,,,,,"4",,"t1_o8bedlu",,"o8bynig","t3_1rj7jaa","2026-05-05T00:56:50.073Z",,,,"78","https://www.reddit.com/r/Costco/comments/1rj7jaa/surely_i_cant_be_the_only_one_who_does_the_extra/o8bynig/","t2_2sktrruw","ThePhatNoodle",
"Newbie","Like Amazon employees","publix","r/publix","2025-12-27T04:44:03.000Z","comment",,"&lt;div class=""md""&gt;&lt;p&gt;Like Amazon employees&lt;/p&gt;
&lt;/div&gt;","t1_nw5405y",,,,,,,"0",,"t1_nw3u2z1",,"nw5405y","t3_1pwbajk","2026-05-05T00:56:50.271Z",,,,"3","https://www.reddit.com/r/publix/comments/1pwbajk/publix_is_living_off_a_reputation_it_no_longer/nw5405y/","t2_kzfd7nhe","M0useGuy",
,"Cooler Bucky origin story","Costco","r/Costco","2025-05-17T13:11:06.000Z","comment",,"&lt;div class=""md""&gt;&lt;p&gt;Cooler Bucky origin story&lt;/p&gt;
&lt;/div&gt;","t1_msse2l5",,,,,,,"0",,"t1_msqv4ku",,"msse2l5","t3_1kokgfa","2026-05-05T00:56:50.215Z",,,,"2","https://www.reddit.com/r/Costco/comments/1kokgfa/my_buddy_got_an_insane_costco_tattoo/msse2l5/","t2_1hu6rsly","Speedhabit",
,"I know. It’s a snack not a meal. Just take one and move aside.","Costco","r/Costco","2025-07-12T00:52:18.000Z","comment",,"&lt;div class=""md""&gt;&lt;p&gt;I know. It’s a snack not a meal. Just take one and move aside.&lt;/p&gt;
&lt;/div&gt;","t1_n2nfj2i",,,,,,,"1",,"t1_n2lq1qc",,"n2nfj2i","t3_1lxdcr1","2026-05-05T00:56:49.220Z",,,,"19","https://www.reddit.com/r/Costco/comments/1lxdcr1/im_begging_you_move_out_of_the_way/n2nfj2i/","t2_8x7rrmb3","FiveUpsideDown",
"Newbie","Seymour the Publix is on fire","publix","r/publix","2025-05-16T16:02:10.000Z","comment",,"&lt;div class=""md""&gt;&lt;p&gt;Seymour the Publix is on fire&lt;/p&gt;
&lt;/div&gt;","t1_msn98gc",,,,,,,"3",,"t1_msmels1",,"msn98gc","t3_1knio1e","2026-05-05T00:56:49.387Z",,,,"11","https://www.reddit.com/r/publix/comments/1knio1e/saint_pete_beach_publix_burns_down_comments_are/msn98gc/","t2_6oj0nl9n","IceJKING108",
"Newbie","Combines with the Regan era union busting and massively failed econmic policy.","publix","r/publix","2025-12-27T00:46:35.000Z","comment",,"&lt;div class=""md""&gt;&lt;p&gt;Combines with the Regan era union busting and massively failed econmic policy.&lt;/p&gt;
&lt;/div&gt;","t1_nw43w3r",,,,,,,"1",,"t1_nw30hrj",,"nw43w3r","t3_1pwbajk","2026-05-05T00:56:50.271Z",,,,"6","https://www.reddit.com/r/publix/comments/1pwbajk/publix_is_living_off_a_reputation_it_no_longer/nw43w3r/","t2_3qcm1kd","Kitalahara",
,"https://preview.redd.it/c1aye4tmlqmg1.jpeg?width=1080&amp;format=pjpg&amp;auto=webp&amp;s=baef3f3f08d5e58e1e020ac5901438c1e72d1b6f

hehehe","Costco","r/Costco","2026-03-03T01:57:42.000Z","comment",,"&lt;div class=""md""&gt;&lt;p&gt;&lt;a href=""https://preview.redd.it/c1aye4tmlqmg1.jpeg?width=1080&amp;amp;format=pjpg&amp;amp;auto=webp&amp;amp;s=baef3f3f08d5e58e1e020ac5901438c1e72d1b6f""&gt;https://preview.redd.it/c1aye4tmlqmg1.jpeg?width=1080&amp;amp;format=pjpg&amp;amp;auto=webp&amp;amp;s=baef3f3f08d5e58e1e020ac5901438c1e72d1b6f&lt;/a&gt;&lt;/p&gt;

&lt;p&gt;hehehe&lt;/p&gt;
&lt;/div&gt;","t1_o8c75ow",,,,,,,"2",,"t1_o8bynig",,"o8c75ow","t3_1rj7jaa","2026-05-05T00:56:50.073Z",,,,"205","https://www.reddit.com/r/Costco/comments/1rj7jaa/surely_i_cant_be_the_only_one_who_does_the_extra/o8c75ow/","t2_dtj3er3l","evaintheus",
,"It's so embarrassing. That's why I don't even stop.","Costco","r/Costco","2025-07-11T20:58:18.000Z","comment",,"&lt;div class=""md""&gt;&lt;p&gt;It&amp;#39;s so embarrassing. That&amp;#39;s why I don&amp;#39;t even stop.&lt;/p&gt;
&lt;/div&gt;","t1_n2m9w84",,,,,,,"0",,"t1_n2lq1qc",,"n2m9w84","t3_1lxdcr1","2026-05-05T00:56:49.220Z",,,,"32","https://www.reddit.com/r/Costco/comments/1lxdcr1/im_begging_you_move_out_of_the_way/n2m9w84/","t2_1t4zzlou0c","AmputeeHandModel",
"Newbie","Legitimate tears of laughter for having read it in her voice. Take my upvote.","publix","r/publix","2025-05-16T16:07:41.000Z","comment",,"&lt;div class=""md""&gt;&lt;p&gt;Legitimate tears of laughter for having read it in her voice. Take my upvote.&lt;/p&gt;
&lt;/div&gt;","t1_msnacmh",,,,,,,"0",,"t1_msn98gc",,"msnacmh","t3_1knio1e","2026-05-05T00:56:49.387Z",,,,"6","https://www.reddit.com/r/publix/comments/1knio1e/saint_pete_beach_publix_burns_down_comments_are/msnacmh/","t2_m24l32wjl","YachtRockYeti",
,"Yeah, until then that patch of flesh would barely be worth harvesting.","Costco","r/Costco","2025-05-17T12:15:39.000Z","comment",,"&lt;div class=""md""&gt;&lt;p&gt;Yeah, until then that patch of flesh would barely be worth harvesting.&lt;/p&gt;
&lt;/div&gt;","t1_mss667a",,,,,,,"0",,"t1_msqtxua",,"mss667a","t3_1kokgfa","2026-05-05T00:56:50.215Z",,,,"3","https://www.reddit.com/r/Costco/comments/1kokgfa/my_buddy_got_an_insane_costco_tattoo/mss667a/",,"[deleted]",
"Newbie","Reagan or Clinton...... it never fails everything that's gone wrong always traces back to those two 🤦🏾‍♂️😑😒","publix","r/publix","2025-12-28T04:21:56.000Z","comment",,"&lt;div class=""md""&gt;&lt;p&gt;Reagan or Clinton...... it never fails everything that&amp;#39;s gone wrong always traces back to those two 🤦🏾‍♂️😑😒&lt;/p&gt;
&lt;/div&gt;","t1_nwb7tl0",,,,,,,"0",,"t1_nw30hrj",,"nwb7tl0","t3_1pwbajk","2026-05-05T00:56:50.271Z",,,,"2","https://www.reddit.com/r/publix/comments/1pwbajk/publix_is_living_off_a_reputation_it_no_longer/nwb7tl0/","t2_cgi33cfa","Realistic_Knee5692",
"Newbie","THIS!

BOTTOMLINE!  

Can’t blame ANYONE but yourself when it comes to being loyal to those who are not loyal to you.","publix","r/publix","2025-12-26T18:43:13.000Z","comment",,"&lt;div class=""md""&gt;&lt;p&gt;THIS!&lt;/p&gt;

&lt;p&gt;BOTTOMLINE!  &lt;/p&gt;

&lt;p&gt;Can’t blame ANYONE but yourself when it comes to being loyal to those who are not loyal to you.&lt;/p&gt;
&lt;/div&gt;","t1_nw2b4oo",,,,,,,"1",,"t1_nw2a0l6",,"nw2b4oo","t3_1pwbajk","2026-05-05T00:56:50.271Z",,,,"155","https://www.reddit.com/r/publix/comments/1pwbajk/publix_is_living_off_a_reputation_it_no_longer/nw2b4oo/","t2_stcs2yap","TheLeoMrs",
,"Let's assume he's got 2 arms. Back to the tattoo shop!","Costco","r/Costco","2025-05-17T11:32:21.000Z","comment",,"&lt;div class=""md""&gt;&lt;p&gt;Let&amp;#39;s assume he&amp;#39;s got 2 arms. Back to the tattoo shop!&lt;/p&gt;
&lt;/div&gt;","t1_mss0oqd",,,,,,,"1",,"t1_msqtew5",,"mss0oqd","t3_1kokgfa","2026-05-05T00:56:50.215Z",,,,"12","https://www.reddit.com/r/Costco/comments/1kokgfa/my_buddy_got_an_insane_costco_tattoo/mss0oqd/","t2_5cpmh","ButtNuster",
"Newbie","No Mother, that's just the northern lights","publix","r/publix","2025-05-16T21:44:14.000Z","comment",,"&lt;div class=""md""&gt;&lt;p&gt;No Mother, that&amp;#39;s just the northern lights&lt;/p&gt;
&lt;/div&gt;","t1_msp555s",,,,,,,"0",,"t1_msn98gc",,"msp555s","t3_1knio1e","2026-05-05T00:56:49.387Z",,,,"5","https://www.reddit.com/r/publix/comments/1knio1e/saint_pete_beach_publix_burns_down_comments_are/msp555s/","t2_e01k0qw4","Feisty_Fall_1575",
,"I want to be the car fires just so I can look up at this magnificent bweest before i get chomp","Costco","r/Costco","2026-03-03T03:18:51.000Z","comment",,"&lt;div class=""md""&gt;&lt;p&gt;I want to be the car fires just so I can look up at this magnificent bweest before i get chomp&lt;/p&gt;
&lt;/div&gt;","t1_o8cknbx",,,,,,,"0",,"t1_o8c75ow",,"o8cknbx","t3_1rj7jaa","2026-05-05T00:56:50.073Z",,,,"15","https://www.reddit.com/r/Costco/comments/1rj7jaa/surely_i_cant_be_the_only_one_who_does_the_extra/o8cknbx/","t2_nu3hvtcb","Scokan",
"Customer","""I KNOW MOTHER!""","publix","r/publix","2025-05-16T16:11:32.000Z","comment",,"&lt;div class=""md""&gt;&lt;p&gt;&amp;quot;I KNOW MOTHER!&amp;quot;&lt;/p&gt;
&lt;/div&gt;","t1_msnb51v",,,,,,,"0",,"t1_msn98gc",,"msnb51v","t3_1knio1e","2026-05-05T00:56:49.387Z",,,,"2","https://www.reddit.com/r/publix/comments/1knio1e/saint_pete_beach_publix_burns_down_comments_are/msnb51v/","t2_dwm50","deadmallsanita",
,"[deleted]","Costco","r/Costco","2025-05-17T13:55:21.000Z","comment",,"&lt;div class=""md""&gt;&lt;p&gt;[deleted]&lt;/p&gt;
&lt;/div&gt;","t1_msskzb2",,,,,,,"1",,"t1_mss0oqd",,"msskzb2","t3_1kokgfa","2026-05-05T00:56:50.215Z",,,,"8","https://www.reddit.com/r/Costco/comments/1kokgfa/my_buddy_got_an_insane_costco_tattoo/msskzb2/",,"[deleted]",
"Newbie","https://preview.redd.it/fbvbdskaz61f1.png?width=1156&amp;format=png&amp;auto=webp&amp;s=a4663fa533a0b1c53db1a7c6e34250be7c4edb95","publix","r/publix","2025-05-16T19:03:05.000Z","comment",,"&lt;div class=""md""&gt;&lt;p&gt;&lt;a href=""https://preview.redd.it/fbvbdskaz61f1.png?width=1156&amp;amp;format=png&amp;amp;auto=webp&amp;amp;s=a4663fa533a0b1c53db1a7c6e34250be7c4edb95""&gt;https://preview.redd.it/fbvbdskaz61f1.png?width=1156&amp;amp;format=png&amp;amp;auto=webp&amp;amp;s=a4663fa533a0b1c53db1a7c6e34250be7c4edb95&lt;/a&gt;&lt;/p&gt;
&lt;/div&gt;","t1_mso9wub",,,,,,,"1",,"t1_msmels1",,"mso9wub","t3_1knio1e","2026-05-05T00:56:49.387Z",,,,"4","https://www.reddit.com/r/publix/comments/1knio1e/saint_pete_beach_publix_burns_down_comments_are/mso9wub/","t2_h6tbwgcp7","Moondoobious",
,"Bagglers. Stragglers that fall out into the bottom of the bag. Bagglers are fair game for the driver, if they’re bringing you food they get bagglers for their efforts!!","Costco","r/Costco","2026-03-03T16:13:55.000Z","comment",,"&lt;div class=""md""&gt;&lt;p&gt;Bagglers. Stragglers that fall out into the bottom of the bag. Bagglers are fair game for the driver, if they’re bringing you food they get bagglers for their efforts!!&lt;/p&gt;
&lt;/div&gt;","t1_o8fjok7",,,,,,,"1",,"t1_o8bynig",,"o8fjok7","t3_1rj7jaa","2026-05-05T00:56:50.073Z",,,,"9","https://www.reddit.com/r/Costco/comments/1rj7jaa/surely_i_cant_be_the_only_one_who_does_the_extra/o8fjok7/","t2_152pfs","KassieMac",
"Newbie","Yeah f the 2wks notice they don't give you notice before they let you go","publix","r/publix","2025-12-26T20:27:05.000Z","comment",,"&lt;div class=""md""&gt;&lt;p&gt;Yeah f the 2wks notice they don&amp;#39;t give you notice before they let you go&lt;/p&gt;
&lt;/div&gt;","t1_nw2ug0o",,,,,,,"0",,"t1_nw2a0l6",,"nw2ug0o","t3_1pwbajk","2026-05-05T00:56:50.271Z",,,,"12","https://www.reddit.com/r/publix/comments/1pwbajk/publix_is_living_off_a_reputation_it_no_longer/nw2ug0o/","t2_vcgl0mvb","WideRisk7495",
,"Time to shave a butt cheek.","Costco","r/Costco","2025-05-17T14:04:43.000Z","comment",,"&lt;div class=""md""&gt;&lt;p&gt;Time to shave a butt cheek.&lt;/p&gt;
&lt;/div&gt;","t1_mssmidh",,,,,,,"0",,"t1_msskzb2",,"mssmidh","t3_1kokgfa","2026-05-05T00:56:50.215Z",,,,"4","https://www.reddit.com/r/Costco/comments/1kokgfa/my_buddy_got_an_insane_costco_tattoo/mssmidh/","t2_5cpmh","ButtNuster",
,"I wish Chick-fil-A fries could make it home, but mine never do.","Costco","r/Costco","2026-03-03T01:43:40.000Z","comment",,"&lt;div class=""md""&gt;&lt;p&gt;I wish Chick-fil-A fries could make it home, but mine never do.&lt;/p&gt;
&lt;/div&gt;","t1_o8c4sah",,,,,,,"0",,"t1_o8bynig",,"o8c4sah","t3_1rj7jaa","2026-05-05T00:56:50.073Z",,,,"6","https://www.reddit.com/r/Costco/comments/1rj7jaa/surely_i_cant_be_the_only_one_who_does_the_extra/o8c4sah/","t2_3inawwn5","GmaninMS",
"Produce","&gt;Taking care of your employees used to be a philosophy for a lot of companies

I hate to be a buzzkill but this is romanticizing the past and it's just not true. Companies have always taken advantage of their employees for profit. Only government regulation (minimum wage, safe workspaces, requiring companies to pay in dollars instead of company scrip) prevents companies from killing you for profit.","publix","r/publix","2025-12-26T19:43:50.000Z","comment",,"&lt;div class=""md""&gt;&lt;blockquote&gt;
&lt;p&gt;Taking care of your employees used to be a philosophy for a lot of companies&lt;/p&gt;
&lt;/blockquote&gt;

&lt;p&gt;I hate to be a buzzkill but this is romanticizing the past and it&amp;#39;s just not true. Companies have always taken advantage of their employees for profit. Only government regulation (minimum wage, safe workspaces, requiring companies to pay in dollars instead of company scrip) prevents companies from killing you for profit.&lt;/p&gt;
&lt;/div&gt;","t1_nw2mkc0",,,,,,,"7",,"t1_nw2a0l6",,"nw2mkc0","t3_1pwbajk","2026-05-05T00:56:50.271Z",,,,"48","https://www.reddit.com/r/publix/comments/1pwbajk/publix_is_living_off_a_reputation_it_no_longer/nw2mkc0/","t2_5p1ltmws","WouldbeWanderer",
,"Its the devil's bakers dozen.","Costco","r/Costco","2026-03-02T23:09:56.000Z","comment",,"&lt;div class=""md""&gt;&lt;p&gt;Its the devil&amp;#39;s bakers dozen.&lt;/p&gt;
&lt;/div&gt;","t1_o8be0rw",,,,,,,"0",,"t1_o8b9qez",,"o8be0rw","t3_1rj7jaa","2026-05-05T00:56:50.073Z",,,,"22","https://www.reddit.com/r/Costco/comments/1rj7jaa/surely_i_cant_be_the_only_one_who_does_the_extra/o8be0rw/","t2_ct4rr","Vyce223",
,"Expansion gap.","Costco","r/Costco","2026-03-02T22:48:40.000Z","comment",,"&lt;div class=""md""&gt;&lt;p&gt;Expansion gap.&lt;/p&gt;
&lt;/div&gt;","t1_o8ba20l",,,,,,,"2",,"t1_o8b9qez",,"o8ba20l","t3_1rj7jaa","2026-05-05T00:56:50.073Z",,,,"21","https://www.reddit.com/r/Costco/comments/1rj7jaa/surely_i_cant_be_the_only_one_who_does_the_extra/o8ba20l/","t2_eey3xfb6","holidayoffools",
"Customer","This would be my last day as a Publix customer, if I saw this. ",,"r/publix","2025-11-01T18:06:39.000Z","post","DISCUSSION","&lt;!-- SC_OFF --&gt;&lt;div class=""md""&gt;&lt;p&gt;This would be my last day as a Publix customer, if I saw this. &lt;/p&gt;
&lt;/div&gt;&lt;!-- SC_ON --&gt;","t3_1olumg9","https://i.redd.it/n47zsqoaroyf1.jpeg",,"false","false","https://i.redd.it/n47zsqoaroyf1.jpeg","241",,"false",,"publix","1olumg9",,"2026-05-05T00:56:54.381Z","https://b.thumbs.redditmedia.com/NHIWOclaQRLST4i0Ub7a74W4SiSpC6yhp4oQ288sDdg.jpg","Repost: Location in Florida unknown.","0.93","4124","https://www.reddit.com/r/publix/comments/1olumg9/repost_location_in_florida_unknown/","t2_8u7vs5p","JayGatsby52",
"Moderator","Comments are now locked and will stay that way due to multiple breaks of rule two and for several other comments alluding to committing acts of violence against others with guns, which is not tolerated in this sub.","publix","r/publix","2025-11-01T20:06:39.000Z","comment",,"&lt;div class=""md""&gt;&lt;p&gt;Comments are now locked and will stay that way due to multiple breaks of rule two and for several other comments alluding to committing acts of violence against others with guns, which is not tolerated in this sub.&lt;/p&gt;
&lt;/div&gt;","t1_nml64vk",,,,,,,"0",,"t3_1olumg9",,"nml64vk","t3_1olumg9","2026-05-05T00:56:54.488Z",,,,"1","https://www.reddit.com/r/publix/comments/1olumg9/repost_location_in_florida_unknown/nml64vk/","t2_7ho2jo3y","Heckinggoodgirl",
"Newbie","someone like that is just looking for attention, give them none.","publix","r/publix","2025-11-01T18:12:53.000Z","comment",,"&lt;div class=""md""&gt;&lt;p&gt;someone like that is just looking for attention, give them none.&lt;/p&gt;
&lt;/div&gt;","t1_nmkkm3v",,,,,,,"5",,"t3_1olumg9",,"nmkkm3v","t3_1olumg9","2026-05-05T00:56:54.488Z",,,,"813","https://www.reddit.com/r/publix/comments/1olumg9/repost_location_in_florida_unknown/nmkkm3v/","t2_1imvnu0y","akabuddy",
"Newbie","He’s definitely the Call of Duty type and drives some ridiculous type of car with nitro and tinted neon.  Born with money and privilege will never see a day of hard work or actual combat in his life.  Possible incel, definitely wants attention and someone to pick a fight with him.   

He’s just looking for an excuse to pull the trigger then claim he’s the victim, hide behind the flag and wait for some right winger with a podcast to swoop up, lawyer up and protect him.","publix","r/publix","2025-11-01T19:08:18.000Z","comment",,"&lt;div class=""md""&gt;&lt;p&gt;He’s definitely the Call of Duty type and drives some ridiculous type of car with nitro and tinted neon.  Born with money and privilege will never see a day of hard work or actual combat in his life.  Possible incel, definitely wants attention and someone to pick a fight with him.   &lt;/p&gt;

&lt;p&gt;He’s just looking for an excuse to pull the trigger then claim he’s the victim, hide behind the flag and wait for some right winger with a podcast to swoop up, lawyer up and protect him.&lt;/p&gt;
&lt;/div&gt;","t1_nmkv96q",,,,,,,"3",,"t1_nmkkm3v",,"nmkv96q","t3_1olumg9","2026-05-05T00:56:54.488Z",,,,"245","https://www.reddit.com/r/publix/comments/1olumg9/repost_location_in_florida_unknown/nmkv96q/","t2_duievlpl","ssgkle97",
"Newbie","Discord nitro or nitrous oxide im thinking the first one no way he'd have the knowledge to install that safely","publix","r/publix","2025-11-01T19:29:43.000Z","comment",,"&lt;div class=""md""&gt;&lt;p&gt;Discord nitro or nitrous oxide im thinking the first one no way he&amp;#39;d have the knowledge to install that safely&lt;/p&gt;
&lt;/div&gt;","t1_nmkzauc",,,,,,,"0",,"t1_nmkv96q",,"nmkzauc","t3_1olumg9","2026-05-05T00:56:54.488Z",,,,"40","https://www.reddit.com/r/publix/comments/1olumg9/repost_location_in_florida_unknown/nmkzauc/","t2_78in1xb7","Active-Device-4507",
"Newbie","There has been a picture going around of someone on a bike who looks just like him. I wouldn’t be surprised if it’s the same one.","publix","r/publix","2025-11-01T19:37:31.000Z","comment",,"&lt;div class=""md""&gt;&lt;p&gt;There has been a picture going around of someone on a bike who looks just like him. I wouldn’t be surprised if it’s the same one.&lt;/p&gt;
&lt;/div&gt;","t1_nml0rcn",,,,,,,"1",,"t1_nmkv96q",,"nml0rcn","t3_1olumg9","2026-05-05T00:56:54.488Z",,,,"18","https://www.reddit.com/r/publix/comments/1olumg9/repost_location_in_florida_unknown/nml0rcn/","t2_8kwjd9uo","Neat_Cake_894",
"Newbie","Forgive my ignorance - bike as in bicycle or motorcycle (Harley v Crotch Rocket).  And thank you.","publix","r/publix","2025-11-01T19:50:39.000Z","comment",,"&lt;div class=""md""&gt;&lt;p&gt;Forgive my ignorance - bike as in bicycle or motorcycle (Harley v Crotch Rocket).  And thank you.&lt;/p&gt;
&lt;/div&gt;","t1_nml36l5",,,,,,,"1",,"t1_nml0rcn",,"nml36l5","t3_1olumg9","2026-05-05T00:56:54.488Z",,,,"10","https://www.reddit.com/r/publix/comments/1olumg9/repost_location_in_florida_unknown/nml36l5/","t2_duievlpl","ssgkle97",
"Newbie","Motorcycle","publix","r/publix","2025-11-01T19:50:58.000Z","comment",,"&lt;div class=""md""&gt;&lt;p&gt;Motorcycle&lt;/p&gt;
&lt;/div&gt;","t1_nml38nr",,,,,,,"0",,"t1_nml36l5",,"nml38nr","t3_1olumg9","2026-05-05T00:56:54.488Z",,,,"9","https://www.reddit.com/r/publix/comments/1olumg9/repost_location_in_florida_unknown/nml38nr/","t2_8kwjd9uo","Neat_Cake_894",
"Newbie","And start a go fund me for him.","publix","r/publix","2025-11-01T19:24:33.000Z","comment",,"&lt;div class=""md""&gt;&lt;p&gt;And start a go fund me for him.&lt;/p&gt;
&lt;/div&gt;","t1_nmkybn0",,,,,,,"1",,"t1_nmkv96q",,"nmkybn0","t3_1olumg9","2026-05-05T00:56:54.488Z",,,,"3","https://www.reddit.com/r/publix/comments/1olumg9/repost_location_in_florida_unknown/nmkybn0/","t2_11kyo3x6w0","spareloo",
"Newbie","He wants to be the next Kyle Rittenhouse.","publix","r/publix","2025-11-01T19:27:58.000Z","comment",,"&lt;div class=""md""&gt;&lt;p&gt;He wants to be the next Kyle Rittenhouse.&lt;/p&gt;
&lt;/div&gt;","t1_nmkyz0i",,,,,,,"1",,"t1_nmkybn0",,"nmkyz0i","t3_1olumg9","2026-05-05T00:56:54.488Z",,,,"21","https://www.reddit.com/r/publix/comments/1olumg9/repost_location_in_florida_unknown/nmkyz0i/","t2_duievlpl","ssgkle97",
"Newbie","Imagine being so full of fear that you need a gun to go to Publix.","publix","r/publix","2025-11-01T19:40:42.000Z","comment",,"&lt;div class=""md""&gt;&lt;p&gt;Imagine being so full of fear that you need a gun to go to Publix.&lt;/p&gt;
&lt;/div&gt;","t1_nml1cn3",,,,,,,"1",,"t1_nmkkm3v",,"nml1cn3","t3_1olumg9","2026-05-05T00:56:54.488Z",,,,"66","https://www.reddit.com/r/publix/comments/1olumg9/repost_location_in_florida_unknown/nml1cn3/","t2_obgkvqud","AncientPCGuy",
"Newbie","I doubt that is done in fear. It is attention seeking.","publix","r/publix","2025-11-01T19:53:44.000Z","comment",,"&lt;div class=""md""&gt;&lt;p&gt;I doubt that is done in fear. It is attention seeking.&lt;/p&gt;
&lt;/div&gt;","t1_nml3r17",,,,,,,"0",,"t1_nml1cn3",,"nml3r17","t3_1olumg9","2026-05-05T00:56:54.488Z",,,,"68","https://www.reddit.com/r/publix/comments/1olumg9/repost_location_in_florida_unknown/nml3r17/","t2_1imvnu0y","akabuddy",
,"[removed]","publix","r/publix","2025-11-01T18:28:13.000Z","comment",,"&lt;div class=""md""&gt;&lt;p&gt;[removed]&lt;/p&gt;
&lt;/div&gt;","t1_nmknllh",,,,,,,"7",,"t1_nmkkm3v",,"nmknllh","t3_1olumg9","2026-05-05T00:56:54.488Z",,,,"7","https://www.reddit.com/r/publix/comments/1olumg9/repost_location_in_florida_unknown/nmknllh/",,"[deleted]",
"Newbie","He's clearly compensating","publix","r/publix","2025-11-01T19:05:45.000Z","comment",,"&lt;div class=""md""&gt;&lt;p&gt;He&amp;#39;s clearly compensating&lt;/p&gt;
&lt;/div&gt;","t1_nmkurlc",,,,,,,"0",,"t1_nmknllh",,"nmkurlc","t3_1olumg9","2026-05-05T00:56:54.488Z",,,,"31","https://www.reddit.com/r/publix/comments/1olumg9/repost_location_in_florida_unknown/nmkurlc/","t2_23l2xqfv","TheTank_34",
,"[removed]","publix","r/publix","2025-11-01T18:38:41.000Z","comment",,"&lt;div class=""md""&gt;&lt;p&gt;[removed]&lt;/p&gt;
&lt;/div&gt;","t1_nmkpkj2",,,,,,,"0",,"t1_nmknllh",,"nmkpkj2","t3_1olumg9","2026-05-05T00:56:54.488Z",,,,"19","https://www.reddit.com/r/publix/comments/1olumg9/repost_location_in_florida_unknown/nmkpkj2/",,"[deleted]",
"Newbie","Keeping things civil is one of this subs rules. It appears you need a little reminder.","publix","r/publix","2025-11-01T19:53:35.000Z","comment",,"&lt;div class=""md""&gt;&lt;p&gt;Keeping things civil is one of this subs rules. It appears you need a little reminder.&lt;/p&gt;
&lt;/div&gt;","t1_nml3q2k",,,,,,,"0",,"t1_nmknllh",,"nml3q2k","t3_1olumg9","2026-05-05T00:56:54.488Z",,,,"4","https://www.reddit.com/r/publix/comments/1olumg9/repost_location_in_florida_unknown/nml3q2k/","t2_so4mz0pr","publix-ModTeam",
"Customer","Images:
	https://preview.redd.it/1fx66dmvmkjf1.jpeg?auto=webp&amp;s=232ebdb784809c1708830f6e1b83be7276f9a1b8
",,"r/publix","2025-08-17T12:13:13.000Z","post","MEME","Images:
	https://preview.redd.it/1fx66dmvmkjf1.jpeg?auto=webp&amp;s=232ebdb784809c1708830f6e1b83be7276f9a1b8
","t3_1mspaw9","https://i.redd.it/1fx66dmvmkjf1.jpeg",,"false","false","https://i.redd.it/1fx66dmvmkjf1.jpeg","293",,"false",,"publix","1mspaw9",,"2026-05-05T00:56:58.080Z","https://b.thumbs.redditmedia.com/5wAJmLvFv3oLdh9ZxG10i6KwWMDdxlCPBFYmWGY74xI.jpg","True or False?","0.97","3740","https://www.reddit.com/r/publix/comments/1mspaw9/true_or_false/","t2_8z0eh20h","Djxgam1ng",
"Retired","I would change the Publix picture to the oldest person possible","publix","r/publix","2025-08-17T12:20:57.000Z","comment",,"&lt;div class=""md""&gt;&lt;p&gt;I would change the Publix picture to the oldest person possible&lt;/p&gt;
&lt;/div&gt;","t1_n95zcbf",,,,,,,"11",,"t3_1mspaw9",,"n95zcbf","t3_1mspaw9","2026-05-05T00:56:58.190Z",,,,"486","https://www.reddit.com/r/publix/comments/1mspaw9/true_or_false/n95zcbf/","t2_3coc1mjz","HA1LSANTA666",
"Newbie","Same.","publix","r/publix","2025-08-17T12:34:21.000Z","comment",,"&lt;div class=""md""&gt;&lt;p&gt;Same.&lt;/p&gt;
&lt;/div&gt;","t1_n9618wu",,,,,,,"0",,"t1_n95zcbf",,"n9618wu","t3_1mspaw9","2026-05-05T00:56:58.190Z",,,,"41","https://www.reddit.com/r/publix/comments/1mspaw9/true_or_false/n9618wu/","t2_13hxkm34","Chopimatics",
"Customer Service","Agreed. I would know. I work there 😐","publix","r/publix","2025-08-17T19:51:39.000Z","comment",,"&lt;div class=""md""&gt;&lt;p&gt;Agreed. I would know. I work there 😐&lt;/p&gt;
&lt;/div&gt;","t1_n98c1rz",,,,,,,"0",,"t1_n95zcbf",,"n98c1rz","t3_1mspaw9","2026-05-05T00:56:58.190Z",,,,"21","https://www.reddit.com/r/publix/comments/1mspaw9/true_or_false/n98c1rz/","t2_vh0g3y3c","AdSeveral5127",
"Newbie","You’re not kidding. I had to pop in for few things during the day on a weekday and I felt like the Flash. I’m pretty sure the elderly person I passed in the bakery was just getting to the Deli by the time I hit checkout.","publix","r/publix","2025-08-18T03:20:23.000Z","comment",,"&lt;div class=""md""&gt;&lt;p&gt;You’re not kidding. I had to pop in for few things during the day on a weekday and I felt like the Flash. I’m pretty sure the elderly person I passed in the bakery was just getting to the Deli by the time I hit checkout.&lt;/p&gt;
&lt;/div&gt;","t1_n9afcb2",,,,,,,"2",,"t1_n95zcbf",,"n9afcb2","t3_1mspaw9","2026-05-05T00:56:58.190Z",,,,"15","https://www.reddit.com/r/publix/comments/1mspaw9/true_or_false/n9afcb2/","t2_6hfub","jrm2003",
"Retired","There’s three stores within a couple minutes in my house, I drive past one all the time because it’s one of the smaller stores in the aisles are super tight, it’s impossible to navigate due to all the old people clogging  the aisles. The parking lot it also very cramped and must test fate walking passed all the grand marquis blindly backing out of the handicap spots","publix","r/publix","2025-08-18T11:49:25.000Z","comment",,"&lt;div class=""md""&gt;&lt;p&gt;There’s three stores within a couple minutes in my house, I drive past one all the time because it’s one of the smaller stores in the aisles are super tight, it’s impossible to navigate due to all the old people clogging  the aisles. The parking lot it also very cramped and must test fate walking passed all the grand marquis blindly backing out of the handicap spots&lt;/p&gt;
&lt;/div&gt;","t1_n9c0cp0",,,,,,,"1",,"t1_n9afcb2",,"n9c0cp0","t3_1mspaw9","2026-05-05T00:56:58.190Z",,,,"7","https://www.reddit.com/r/publix/comments/1mspaw9/true_or_false/n9c0cp0/","t2_3coc1mjz","HA1LSANTA666",
,"Taking five hours at the deli meats “ no I said thin!”","publix","r/publix","2025-08-18T11:37:06.000Z","comment",,"&lt;div class=""md""&gt;&lt;p&gt;Taking five hours at the deli meats “ no I said thin!”&lt;/p&gt;
&lt;/div&gt;","t1_n9bynfv",,,,,,,"2",,"t1_n95zcbf",,"n9bynfv","t3_1mspaw9","2026-05-05T00:56:58.190Z",,,,"5","https://www.reddit.com/r/publix/comments/1mspaw9/true_or_false/n9bynfv/",,"[deleted]",
"Retired","I quit Publix in 2012, but I still have nightmares about slicing ham for crazy old ladies","publix","r/publix","2025-08-18T11:56:58.000Z","comment",,"&lt;div class=""md""&gt;&lt;p&gt;I quit Publix in 2012, but I still have nightmares about slicing ham for crazy old ladies&lt;/p&gt;
&lt;/div&gt;","t1_n9c1g0u",,,,,,,"2",,"t1_n9bynfv",,"n9c1g0u","t3_1mspaw9","2026-05-05T00:56:58.190Z",,,,"6","https://www.reddit.com/r/publix/comments/1mspaw9/true_or_false/n9c1g0u/","t2_3coc1mjz","HA1LSANTA666",
"Newbie","Great band name. 

*Sliced Ham and The Crazy Old Ladies*","publix","r/publix","2025-08-19T02:15:12.000Z","comment",,"&lt;div class=""md""&gt;&lt;p&gt;Great band name. &lt;/p&gt;

&lt;p&gt;&lt;em&gt;Sliced Ham and The Crazy Old Ladies&lt;/em&gt;&lt;/p&gt;
&lt;/div&gt;","t1_n9gkyt2",,,,,,,"1",,"t1_n9c1g0u",,"n9gkyt2","t3_1mspaw9","2026-05-05T00:56:58.190Z",,,,"5","https://www.reddit.com/r/publix/comments/1mspaw9/true_or_false/n9gkyt2/","t2_w7fm15wq","The_Fed_Is_a_Lie",
"Meat","Not true at my store.  The elderly are not majority age. It’s families with children at my store.","publix","r/publix","2025-08-17T14:45:59.000Z","comment",,"&lt;div class=""md""&gt;&lt;p&gt;Not true at my store.  The elderly are not majority age. It’s families with children at my store.&lt;/p&gt;
&lt;/div&gt;","t1_n96nntw",,,,,,,"2",,"t1_n95zcbf",,"n96nntw","t3_1mspaw9","2026-05-05T00:56:58.190Z",,,,"12","https://www.reddit.com/r/publix/comments/1mspaw9/true_or_false/n96nntw/","t2_138hfklz","bamagurl06",
"Newbie","It's funny you say that cause in my area it's rare to even see children at Publix in general, let alone whole families. Definitely lots of elders though","publix","r/publix","2025-08-18T05:15:00.000Z","comment",,"&lt;div class=""md""&gt;&lt;p&gt;It&amp;#39;s funny you say that cause in my area it&amp;#39;s rare to even see children at Publix in general, let alone whole families. Definitely lots of elders though&lt;/p&gt;
&lt;/div&gt;","t1_n9atqho",,,,,,,"1",,"t1_n96nntw",,"n9atqho","t3_1mspaw9","2026-05-05T00:56:58.190Z",,,,"5","https://www.reddit.com/r/publix/comments/1mspaw9/true_or_false/n9atqho/","t2_i30zrxx5","FairChampionship8625",
"Newbie","You don't see the kids because regardless of the age, they are sitting in the carts with their tablets.  I swear I think there is an epidemic of children who can't walk.

We saw a buggy with a kid sleeping in it, no one around.  We go over to make sure he's ok, his parents were around the next aisle.  The kid was 8 or 9ish.  I'm not talking about toddlers.","publix","r/publix","2025-08-19T15:52:36.000Z","comment",,"&lt;div class=""md""&gt;&lt;p&gt;You don&amp;#39;t see the kids because regardless of the age, they are sitting in the carts with their tablets.  I swear I think there is an epidemic of children who can&amp;#39;t walk.&lt;/p&gt;

&lt;p&gt;We saw a buggy with a kid sleeping in it, no one around.  We go over to make sure he&amp;#39;s ok, his parents were around the next aisle.  The kid was 8 or 9ish.  I&amp;#39;m not talking about toddlers.&lt;/p&gt;
&lt;/div&gt;","t1_n9jrgm3",,,,,,,"0",,"t1_n9atqho",,"n9jrgm3","t3_1mspaw9","2026-05-05T00:56:58.190Z",,,,"2","https://www.reddit.com/r/publix/comments/1mspaw9/true_or_false/n9jrgm3/","t2_l225m","SaintMaya",
"Newbie","I just realized I don’t remember the last time I saw someone at Publix that wasn’t an elderly person or a young professional.","publix","r/publix","2025-08-17T18:53:14.000Z","comment",,"&lt;div class=""md""&gt;&lt;p&gt;I just realized I don’t remember the last time I saw someone at Publix that wasn’t an elderly person or a young professional.&lt;/p&gt;
&lt;/div&gt;","t1_n980yyl",,,,,,,"0",,"t1_n96nntw",,"n980yyl","t3_1mspaw9","2026-05-05T00:56:58.190Z",,,,"8","https://www.reddit.com/r/publix/comments/1mspaw9/true_or_false/n980yyl/","t2_17mpvq8q","TheWalkingDead91",
"Newbie","Mostly in the morning, if you go in the afternoon all the elderly are already asleep at their homes...","publix","r/publix","2025-08-18T16:09:30.000Z","comment",,"&lt;div class=""md""&gt;&lt;p&gt;Mostly in the morning, if you go in the afternoon all the elderly are already asleep at their homes...&lt;/p&gt;
&lt;/div&gt;","t1_n9dc3hw",,,,,,,"0",,"t1_n95zcbf",,"n9dc3hw","t3_1mspaw9","2026-05-05T00:56:58.190Z",,,,"2","https://www.reddit.com/r/publix/comments/1mspaw9/true_or_false/n9dc3hw/","t2_2tzclspa","Inevitable_Rabbit_67",
,"Depends on location. The one I used to work at was *loaded* with 20 something’s women.","publix","r/publix","2025-08-19T17:40:36.000Z","comment",,"&lt;div class=""md""&gt;&lt;p&gt;Depends on location. The one I used to work at was &lt;em&gt;loaded&lt;/em&gt; with 20 something’s women.&lt;/p&gt;
&lt;/div&gt;","t1_n9keiia",,,,,,,"0",,"t1_n95zcbf",,"n9keiia","t3_1mspaw9","2026-05-05T00:56:58.190Z",,,,"1","https://www.reddit.com/r/publix/comments/1mspaw9/true_or_false/n9keiia/",,"[deleted]",
"Newbie","I dont know if yall got Ingles down there , but Ingles takes the cake for having the oldest mfs possible shop there","publix","r/publix","2025-08-19T17:53:58.000Z","comment",,"&lt;div class=""md""&gt;&lt;p&gt;I dont know if yall got Ingles down there , but Ingles takes the cake for having the oldest mfs possible shop there&lt;/p&gt;
&lt;/div&gt;","t1_n9khdx0",,,,,,,"1",,"t1_n95zcbf",,"n9khdx0","t3_1mspaw9","2026-05-05T00:56:58.190Z",,,,"1","https://www.reddit.com/r/publix/comments/1mspaw9/true_or_false/n9khdx0/","t2_2o1c7j5b","SkySquid-",
,"Images:
	https://external-preview.redd.it/E1usiavXOrCyZvItRul9sWh6SewrU5-i6CtS6DicIKQ.jpeg?auto=webp&amp;s=f5d42e21d83f7df8a6836d8a988ff152f2801d8e
",,"r/Costco","2026-02-20T15:55:59.000Z","post","[News]","Images:
	https://external-preview.redd.it/E1usiavXOrCyZvItRul9sWh6SewrU5-i6CtS6DicIKQ.jpeg?auto=webp&amp;s=f5d42e21d83f7df8a6836d8a988ff152f2801d8e
","t3_1r9z3b8","https://external-i.redd.it/E1usiavXOrCyZvItRul9sWh6SewrU5-i6CtS6DicIKQ.jpeg",,"false","false","https://www.themirror.com/money/supreme-court-tariff-ruling-costco-1629496","317",,"false",,"Costco","1r9z3b8",,"2026-05-05T00:57:01.670Z","https://external-preview.redd.it/E1usiavXOrCyZvItRul9sWh6SewrU5-i6CtS6DicIKQ.jpeg?width=140&amp;height=73&amp;auto=webp&amp;s=8acd9ee9f90a65421d91f6cbd894e96a8e213b64","Costco lands victory with Supreme Court ruling against tarrifs","0.97","15525","https://www.reddit.com/r/Costco/comments/1r9z3b8/costco_lands_victory_with_supreme_court_ruling/","t2_96xwf","Deceptiveideas",
"US North East Region - NE","Artist: Matt Shirley

Source: https://www.instagram.com/p/DKP2h_QS3ao/?igsh=Zzliemg1OXBjando",,"r/Costco","2025-05-29T22:02:44.000Z","post","[Social Media]","&lt;!-- SC_OFF --&gt;&lt;div class=""md""&gt;&lt;p&gt;Artist: Matt Shirley&lt;/p&gt;

&lt;p&gt;Source: &lt;a href=""https://www.instagram.com/p/DKP2h_QS3ao/?igsh=Zzliemg1OXBjando""&gt;https://www.instagram.com/p/DKP2h_QS3ao/?igsh=Zzliemg1OXBjando&lt;/a&gt;&lt;/p&gt;
&lt;/div&gt;&lt;!-- SC_ON --&gt;","t3_1kynkum","https://i.redd.it/vrn8pio7ns3f1.jpeg",,"false","false","https://i.redd.it/vrn8pio7ns3f1.jpeg","617",,"false",,"Costco","1kynkum",,"2026-05-05T00:57:01.873Z","https://b.thumbs.redditmedia.com/euCdK9_FFsAC9zaEAxtP-BmKuRiZ0Q_gpl8lZpL0HDM.jpg","Every Costco Parking Lot [Meme]","0.96","16385","https://www.reddit.com/r/Costco/comments/1kynkum/every_costco_parking_lot_meme/","t2_5e0deh36","ScoYello",
,"[removed]","Costco","r/Costco","2026-02-20T19:30:20.000Z","comment",,"&lt;div class=""md""&gt;&lt;p&gt;[removed]&lt;/p&gt;
&lt;/div&gt;","t1_o6h6sob",,,,,,,"19",,"t3_1r9z3b8",,"o6h6sob","t3_1r9z3b8","2026-05-05T00:57:02.071Z",,,,"6585","https://www.reddit.com/r/Costco/comments/1r9z3b8/costco_lands_victory_with_supreme_court_ruling/o6h6sob/",,"[deleted]",
,"https://preview.redd.it/5qp9nehecpkg1.jpeg?width=3608&amp;format=pjpg&amp;auto=webp&amp;s=d41beeb31f3a58719574b79951a7fc43d1294362","Costco","r/Costco","2026-02-20T19:36:06.000Z","comment",,"&lt;div class=""md""&gt;&lt;p&gt;&lt;a href=""https://preview.redd.it/5qp9nehecpkg1.jpeg?width=3608&amp;amp;format=pjpg&amp;amp;auto=webp&amp;amp;s=d41beeb31f3a58719574b79951a7fc43d1294362""&gt;https://preview.redd.it/5qp9nehecpkg1.jpeg?width=3608&amp;amp;format=pjpg&amp;amp;auto=webp&amp;amp;s=d41beeb31f3a58719574b79951a7fc43d1294362&lt;/a&gt;&lt;/p&gt;
&lt;/div&gt;","t1_o6h7zuj",,,,,,,"1",,"t1_o6h6sob",,"o6h7zuj","t3_1r9z3b8","2026-05-05T00:57:02.071Z",,,,"950","https://www.reddit.com/r/Costco/comments/1r9z3b8/costco_lands_victory_with_supreme_court_ruling/o6h7zuj/","t2_megjk","Aznricecooker",
,"Posts that do not follow r/Costco subreddit rules **MAY** be subject to removal. 

**Reminder: No vague or non-descriptive post titles or availability questions.**

When applicable, please make sure that you're using a descriptive post title with product name(s) and/or exact question mentioned as it yields better subreddit search results. 

**Including item number, price, and approximate location or region where found is also helpful since product availability can vary.**


*I am a bot, and this action was performed automatically. Please [contact the moderators of this subreddit](/message/compose/?to=/r/Costco) if you have any questions or concerns.*","Costco","r/Costco","2025-05-29T22:02:45.000Z","comment",,"&lt;div class=""md""&gt;&lt;p&gt;Posts that do not follow &lt;a href=""/r/Costco""&gt;r/Costco&lt;/a&gt; subreddit rules &lt;strong&gt;MAY&lt;/strong&gt; be subject to removal. &lt;/p&gt;

&lt;p&gt;&lt;strong&gt;Reminder: No vague or non-descriptive post titles or availability questions.&lt;/strong&gt;&lt;/p&gt;

&lt;p&gt;When applicable, please make sure that you&amp;#39;re using a descriptive post title with product name(s) and/or exact question mentioned as it yields better subreddit search results. &lt;/p&gt;

&lt;p&gt;&lt;strong&gt;Including item number, price, and approximate location or region where found is also helpful since product availability can vary.&lt;/strong&gt;&lt;/p&gt;

&lt;p&gt;&lt;em&gt;I am a bot, and this action was performed automatically. Please &lt;a href=""/message/compose/?to=/r/Costco""&gt;contact the moderators of this subreddit&lt;/a&gt; if you have any questions or concerns.&lt;/em&gt;&lt;/p&gt;
&lt;/div&gt;","t1_muyoj2x",,,,,,,"0",,"t3_1kynkum",,"muyoj2x","t3_1kynkum","2026-05-05T00:57:02.272Z",,,,"1","https://www.reddit.com/r/Costco/comments/1kynkum/every_costco_parking_lot_meme/muyoj2x/","t2_6l4z3","AutoModerator",
,"feels like buying those in bulk is a very good investment.  stick em in the linen closet until you need em. ","Costco","r/Costco","2026-02-20T19:32:23.000Z","comment",,"&lt;div class=""md""&gt;&lt;p&gt;feels like buying those in bulk is a very good investment.  stick em in the linen closet until you need em. &lt;/p&gt;
&lt;/div&gt;","t1_o6h77sr",,,,,,,"2",,"t1_o6h6sob",,"o6h77sr","t3_1r9z3b8","2026-05-05T00:57:02.071Z",,,,"266","https://www.reddit.com/r/Costco/comments/1r9z3b8/costco_lands_victory_with_supreme_court_ruling/o6h77sr/","t2_68817","kai333",
,"I usually just park in the back if possible. Way easier than circling for a spot for 10 minutes","Costco","r/Costco","2025-05-29T22:10:43.000Z","comment",,"&lt;div class=""md""&gt;&lt;p&gt;I usually just park in the back if possible. Way easier than circling for a spot for 10 minutes&lt;/p&gt;
&lt;/div&gt;","t1_muyq15h",,,,,,,"12",,"t3_1kynkum",,"muyq15h","t3_1kynkum","2026-05-05T00:57:02.272Z",,,,"1878","https://www.reddit.com/r/Costco/comments/1kynkum/every_costco_parking_lot_meme/muyq15h/",,"[deleted]",
,"Not with this court, 90% of them are moldy before you open the pack","Costco","r/Costco","2026-02-20T23:30:42.000Z","comment",,"&lt;div class=""md""&gt;&lt;p&gt;Not with this court, 90% of them are moldy before you open the pack&lt;/p&gt;
&lt;/div&gt;","t1_o6ihyi2",,,,,,,"0",,"t1_o6h77sr",,"o6ihyi2","t3_1r9z3b8","2026-05-05T00:57:02.071Z",,,,"65","https://www.reddit.com/r/Costco/comments/1r9z3b8/costco_lands_victory_with_supreme_court_ruling/o6ihyi2/","t2_1j2qurnxwj","HelpMoreImHelpless",
"Newbie","Almost $7 for 2 slices of wet bread, one slice of cheese, and 2 slices of roast beef? 

Publix, are you okay?",,"r/publix","2025-12-05T14:02:34.000Z","post","RANT :snoo_tableflip:","&lt;!-- SC_OFF --&gt;&lt;div class=""md""&gt;&lt;p&gt;Almost $7 for 2 slices of wet bread, one slice of cheese, and 2 slices of roast beef? &lt;/p&gt;

&lt;p&gt;Publix, are you okay?&lt;/p&gt;
&lt;/div&gt;&lt;!-- SC_ON --&gt;","t3_1pevun2","https://i.redd.it/o4z1taoq6e5g1.jpeg",,"false","false","https://i.redd.it/o4z1taoq6e5g1.jpeg","1119",,"false",,"publix","1pevun2",,"2026-05-05T00:57:02.672Z","https://b.thumbs.redditmedia.com/QDC55KLpUzqYJhvQXEDIp5aj-1Tp1M7_eCCtNbr6xYw.jpg","This is getting out of hand...","0.99","3327","https://www.reddit.com/r/publix/comments/1pevun2/this_is_getting_out_of_hand/","t2_5c3l8","maohaze",
,"Agree. And if the back is full, then I probably don't even want to attempt going inside.","Costco","r/Costco","2025-05-29T22:30:50.000Z","comment",,"&lt;div class=""md""&gt;&lt;p&gt;Agree. And if the back is full, then I probably don&amp;#39;t even want to attempt going inside.&lt;/p&gt;
&lt;/div&gt;","t1_muyts07",,,,,,,"5",,"t1_muyq15h",,"muyts07","t3_1kynkum","2026-05-05T00:57:02.272Z",,,,"739","https://www.reddit.com/r/Costco/comments/1kynkum/every_costco_parking_lot_meme/muyts07/","t2_11snp4","luv2lurku",
,"We've got a cabinet of boutism, best I can offer","Costco","r/Costco","2026-02-21T02:36:15.000Z","comment",,"&lt;div class=""md""&gt;&lt;p&gt;We&amp;#39;ve got a cabinet of boutism, best I can offer&lt;/p&gt;
&lt;/div&gt;","t1_o6jcon1",,,,,,,"0",,"t1_o6h77sr",,"o6jcon1","t3_1r9z3b8","2026-05-05T00:57:02.071Z",,,,"5","https://www.reddit.com/r/Costco/comments/1r9z3b8/costco_lands_victory_with_supreme_court_ruling/o6jcon1/","t2_4zluw","fattmarrell",
"Newbie","I went to Denny’s for the first time in at least 10 years yesterday and a side of toast (2 toasted slices of bread cut in half with butter) was $4.50. Food prices are insane right now.","publix","r/publix","2025-12-05T14:06:38.000Z","comment",,"&lt;div class=""md""&gt;&lt;p&gt;I went to Denny’s for the first time in at least 10 years yesterday and a side of toast (2 toasted slices of bread cut in half with butter) was $4.50. Food prices are insane right now.&lt;/p&gt;
&lt;/div&gt;","t1_nsfc8g9",,,,,,,"6",,"t3_1pevun2",,"nsfc8g9","t3_1pevun2","2026-05-05T00:57:03.071Z",,,,"340","https://www.reddit.com/r/publix/comments/1pevun2/this_is_getting_out_of_hand/nsfc8g9/","t2_8rpveavy","Numerous_Substance14",
,"You could probably make a chart that had ""Available Costco parking spots Monday through Friday,"" which would feature a gradient color scheme that lightened the further away you got from the store's entrance. There's no need for a weekend chart because it would be monochromatic.","Costco","r/Costco","2025-05-29T22:43:28.000Z","comment",,"&lt;div class=""md""&gt;&lt;p&gt;You could probably make a chart that had &amp;quot;Available Costco parking spots Monday through Friday,&amp;quot; which would feature a gradient color scheme that lightened the further away you got from the store&amp;#39;s entrance. There&amp;#39;s no need for a weekend chart because it would be monochromatic.&lt;/p&gt;
&lt;/div&gt;","t1_muyw2od",,,,,,,"2",,"t1_muyts07",,"muyw2od","t3_1kynkum","2026-05-05T00:57:02.272Z",,,,"177","https://www.reddit.com/r/Costco/comments/1kynkum/every_costco_parking_lot_meme/muyw2od/","t2_r4ymz","KinkyQuesadilla",
,"was told you guys might like this. so here it is! Title is ""Piece of Meat"" ",,"r/Costco","2025-09-03T12:43:00.000Z","post",,"&lt;!-- SC_OFF --&gt;&lt;div class=""md""&gt;&lt;p&gt;was told you guys might like this. so here it is! Title is &amp;quot;Piece of Meat&amp;quot; &lt;/p&gt;
&lt;/div&gt;&lt;!-- SC_ON --&gt;","t3_1n7drjs","https://i.redd.it/kwhjab7n3ymf1.png",,"false","false","https://i.redd.it/kwhjab7n3ymf1.png","223",,"false",,"Costco","1n7drjs",,"2026-05-05T00:57:03.088Z","https://b.thumbs.redditmedia.com/zOjByFWfmKsVooxLv6lqWvSRi-gcGURbpRJ2LSD7cQk.jpg","I painted one of the Costco guys in watercolor","0.98","16017","https://www.reddit.com/r/Costco/comments/1n7drjs/i_painted_one_of_the_costco_guys_in_watercolor/","t2_dbi2m","onewordpoet",
,"And there is always that one flavor that nobody wants.","Costco","r/Costco","2026-02-20T19:38:04.000Z","comment",,"&lt;div class=""md""&gt;&lt;p&gt;And there is always that one flavor that nobody wants.&lt;/p&gt;
&lt;/div&gt;","t1_o6h8elx",,,,,,,"4",,"t1_o6h6sob",,"o6h8elx","t3_1r9z3b8","2026-05-05T00:57:02.071Z",,,,"135","https://www.reddit.com/r/Costco/comments/1r9z3b8/costco_lands_victory_with_supreme_court_ruling/o6h8elx/","t2_89cjb","mtglass",
,"[deleted]","publix","r/publix","2025-12-05T14:50:46.000Z","comment",,"&lt;div class=""md""&gt;&lt;p&gt;[deleted]&lt;/p&gt;
&lt;/div&gt;","t1_nsfk5m8",,,,,,,"5",,"t1_nsfc8g9",,"nsfk5m8","t3_1pevun2","2026-05-05T00:57:03.071Z",,,,"170","https://www.reddit.com/r/publix/comments/1pevun2/this_is_getting_out_of_hand/nsfk5m8/",,"[deleted]",
,"Weekends are easy mode. Monday afternoon though? Holyyyyyyy.","Costco","r/Costco","2025-05-30T01:29:22.000Z","comment",,"&lt;div class=""md""&gt;&lt;p&gt;Weekends are easy mode. Monday afternoon though? Holyyyyyyy.&lt;/p&gt;
&lt;/div&gt;","t1_muzph0h",,,,,,,"3",,"t1_muyw2od",,"muzph0h","t3_1kynkum","2026-05-05T00:57:02.272Z",,,,"44","https://www.reddit.com/r/Costco/comments/1kynkum/every_costco_parking_lot_meme/muzph0h/","t2_rjzch","KaiPRoberts",
,"Posts that do not follow r/Costco subreddit rules **MAY** be subject to removal. 

**Reminder: No vague non-descriptive post titles or availability questions.**

When applicable, please make sure that you're using a descriptive post title with product name(s) and/or exact question mentioned as it yields better subreddit search results. 

**Including item number, price, and approximate location or region where found is also helpful since product availability can vary.**


*I am a bot, and this action was performed automatically. Please [contact the moderators of this subreddit](/message/compose/?to=/r/Costco) if you have any questions or concerns.*","Costco","r/Costco","2025-09-03T12:43:02.000Z","comment",,"&lt;div class=""md""&gt;&lt;p&gt;Posts that do not follow &lt;a href=""/r/Costco""&gt;r/Costco&lt;/a&gt; subreddit rules &lt;strong&gt;MAY&lt;/strong&gt; be subject to removal. &lt;/p&gt;

&lt;p&gt;&lt;strong&gt;Reminder: No vague non-descriptive post titles or availability questions.&lt;/strong&gt;&lt;/p&gt;

&lt;p&gt;When applicable, please make sure that you&amp;#39;re using a descriptive post title with product name(s) and/or exact question mentioned as it yields better subreddit search results. &lt;/p&gt;

&lt;p&gt;&lt;strong&gt;Including item number, price, and approximate location or region where found is also helpful since product availability can vary.&lt;/strong&gt;&lt;/p&gt;

&lt;p&gt;&lt;em&gt;I am a bot, and this action was performed automatically. Please &lt;a href=""/message/compose/?to=/r/Costco""&gt;contact the moderators of this subreddit&lt;/a&gt; if you have any questions or concerns.&lt;/em&gt;&lt;/p&gt;
&lt;/div&gt;","t1_nc6mjjl",,,,,,,"0",,"t3_1n7drjs",,"nc6mjjl","t3_1n7drjs","2026-05-05T00:57:03.273Z",,,,"1","https://www.reddit.com/r/Costco/comments/1n7drjs/i_painted_one_of_the_costco_guys_in_watercolor/nc6mjjl/","t2_6l4z3","AutoModerator",
"Newbie","I’d be more partial to Bennys filing dankruptcy","publix","r/publix","2025-12-06T13:47:01.000Z","comment",,"&lt;div class=""md""&gt;&lt;p&gt;I’d be more partial to Bennys filing dankruptcy&lt;/p&gt;
&lt;/div&gt;","t1_nslchgx",,,,,,,"2",,"t1_nsfk5m8",,"nslchgx","t3_1pevun2","2026-05-05T00:57:03.071Z",,,,"9","https://www.reddit.com/r/publix/comments/1pevun2/this_is_getting_out_of_hand/nslchgx/","t2_4yhugq22","The-King-of-Cartoons",
,"Damn jalapeno watermelon cucumber...","Costco","r/Costco","2026-02-20T20:25:12.000Z","comment",,"&lt;div class=""md""&gt;&lt;p&gt;Damn jalapeno watermelon cucumber...&lt;/p&gt;
&lt;/div&gt;","t1_o6hi2u9",,,,,,,"3",,"t1_o6h8elx",,"o6hi2u9","t3_1r9z3b8","2026-05-05T00:57:02.071Z",,,,"82","https://www.reddit.com/r/Costco/comments/1r9z3b8/costco_lands_victory_with_supreme_court_ruling/o6hi2u9/","t2_6qkzq","Eccohawk",
,"I'm sure you took a photo and painted from the photo, but I'd really like to imagine that you rolled up with an easel and parked yourself until he took his lunch break. Don't break my heart and let me live this lie.","Costco","r/Costco","2025-09-03T12:55:02.000Z","comment",,"&lt;div class=""md""&gt;&lt;p&gt;I&amp;#39;m sure you took a photo and painted from the photo, but I&amp;#39;d really like to imagine that you rolled up with an easel and parked yourself until he took his lunch break. Don&amp;#39;t break my heart and let me live this lie.&lt;/p&gt;
&lt;/div&gt;","t1_nc6ol1s",,,,,,,"4",,"t3_1n7drjs",,"nc6ol1s","t3_1n7drjs","2026-05-05T00:57:03.273Z",,,,"1149","https://www.reddit.com/r/Costco/comments/1n7drjs/i_painted_one_of_the_costco_guys_in_watercolor/nc6ol1s/","t2_bzeo4qt8","Loose-Acanthaceae823",
"Newbie","I’d be dore bartial to Penny’s miling fankruptcy","publix","r/publix","2025-12-07T04:06:19.000Z","comment",,"&lt;div class=""md""&gt;&lt;p&gt;I’d be dore bartial to Penny’s miling fankruptcy&lt;/p&gt;
&lt;/div&gt;","t1_nspi5wa",,,,,,,"1",,"t1_nslchgx",,"nspi5wa","t3_1pevun2","2026-05-05T00:57:03.071Z",,,,"6","https://www.reddit.com/r/publix/comments/1pevun2/this_is_getting_out_of_hand/nspi5wa/","t2_ej3gf4rog","Odd_Protection7738",
,"I call Tuesday morning ""hangover Costco"". People who work M-F tend to go on the weekends. People with out M-F jobs (like weekend workers or retirees) tend to have Monday off, so they go then. So Tuesday is like the hangover day where almost no one is waiting at the door before they open. Wednesday would work better being the middle of the week, but lots of the retirement communities bring busses in so the aisles are packed with old people just out for a look.","Costco","r/Costco","2025-05-30T02:19:41.000Z","comment",,"&lt;div class=""md""&gt;&lt;p&gt;I call Tuesday morning &amp;quot;hangover Costco&amp;quot;. People who work M-F tend to go on the weekends. People with out M-F jobs (like weekend workers or retirees) tend to have Monday off, so they go then. So Tuesday is like the hangover day where almost no one is waiting at the door before they open. Wednesday would work better being the middle of the week, but lots of the retirement communities bring busses in so the aisles are packed with old people just out for a look.&lt;/p&gt;
&lt;/div&gt;","t1_muzyc1v",,,,,,,"5",,"t1_muzph0h",,"muzyc1v","t3_1kynkum","2026-05-05T00:57:02.272Z",,,,"53","https://www.reddit.com/r/Costco/comments/1kynkum/every_costco_parking_lot_meme/muzyc1v/","t2_dbo5u","TheVermonster",
,"That sounds incredibly delicious.","Costco","r/Costco","2026-02-20T20:51:30.000Z","comment",,"&lt;div class=""md""&gt;&lt;p&gt;That sounds incredibly delicious.&lt;/p&gt;
&lt;/div&gt;","t1_o6hnedf",,,,,,,"1",,"t1_o6hi2u9",,"o6hnedf","t3_1r9z3b8","2026-05-05T00:57:02.071Z",,,,"39","https://www.reddit.com/r/Costco/comments/1r9z3b8/costco_lands_victory_with_supreme_court_ruling/o6hnedf/","t2_6hn4qx80","LKayRB",
,"The idea of painting plein air in a Costco is so unhinged. Theyd definitely escort me out of the building. I do paint outdoors though","Costco","r/Costco","2025-09-03T12:57:08.000Z","comment",,"&lt;div class=""md""&gt;&lt;p&gt;The idea of painting plein air in a Costco is so unhinged. Theyd definitely escort me out of the building. I do paint outdoors though&lt;/p&gt;
&lt;/div&gt;","t1_nc6oy50",,,,,,,"7",,"t1_nc6ol1s",,"nc6oy50","t3_1n7drjs","2026-05-05T00:57:03.273Z",,,,"903","https://www.reddit.com/r/Costco/comments/1n7drjs/i_painted_one_of_the_costco_guys_in_watercolor/nc6oy50/","t2_dbi2m","onewordpoet",
,"[deleted]","Costco","r/Costco","2025-05-30T02:56:49.000Z","comment",,"&lt;div class=""md""&gt;&lt;p&gt;[deleted]&lt;/p&gt;
&lt;/div&gt;","t1_mv04gyq",,,,,,,"1",,"t1_muzyc1v",,"mv04gyq","t3_1kynkum","2026-05-05T00:57:02.272Z",,,,"19","https://www.reddit.com/r/Costco/comments/1kynkum/every_costco_parking_lot_meme/mv04gyq/",,"[deleted]",
,"Sounds like a great margarita to me!","Costco","r/Costco","2026-02-23T16:29:56.000Z","comment",,"&lt;div class=""md""&gt;&lt;p&gt;Sounds like a great margarita to me!&lt;/p&gt;
&lt;/div&gt;","t1_o6z47gz",,,,,,,"0",,"t1_o6hnedf",,"o6z47gz","t3_1r9z3b8","2026-05-05T00:57:02.071Z",,,,"2","https://www.reddit.com/r/Costco/comments/1r9z3b8/costco_lands_victory_with_supreme_court_ruling/o6z47gz/","t2_snr072f2","MartinisnMurder",
"Newbie","Well just because they filed for bankruptcy doesn't mean they're closing all stores but it is indicative of the potential for that to happen at some point, unless they already announced that's part of the plan.","publix","r/publix","2025-12-06T02:26:01.000Z","comment",,"&lt;div class=""md""&gt;&lt;p&gt;Well just because they filed for bankruptcy doesn&amp;#39;t mean they&amp;#39;re closing all stores but it is indicative of the potential for that to happen at some point, unless they already announced that&amp;#39;s part of the plan.&lt;/p&gt;
&lt;/div&gt;","t1_nsj4mb8",,,,,,,"1",,"t1_nsfk5m8",,"nsj4mb8","t3_1pevun2","2026-05-05T00:57:03.071Z",,,,"5","https://www.reddit.com/r/publix/comments/1pevun2/this_is_getting_out_of_hand/nsj4mb8/","t2_122m4w","purefilth666",
,"If you ask first I bet they would allow it.","Costco","r/Costco","2025-09-03T14:44:09.000Z","comment",,"&lt;div class=""md""&gt;&lt;p&gt;If you ask first I bet they would allow it.&lt;/p&gt;
&lt;/div&gt;","t1_nc79dqc",,,,,,,"4",,"t1_nc6oy50",,"nc79dqc","t3_1n7drjs","2026-05-05T00:57:03.273Z",,,,"181","https://www.reddit.com/r/Costco/comments/1n7drjs/i_painted_one_of_the_costco_guys_in_watercolor/nc79dqc/","t2_16kssshmht","Fineous40",
,"Yeah Tuesday was the ""back to normal"" restock situation. Could also be parents starting their prepping for kids' summer vacations. 

Who am I kidding, though - my Costco is always slammed. It's not just the only store in my state, but also like 1/8 mile away from our much more populated southern neighbor. They have sales tax and we don't. You could probably guess which store is mine just from that info.","Costco","r/Costco","2025-05-30T03:57:09.000Z","comment",,"&lt;div class=""md""&gt;&lt;p&gt;Yeah Tuesday was the &amp;quot;back to normal&amp;quot; restock situation. Could also be parents starting their prepping for kids&amp;#39; summer vacations. &lt;/p&gt;

&lt;p&gt;Who am I kidding, though - my Costco is always slammed. It&amp;#39;s not just the only store in my state, but also like 1/8 mile away from our much more populated southern neighbor. They have sales tax and we don&amp;#39;t. You could probably guess which store is mine just from that info.&lt;/p&gt;
&lt;/div&gt;","t1_mv0de03",,,,,,,"2",,"t1_mv04gyq",,"mv0de03","t3_1kynkum","2026-05-05T00:57:02.272Z",,,,"16","https://www.reddit.com/r/Costco/comments/1kynkum/every_costco_parking_lot_meme/mv0de03/",,"[deleted]",
,"I'll take that if you don't want it","Costco","r/Costco","2026-02-20T22:19:57.000Z","comment",,"&lt;div class=""md""&gt;&lt;p&gt;I&amp;#39;ll take that if you don&amp;#39;t want it&lt;/p&gt;
&lt;/div&gt;","t1_o6i50m1",,,,,,,"0",,"t1_o6hi2u9",,"o6i50m1","t3_1r9z3b8","2026-05-05T00:57:02.071Z",,,,"11","https://www.reddit.com/r/Costco/comments/1r9z3b8/costco_lands_victory_with_supreme_court_ruling/o6i50m1/","t2_b5p6p","IMassVikings",
,"A giant watercolor mural at the meat section would go hard","Costco","r/Costco","2025-09-03T16:39:28.000Z","comment",,"&lt;div class=""md""&gt;&lt;p&gt;A giant watercolor mural at the meat section would go hard&lt;/p&gt;
&lt;/div&gt;","t1_nc7wvsk",,,,,,,"1",,"t1_nc79dqc",,"nc7wvsk","t3_1n7drjs","2026-05-05T00:57:03.273Z",,,,"175","https://www.reddit.com/r/Costco/comments/1n7drjs/i_painted_one_of_the_costco_guys_in_watercolor/nc7wvsk/","t2_2frb704g","Muggsy423",
"Newbie","Bad news, so did the Bread company… Amazon selling it under cost, as he gains a bigger monopoly on goods by running other folks out of business … watch out medicine!.. Walgreens cvs local pharmacy’s are the target and once there gone, meds go up in price .. watch","publix","r/publix","2025-12-07T07:17:02.000Z","comment",,"&lt;div class=""md""&gt;&lt;p&gt;Bad news, so did the Bread company… Amazon selling it under cost, as he gains a bigger monopoly on goods by running other folks out of business … watch out medicine!.. Walgreens cvs local pharmacy’s are the target and once there gone, meds go up in price .. watch&lt;/p&gt;
&lt;/div&gt;","t1_nsq6p63",,,,,,,"1",,"t1_nsfk5m8",,"nsq6p63","t3_1pevun2","2026-05-05T00:57:03.072Z",,,,"2","https://www.reddit.com/r/publix/comments/1pevun2/this_is_getting_out_of_hand/nsq6p63/","t2_qkg48hmt","nola_Joe32",
,"Could work as a margarita","Costco","r/Costco","2026-02-21T16:56:27.000Z","comment",,"&lt;div class=""md""&gt;&lt;p&gt;Could work as a margarita&lt;/p&gt;
&lt;/div&gt;","t1_o6mko7a",,,,,,,"0",,"t1_o6hi2u9",,"o6mko7a","t3_1r9z3b8","2026-05-05T00:57:02.071Z",,,,"2","https://www.reddit.com/r/Costco/comments/1r9z3b8/costco_lands_victory_with_supreme_court_ruling/o6mko7a/","t2_sydvo","askingforafakefriend",
,"Im submitting that idea to my warehouse","Costco","r/Costco","2025-09-13T03:50:52.000Z","comment",,"&lt;div class=""md""&gt;&lt;p&gt;Im submitting that idea to my warehouse&lt;/p&gt;
&lt;/div&gt;","t1_ndxreex",,,,,,,"0",,"t1_nc7wvsk",,"ndxreex","t3_1n7drjs","2026-05-05T00:57:03.273Z",,,,"2","https://www.reddit.com/r/Costco/comments/1n7drjs/i_painted_one_of_the_costco_guys_in_watercolor/ndxreex/","t2_14385g8lsa","thebigcooki",
,"I was going to guess the one Costco in Delaware but it’s not that close to Maryland or Pennsylvania. So I assume based solely on no tax, the only store, and being close to the southern border, it’s NH? 

I also looked up the Costcos in Montana, another no sales tax state and it seems like most are built purposely on the states borders. Curiouser and curiouser.","Costco","r/Costco","2025-05-30T11:37:11.000Z","comment",,"&lt;div class=""md""&gt;&lt;p&gt;I was going to guess the one Costco in Delaware but it’s not that close to Maryland or Pennsylvania. So I assume based solely on no tax, the only store, and being close to the southern border, it’s NH? &lt;/p&gt;

&lt;p&gt;I also looked up the Costcos in Montana, another no sales tax state and it seems like most are built purposely on the states borders. Curiouser and curiouser.&lt;/p&gt;
&lt;/div&gt;","t1_mv1tup7",,,,,,,"1",,"t1_mv0de03",,"mv1tup7","t3_1kynkum","2026-05-05T00:57:02.272Z",,,,"3","https://www.reddit.com/r/Costco/comments/1kynkum/every_costco_parking_lot_meme/mv1tup7/","t2_ivpjh","Summoarpleaz",
,"idk. I honestly think they’d allow it if you asked. 

I feel like as long as you 1) pick a time that isn’t too busy 2) don’t take up too much space and set up in a spot that minimizes being in the way of workers and shoppers 3) don’t make a mess
they might be chill with it.

every time I’m at costco I always see multiple clueless shoppers who randomly stop in the middle of a lane of flowing cart traffic and don’t realize like 4 people have to stop or go around them and then each of those 4 people cause the same effect and so on…. and I can imagine a scenario where you’re less disruptive than that. 

I like the painting. is it just for you or would you consider giving it to your meat man muse?","Costco","r/Costco","2025-09-03T21:21:46.000Z","comment",,"&lt;div class=""md""&gt;&lt;p&gt;idk. I honestly think they’d allow it if you asked. &lt;/p&gt;

&lt;p&gt;I feel like as long as you 1) pick a time that isn’t too busy 2) don’t take up too much space and set up in a spot that minimizes being in the way of workers and shoppers 3) don’t make a mess
they might be chill with it.&lt;/p&gt;

&lt;p&gt;every time I’m at costco I always see multiple clueless shoppers who randomly stop in the middle of a lane of flowing cart traffic and don’t realize like 4 people have to stop or go around them and then each of those 4 people cause the same effect and so on…. and I can imagine a scenario where you’re less disruptive than that. &lt;/p&gt;

&lt;p&gt;I like the painting. is it just for you or would you consider giving it to your meat man muse?&lt;/p&gt;
&lt;/div&gt;","t1_nc9jfeb",,,,,,,"2",,"t1_nc79dqc",,"nc9jfeb","t3_1n7drjs","2026-05-05T00:57:03.273Z",,,,"46","https://www.reddit.com/r/Costco/comments/1n7drjs/i_painted_one_of_the_costco_guys_in_watercolor/nc9jfeb/","t2_1o0dqgg45p","maxaswell",
"Newbie","The end is near if you see waffle house filing bankruptcy.","publix","r/publix","2025-12-07T20:32:18.000Z","comment",,"&lt;div class=""md""&gt;&lt;p&gt;The end is near if you see waffle house filing bankruptcy.&lt;/p&gt;
&lt;/div&gt;","t1_nstk205",,,,,,,"1",,"t1_nsfk5m8",,"nstk205","t3_1pevun2","2026-05-05T00:57:03.072Z",,,,"3","https://www.reddit.com/r/publix/comments/1pevun2/this_is_getting_out_of_hand/nstk205/","t2_70lyclmt","flat_cat72",
,"Boof that one.","Costco","r/Costco","2026-02-20T23:14:21.000Z","comment",,"&lt;div class=""md""&gt;&lt;p&gt;Boof that one.&lt;/p&gt;
&lt;/div&gt;","t1_o6if4a1",,,,,,,"0",,"t1_o6h8elx",,"o6if4a1","t3_1r9z3b8","2026-05-05T00:57:02.071Z",,,,"6","https://www.reddit.com/r/Costco/comments/1r9z3b8/costco_lands_victory_with_supreme_court_ruling/o6if4a1/","t2_1ziqenbevy","ChankiriTreeDaycare",
,"Also lots of deals starts on Wednesday.","Costco","r/Costco","2025-05-30T03:35:30.000Z","comment",,"&lt;div class=""md""&gt;&lt;p&gt;Also lots of deals starts on Wednesday.&lt;/p&gt;
&lt;/div&gt;","t1_mv0aaba",,,,,,,"0",,"t1_muzyc1v",,"mv0aaba","t3_1kynkum","2026-05-05T00:57:02.272Z",,,,"6","https://www.reddit.com/r/Costco/comments/1kynkum/every_costco_parking_lot_meme/mv0aaba/","t2_mgpkb","foxfai",
,"Meat man muse is crazy lol but I dont think I could personally handle being in a grocery store while painting. Its just so much stimulation.","Costco","r/Costco","2025-09-04T02:33:52.000Z","comment",,"&lt;div class=""md""&gt;&lt;p&gt;Meat man muse is crazy lol but I dont think I could personally handle being in a grocery store while painting. Its just so much stimulation.&lt;/p&gt;
&lt;/div&gt;","t1_ncb1wq2",,,,,,,"1",,"t1_nc9jfeb",,"ncb1wq2","t3_1n7drjs","2026-05-05T00:57:03.273Z",,,,"28","https://www.reddit.com/r/Costco/comments/1n7drjs/i_painted_one_of_the_costco_guys_in_watercolor/ncb1wq2/","t2_dbi2m","onewordpoet",
"Newbie","Village inn got me that way. They charged me full price for every fountain drink refill, upcharged me $2 for the 3 chocolate chips that were in my “chocolate chip pancakes” and then another $3 for sprinkling cheese and onions slivers on hashbrowns. They also added in automatic gratuity","publix","r/publix","2025-12-05T15:35:25.000Z","comment",,"&lt;div class=""md""&gt;&lt;p&gt;Village inn got me that way. They charged me full price for every fountain drink refill, upcharged me $2 for the 3 chocolate chips that were in my “chocolate chip pancakes” and then another $3 for sprinkling cheese and onions slivers on hashbrowns. They also added in automatic gratuity&lt;/p&gt;
&lt;/div&gt;","t1_nsfsqra",,,,,,,"4",,"t1_nsfc8g9",,"nsfsqra","t3_1pevun2","2026-05-05T00:57:03.072Z",,,,"26","https://www.reddit.com/r/publix/comments/1pevun2/this_is_getting_out_of_hand/nsfsqra/","t2_1j2nc8glth","Sure_Fly_6904",
,"Monday evening, everyone who has a weekday job but was out of town for the weekend is there resupplying. If Monday was a holiday, shift this to Tuesday evening but moreso.","Costco","r/Costco","2025-05-30T03:33:03.000Z","comment",,"&lt;div class=""md""&gt;&lt;p&gt;Monday evening, everyone who has a weekday job but was out of town for the weekend is there resupplying. If Monday was a holiday, shift this to Tuesday evening but moreso.&lt;/p&gt;
&lt;/div&gt;","t1_mv09xjg",,,,,,,"0",,"t1_muzyc1v",,"mv09xjg","t3_1kynkum","2026-05-05T00:57:02.272Z",,,,"5","https://www.reddit.com/r/Costco/comments/1kynkum/every_costco_parking_lot_meme/mv09xjg/","t2_f79q8v9j","VeronicaMarsupial",
,"Sounds like a Thomas to me.","Costco","r/Costco","2026-02-21T02:38:00.000Z","comment",,"&lt;div class=""md""&gt;&lt;p&gt;Sounds like a Thomas to me.&lt;/p&gt;
&lt;/div&gt;","t1_o6jcyhu",,,,,,,"0",,"t1_o6h8elx",,"o6jcyhu","t3_1r9z3b8","2026-05-05T00:57:02.071Z",,,,"2","https://www.reddit.com/r/Costco/comments/1r9z3b8/costco_lands_victory_with_supreme_court_ruling/o6jcyhu/","t2_2xoeiyf5","goodb1b13",
,"Shop like they drive.","Costco","r/Costco","2025-09-03T23:37:10.000Z","comment",,"&lt;div class=""md""&gt;&lt;p&gt;Shop like they drive.&lt;/p&gt;
&lt;/div&gt;","t1_nca84vj",,,,,,,"0",,"t1_nc9jfeb",,"nca84vj","t3_1n7drjs","2026-05-05T00:57:03.273Z",,,,"4","https://www.reddit.com/r/Costco/comments/1n7drjs/i_painted_one_of_the_costco_guys_in_watercolor/nca84vj/","t2_1v580pbsay","JamesPage1968",
"Newbie","Exactly. You'll walk out breakfast for two 50.00 or more not careful. It's crazy","publix","r/publix","2025-12-05T18:18:43.000Z","comment",,"&lt;div class=""md""&gt;&lt;p&gt;Exactly. You&amp;#39;ll walk out breakfast for two 50.00 or more not careful. It&amp;#39;s crazy&lt;/p&gt;
&lt;/div&gt;","t1_nsgq8o9",,,,,,,"4",,"t1_nsfsqra",,"nsgq8o9","t3_1pevun2","2026-05-05T00:57:03.072Z",,,,"18","https://www.reddit.com/r/publix/comments/1pevun2/this_is_getting_out_of_hand/nsgq8o9/","t2_3qri6","Unique9FL",
,"It’s hard to explain how much I enjoy this joke. 

I know you can’t see or hear me, but I’m giving you a standing ovation. 

The people around me are grumbling about the clapping.

At least this time I’m wearing pants.","Costco","r/Costco","2026-02-20T20:04:16.000Z","comment",,"&lt;div class=""md""&gt;&lt;p&gt;It’s hard to explain how much I enjoy this joke. &lt;/p&gt;

&lt;p&gt;I know you can’t see or hear me, but I’m giving you a standing ovation. &lt;/p&gt;

&lt;p&gt;The people around me are grumbling about the clapping.&lt;/p&gt;

&lt;p&gt;At least this time I’m wearing pants.&lt;/p&gt;
&lt;/div&gt;","t1_o6hdt9f",,,,,,,"1",,"t1_o6h6sob",,"o6hdt9f","t3_1r9z3b8","2026-05-05T00:57:02.071Z",,,,"131","https://www.reddit.com/r/Costco/comments/1r9z3b8/costco_lands_victory_with_supreme_court_ruling/o6hdt9f/","t2_99p8i","lolexecs",
,"I found the best days were Tuesday and Wednesdays. I'd go to the gym, then hit up Costco and ask my roommates what they needed or they would meet me. My dad is retired and he said the best time is within an hour of open.","Costco","r/Costco","2025-05-30T05:27:21.000Z","comment",,"&lt;div class=""md""&gt;&lt;p&gt;I found the best days were Tuesday and Wednesdays. I&amp;#39;d go to the gym, then hit up Costco and ask my roommates what they needed or they would meet me. My dad is retired and he said the best time is within an hour of open.&lt;/p&gt;
&lt;/div&gt;","t1_mv0ox0f",,,,,,,"1",,"t1_muzyc1v",,"mv0ox0f","t3_1kynkum","2026-05-05T00:57:02.272Z",,,,"3","https://www.reddit.com/r/Costco/comments/1kynkum/every_costco_parking_lot_meme/mv0ox0f/","t2_5rmhx","Rocket_hamster",
,"I bet they would. I might actually go insane if I had to spend that long in a grocery store though","Costco","r/Costco","2025-09-03T14:45:19.000Z","comment",,"&lt;div class=""md""&gt;&lt;p&gt;I bet they would. I might actually go insane if I had to spend that long in a grocery store though&lt;/p&gt;
&lt;/div&gt;","t1_nc79lzv",,,,,,,"0",,"t1_nc79dqc",,"nc79lzv","t3_1n7drjs","2026-05-05T00:57:03.273Z",,,,"4","https://www.reddit.com/r/Costco/comments/1n7drjs/i_painted_one_of_the_costco_guys_in_watercolor/nc79lzv/","t2_dbi2m","onewordpoet",
"Newbie","This is true. I'm a tall guy and can eat. Coffee, hashbrowns with cheese and peppers and onions. Corn beef hash a biscuit gravy side plate with bacon and toast. Now include a tip. Comes out around $25-$30. It's kind of crazy. I remember diners giving a full stack plate of biscuits and gravy with coffee for $4. Whole family ate for $20. It sucks now. I miss the 90's.

Edit: spelling","publix","r/publix","2025-12-07T14:48:45.000Z","comment",,"&lt;div class=""md""&gt;&lt;p&gt;This is true. I&amp;#39;m a tall guy and can eat. Coffee, hashbrowns with cheese and peppers and onions. Corn beef hash a biscuit gravy side plate with bacon and toast. Now include a tip. Comes out around $25-$30. It&amp;#39;s kind of crazy. I remember diners giving a full stack plate of biscuits and gravy with coffee for $4. Whole family ate for $20. It sucks now. I miss the 90&amp;#39;s.&lt;/p&gt;

&lt;p&gt;Edit: spelling&lt;/p&gt;
&lt;/div&gt;","t1_nsrns1o",,,,,,,"1",,"t1_nsgq8o9",,"nsrns1o","t3_1pevun2","2026-05-05T00:57:03.072Z",,,,"8","https://www.reddit.com/r/publix/comments/1pevun2/this_is_getting_out_of_hand/nsrns1o/","t2_g67016bey","InevitableExtreme378",
,"Friday afternoons here. We're the closest Costco to the majority of the population of Wyoming and it seems like they all decided that Friday afternoons is when they all come down.","Costco","r/Costco","2025-05-30T02:54:19.000Z","comment",,"&lt;div class=""md""&gt;&lt;p&gt;Friday afternoons here. We&amp;#39;re the closest Costco to the majority of the population of Wyoming and it seems like they all decided that Friday afternoons is when they all come down.&lt;/p&gt;
&lt;/div&gt;","t1_mv042hb",,,,,,,"1",,"t1_muzph0h",,"mv042hb","t3_1kynkum","2026-05-05T00:57:02.272Z",,,,"4","https://www.reddit.com/r/Costco/comments/1kynkum/every_costco_parking_lot_meme/mv042hb/","t2_36ils","TopRamen713",
,"Totally unhinged and that's why my imagination likes it. I looked at some of your other posts and it makes me wanna give watercolor a revisit. Your stuff is amazing!","Costco","r/Costco","2025-09-03T15:45:48.000Z","comment",,"&lt;div class=""md""&gt;&lt;p&gt;Totally unhinged and that&amp;#39;s why my imagination likes it. I looked at some of your other posts and it makes me wanna give watercolor a revisit. Your stuff is amazing!&lt;/p&gt;
&lt;/div&gt;","t1_nc7lw2s",,,,,,,"1",,"t1_nc6oy50",,"nc7lw2s","t3_1n7drjs","2026-05-05T00:57:03.273Z",,,,"42","https://www.reddit.com/r/Costco/comments/1n7drjs/i_painted_one_of_the_costco_guys_in_watercolor/nc7lw2s/","t2_bzeo4qt8","Loose-Acanthaceae823",
,"Somehow that felt like a haiku","Costco","r/Costco","2026-02-20T22:06:26.000Z","comment",,"&lt;div class=""md""&gt;&lt;p&gt;Somehow that felt like a haiku&lt;/p&gt;
&lt;/div&gt;","t1_o6i2eot",,,,,,,"1",,"t1_o6hdt9f",,"o6i2eot","t3_1r9z3b8","2026-05-05T00:57:02.071Z",,,,"14","https://www.reddit.com/r/Costco/comments/1r9z3b8/costco_lands_victory_with_supreme_court_ruling/o6i2eot/","t2_is8sh","rabbitwonker",
"Newbie","$65 after their gratuity","publix","r/publix","2025-12-05T20:58:30.000Z","comment",,"&lt;div class=""md""&gt;&lt;p&gt;$65 after their gratuity&lt;/p&gt;
&lt;/div&gt;","t1_nshll0u",,,,,,,"0",,"t1_nsgq8o9",,"nshll0u","t3_1pevun2","2026-05-05T00:57:03.072Z",,,,"7","https://www.reddit.com/r/publix/comments/1pevun2/this_is_getting_out_of_hand/nshll0u/","t2_1j2nc8glth","Sure_Fly_6904",
,"Payday is usually Friday. I’ve had the best luck Thursdays because a lot of people are broke waiting for Friday","Costco","r/Costco","2025-05-30T18:06:47.000Z","comment",,"&lt;div class=""md""&gt;&lt;p&gt;Payday is usually Friday. I’ve had the best luck Thursdays because a lot of people are broke waiting for Friday&lt;/p&gt;
&lt;/div&gt;","t1_mv3yshv",,,,,,,"1",,"t1_mv042hb",,"mv3yshv","t3_1kynkum","2026-05-05T00:57:02.272Z",,,,"5","https://www.reddit.com/r/Costco/comments/1kynkum/every_costco_parking_lot_meme/mv3yshv/","t2_1nz7zx9f","Rawniew54",
"Newbie","Naw ill just walk out and never come back lol","publix","r/publix","2025-12-06T02:22:47.000Z","comment",,"&lt;div class=""md""&gt;&lt;p&gt;Naw ill just walk out and never come back lol&lt;/p&gt;
&lt;/div&gt;","t1_nsj44ff",,,,,,,"0",,"t1_nsgq8o9",,"nsj44ff","t3_1pevun2","2026-05-05T00:57:03.072Z",,,,"2","https://www.reddit.com/r/publix/comments/1pevun2/this_is_getting_out_of_hand/nsj44ff/","t2_c5k80580","InternationalClub318",
,"You should! Watercolor is truly the best","Costco","r/Costco","2025-09-03T16:02:48.000Z","comment",,"&lt;div class=""md""&gt;&lt;p&gt;You should! Watercolor is truly the best&lt;/p&gt;
&lt;/div&gt;","t1_nc7pabs",,,,,,,"0",,"t1_nc7lw2s",,"nc7pabs","t3_1n7drjs","2026-05-05T00:57:03.273Z",,,,"18","https://www.reddit.com/r/Costco/comments/1n7drjs/i_painted_one_of_the_costco_guys_in_watercolor/nc7pabs/","t2_dbi2m","onewordpoet",
"US North West (Alaska, Washington, Oregon, Utah, Idaho, Montana)","Am employee. I would walk by without a word and then walk by again in a bit to see what you've got so far. I'd probably ask you to bring it by my department when you're done so I could see the finished product.","Costco","r/Costco","2025-09-03T16:34:17.000Z","comment",,"&lt;div class=""md""&gt;&lt;p&gt;Am employee. I would walk by without a word and then walk by again in a bit to see what you&amp;#39;ve got so far. I&amp;#39;d probably ask you to bring it by my department when you&amp;#39;re done so I could see the finished product.&lt;/p&gt;
&lt;/div&gt;","t1_nc7vt9u",,,,,,,"0",,"t1_nc6oy50",,"nc7vt9u","t3_1n7drjs","2026-05-05T00:57:03.273Z",,,,"41","https://www.reddit.com/r/Costco/comments/1n7drjs/i_painted_one_of_the_costco_guys_in_watercolor/nc7vt9u/","t2_1y2fwhzv","thesunIswear",
,"Yup. If the back is full, I'll drive the 15 minutes back home.","Costco","r/Costco","2025-05-30T00:36:26.000Z","comment",,"&lt;div class=""md""&gt;&lt;p&gt;Yup. If the back is full, I&amp;#39;ll drive the 15 minutes back home.&lt;/p&gt;
&lt;/div&gt;","t1_muzgasj",,,,,,,"1",,"t1_muyts07",,"muzgasj","t3_1kynkum","2026-05-05T00:57:02.272Z",,,,"26","https://www.reddit.com/r/Costco/comments/1kynkum/every_costco_parking_lot_meme/muzgasj/","t2_a554aaws","JustBadUserNamesLeft",
"Loss Prevention","I used to enjoy Village Inn back in the day, great pies to go.","publix","r/publix","2025-12-05T21:07:12.000Z","comment",,"&lt;div class=""md""&gt;&lt;p&gt;I used to enjoy Village Inn back in the day, great pies to go.&lt;/p&gt;
&lt;/div&gt;","t1_nshn8j2",,,,,,,"5",,"t1_nsfsqra",,"nshn8j2","t3_1pevun2","2026-05-05T00:57:03.072Z",,,,"3","https://www.reddit.com/r/publix/comments/1pevun2/this_is_getting_out_of_hand/nshn8j2/","t2_gkrfn1ap","SwanMuch5160",
"US Midwest Region - MW","It reminds me of the couple who got married in an ALDI recently...","Costco","r/Costco","2025-09-03T16:25:13.000Z","comment",,"&lt;div class=""md""&gt;&lt;p&gt;It reminds me of the couple who got married in an ALDI recently...&lt;/p&gt;
&lt;/div&gt;","t1_nc7txhc",,,,,,,"3",,"t1_nc6oy50",,"nc7txhc","t3_1n7drjs","2026-05-05T00:57:03.273Z",,,,"14","https://www.reddit.com/r/Costco/comments/1n7drjs/i_painted_one_of_the_costco_guys_in_watercolor/nc7txhc/","t2_aravy","Hifihedgehog",
"Newbie","Same with Denny’s. They were called Mother Butler’s Pies. Long gone now. Just a faint memory.","publix","r/publix","2025-12-06T05:52:19.000Z","comment",,"&lt;div class=""md""&gt;&lt;p&gt;Same with Denny’s. They were called Mother Butler’s Pies. Long gone now. Just a faint memory.&lt;/p&gt;
&lt;/div&gt;","t1_nsjwvy9",,,,,,,"3",,"t1_nshn8j2",,"nsjwvy9","t3_1pevun2","2026-05-05T00:57:03.072Z",,,,"5","https://www.reddit.com/r/publix/comments/1pevun2/this_is_getting_out_of_hand/nsjwvy9/","t2_7wox2jme","Broad_Cable8673",
,"I wish the happy couple ALDI best.","Costco","r/Costco","2025-09-03T17:46:30.000Z","comment",,"&lt;div class=""md""&gt;&lt;p&gt;I wish the happy couple ALDI best.&lt;/p&gt;
&lt;/div&gt;","t1_nc8b0w9",,,,,,,"1",,"t1_nc7txhc",,"nc8b0w9","t3_1n7drjs","2026-05-05T00:57:03.273Z",,,,"32","https://www.reddit.com/r/Costco/comments/1n7drjs/i_painted_one_of_the_costco_guys_in_watercolor/nc8b0w9/","t2_2831ugik","Ledeyvakova23",
"Newbie","Whoa, memory unlocked. In my 20s, drunk and exhausted after a night at the club (alt, not like …. a pop nightclub). We go to Denny’s and every time I remark on how the sign looks like it reads MOTHER BUTLER DIES. 

It was at that Denny’s that my bestie and I could not remember Madame’s human handler. From across the room: “WAYLAND FLOWERS!!!” and a friendship was born.","publix","r/publix","2025-12-07T05:27:46.000Z","comment",,"&lt;div class=""md""&gt;&lt;p&gt;Whoa, memory unlocked. In my 20s, drunk and exhausted after a night at the club (alt, not like …. a pop nightclub). We go to Denny’s and every time I remark on how the sign looks like it reads MOTHER BUTLER DIES. &lt;/p&gt;

&lt;p&gt;It was at that Denny’s that my bestie and I could not remember Madame’s human handler. From across the room: “WAYLAND FLOWERS!!!” and a friendship was born.&lt;/p&gt;
&lt;/div&gt;","t1_nsptycd",,,,,,,"2",,"t1_nsjwvy9",,"nsptycd","t3_1pevun2","2026-05-05T00:57:03.072Z",,,,"2","https://www.reddit.com/r/publix/comments/1pevun2/this_is_getting_out_of_hand/nsptycd/","t2_upep8y728","boyracer93",
"Customer Service","It warms my heart to know that we all work soooo hard to get this man his salary!. 🥰🤗

I know this a lil late since he isn't CEO anymore, but it shows the insane compensation disparity. This is from 2023.

https://www.tampabay.com/news/business/2022/12/14/these-are-tampa-bays-20-highest-paid-ceos/",,"r/publix","2025-05-23T15:05:37.000Z","post","BLEED GREEN","&lt;!-- SC_OFF --&gt;&lt;div class=""md""&gt;&lt;p&gt;It warms my heart to know that we all work soooo hard to get this man his salary!. 🥰🤗&lt;/p&gt;

&lt;p&gt;I know this a lil late since he isn&amp;#39;t CEO anymore, but it shows the insane compensation disparity. This is from 2023.&lt;/p&gt;

&lt;p&gt;&lt;a href=""https://www.tampabay.com/news/business/2022/12/14/these-are-tampa-bays-20-highest-paid-ceos/""&gt;https://www.tampabay.com/news/business/2022/12/14/these-are-tampa-bays-20-highest-paid-ceos/&lt;/a&gt;&lt;/p&gt;
&lt;/div&gt;&lt;!-- SC_ON --&gt;","t3_1ktlv3z","https://i.redd.it/htw52nnbrj2f1.jpeg",,"false","false","https://i.redd.it/htw52nnbrj2f1.jpeg","656",,"false",,"publix","1ktlv3z",,"2026-05-05T00:57:08.184Z","https://a.thumbs.redditmedia.com/UIahLB59uJjGoNpFoMqLNOAEz-Z9_Zkn2b0yJZRyhA8.jpg","Just finna leave this here.","0.95","3097","https://www.reddit.com/r/publix/comments/1ktlv3z/just_finna_leave_this_here/","t2_1312rc","GRIMspaceman",
"Newbie","The median salary for full-timers is $45,890? What fantasy world is this?! I’ve been FT grocery since ‘08 &amp; I make $10K less than that - at a busy-ass store.","publix","r/publix","2025-05-23T16:05:06.000Z","comment",,"&lt;div class=""md""&gt;&lt;p&gt;The median salary for full-timers is $45,890? What fantasy world is this?! I’ve been FT grocery since ‘08 &amp;amp; I make $10K less than that - at a busy-ass store.&lt;/p&gt;
&lt;/div&gt;","t1_mtuutzr",,,,,,,"9",,"t3_1ktlv3z",,"mtuutzr","t3_1ktlv3z","2026-05-05T00:57:08.306Z",,,,"354","https://www.reddit.com/r/publix/comments/1ktlv3z/just_finna_leave_this_here/mtuutzr/","t2_q8al000u9","Hopeful_Wolverine997",
"Customer Service","They probably factor full-time management into that equation.

Edit: I forgot about warehouse and corporate.","publix","r/publix","2025-05-23T16:11:16.000Z","comment",,"&lt;div class=""md""&gt;&lt;p&gt;They probably factor full-time management into that equation.&lt;/p&gt;

&lt;p&gt;Edit: I forgot about warehouse and corporate.&lt;/p&gt;
&lt;/div&gt;","t1_mtuw4ig",,,,,,,"3",,"t1_mtuutzr",,"mtuw4ig","t3_1ktlv3z","2026-05-05T00:57:08.306Z",,,,"184","https://www.reddit.com/r/publix/comments/1ktlv3z/just_finna_leave_this_here/mtuw4ig/","t2_1312rc","GRIMspaceman",
"Seafood Hobo","That's likely what they're doing. That's $22+ an hour, which is more than most position maxes outside meat cutters in general stores","publix","r/publix","2025-05-23T16:23:49.000Z","comment",,"&lt;div class=""md""&gt;&lt;p&gt;That&amp;#39;s likely what they&amp;#39;re doing. That&amp;#39;s $22+ an hour, which is more than most position maxes outside meat cutters in general stores&lt;/p&gt;
&lt;/div&gt;","t1_mtuyqq2",,,,,,,"1",,"t1_mtuw4ig",,"mtuyqq2","t3_1ktlv3z","2026-05-05T00:57:08.306Z",,,,"70","https://www.reddit.com/r/publix/comments/1ktlv3z/just_finna_leave_this_here/mtuyqq2/","t2_ta7jl","NanoBuc",
"Information Technology ","This plus that inflated total rewards number they’re starting to send every year..","publix","r/publix","2025-05-23T16:47:29.000Z","comment",,"&lt;div class=""md""&gt;&lt;p&gt;This plus that inflated total rewards number they’re starting to send every year..&lt;/p&gt;
&lt;/div&gt;","t1_mtv3orl",,,,,,,"0",,"t1_mtuyqq2",,"mtv3orl","t3_1ktlv3z","2026-05-05T00:57:08.306Z",,,,"21","https://www.reddit.com/r/publix/comments/1ktlv3z/just_finna_leave_this_here/mtv3orl/","t2_14m0n1no","Suberv",
"Management","They’re factoring every corporate position in this too. Publix isn’t just retail workers we have a whole side of corporate workers as well","publix","r/publix","2025-05-23T17:11:34.000Z","comment",,"&lt;div class=""md""&gt;&lt;p&gt;They’re factoring every corporate position in this too. Publix isn’t just retail workers we have a whole side of corporate workers as well&lt;/p&gt;
&lt;/div&gt;","t1_mtv8tff",,,,,,,"2",,"t1_mtuw4ig",,"mtv8tff","t3_1ktlv3z","2026-05-05T00:57:08.306Z",,,,"16","https://www.reddit.com/r/publix/comments/1ktlv3z/just_finna_leave_this_here/mtv8tff/","t2_8jm0l1z6","avocadoboi228",
"Customer Service","I would posit that a majority of employees are on the retail side, and most likely part time.","publix","r/publix","2025-05-23T17:12:36.000Z","comment",,"&lt;div class=""md""&gt;&lt;p&gt;I would posit that a majority of employees are on the retail side, and most likely part time.&lt;/p&gt;
&lt;/div&gt;","t1_mtv91cr",,,,,,,"1",,"t1_mtv8tff",,"mtv91cr","t3_1ktlv3z","2026-05-05T00:57:08.306Z",,,,"11","https://www.reddit.com/r/publix/comments/1ktlv3z/just_finna_leave_this_here/mtv91cr/","t2_1312rc","GRIMspaceman",
"Newbie","They’re probably counting things like health insurance and other things like stocks, not just the actual gross pay itself.","publix","r/publix","2025-05-23T18:43:17.000Z","comment",,"&lt;div class=""md""&gt;&lt;p&gt;They’re probably counting things like health insurance and other things like stocks, not just the actual gross pay itself.&lt;/p&gt;
&lt;/div&gt;","t1_mtvryj7",,,,,,,"2",,"t1_mtuutzr",,"mtvryj7","t3_1ktlv3z","2026-05-05T00:57:08.306Z",,,,"7","https://www.reddit.com/r/publix/comments/1ktlv3z/just_finna_leave_this_here/mtvryj7/","t2_ak7c30lv","Fkmywifeape",
"Newbie","More than likely I’m an assistant bakery manager and they sent me a thing in the mail at the beginning of this year saying I “made 69k with all my stuff combined”. I only make 50k last year","publix","r/publix","2025-05-23T18:48:40.000Z","comment",,"&lt;div class=""md""&gt;&lt;p&gt;More than likely I’m an assistant bakery manager and they sent me a thing in the mail at the beginning of this year saying I “made 69k with all my stuff combined”. I only make 50k last year&lt;/p&gt;
&lt;/div&gt;","t1_mtvt0zf",,,,,,,"1",,"t1_mtvryj7",,"mtvt0zf","t3_1ktlv3z","2026-05-05T00:57:08.306Z",,,,"7","https://www.reddit.com/r/publix/comments/1ktlv3z/just_finna_leave_this_here/mtvt0zf/","t2_8b3bb211","Itssewy",
"Newbie","Assistant only 50k? Wow I thought you guys made more. Publix execs are really siphoning all profit upward","publix","r/publix","2025-05-23T18:51:58.000Z","comment",,"&lt;div class=""md""&gt;&lt;p&gt;Assistant only 50k? Wow I thought you guys made more. Publix execs are really siphoning all profit upward&lt;/p&gt;
&lt;/div&gt;","t1_mtvtok8",,,,,,,"1",,"t1_mtvt0zf",,"mtvtok8","t3_1ktlv3z","2026-05-05T00:57:08.306Z",,,,"2","https://www.reddit.com/r/publix/comments/1ktlv3z/just_finna_leave_this_here/mtvtok8/","t2_ak7c30lv","Fkmywifeape",
"Newbie","Brother how? I was full time deli last year and made a little over 40k for the year. $18.10 per hour. I know grocery isn't far off from deli pay scale so this is impossible. You should be maxed out if you started in 2009. You're getting screwed hard at your store or you're lying.","publix","r/publix","2025-05-23T18:46:00.000Z","comment",,"&lt;div class=""md""&gt;&lt;p&gt;Brother how? I was full time deli last year and made a little over 40k for the year. $18.10 per hour. I know grocery isn&amp;#39;t far off from deli pay scale so this is impossible. You should be maxed out if you started in 2009. You&amp;#39;re getting screwed hard at your store or you&amp;#39;re lying.&lt;/p&gt;
&lt;/div&gt;","t1_mtvshvr",,,,,,,"2",,"t1_mtuutzr",,"mtvshvr","t3_1ktlv3z","2026-05-05T00:57:08.306Z",,,,"18","https://www.reddit.com/r/publix/comments/1ktlv3z/just_finna_leave_this_here/mtvshvr/","t2_103hxqqkgw","cadmium-fertilizer",
"Newbie","that’s what i’m saying. 35k a year in 2025 is absolutely nefarious","publix","r/publix","2025-05-24T04:42:36.000Z","comment",,"&lt;div class=""md""&gt;&lt;p&gt;that’s what i’m saying. 35k a year in 2025 is absolutely nefarious&lt;/p&gt;
&lt;/div&gt;","t1_mtyk6m7",,,,,,,"1",,"t1_mtvshvr",,"mtyk6m7","t3_1ktlv3z","2026-05-05T00:57:08.306Z",,,,"11","https://www.reddit.com/r/publix/comments/1ktlv3z/just_finna_leave_this_here/mtyk6m7/","t2_k4i12yay","classic_liberalism95",
"Newbie","It probably accounts for corporate positions, as well as management. So if that's the median, exactly half the associates make more and the other half make less.","publix","r/publix","2025-05-23T19:27:40.000Z","comment",,"&lt;div class=""md""&gt;&lt;p&gt;It probably accounts for corporate positions, as well as management. So if that&amp;#39;s the median, exactly half the associates make more and the other half make less.&lt;/p&gt;
&lt;/div&gt;","t1_mtw0q50",,,,,,,"0",,"t1_mtuutzr",,"mtw0q50","t3_1ktlv3z","2026-05-05T00:57:08.306Z",,,,"3","https://www.reddit.com/r/publix/comments/1ktlv3z/just_finna_leave_this_here/mtw0q50/","t2_7h2ia7f8","Groundbreaking_Web29",
"Newbie","Since '09? Only making $35K? Why are you still there?","publix","r/publix","2025-05-23T19:02:18.000Z","comment",,"&lt;div class=""md""&gt;&lt;p&gt;Since &amp;#39;09? Only making $35K? Why are you still there?&lt;/p&gt;
&lt;/div&gt;","t1_mtvvq14",,,,,,,"1",,"t1_mtuutzr",,"mtvvq14","t3_1ktlv3z","2026-05-05T00:57:08.306Z",,,,"5","https://www.reddit.com/r/publix/comments/1ktlv3z/just_finna_leave_this_here/mtvvq14/","t2_1c7s7jopws","NoNameFudge",
"GRS","You guys don’t make near 46k with stocks and OT?

![gif](giphy|XCmFwjt9wPotobw1xn|downsized)","publix","r/publix","2025-05-23T18:53:46.000Z","comment",,"&lt;div class=""md""&gt;&lt;p&gt;You guys don’t make near 46k with stocks and OT?&lt;/p&gt;

&lt;p&gt;&lt;a href=""https://giphy.com/gifs/XCmFwjt9wPotobw1xn"" target=""_blank""&gt;&lt;img src=""https://external-preview.redd.it/agM4KzSR6ac-ZfmBxa847EGnSDdY0_afDRqcNIczU2A.gif?width=474&amp;height=396&amp;s=c2cf1551bad49408f59396bdf5b11dcce7b69bc9"" width=""474"" height=""396""&gt;&lt;/a&gt;&lt;/p&gt;
&lt;/div&gt;","t1_mtvu1k9",,,,,,,"0",,"t1_mtuutzr",,"mtvu1k9","t3_1ktlv3z","2026-05-05T00:57:08.306Z",,,,"3","https://www.reddit.com/r/publix/comments/1ktlv3z/just_finna_leave_this_here/mtvu1k9/","t2_137pa6","Zero4892",
"Newbie","FT grocery, you should be atleast 17-19/20$ an hr. How are you making 35k a year?","publix","r/publix","2025-05-23T17:27:20.000Z","comment",,"&lt;div class=""md""&gt;&lt;p&gt;FT grocery, you should be atleast 17-19/20$ an hr. How are you making 35k a year?&lt;/p&gt;
&lt;/div&gt;","t1_mtvc6p3",,,,,,,"2",,"t1_mtuutzr",,"mtvc6p3","t3_1ktlv3z","2026-05-05T00:57:08.306Z",,,,"2","https://www.reddit.com/r/publix/comments/1ktlv3z/just_finna_leave_this_here/mtvc6p3/","t2_8d2bwq12","Education_Late",
,"Felt great to run in and out so quickly without fighting a crowd! ",,"r/Costco","2025-07-22T20:28:49.000Z","post","[Meme / Shitpost]","&lt;!-- SC_OFF --&gt;&lt;div class=""md""&gt;&lt;p&gt;Felt great to run in and out so quickly without fighting a crowd! &lt;/p&gt;
&lt;/div&gt;&lt;!-- SC_ON --&gt;","t3_1m6p7m0","https://i.redd.it/9ejjpr7ojhef1.gif",,"false","false","https://i.redd.it/9ejjpr7ojhef1.gif","372",,"false",,"Costco","1m6p7m0",,"2026-05-05T00:57:11.791Z","https://b.thumbs.redditmedia.com/PFwQD0LtYrkO_ps7601XJOxZc7AUu-cgWiC6zFv79GE.jpg","Executive Members entering Costco at 9am be like….","0.97","14759","https://www.reddit.com/r/Costco/comments/1m6p7m0/executive_members_entering_costco_at_9am_be_like/","t2_p2jjfb5t","TheDarlizzle",
,"Posts that do not follow r/Costco subreddit rules **MAY** be subject to removal. 

**Reminder: No vague non-descriptive post titles or availability questions.**

When applicable, please make sure that you're using a descriptive post title with product name(s) and/or exact question mentioned as it yields better subreddit search results. 

**Including item number, price, and approximate location or region where found is also helpful since product availability can vary.**


*I am a bot, and this action was performed automatically. Please [contact the moderators of this subreddit](/message/compose/?to=/r/Costco) if you have any questions or concerns.*","Costco","r/Costco","2025-07-22T20:28:52.000Z","comment",,"&lt;div class=""md""&gt;&lt;p&gt;Posts that do not follow &lt;a href=""/r/Costco""&gt;r/Costco&lt;/a&gt; subreddit rules &lt;strong&gt;MAY&lt;/strong&gt; be subject to removal. &lt;/p&gt;

&lt;p&gt;&lt;strong&gt;Reminder: No vague non-descriptive post titles or availability questions.&lt;/strong&gt;&lt;/p&gt;

&lt;p&gt;When applicable, please make sure that you&amp;#39;re using a descriptive post title with product name(s) and/or exact question mentioned as it yields better subreddit search results. &lt;/p&gt;

&lt;p&gt;&lt;strong&gt;Including item number, price, and approximate location or region where found is also helpful since product availability can vary.&lt;/strong&gt;&lt;/p&gt;

&lt;p&gt;&lt;em&gt;I am a bot, and this action was performed automatically. Please &lt;a href=""/message/compose/?to=/r/Costco""&gt;contact the moderators of this subreddit&lt;/a&gt; if you have any questions or concerns.&lt;/em&gt;&lt;/p&gt;
&lt;/div&gt;","t1_n4lal32",,,,,,,"0",,"t3_1m6p7m0",,"n4lal32","t3_1m6p7m0","2026-05-05T00:57:11.829Z",,,,"1","https://www.reddit.com/r/Costco/comments/1m6p7m0/executive_members_entering_costco_at_9am_be_like/n4lal32/","t2_6l4z3","AutoModerator",
,"Hahaha!! I feel seen. 

Seriously, I was shocked at how many of my friends with families  that don't have executive memberships. With the executive memberships 2% back, wrapped in with the Costco Visa's generous percent back, we easily pay for our executive membership and get a fat check every year. Frickin love Costco. The early entry is just a cherry on top!","Costco","r/Costco","2025-07-22T20:44:44.000Z","comment",,"&lt;div class=""md""&gt;&lt;p&gt;Hahaha!! I feel seen. &lt;/p&gt;

&lt;p&gt;Seriously, I was shocked at how many of my friends with families  that don&amp;#39;t have executive memberships. With the executive memberships 2% back, wrapped in with the Costco Visa&amp;#39;s generous percent back, we easily pay for our executive membership and get a fat check every year. Frickin love Costco. The early entry is just a cherry on top!&lt;/p&gt;
&lt;/div&gt;","t1_n4le2ag",,,,,,,"12",,"t3_1m6p7m0",,"n4le2ag","t3_1m6p7m0","2026-05-05T00:57:11.829Z",,,,"1093","https://www.reddit.com/r/Costco/comments/1m6p7m0/executive_members_entering_costco_at_9am_be_like/n4le2ag/","t2_3eualb00","vespahulb",
,"We've already pretty much decided we're only shopping during early hours. In the LA area, there's NEVER a time where Costco's aren't crazy busy, but now between 9 - 10AM.. they're actually bearable!","Costco","r/Costco","2025-07-22T20:54:40.000Z","comment",,"&lt;div class=""md""&gt;&lt;p&gt;We&amp;#39;ve already pretty much decided we&amp;#39;re only shopping during early hours. In the LA area, there&amp;#39;s NEVER a time where Costco&amp;#39;s aren&amp;#39;t crazy busy, but now between 9 - 10AM.. they&amp;#39;re actually bearable!&lt;/p&gt;
&lt;/div&gt;","t1_n4lg8i8",,,,,,,"4",,"t1_n4le2ag",,"n4lg8i8","t3_1m6p7m0","2026-05-05T00:57:11.829Z",,,,"300","https://www.reddit.com/r/Costco/comments/1m6p7m0/executive_members_entering_costco_at_9am_be_like/n4lg8i8/","t2_bjyl5","tieris",
,"I’m on the other side of the country, but my Costco is empty at 9.  I couldn’t believe it at first.  By 10am, this isle would be packed.  This is a Saturday, BTW.

https://preview.redd.it/3y59dccw2qef1.jpeg?width=1536&amp;format=pjpg&amp;auto=webp&amp;s=5c5612f913023f3f686f2714314a323311df8288","Costco","r/Costco","2025-07-24T01:10:58.000Z","comment",,"&lt;div class=""md""&gt;&lt;p&gt;I’m on the other side of the country, but my Costco is empty at 9.  I couldn’t believe it at first.  By 10am, this isle would be packed.  This is a Saturday, BTW.&lt;/p&gt;

&lt;p&gt;&lt;a href=""https://preview.redd.it/3y59dccw2qef1.jpeg?width=1536&amp;amp;format=pjpg&amp;amp;auto=webp&amp;amp;s=5c5612f913023f3f686f2714314a323311df8288""&gt;https://preview.redd.it/3y59dccw2qef1.jpeg?width=1536&amp;amp;format=pjpg&amp;amp;auto=webp&amp;amp;s=5c5612f913023f3f686f2714314a323311df8288&lt;/a&gt;&lt;/p&gt;
&lt;/div&gt;","t1_n4tjb5j",,,,,,,"1",,"t1_n4lg8i8",,"n4tjb5j","t3_1m6p7m0","2026-05-05T00:57:11.829Z",,,,"44","https://www.reddit.com/r/Costco/comments/1m6p7m0/executive_members_entering_costco_at_9am_be_like/n4tjb5j/","t2_10v91w","ShittingOutPosts",
,"Yup. If we know we just need a few goods, we make the drive to the Business Center in Commerce. We’re between Los Feliz, Alhambra, and Burbank, which are never not insanely packed.","Costco","r/Costco","2025-07-23T04:27:24.000Z","comment",,"&lt;div class=""md""&gt;&lt;p&gt;Yup. If we know we just need a few goods, we make the drive to the Business Center in Commerce. We’re between Los Feliz, Alhambra, and Burbank, which are never not insanely packed.&lt;/p&gt;
&lt;/div&gt;","t1_n4nnpak",,,,,,,"2",,"t1_n4lg8i8",,"n4nnpak","t3_1m6p7m0","2026-05-05T00:57:11.829Z",,,,"24","https://www.reddit.com/r/Costco/comments/1m6p7m0/executive_members_entering_costco_at_9am_be_like/n4nnpak/",,"[deleted]",
"US Texas Region (Texas, Oklahoma, Arkansas, &amp; Louisiana)","Antelope Valley needs a business center because Lancaster is always a shit show. I don't know when to go when it's NOT busy. I've been literally at 10 a.m. in the middle of the week and nope, still busy AF.","Costco","r/Costco","2025-07-24T23:13:57.000Z","comment",,"&lt;div class=""md""&gt;&lt;p&gt;Antelope Valley needs a business center because Lancaster is always a shit show. I don&amp;#39;t know when to go when it&amp;#39;s NOT busy. I&amp;#39;ve been literally at 10 a.m. in the middle of the week and nope, still busy AF.&lt;/p&gt;
&lt;/div&gt;","t1_n4zp44v",,,,,,,"0",,"t1_n4nnpak",,"n4zp44v","t3_1m6p7m0","2026-05-05T00:57:11.829Z",,,,"3","https://www.reddit.com/r/Costco/comments/1m6p7m0/executive_members_entering_costco_at_9am_be_like/n4zp44v/","t2_5c2csxnz","rvp0209",
"Newbie","Images:
	https://preview.redd.it/ng84trnt5tqg1.jpeg?auto=webp&amp;s=f0c4136b65c507877f5a8ba014a8adb9d885eadd
",,"r/publix","2026-03-23T14:50:59.000Z","post","MEME","Images:
	https://preview.redd.it/ng84trnt5tqg1.jpeg?auto=webp&amp;s=f0c4136b65c507877f5a8ba014a8adb9d885eadd
","t3_1s1j08c","https://i.redd.it/ng84trnt5tqg1.jpeg",,"false","false","https://i.redd.it/ng84trnt5tqg1.jpeg","204",,"false",,"publix","1s1j08c",,"2026-05-05T00:57:13.177Z","https://preview.redd.it/ng84trnt5tqg1.jpeg?width=140&amp;height=140&amp;crop=1:1,smart&amp;auto=webp&amp;s=aa50facd96a17b0951055a0fa58498b4b4fca59f","Luck was on my side this weekend","0.99","2956","https://www.reddit.com/r/publix/comments/1s1j08c/luck_was_on_my_side_this_weekend/","t2_57n5jklv","ColonelStoic",
"Resigned","Someone wasn't paying attention to the scale lol","publix","r/publix","2026-03-23T15:28:16.000Z","comment",,"&lt;div class=""md""&gt;&lt;p&gt;Someone wasn&amp;#39;t paying attention to the scale lol&lt;/p&gt;
&lt;/div&gt;","t1_oc16y4w",,,,,,,"3",,"t3_1s1j08c",,"oc16y4w","t3_1s1j08c","2026-05-05T00:57:13.371Z",,,,"365","https://www.reddit.com/r/publix/comments/1s1j08c/luck_was_on_my_side_this_weekend/oc16y4w/","t2_13u7hy","Blutrumpeter",
,"Same! And it’s easy to get the things that people usually hoard, like rotisserie chicken!","Costco","r/Costco","2025-07-23T04:27:48.000Z","comment",,"&lt;div class=""md""&gt;&lt;p&gt;Same! And it’s easy to get the things that people usually hoard, like rotisserie chicken!&lt;/p&gt;
&lt;/div&gt;","t1_n4nnrbg",,,,,,,"0",,"t1_n4lg8i8",,"n4nnrbg","t3_1m6p7m0","2026-05-05T00:57:11.829Z",,,,"7","https://www.reddit.com/r/Costco/comments/1m6p7m0/executive_members_entering_costco_at_9am_be_like/n4nnrbg/","t2_3pdxh","Ijustride",
"Newbie","Might have been the sticker that was used to test the printer. 

I did have someone charge me for a single wing once. I even told the cashier but she shrugged and didn't ring it up as 6. I took the win and enjoyed my wings.","publix","r/publix","2026-03-26T06:43:51.000Z","comment",,"&lt;div class=""md""&gt;&lt;p&gt;Might have been the sticker that was used to test the printer. &lt;/p&gt;

&lt;p&gt;I did have someone charge me for a single wing once. I even told the cashier but she shrugged and didn&amp;#39;t ring it up as 6. I took the win and enjoyed my wings.&lt;/p&gt;
&lt;/div&gt;","t1_ocjcawh",,,,,,,"0",,"t1_oc16y4w",,"ocjcawh","t3_1s1j08c","2026-05-05T00:57:13.371Z",,,,"9","https://www.reddit.com/r/publix/comments/1s1j08c/luck_was_on_my_side_this_weekend/ocjcawh/","t2_bm0vs","jasonreid1976",
,"now if they only refunded the difference in coupon items back to the visa within 30 days automagically? bonus.","Costco","r/Costco","2025-07-22T20:54:56.000Z","comment",,"&lt;div class=""md""&gt;&lt;p&gt;now if they only refunded the difference in coupon items back to the visa within 30 days automagically? bonus.&lt;/p&gt;
&lt;/div&gt;","t1_n4lganu",,,,,,,"2",,"t1_n4le2ag",,"n4lganu","t3_1m6p7m0","2026-05-05T00:57:11.829Z",,,,"73","https://www.reddit.com/r/Costco/comments/1m6p7m0/executive_members_entering_costco_at_9am_be_like/n4lganu/","t2_1qloja081x","Short_Psychology_164",
,"It's not OK",,"r/Costco","2025-10-11T14:25:03.000Z","post","[Meme / Shitpost]","&lt;!-- SC_OFF --&gt;&lt;div class=""md""&gt;&lt;p&gt;It&amp;#39;s not OK&lt;/p&gt;
&lt;/div&gt;&lt;!-- SC_ON --&gt;","t3_1o3wy5j","https://i.redd.it/nh8gbt8mshuf1.jpeg",,"false","false","https://i.redd.it/nh8gbt8mshuf1.jpeg","391",,"false",,"Costco","1o3wy5j",,"2026-05-05T00:57:13.679Z","https://b.thumbs.redditmedia.com/9phm17sYLLFUOQGYOR2RkDuTqoCjvYjm6ZGvuOuUdPs.jpg","Never Forget. The Supreme.","0.97","14496","https://www.reddit.com/r/Costco/comments/1o3wy5j/never_forget_the_supreme/","t2_4c81l","BirdsTheWurd",
,"I’d imagine Costco is losing money (aka lower profit) when they do complimentary refunds, so I don’t see why they would make it automatic.

For example, if Costco has an agreement with the vendor to have a lower price in July, but you bought it in June, Costco will sacrifice their margins giving you the difference.

Now there’s the whole “return and rebuy” aspect but most people won’t bother to go through the effort.","Costco","r/Costco","2025-07-22T20:58:49.000Z","comment",,"&lt;div class=""md""&gt;&lt;p&gt;I’d imagine Costco is losing money (aka lower profit) when they do complimentary refunds, so I don’t see why they would make it automatic.&lt;/p&gt;

&lt;p&gt;For example, if Costco has an agreement with the vendor to have a lower price in July, but you bought it in June, Costco will sacrifice their margins giving you the difference.&lt;/p&gt;

&lt;p&gt;Now there’s the whole “return and rebuy” aspect but most people won’t bother to go through the effort.&lt;/p&gt;
&lt;/div&gt;","t1_n4lh4sf",,,,,,,"1",,"t1_n4lganu",,"n4lh4sf","t3_1m6p7m0","2026-05-05T00:57:11.829Z",,,,"45","https://www.reddit.com/r/Costco/comments/1m6p7m0/executive_members_entering_costco_at_9am_be_like/n4lh4sf/","t2_96xwf","Deceptiveideas",
"Newbie","If you do this….. just know, I have beef with you

Also, if you work at Publix or any grocery store and have gotten carts before, do you also hate when customers do this?",,"r/publix","2026-01-31T12:40:11.000Z","post","CUSTOMERS","&lt;!-- SC_OFF --&gt;&lt;div class=""md""&gt;&lt;p&gt;If you do this….. just know, I have beef with you&lt;/p&gt;

&lt;p&gt;Also, if you work at Publix or any grocery store and have gotten carts before, do you also hate when customers do this?&lt;/p&gt;
&lt;/div&gt;&lt;!-- SC_ON --&gt;","t3_1qs1c13","https://i.redd.it/zbmq25vzjogg1.jpg","https://i.redd.it/t31s64vzjogg1.jpg","false","false","https://www.reddit.com/gallery/1qs1c13","2621",,"false",,"publix","1qs1c13",,"2026-05-05T00:57:13.773Z","https://b.thumbs.redditmedia.com/00UgWhXqpfEYGWs7VT13Q57OaY8rlke2nLq1n-CHRzo.jpg","Why do people do this","0.97","2964","https://www.reddit.com/r/publix/comments/1qs1c13/why_do_people_do_this/","t2_1heu7nhq12","Slow_Pomegranate_990",
,"[removed]","publix","r/publix","2026-03-24T12:37:40.000Z","comment",,"&lt;div class=""md""&gt;&lt;p&gt;[removed]&lt;/p&gt;
&lt;/div&gt;","t1_oc6z5ql",,,,,,,"1",,"t1_oc16y4w",,"oc6z5ql","t3_1s1j08c","2026-05-05T00:57:13.371Z",,,,"1","https://www.reddit.com/r/publix/comments/1s1j08c/luck_was_on_my_side_this_weekend/oc6z5ql/",,"[deleted]",
,"Am I the only one that feel like they get enough value out of Costco that these tactics are unnecessary? Like maybe on a big ticket item, but saving $4 on a jar of pickles because they went on sale a month after purchase feels dirty.","Costco","r/Costco","2025-07-22T23:43:59.000Z","comment",,"&lt;div class=""md""&gt;&lt;p&gt;Am I the only one that feel like they get enough value out of Costco that these tactics are unnecessary? Like maybe on a big ticket item, but saving $4 on a jar of pickles because they went on sale a month after purchase feels dirty.&lt;/p&gt;
&lt;/div&gt;","t1_n4md0kr",,,,,,,"3",,"t1_n4lh4sf",,"n4md0kr","t3_1m6p7m0","2026-05-05T00:57:11.829Z",,,,"54","https://www.reddit.com/r/Costco/comments/1m6p7m0/executive_members_entering_costco_at_9am_be_like/n4md0kr/","t2_y42koiq19","No_Internal9345",
"Newbie","I would argue that this is a sign. Another cart corral needs to be added somewhere near there. I had this same problem at a Lowe’s and the SM refused to have another added because the lot was already too small a tight… they added one about 3 months after I left and expanded the garden section to take up a whole row of the parking lot

Edit: thanks for the award! 

Edit 2: GUYS. I KNOW PEOPLE ARE LAZY. That’s why I suggest to better design around said laziness. I also understand it’s not full proof, I’ve been to grocery stores myself. But 1 or 2 not correctly placed is better than 7 or 8. It’s the shear number that shows the issue being design, not that cart being out itself.

Edit 3: I do not care about the typos. I’m gonna leave them. I’m human, I make mistakes.","publix","r/publix","2026-01-31T12:47:18.000Z","comment",,"&lt;div class=""md""&gt;&lt;p&gt;I would argue that this is a sign. Another cart corral needs to be added somewhere near there. I had this same problem at a Lowe’s and the SM refused to have another added because the lot was already too small a tight… they added one about 3 months after I left and expanded the garden section to take up a whole row of the parking lot&lt;/p&gt;

&lt;p&gt;Edit: thanks for the award! &lt;/p&gt;

&lt;p&gt;Edit 2: GUYS. I KNOW PEOPLE ARE LAZY. That’s why I suggest to better design around said laziness. I also understand it’s not full proof, I’ve been to grocery stores myself. But 1 or 2 not correctly placed is better than 7 or 8. It’s the shear number that shows the issue being design, not that cart being out itself.&lt;/p&gt;

&lt;p&gt;Edit 3: I do not care about the typos. I’m gonna leave them. I’m human, I make mistakes.&lt;/p&gt;
&lt;/div&gt;","t1_o2s4mrj",,,,,,,"28",,"t3_1qs1c13",,"o2s4mrj","t3_1qs1c13","2026-05-05T00:57:13.872Z",,,,"503","https://www.reddit.com/r/publix/comments/1qs1c13/why_do_people_do_this/o2s4mrj/","t2_ewo02","JMeadowsATL",
,"Posts that do not follow r/Costco subreddit rules **MAY** be subject to removal. 

**Reminder: No vague non-descriptive post titles or availability questions.**

When applicable, please make sure that you're using a descriptive post title with product name(s) and/or exact question mentioned as it yields better subreddit search results. 

**Including item number, price, and approximate location or region where found is also helpful since product availability can vary.**


*I am a bot, and this action was performed automatically. Please [contact the moderators of this subreddit](/message/compose/?to=/r/Costco) if you have any questions or concerns.*","Costco","r/Costco","2025-10-11T14:25:05.000Z","comment",,"&lt;div class=""md""&gt;&lt;p&gt;Posts that do not follow &lt;a href=""/r/Costco""&gt;r/Costco&lt;/a&gt; subreddit rules &lt;strong&gt;MAY&lt;/strong&gt; be subject to removal. &lt;/p&gt;

&lt;p&gt;&lt;strong&gt;Reminder: No vague non-descriptive post titles or availability questions.&lt;/strong&gt;&lt;/p&gt;

&lt;p&gt;When applicable, please make sure that you&amp;#39;re using a descriptive post title with product name(s) and/or exact question mentioned as it yields better subreddit search results. &lt;/p&gt;

&lt;p&gt;&lt;strong&gt;Including item number, price, and approximate location or region where found is also helpful since product availability can vary.&lt;/strong&gt;&lt;/p&gt;

&lt;p&gt;&lt;em&gt;I am a bot, and this action was performed automatically. Please &lt;a href=""/message/compose/?to=/r/Costco""&gt;contact the moderators of this subreddit&lt;/a&gt; if you have any questions or concerns.&lt;/em&gt;&lt;/p&gt;
&lt;/div&gt;","t1_niy01y8",,,,,,,"0",,"t3_1o3wy5j",,"niy01y8","t3_1o3wy5j","2026-05-05T00:57:13.808Z",,,,"1","https://www.reddit.com/r/Costco/comments/1o3wy5j/never_forget_the_supreme/niy01y8/","t2_6l4z3","AutoModerator",
,"Hi External_Shoulder_14, I am the bot of r/publix.  My job is to help weed out spam accounts, but sometimes nab real users in the process. Your account is either less than a week old or is an account with negative/low karma, so the AutoModerator has removed your submission. Please message the Mod team for approval. Confused about karma? [A Guide to Reddit Karma](https://www.reddit.com/r/NewToReddit/comments/cncbt1/a_guide_to_reddit_karma/) for more information

*I am a bot, and this action was performed automatically. Please [contact the moderators of this subreddit](/message/compose/?to=/r/publix) if you have any questions or concerns.*","publix","r/publix","2026-03-24T12:37:41.000Z","comment",,"&lt;div class=""md""&gt;&lt;p&gt;Hi External_Shoulder_14, I am the bot of &lt;a href=""/r/publix""&gt;r/publix&lt;/a&gt;.  My job is to help weed out spam accounts, but sometimes nab real users in the process. Your account is either less than a week old or is an account with negative/low karma, so the AutoModerator has removed your submission. Please message the Mod team for approval. Confused about karma? &lt;a href=""https://www.reddit.com/r/NewToReddit/comments/cncbt1/a_guide_to_reddit_karma/""&gt;A Guide to Reddit Karma&lt;/a&gt; for more information&lt;/p&gt;

&lt;p&gt;&lt;em&gt;I am a bot, and this action was performed automatically. Please &lt;a href=""/message/compose/?to=/r/publix""&gt;contact the moderators of this subreddit&lt;/a&gt; if you have any questions or concerns.&lt;/em&gt;&lt;/p&gt;
&lt;/div&gt;","t1_oc6z5t4",,,,,,,"0",,"t1_oc6z5ql",,"oc6z5t4","t3_1s1j08c","2026-05-05T00:57:13.371Z",,,,"2","https://www.reddit.com/r/publix/comments/1s1j08c/luck_was_on_my_side_this_weekend/oc6z5t4/","t2_6l4z3","AutoModerator",
,"I think that’s why a lot of people don’t bother.","Costco","r/Costco","2025-07-22T23:50:28.000Z","comment",,"&lt;div class=""md""&gt;&lt;p&gt;I think that’s why a lot of people don’t bother.&lt;/p&gt;
&lt;/div&gt;","t1_n4me850",,,,,,,"0",,"t1_n4md0kr",,"n4me850","t3_1m6p7m0","2026-05-05T00:57:11.829Z",,,,"17","https://www.reddit.com/r/Costco/comments/1m6p7m0/executive_members_entering_costco_at_9am_be_like/n4me850/","t2_96xwf","Deceptiveideas",
,"We didn’t know what we had until it was gone 😩","Costco","r/Costco","2025-10-11T14:32:45.000Z","comment",,"&lt;div class=""md""&gt;&lt;p&gt;We didn’t know what we had until it was gone 😩&lt;/p&gt;
&lt;/div&gt;","t1_niy1ezp",,,,,,,"2",,"t3_1o3wy5j",,"niy1ezp","t3_1o3wy5j","2026-05-05T00:57:13.808Z",,,,"492","https://www.reddit.com/r/Costco/comments/1o3wy5j/never_forget_the_supreme/niy1ezp/","t2_qjzx2f1","humancondition88",
"Newbie","Yeah, I always take my carts back. Even if it's a ridiculous chore. But damn there are some cart corral deserts in this world.

The only exception was when I had small children that I couldn't leave for a 200 yard trip haha.","publix","r/publix","2026-01-31T13:22:53.000Z","comment",,"&lt;div class=""md""&gt;&lt;p&gt;Yeah, I always take my carts back. Even if it&amp;#39;s a ridiculous chore. But damn there are some cart corral deserts in this world.&lt;/p&gt;

&lt;p&gt;The only exception was when I had small children that I couldn&amp;#39;t leave for a 200 yard trip haha.&lt;/p&gt;
&lt;/div&gt;","t1_o2s9vls",,,,,,,"5",,"t1_o2s4mrj",,"o2s9vls","t3_1qs1c13","2026-05-05T00:57:13.872Z",,,,"120","https://www.reddit.com/r/publix/comments/1qs1c13/why_do_people_do_this/o2s9vls/","t2_abkv5ls","GulfCoastLaw",
,"[deleted]","publix","r/publix","2026-03-23T17:06:37.000Z","comment",,"&lt;div class=""md""&gt;&lt;p&gt;[deleted]&lt;/p&gt;
&lt;/div&gt;","t1_oc1sbdl",,,,,,,"1",,"t1_oc16y4w",,"oc1sbdl","t3_1s1j08c","2026-05-05T00:57:13.371Z",,,,"-6","https://www.reddit.com/r/publix/comments/1s1j08c/luck_was_on_my_side_this_weekend/oc1sbdl/",,"[deleted]",
,"We see what they're done for others with the bulgogi pizza","Costco","r/Costco","2025-10-11T15:40:24.000Z","comment",,"&lt;div class=""md""&gt;&lt;p&gt;We see what they&amp;#39;re done for others with the bulgogi pizza&lt;/p&gt;
&lt;/div&gt;","t1_niydy2c",,,,,,,"2",,"t1_niy1ezp",,"niydy2c","t3_1o3wy5j","2026-05-05T00:57:13.808Z",,,,"94","https://www.reddit.com/r/Costco/comments/1o3wy5j/never_forget_the_supreme/niydy2c/","t2_wy7py","redditproha",
,"If you see the return line as a disincentive then you're probably the average customer in this regard.

Discount programs that require labor on your part are designed to give the discount only to the most price sensitive of us, such that it gives them a feeling of pride an accomplishment for ""earning"" a deal.  Most smaller stores set it such that the discount's value proposition is actually negative for most people.","Costco","r/Costco","2025-07-23T00:05:25.000Z","comment",,"&lt;div class=""md""&gt;&lt;p&gt;If you see the return line as a disincentive then you&amp;#39;re probably the average customer in this regard.&lt;/p&gt;

&lt;p&gt;Discount programs that require labor on your part are designed to give the discount only to the most price sensitive of us, such that it gives them a feeling of pride an accomplishment for &amp;quot;earning&amp;quot; a deal.  Most smaller stores set it such that the discount&amp;#39;s value proposition is actually negative for most people.&lt;/p&gt;
&lt;/div&gt;","t1_n4mgx3e",,,,,,,"0",,"t1_n4md0kr",,"n4mgx3e","t3_1m6p7m0","2026-05-05T00:57:11.829Z",,,,"15","https://www.reddit.com/r/Costco/comments/1m6p7m0/executive_members_entering_costco_at_9am_be_like/n4mgx3e/","t2_mep55","Dyanpanda",
"Newbie","I’m one of those people who is obsessive about getting in 10k steps per day, so I have no problem walking the cart back to the store, it triples my steps!","publix","r/publix","2026-01-31T17:08:18.000Z","comment",,"&lt;div class=""md""&gt;&lt;p&gt;I’m one of those people who is obsessive about getting in 10k steps per day, so I have no problem walking the cart back to the store, it triples my steps!&lt;/p&gt;
&lt;/div&gt;","t1_o2tgxhd",,,,,,,"1",,"t1_o2s9vls",,"o2tgxhd","t3_1qs1c13","2026-05-05T00:57:13.872Z",,,,"38","https://www.reddit.com/r/publix/comments/1qs1c13/why_do_people_do_this/o2tgxhd/","t2_3u5xfz1s","rraattbbooyy",
,"the WHAT","Costco","r/Costco","2025-10-11T16:37:09.000Z","comment",,"&lt;div class=""md""&gt;&lt;p&gt;the WHAT&lt;/p&gt;
&lt;/div&gt;","t1_niyokme",,,,,,,"2",,"t1_niydy2c",,"niyokme","t3_1o3wy5j","2026-05-05T00:57:13.808Z",,,,"19","https://www.reddit.com/r/Costco/comments/1o3wy5j/never_forget_the_supreme/niyokme/",,"[deleted]",
"Newbie","That’s not 0.01 lbs. of meat ","publix","r/publix","2026-03-23T17:19:54.000Z","comment",,"&lt;div class=""md""&gt;&lt;p&gt;That’s not 0.01 lbs. of meat &lt;/p&gt;
&lt;/div&gt;","t1_oc1v8gx",,,,,,,"1",,"t1_oc1sbdl",,"oc1v8gx","t3_1s1j08c","2026-05-05T00:57:13.371Z",,,,"18","https://www.reddit.com/r/publix/comments/1s1j08c/luck_was_on_my_side_this_weekend/oc1v8gx/","t2_jkcibe3ho","Holykorn",
,"Within 30 days of purchase, you can get a price adjustment if things go on sale. There’s no need to return and rebuy. Just bring the receipt to the special adjustment register that’s off the side of the normal check out lines and wait/ask for an employee to do it. I do consider returning items, especially used, after the 30 day limit with the intention to repurchase to be an unscrupulous hack.","Costco","r/Costco","2025-07-23T04:55:13.000Z","comment",,"&lt;div class=""md""&gt;&lt;p&gt;Within 30 days of purchase, you can get a price adjustment if things go on sale. There’s no need to return and rebuy. Just bring the receipt to the special adjustment register that’s off the side of the normal check out lines and wait/ask for an employee to do it. I do consider returning items, especially used, after the 30 day limit with the intention to repurchase to be an unscrupulous hack.&lt;/p&gt;
&lt;/div&gt;","t1_n4nreg3",,,,,,,"1",,"t1_n4md0kr",,"n4nreg3","t3_1m6p7m0","2026-05-05T00:57:11.829Z",,,,"6","https://www.reddit.com/r/Costco/comments/1m6p7m0/executive_members_entering_costco_at_9am_be_like/n4nreg3/","t2_3lew7","BaconExplosion",
"Newbie","Just wanted to up vote you bc you're absolutely right. I always take my cart back with the exception of when my children were small and I couldn't leave them in the car unattended that long bc they would freak out. It's not simply about convenience, it's sometimes necessary. I used to get annoyed when people left their carts, but I've become a lot softer about it after being forced to myself bc there ain't a cart corral within 150 feet of the available parking spots.","publix","r/publix","2026-01-31T17:32:31.000Z","comment",,"&lt;div class=""md""&gt;&lt;p&gt;Just wanted to up vote you bc you&amp;#39;re absolutely right. I always take my cart back with the exception of when my children were small and I couldn&amp;#39;t leave them in the car unattended that long bc they would freak out. It&amp;#39;s not simply about convenience, it&amp;#39;s sometimes necessary. I used to get annoyed when people left their carts, but I&amp;#39;ve become a lot softer about it after being forced to myself bc there ain&amp;#39;t a cart corral within 150 feet of the available parking spots.&lt;/p&gt;
&lt;/div&gt;","t1_o2tlw9k",,,,,,,"3",,"t1_o2s9vls",,"o2tlw9k","t3_1qs1c13","2026-05-05T00:57:13.872Z",,,,"23","https://www.reddit.com/r/publix/comments/1qs1c13/why_do_people_do_this/o2tlw9k/","t2_3hbpt","jfrii",
,"[bulgogi pizza.  ](https://www.reddit.com/r/Costco/comments/1o1k29i/yangae_seoul_korea_costco_food_court_bulgogi/)I need this.","Costco","r/Costco","2025-10-11T19:25:55.000Z","comment",,"&lt;div class=""md""&gt;&lt;p&gt;&lt;a href=""https://www.reddit.com/r/Costco/comments/1o1k29i/yangae_seoul_korea_costco_food_court_bulgogi/""&gt;bulgogi pizza.  &lt;/a&gt;I need this.&lt;/p&gt;
&lt;/div&gt;","t1_nizkkod",,,,,,,"2",,"t1_niyokme",,"nizkkod","t3_1o3wy5j","2026-05-05T00:57:13.808Z",,,,"25","https://www.reddit.com/r/Costco/comments/1o3wy5j/never_forget_the_supreme/nizkkod/","t2_sqadcm5w","Weary_Panda80",
"Newbie","I hope you bought them all and went through self check out. ","publix","r/publix","2026-03-23T15:30:04.000Z","comment",,"&lt;div class=""md""&gt;&lt;p&gt;I hope you bought them all and went through self check out. &lt;/p&gt;
&lt;/div&gt;","t1_oc17bu0",,,,,,,"4",,"t3_1s1j08c",,"oc17bu0","t3_1s1j08c","2026-05-05T00:57:13.371Z",,,,"231","https://www.reddit.com/r/publix/comments/1s1j08c/luck_was_on_my_side_this_weekend/oc17bu0/","t2_tpv0txw4","Only_Pea_9936",
"Newbie","It's things like this that make you think twice about judging ñothers.","publix","r/publix","2026-02-01T05:22:11.000Z","comment",,"&lt;div class=""md""&gt;&lt;p&gt;It&amp;#39;s things like this that make you think twice about judging ñothers.&lt;/p&gt;
&lt;/div&gt;","t1_o2x7t99",,,,,,,"1",,"t1_o2tlw9k",,"o2x7t99","t3_1qs1c13","2026-05-05T00:57:13.872Z",,,,"6","https://www.reddit.com/r/publix/comments/1qs1c13/why_do_people_do_this/o2x7t99/","t2_994enxfm6","SpicierWinner",
,"Holy crap didnt know about the 2% and I've bought sheds, sofas, all sorts defo would have paid for itself. 

Balls.","Costco","r/Costco","2025-07-22T21:14:37.000Z","comment",,"&lt;div class=""md""&gt;&lt;p&gt;Holy crap didnt know about the 2% and I&amp;#39;ve bought sheds, sofas, all sorts defo would have paid for itself. &lt;/p&gt;

&lt;p&gt;Balls.&lt;/p&gt;
&lt;/div&gt;","t1_n4lkf7i",,,,,,,"1",,"t1_n4le2ag",,"n4lkf7i","t3_1m6p7m0","2026-05-05T00:57:11.829Z",,,,"20","https://www.reddit.com/r/Costco/comments/1m6p7m0/executive_members_entering_costco_at_9am_be_like/n4lkf7i/","t2_nkd8p","matthaus79",
"Newbie","Why would it matter? Publix promise states that if it rings up for the wrong price you get it free","publix","r/publix","2026-03-23T15:39:05.000Z","comment",,"&lt;div class=""md""&gt;&lt;p&gt;Why would it matter? Publix promise states that if it rings up for the wrong price you get it free&lt;/p&gt;
&lt;/div&gt;","t1_oc1998i",,,,,,,"6",,"t1_oc17bu0",,"oc1998i","t3_1s1j08c","2026-05-05T00:57:13.371Z",,,,"195","https://www.reddit.com/r/publix/comments/1s1j08c/luck_was_on_my_side_this_weekend/oc1998i/","t2_1ay5p2j2a5","ChadGuadalupe",
,"They need to start opening a world-wide costco in every major city that cycles through the products from costcos all around the world.","Costco","r/Costco","2025-10-26T01:15:00.000Z","comment",,"&lt;div class=""md""&gt;&lt;p&gt;They need to start opening a world-wide costco in every major city that cycles through the products from costcos all around the world.&lt;/p&gt;
&lt;/div&gt;","t1_nlemf6u",,,,,,,"1",,"t1_nizkkod",,"nlemf6u","t3_1o3wy5j","2026-05-05T00:57:13.808Z",,,,"3","https://www.reddit.com/r/Costco/comments/1o3wy5j/never_forget_the_supreme/nlemf6u/","t2_d74qeetl","Bagel_lust",
"Newbie","I parked next to the cart corral when I had small ones with me. Cart usually available right away, quick and easy cart disposal when you're done.","publix","r/publix","2026-02-01T20:34:33.000Z","comment",,"&lt;div class=""md""&gt;&lt;p&gt;I parked next to the cart corral when I had small ones with me. Cart usually available right away, quick and easy cart disposal when you&amp;#39;re done.&lt;/p&gt;
&lt;/div&gt;","t1_o3194g8",,,,,,,"1",,"t1_o2tlw9k",,"o3194g8","t3_1qs1c13","2026-05-05T00:57:13.872Z",,,,"5","https://www.reddit.com/r/publix/comments/1qs1c13/why_do_people_do_this/o3194g8/","t2_9ec9d","BeerBrat",
,"You Costco doesn't automatically enroll you in it when you buy big ticket items? Mine did luckily","Costco","r/Costco","2025-07-23T05:08:49.000Z","comment",,"&lt;div class=""md""&gt;&lt;p&gt;You Costco doesn&amp;#39;t automatically enroll you in it when you buy big ticket items? Mine did luckily&lt;/p&gt;
&lt;/div&gt;","t1_n4nt4r5",,,,,,,"1",,"t1_n4lkf7i",,"n4nt4r5","t3_1m6p7m0","2026-05-05T00:57:11.829Z",,,,"6","https://www.reddit.com/r/Costco/comments/1m6p7m0/executive_members_entering_costco_at_9am_be_like/n4nt4r5/","t2_13l9wjm75c","DependentOnIt",
,"I miss bulgogi pizza","Costco","r/Costco","2025-10-12T02:34:15.000Z","comment",,"&lt;div class=""md""&gt;&lt;p&gt;I miss bulgogi pizza&lt;/p&gt;
&lt;/div&gt;","t1_nj1iyxa",,,,,,,"0",,"t1_nizkkod",,"nj1iyxa","t3_1o3wy5j","2026-05-05T00:57:13.808Z",,,,"3","https://www.reddit.com/r/Costco/comments/1o3wy5j/never_forget_the_supreme/nj1iyxa/","t2_7y86adqw","GammaDealer",
"Newbie","Self checkout keeps the butcher person from getting canned 🤫 ","publix","r/publix","2026-03-23T15:49:38.000Z","comment",,"&lt;div class=""md""&gt;&lt;p&gt;Self checkout keeps the butcher person from getting canned 🤫 &lt;/p&gt;
&lt;/div&gt;","t1_oc1bjmc",,,,,,,"3",,"t1_oc1998i",,"oc1bjmc","t3_1s1j08c","2026-05-05T00:57:13.371Z",,,,"247","https://www.reddit.com/r/publix/comments/1s1j08c/luck_was_on_my_side_this_weekend/oc1bjmc/","t2_14zzlg","soscribbly",
,"Bulgogi pizza sounds amazing wheres that at","Costco","r/Costco","2025-10-11T17:41:30.000Z","comment",,"&lt;div class=""md""&gt;&lt;p&gt;Bulgogi pizza sounds amazing wheres that at&lt;/p&gt;
&lt;/div&gt;","t1_niz165i",,,,,,,"1",,"t1_niydy2c",,"niz165i","t3_1o3wy5j","2026-05-05T00:57:13.808Z",,,,"3","https://www.reddit.com/r/Costco/comments/1o3wy5j/never_forget_the_supreme/niz165i/","t2_1mszyy6j","Brandinisnor3s",
"Newbie","I work for people who are paralyzed and don't always want to walk all the way back and leave them in a running vehicle for too long. I could just see someone jumping in the can and taking off with them","publix","r/publix","2026-01-31T15:57:25.000Z","comment",,"&lt;div class=""md""&gt;&lt;p&gt;I work for people who are paralyzed and don&amp;#39;t always want to walk all the way back and leave them in a running vehicle for too long. I could just see someone jumping in the can and taking off with them&lt;/p&gt;
&lt;/div&gt;","t1_o2t24et",,,,,,,"2",,"t1_o2s9vls",,"o2t24et","t3_1qs1c13","2026-05-05T00:57:13.872Z",,,,"18","https://www.reddit.com/r/publix/comments/1qs1c13/why_do_people_do_this/o2t24et/","t2_8saggbha","Few-Raise-1825",
"Newbie","Lol fair","publix","r/publix","2026-03-23T15:51:33.000Z","comment",,"&lt;div class=""md""&gt;&lt;p&gt;Lol fair&lt;/p&gt;
&lt;/div&gt;","t1_oc1byme",,,,,,,"0",,"t1_oc1bjmc",,"oc1byme","t3_1s1j08c","2026-05-05T00:57:13.371Z",,,,"30","https://www.reddit.com/r/publix/comments/1s1j08c/luck_was_on_my_side_this_weekend/oc1byme/","t2_1ay5p2j2a5","ChadGuadalupe",
"Newbie","They would fire him/her over making a mistake on the price of two burgers? jeez.....","publix","r/publix","2026-03-23T16:22:12.000Z","comment",,"&lt;div class=""md""&gt;&lt;p&gt;They would fire him/her over making a mistake on the price of two burgers? jeez.....&lt;/p&gt;
&lt;/div&gt;","t1_oc1ilt2",,,,,,,"4",,"t1_oc1bjmc",,"oc1ilt2","t3_1s1j08c","2026-05-05T00:57:13.371Z",,,,"25","https://www.reddit.com/r/publix/comments/1s1j08c/luck_was_on_my_side_this_weekend/oc1ilt2/","t2_neuf39dm3","bigdongstpete",
"Produce","Jumping in the can? Where are you leaving them?","publix","r/publix","2026-02-01T00:03:43.000Z","comment",,"&lt;div class=""md""&gt;&lt;p&gt;Jumping in the can? Where are you leaving them?&lt;/p&gt;
&lt;/div&gt;","t1_o2vsf6f",,,,,,,"2",,"t1_o2t24et",,"o2vsf6f","t3_1qs1c13","2026-05-05T00:57:13.872Z",,,,"9","https://www.reddit.com/r/publix/comments/1qs1c13/why_do_people_do_this/o2vsf6f/","t2_2u3aryha","BringTheLightnin",
,"Korea, probably?","Costco","r/Costco","2025-10-11T18:05:04.000Z","comment",,"&lt;div class=""md""&gt;&lt;p&gt;Korea, probably?&lt;/p&gt;
&lt;/div&gt;","t1_niz5prg",,,,,,,"0",,"t1_niz165i",,"niz5prg","t3_1o3wy5j","2026-05-05T00:57:13.808Z",,,,"7","https://www.reddit.com/r/Costco/comments/1o3wy5j/never_forget_the_supreme/niz5prg/","t2_18bqgka","neBular_cipHer",
"Newbie","The nearest porta-potty","publix","r/publix","2026-02-01T05:46:53.000Z","comment",,"&lt;div class=""md""&gt;&lt;p&gt;The nearest porta-potty&lt;/p&gt;
&lt;/div&gt;","t1_o2xb328",,,,,,,"0",,"t1_o2vsf6f",,"o2xb328","t3_1qs1c13","2026-05-05T00:57:13.872Z",,,,"3","https://www.reddit.com/r/publix/comments/1qs1c13/why_do_people_do_this/o2xb328/","t2_61h7ddn9","ericloz",
,"Polish dog :'(","Costco","r/Costco","2025-10-11T20:52:56.000Z","comment",,"&lt;div class=""md""&gt;&lt;p&gt;Polish dog :&amp;#39;(&lt;/p&gt;
&lt;/div&gt;","t1_nj0081t",,,,,,,"1",,"t1_niy1ezp",,"nj0081t","t3_1o3wy5j","2026-05-05T00:57:13.808Z",,,,"11","https://www.reddit.com/r/Costco/comments/1o3wy5j/never_forget_the_supreme/nj0081t/","t2_e6pv6","Montigue",
"Newbie","I can help it of they is so poor all they can afford is a can on wheels. And yes, I do have to run to catch up with them after I leave them in it with it running","publix","r/publix","2026-02-01T02:19:12.000Z","comment",,"&lt;div class=""md""&gt;&lt;p&gt;I can help it of they is so poor all they can afford is a can on wheels. And yes, I do have to run to catch up with them after I leave them in it with it running&lt;/p&gt;
&lt;/div&gt;","t1_o2wfo50",,,,,,,"0",,"t1_o2vsf6f",,"o2wfo50","t3_1qs1c13","2026-05-05T00:57:13.872Z",,,,"3","https://www.reddit.com/r/publix/comments/1qs1c13/why_do_people_do_this/o2wfo50/","t2_8saggbha","Few-Raise-1825",
"Newbie","They certainly wouldn’t be getting promoted over it","publix","r/publix","2026-03-23T16:24:50.000Z","comment",,"&lt;div class=""md""&gt;&lt;p&gt;They certainly wouldn’t be getting promoted over it&lt;/p&gt;
&lt;/div&gt;","t1_oc1j6dh",,,,,,,"2",,"t1_oc1ilt2",,"oc1j6dh","t3_1s1j08c","2026-05-05T00:57:13.371Z",,,,"72","https://www.reddit.com/r/publix/comments/1s1j08c/luck_was_on_my_side_this_weekend/oc1j6dh/","t2_14zzlg","soscribbly",
,"Chopped onions and the deli mustard 😭","Costco","r/Costco","2025-10-12T04:20:50.000Z","comment",,"&lt;div class=""md""&gt;&lt;p&gt;Chopped onions and the deli mustard 😭&lt;/p&gt;
&lt;/div&gt;","t1_nj1xkh8",,,,,,,"1",,"t1_nj0081t",,"nj1xkh8","t3_1o3wy5j","2026-05-05T00:57:13.808Z",,,,"3","https://www.reddit.com/r/Costco/comments/1o3wy5j/never_forget_the_supreme/nj1xkh8/","t2_6c18o","normous",
"Newbie","Also, I’ve seen several reasons why. A mom with a baby in her arms, an elderly man that has trouble walking, someone with a baby they have placed in the car and don’t want to walk away from. It’s not always that people are lazy. These are just examples of things I’ve seen over the years. Just another perspective🙂","publix","r/publix","2026-01-31T18:55:26.000Z","comment",,"&lt;div class=""md""&gt;&lt;p&gt;Also, I’ve seen several reasons why. A mom with a baby in her arms, an elderly man that has trouble walking, someone with a baby they have placed in the car and don’t want to walk away from. It’s not always that people are lazy. These are just examples of things I’ve seen over the years. Just another perspective🙂&lt;/p&gt;
&lt;/div&gt;","t1_o2u3i4c",,,,,,,"1",,"t1_o2s9vls",,"o2u3i4c","t3_1qs1c13","2026-05-05T00:57:13.872Z",,,,"3","https://www.reddit.com/r/publix/comments/1qs1c13/why_do_people_do_this/o2u3i4c/","t2_a269br77","er1026",
"Newbie","Funny the down votes. People approving of someone getting fired over a simple mistake. I own 3 vape shops and if a good employee misrings something and it's not habitual I would never think of firing them. This from the company that charges double what most places charge on a lot of items lol. Great company.","publix","r/publix","2026-03-23T16:55:04.000Z","comment",,"&lt;div class=""md""&gt;&lt;p&gt;Funny the down votes. People approving of someone getting fired over a simple mistake. I own 3 vape shops and if a good employee misrings something and it&amp;#39;s not habitual I would never think of firing them. This from the company that charges double what most places charge on a lot of items lol. Great company.&lt;/p&gt;
&lt;/div&gt;","t1_oc1prxx",,,,,,,"3",,"t1_oc1j6dh",,"oc1prxx","t3_1s1j08c","2026-05-05T00:57:13.371Z",,,,"48","https://www.reddit.com/r/publix/comments/1s1j08c/luck_was_on_my_side_this_weekend/oc1prxx/","t2_neuf39dm3","bigdongstpete",
"Newbie","Awhile back, a Publix person on here said they can't always have cart corrals in certain spots due to leasing agreements (something like that).  Ours doesn't have corrals anywhere on one side and it's a pain. ","publix","r/publix","2026-01-31T13:00:24.000Z","comment",,"&lt;div class=""md""&gt;&lt;p&gt;Awhile back, a Publix person on here said they can&amp;#39;t always have cart corrals in certain spots due to leasing agreements (something like that).  Ours doesn&amp;#39;t have corrals anywhere on one side and it&amp;#39;s a pain. &lt;/p&gt;
&lt;/div&gt;","t1_o2s6h0s",,,,,,,"3",,"t1_o2s4mrj",,"o2s6h0s","t3_1qs1c13","2026-05-05T00:57:13.872Z",,,,"28","https://www.reddit.com/r/publix/comments/1qs1c13/why_do_people_do_this/o2s6h0s/","t2_3ne5fle1","Paisleylk",
,"The Combo!","Costco","r/Costco","2025-10-11T14:27:20.000Z","comment",,"&lt;div class=""md""&gt;&lt;p&gt;The Combo!&lt;/p&gt;
&lt;/div&gt;","t1_niy0g8o",,,,,,,"3",,"t3_1o3wy5j",,"niy0g8o","t3_1o3wy5j","2026-05-05T00:57:13.808Z",,,,"1026","https://www.reddit.com/r/Costco/comments/1o3wy5j/never_forget_the_supreme/niy0g8o/","t2_198e70db","tedshreddon",
"Customer","Why are you overexplaining yourself in response to *downvotes*","publix","r/publix","2026-03-24T17:32:54.000Z","comment",,"&lt;div class=""md""&gt;&lt;p&gt;Why are you overexplaining yourself in response to &lt;em&gt;downvotes&lt;/em&gt;&lt;/p&gt;
&lt;/div&gt;","t1_oc8od3c",,,,,,,"1",,"t1_oc1prxx",,"oc8od3c","t3_1s1j08c","2026-05-05T00:57:13.371Z",,,,"5","https://www.reddit.com/r/publix/comments/1s1j08c/luck_was_on_my_side_this_weekend/oc8od3c/","t2_10e941","eanhaub",
"Newbie","When I worked at Publix, none of them had cart corrals because the policy was to take every customer out so there was no need for them.","publix","r/publix","2026-01-31T15:56:47.000Z","comment",,"&lt;div class=""md""&gt;&lt;p&gt;When I worked at Publix, none of them had cart corrals because the policy was to take every customer out so there was no need for them.&lt;/p&gt;
&lt;/div&gt;","t1_o2t1zlb",,,,,,,"3",,"t1_o2s6h0s",,"o2t1zlb","t3_1qs1c13","2026-05-05T00:57:13.872Z",,,,"12","https://www.reddit.com/r/publix/comments/1qs1c13/why_do_people_do_this/o2t1zlb/","t2_4n68m3ky","JayPokemon17",
,"What is even more upsetting is that the combo calzone exists. They have the ingredients to make it, they just won't.","Costco","r/Costco","2025-10-11T15:14:35.000Z","comment",,"&lt;div class=""md""&gt;&lt;p&gt;What is even more upsetting is that the combo calzone exists. They have the ingredients to make it, they just won&amp;#39;t.&lt;/p&gt;
&lt;/div&gt;","t1_niy94c4",,,,,,,"6",,"t1_niy0g8o",,"niy94c4","t3_1o3wy5j","2026-05-05T00:57:13.808Z",,,,"541","https://www.reddit.com/r/Costco/comments/1o3wy5j/never_forget_the_supreme/niy94c4/","t2_bptkkt","NateNate60",
"Newbie","Now they don’t ask.","publix","r/publix","2026-01-31T17:49:20.000Z","comment",,"&lt;div class=""md""&gt;&lt;p&gt;Now they don’t ask.&lt;/p&gt;
&lt;/div&gt;","t1_o2tpdt6",,,,,,,"1",,"t1_o2t1zlb",,"o2tpdt6","t3_1qs1c13","2026-05-05T00:57:13.872Z",,,,"13","https://www.reddit.com/r/publix/comments/1qs1c13/why_do_people_do_this/o2tpdt6/","t2_1upjpy1svm","Efficient_Beach2458",
,"I believe the combo calzones are pre made","Costco","r/Costco","2025-10-11T15:18:47.000Z","comment",,"&lt;div class=""md""&gt;&lt;p&gt;I believe the combo calzones are pre made&lt;/p&gt;
&lt;/div&gt;","t1_niy9whc",,,,,,,"3",,"t1_niy94c4",,"niy9whc","t3_1o3wy5j","2026-05-05T00:57:13.808Z",,,,"178","https://www.reddit.com/r/Costco/comments/1o3wy5j/never_forget_the_supreme/niy9whc/","t2_d91h5sr","TAckhouse1",
"Newbie","Those were the days…","publix","r/publix","2026-02-01T01:51:10.000Z","comment",,"&lt;div class=""md""&gt;&lt;p&gt;Those were the days…&lt;/p&gt;
&lt;/div&gt;","t1_o2wb0n3",,,,,,,"1",,"t1_o2t1zlb",,"o2wb0n3","t3_1qs1c13","2026-05-05T00:57:13.872Z",,,,"6","https://www.reddit.com/r/publix/comments/1qs1c13/why_do_people_do_this/o2wb0n3/","t2_8na0xagk","Zealousideal_Angle79",
,"I mean I get it but at the same time if they used frozen veggies on a combo pizza I wouldn't be mad.","Costco","r/Costco","2025-10-11T15:57:55.000Z","comment",,"&lt;div class=""md""&gt;&lt;p&gt;I mean I get it but at the same time if they used frozen veggies on a combo pizza I wouldn&amp;#39;t be mad.&lt;/p&gt;
&lt;/div&gt;","t1_niyh8kn",,,,,,,"1",,"t1_niy9whc",,"niyh8kn","t3_1o3wy5j","2026-05-05T00:57:13.808Z",,,,"111","https://www.reddit.com/r/Costco/comments/1o3wy5j/never_forget_the_supreme/niyh8kn/","t2_wg0tw","PM_me_ur_launch_code",
"Newbie","Not over explaining myself because of down votes. Probably explaining my stance instead of one sentence. ","publix","r/publix","2026-03-24T17:59:32.000Z","comment",,"&lt;div class=""md""&gt;&lt;p&gt;Not over explaining myself because of down votes. Probably explaining my stance instead of one sentence. &lt;/p&gt;
&lt;/div&gt;","t1_oc8uagt",,,,,,,"1",,"t1_oc8od3c",,"oc8uagt","t3_1s1j08c","2026-05-05T00:57:13.371Z",,,,"4","https://www.reddit.com/r/publix/comments/1s1j08c/luck_was_on_my_side_this_weekend/oc8uagt/","t2_neuf39dm3","bigdongstpete",
,"Saw this on another sub, figured it belongs here",,"r/Costco","2025-12-18T21:34:29.000Z","post","[Meme / Shitpost]","&lt;!-- SC_OFF --&gt;&lt;div class=""md""&gt;&lt;p&gt;Saw this on another sub, figured it belongs here&lt;/p&gt;
&lt;/div&gt;&lt;!-- SC_ON --&gt;","t3_1pq2xkk","https://i.redd.it/zgeyusu7718g1.png",,"false","false","https://i.redd.it/zgeyusu7718g1.png","366",,"false",,"Costco","1pq2xkk",,"2026-05-05T00:57:17.684Z","https://b.thumbs.redditmedia.com/Z9tTRGFx_7b6MHf_0gRWYeQD2GujFNGE99v-zwGIVzE.jpg","Enlightenment sold in bulk","0.98","13687","https://www.reddit.com/r/Costco/comments/1pq2xkk/enlightenment_sold_in_bulk/","t2_f5cwffi2y","-Hoosier-Daddy",
,"Posts that do not follow r/Costco subreddit rules **MAY** be subject to removal. 

**Reminder: No vague non-descriptive post titles or availability questions.**

When applicable, please make sure that you're using a descriptive post title with product name(s) and/or exact question mentioned as it yields better subreddit search results. 

**Including item number, price, and approximate location or region where found is also helpful since product availability can vary.**


*I am a bot, and this action was performed automatically. Please [contact the moderators of this subreddit](/message/compose/?to=/r/Costco) if you have any questions or concerns.*","Costco","r/Costco","2025-12-18T21:34:31.000Z","comment",,"&lt;div class=""md""&gt;&lt;p&gt;Posts that do not follow &lt;a href=""/r/Costco""&gt;r/Costco&lt;/a&gt; subreddit rules &lt;strong&gt;MAY&lt;/strong&gt; be subject to removal. &lt;/p&gt;

&lt;p&gt;&lt;strong&gt;Reminder: No vague non-descriptive post titles or availability questions.&lt;/strong&gt;&lt;/p&gt;

&lt;p&gt;When applicable, please make sure that you&amp;#39;re using a descriptive post title with product name(s) and/or exact question mentioned as it yields better subreddit search results. &lt;/p&gt;

&lt;p&gt;&lt;strong&gt;Including item number, price, and approximate location or region where found is also helpful since product availability can vary.&lt;/strong&gt;&lt;/p&gt;

&lt;p&gt;&lt;em&gt;I am a bot, and this action was performed automatically. Please &lt;a href=""/message/compose/?to=/r/Costco""&gt;contact the moderators of this subreddit&lt;/a&gt; if you have any questions or concerns.&lt;/em&gt;&lt;/p&gt;
&lt;/div&gt;","t1_nur5lih",,,,,,,"0",,"t3_1pq2xkk",,"nur5lih","t3_1pq2xkk","2026-05-05T00:57:17.734Z",,,,"1","https://www.reddit.com/r/Costco/comments/1pq2xkk/enlightenment_sold_in_bulk/nur5lih/","t2_6l4z3","AutoModerator",
,"I’m enlightened and proud of it. I wear my full-on Costco outfit right in and stand in front of the pile proudly telling everyone who stops how I rate the fit.","Costco","r/Costco","2025-12-18T21:40:20.000Z","comment",,"&lt;div class=""md""&gt;&lt;p&gt;I’m enlightened and proud of it. I wear my full-on Costco outfit right in and stand in front of the pile proudly telling everyone who stops how I rate the fit.&lt;/p&gt;
&lt;/div&gt;","t1_nur6r5o",,,,,,,"5",,"t3_1pq2xkk",,"nur6r5o","t3_1pq2xkk","2026-05-05T00:57:17.734Z",,,,"1086","https://www.reddit.com/r/Costco/comments/1pq2xkk/enlightenment_sold_in_bulk/nur6r5o/","t2_1fppzbe19m","Gold-Kaleidoscope537",
,"Buying clothes and socks at Costco is one level of enlightenment. Buying shoes there is the next level. I wonder how many people buy shoes there like me","Costco","r/Costco","2025-12-18T22:06:31.000Z","comment",,"&lt;div class=""md""&gt;&lt;p&gt;Buying clothes and socks at Costco is one level of enlightenment. Buying shoes there is the next level. I wonder how many people buy shoes there like me&lt;/p&gt;
&lt;/div&gt;","t1_nurbx6x",,,,,,,"11",,"t1_nur6r5o",,"nurbx6x","t3_1pq2xkk","2026-05-05T00:57:17.734Z",,,,"301","https://www.reddit.com/r/Costco/comments/1pq2xkk/enlightenment_sold_in_bulk/nurbx6x/","t2_s2gdm611","shinobi-dragonninja",
,"I just took off my pair of Pumas I got at Costco.","Costco","r/Costco","2025-12-18T22:20:35.000Z","comment",,"&lt;div class=""md""&gt;&lt;p&gt;I just took off my pair of Pumas I got at Costco.&lt;/p&gt;
&lt;/div&gt;","t1_nurekn1",,,,,,,"2",,"t1_nurbx6x",,"nurekn1","t3_1pq2xkk","2026-05-05T00:57:17.734Z",,,,"108","https://www.reddit.com/r/Costco/comments/1pq2xkk/enlightenment_sold_in_bulk/nurekn1/","t2_n9g8rrq6l","Yankee6Actual",
,"I wish Costco stocked New Balance instead.","Costco","r/Costco","2025-12-19T01:48:37.000Z","comment",,"&lt;div class=""md""&gt;&lt;p&gt;I wish Costco stocked New Balance instead.&lt;/p&gt;
&lt;/div&gt;","t1_nusedgf",,,,,,,"3",,"t1_nurekn1",,"nusedgf","t3_1pq2xkk","2026-05-05T00:57:17.734Z",,,,"57","https://www.reddit.com/r/Costco/comments/1pq2xkk/enlightenment_sold_in_bulk/nusedgf/","t2_6rkhr","CaiserZero",
,"I wear my Hoka’s from Costco 24/7","Costco","r/Costco","2025-12-19T02:51:01.000Z","comment",,"&lt;div class=""md""&gt;&lt;p&gt;I wear my Hoka’s from Costco 24/7&lt;/p&gt;
&lt;/div&gt;","t1_nusp21c",,,,,,,"6",,"t1_nusedgf",,"nusp21c","t3_1pq2xkk","2026-05-05T00:57:17.734Z",,,,"39","https://www.reddit.com/r/Costco/comments/1pq2xkk/enlightenment_sold_in_bulk/nusp21c/","t2_naoj60pqj","TooManyNosyFriends",
,"Hoka’s?! I need to upgrade my Adidas from Costco stat.","Costco","r/Costco","2025-12-19T02:59:20.000Z","comment",,"&lt;div class=""md""&gt;&lt;p&gt;Hoka’s?! I need to upgrade my Adidas from Costco stat.&lt;/p&gt;
&lt;/div&gt;","t1_nusqgpr",,,,,,,"1",,"t1_nusp21c",,"nusqgpr","t3_1pq2xkk","2026-05-05T00:57:17.734Z",,,,"38","https://www.reddit.com/r/Costco/comments/1pq2xkk/enlightenment_sold_in_bulk/nusqgpr/","t2_1rdb8e4k","ashleyslo",
,"They used to carry the Clifton. It was sold out instantly.","Costco","r/Costco","2025-12-19T07:16:45.000Z","comment",,"&lt;div class=""md""&gt;&lt;p&gt;They used to carry the Clifton. It was sold out instantly.&lt;/p&gt;
&lt;/div&gt;","t1_nutqun4",,,,,,,"1",,"t1_nusqgpr",,"nutqun4","t3_1pq2xkk","2026-05-05T00:57:17.734Z",,,,"13","https://www.reddit.com/r/Costco/comments/1pq2xkk/enlightenment_sold_in_bulk/nutqun4/","t2_gw6de","Microtitan",
,"Hoka at Costco? Which model? Lead the way sifu","Costco","r/Costco","2025-12-19T05:47:22.000Z","comment",,"&lt;div class=""md""&gt;&lt;p&gt;Hoka at Costco? Which model? Lead the way sifu&lt;/p&gt;
&lt;/div&gt;","t1_nutg7w6",,,,,,,"1",,"t1_nusp21c",,"nutg7w6","t3_1pq2xkk","2026-05-05T00:57:17.734Z",,,,"18","https://www.reddit.com/r/Costco/comments/1pq2xkk/enlightenment_sold_in_bulk/nutg7w6/","t2_4wbqg","failmatic",
,"...they have some listed on their website.

[Men's shoes](https://www.costco.com/mens-footwear.html)

[Women's shoes](https://www.costco.com/womens-footwear.html)","Costco","r/Costco","2025-12-19T07:20:01.000Z","comment",,"&lt;div class=""md""&gt;&lt;p&gt;...they have some listed on their website.&lt;/p&gt;

&lt;p&gt;&lt;a href=""https://www.costco.com/mens-footwear.html""&gt;Men&amp;#39;s shoes&lt;/a&gt;&lt;/p&gt;

&lt;p&gt;&lt;a href=""https://www.costco.com/womens-footwear.html""&gt;Women&amp;#39;s shoes&lt;/a&gt;&lt;/p&gt;
&lt;/div&gt;","t1_nutr7mj",,,,,,,"0",,"t1_nutg7w6",,"nutr7mj","t3_1pq2xkk","2026-05-05T00:57:17.734Z",,,,"13","https://www.reddit.com/r/Costco/comments/1pq2xkk/enlightenment_sold_in_bulk/nutr7mj/","t2_ckpct","Dus-Sn",
,"Your Costco has Hoka’s??!! LUCKY 😤","Costco","r/Costco","2025-12-19T04:51:11.000Z","comment",,"&lt;div class=""md""&gt;&lt;p&gt;Your Costco has Hoka’s??!! LUCKY 😤&lt;/p&gt;
&lt;/div&gt;","t1_nut8cfe",,,,,,,"0",,"t1_nusp21c",,"nut8cfe","t3_1pq2xkk","2026-05-05T00:57:17.734Z",,,,"8","https://www.reddit.com/r/Costco/comments/1pq2xkk/enlightenment_sold_in_bulk/nut8cfe/","t2_mgzkod4z","PlausibleAuspice",
,"I've never seen Hoka at Costco. I do see a lot of $30 sneakers that make me feel a bit sus about the quality. Maybe they're good, idk. I've bought some shirts and shorts though, fwiw.","Costco","r/Costco","2025-12-19T11:00:48.000Z","comment",,"&lt;div class=""md""&gt;&lt;p&gt;I&amp;#39;ve never seen Hoka at Costco. I do see a lot of $30 sneakers that make me feel a bit sus about the quality. Maybe they&amp;#39;re good, idk. I&amp;#39;ve bought some shirts and shorts though, fwiw.&lt;/p&gt;
&lt;/div&gt;","t1_nuue2af",,,,,,,"2",,"t1_nusp21c",,"nuue2af","t3_1pq2xkk","2026-05-05T00:57:17.734Z",,,,"3","https://www.reddit.com/r/Costco/comments/1pq2xkk/enlightenment_sold_in_bulk/nuue2af/","t2_fltxe","covah901",
,"You can order them online! 😀They have a variety of options. Here is one of the options.

https://preview.redd.it/7xiganq2i58g1.jpeg?width=960&amp;format=pjpg&amp;auto=webp&amp;s=e7da5623fcf9ee518c287e8b810f4b375e6e5688","Costco","r/Costco","2025-12-19T12:02:30.000Z","comment",,"&lt;div class=""md""&gt;&lt;p&gt;You can order them online! 😀They have a variety of options. Here is one of the options.&lt;/p&gt;

&lt;p&gt;&lt;a href=""https://preview.redd.it/7xiganq2i58g1.jpeg?width=960&amp;amp;format=pjpg&amp;amp;auto=webp&amp;amp;s=e7da5623fcf9ee518c287e8b810f4b375e6e5688""&gt;https://preview.redd.it/7xiganq2i58g1.jpeg?width=960&amp;amp;format=pjpg&amp;amp;auto=webp&amp;amp;s=e7da5623fcf9ee518c287e8b810f4b375e6e5688&lt;/a&gt;&lt;/p&gt;
&lt;/div&gt;","t1_nuule2l",,,,,,,"0",,"t1_nuue2af",,"nuule2l","t3_1pq2xkk","2026-05-05T00:57:17.734Z",,,,"3","https://www.reddit.com/r/Costco/comments/1pq2xkk/enlightenment_sold_in_bulk/nuule2l/","t2_naoj60pqj","TooManyNosyFriends",
,"I bought the pumas and they the worst shoes I’ve ever owned.","Costco","r/Costco","2025-12-19T14:00:38.000Z","comment",,"&lt;div class=""md""&gt;&lt;p&gt;I bought the pumas and they the worst shoes I’ve ever owned.&lt;/p&gt;
&lt;/div&gt;","t1_nuv3eee",,,,,,,"0",,"t1_nuue2af",,"nuv3eee","t3_1pq2xkk","2026-05-05T00:57:17.734Z",,,,"3","https://www.reddit.com/r/Costco/comments/1pq2xkk/enlightenment_sold_in_bulk/nuv3eee/","t2_9k7k86zy","Solid-Dog-1988",
,"https://preview.redd.it/1iep6ikvud8g1.jpeg?width=554&amp;format=pjpg&amp;auto=webp&amp;s=d08d7e20ffd53a689baef5f0ec2ae6f58efaabac

Predator shoes","Costco","r/Costco","2025-12-20T16:08:29.000Z","comment",,"&lt;div class=""md""&gt;&lt;p&gt;&lt;a href=""https://preview.redd.it/1iep6ikvud8g1.jpeg?width=554&amp;amp;format=pjpg&amp;amp;auto=webp&amp;amp;s=d08d7e20ffd53a689baef5f0ec2ae6f58efaabac""&gt;https://preview.redd.it/1iep6ikvud8g1.jpeg?width=554&amp;amp;format=pjpg&amp;amp;auto=webp&amp;amp;s=d08d7e20ffd53a689baef5f0ec2ae6f58efaabac&lt;/a&gt;&lt;/p&gt;

&lt;p&gt;Predator shoes&lt;/p&gt;
&lt;/div&gt;","t1_nv1sfnr",,,,,,,"0",,"t1_nusp21c",,"nv1sfnr","t3_1pq2xkk","2026-05-05T00:57:17.734Z",,,,"2","https://www.reddit.com/r/Costco/comments/1pq2xkk/enlightenment_sold_in_bulk/nv1sfnr/","t2_1wo3volakb","tracker5173",
"Customer","Images:
	https://preview.redd.it/yvenc1majzyf1.jpeg?auto=webp&amp;s=03579dedff777563a93167d95b20354582bd7282
",,"r/publix","2025-11-03T06:21:24.000Z","post","DISCUSSION","Images:
	https://preview.redd.it/yvenc1majzyf1.jpeg?auto=webp&amp;s=03579dedff777563a93167d95b20354582bd7282
","t3_1on4hc6","https://i.redd.it/yvenc1majzyf1.jpeg",,"false","false","https://i.redd.it/yvenc1majzyf1.jpeg","105",,"false",,"publix","1on4hc6",,"2026-05-05T00:57:21.271Z","https://b.thumbs.redditmedia.com/YIzNaLFRLMFhEegccbWDDT7_EQOICaKZ-TnZJTBSp0s.jpg","Your typical Publix Manager","0.98","2939","https://www.reddit.com/r/publix/comments/1on4hc6/your_typical_publix_manager/","t2_8z0eh20h","Djxgam1ng",
,"My old CSM reminded me exactly of this mf too

https://preview.redd.it/q7y6olpcn1zf1.jpeg?width=606&amp;format=pjpg&amp;auto=webp&amp;s=24382b62c77113928c7cc6be19d1a9aff211cd52","publix","r/publix","2025-11-03T13:27:42.000Z","comment",,"&lt;div class=""md""&gt;&lt;p&gt;My old CSM reminded me exactly of this mf too&lt;/p&gt;

&lt;p&gt;&lt;a href=""https://preview.redd.it/q7y6olpcn1zf1.jpeg?width=606&amp;amp;format=pjpg&amp;amp;auto=webp&amp;amp;s=24382b62c77113928c7cc6be19d1a9aff211cd52""&gt;https://preview.redd.it/q7y6olpcn1zf1.jpeg?width=606&amp;amp;format=pjpg&amp;amp;auto=webp&amp;amp;s=24382b62c77113928c7cc6be19d1a9aff211cd52&lt;/a&gt;&lt;/p&gt;
&lt;/div&gt;","t1_nmvj90i",,,,,,,"2",,"t3_1on4hc6",,"nmvj90i","t3_1on4hc6","2026-05-05T00:57:21.419Z",,,,"136","https://www.reddit.com/r/publix/comments/1on4hc6/your_typical_publix_manager/nmvj90i/",,"[deleted]",
"Newbie","😭","publix","r/publix","2025-11-04T04:39:58.000Z","comment",,"&lt;div class=""md""&gt;&lt;p&gt;😭&lt;/p&gt;
&lt;/div&gt;","t1_nn0axro",,,,,,,"0",,"t1_nmvj90i",,"nn0axro","t3_1on4hc6","2026-05-05T00:57:21.419Z",,,,"3","https://www.reddit.com/r/publix/comments/1on4hc6/your_typical_publix_manager/nn0axro/","t2_1omtyewi9f","Money-Figuress1738",
"Customer","Images:
	https://preview.redd.it/xnfvkrxm1h4g1.jpeg?auto=webp&amp;s=31e40f0d7fd0b3ad0696bf00896cd2701462753b
",,"r/publix","2025-11-30T22:35:10.000Z","post","MEME","Images:
	https://preview.redd.it/xnfvkrxm1h4g1.jpeg?auto=webp&amp;s=31e40f0d7fd0b3ad0696bf00896cd2701462753b
","t3_1pavn89","https://i.redd.it/xnfvkrxm1h4g1.jpeg",,"false","false","https://i.redd.it/xnfvkrxm1h4g1.jpeg","198",,"false",,"publix","1pavn89",,"2026-05-05T00:57:21.677Z","https://b.thumbs.redditmedia.com/xKaE1kxl6p6G7WN1mVP05wcAzSEUydXBgcsDn_QHl5k.jpg","This is making the rounds. Legit?","0.99","2957","https://www.reddit.com/r/publix/comments/1pavn89/this_is_making_the_rounds_legit/","t2_8u7vs5p","JayGatsby52",
"GRS","This is how I picture every CSTL in my head.","publix","r/publix","2025-11-06T01:54:42.000Z","comment",,"&lt;div class=""md""&gt;&lt;p&gt;This is how I picture every CSTL in my head.&lt;/p&gt;
&lt;/div&gt;","t1_nncis04",,,,,,,"0",,"t1_nmvj90i",,"nncis04","t3_1on4hc6","2026-05-05T00:57:21.419Z",,,,"0","https://www.reddit.com/r/publix/comments/1on4hc6/your_typical_publix_manager/nncis04/","t2_xdnyw","iisus-khristos",
"Resigned","https://preview.redd.it/ekc2cfbq2h4g1.jpeg?width=719&amp;format=pjpg&amp;auto=webp&amp;s=26cd50a933d336b8fcd675f175ad1bd8be69bcca","publix","r/publix","2025-11-30T22:41:19.000Z","comment",,"&lt;div class=""md""&gt;&lt;p&gt;&lt;a href=""https://preview.redd.it/ekc2cfbq2h4g1.jpeg?width=719&amp;amp;format=pjpg&amp;amp;auto=webp&amp;amp;s=26cd50a933d336b8fcd675f175ad1bd8be69bcca""&gt;https://preview.redd.it/ekc2cfbq2h4g1.jpeg?width=719&amp;amp;format=pjpg&amp;amp;auto=webp&amp;amp;s=26cd50a933d336b8fcd675f175ad1bd8be69bcca&lt;/a&gt;&lt;/p&gt;
&lt;/div&gt;","t1_nrm4qnz",,,,,,,"11",,"t3_1pavn89",,"nrm4qnz","t3_1pavn89","2026-05-05T00:57:21.872Z",,,,"368","https://www.reddit.com/r/publix/comments/1pavn89/this_is_making_the_rounds_legit/nrm4qnz/","t2_233ggcka","AJK02",
"Grocery","They either have that or buzz cut, or bald","publix","r/publix","2025-11-03T06:54:12.000Z","comment",,"&lt;div class=""md""&gt;&lt;p&gt;They either have that or buzz cut, or bald&lt;/p&gt;
&lt;/div&gt;","t1_nmuavai",,,,,,,"2",,"t3_1on4hc6",,"nmuavai","t3_1on4hc6","2026-05-05T00:57:21.419Z",,,,"159","https://www.reddit.com/r/publix/comments/1on4hc6/your_typical_publix_manager/nmuavai/","t2_1j05k44bcl","Willstdusheide23",
,"Images:
	https://preview.redd.it/gbnvlcwtbfjf1.jpeg?auto=webp&amp;s=8a10f8f88a46e172b2504c709f7afc0afceeac5a
",,"r/Costco","2025-08-16T18:22:10.000Z","post",,"Images:
	https://preview.redd.it/gbnvlcwtbfjf1.jpeg?auto=webp&amp;s=8a10f8f88a46e172b2504c709f7afc0afceeac5a
","t3_1ms3aux","https://i.redd.it/gbnvlcwtbfjf1.jpeg",,"false","false","https://i.redd.it/gbnvlcwtbfjf1.jpeg","408",,"false",,"Costco","1ms3aux",,"2026-05-05T00:57:21.892Z","https://b.thumbs.redditmedia.com/IAPMCkFSw0T1pplif5tjEiILtq6o0YgvKK_heZCA41Y.jpg","If only I had the disposable income I would","0.97","13477","https://www.reddit.com/r/Costco/comments/1ms3aux/if_only_i_had_the_disposable_income_i_would/","t2_zhr8qld7k","BrewsWithTre",
"Produce Manager","He should have turned around and proposed to the girl who is celebrating.","publix","r/publix","2025-11-30T22:50:47.000Z","comment",,"&lt;div class=""md""&gt;&lt;p&gt;He should have turned around and proposed to the girl who is celebrating.&lt;/p&gt;
&lt;/div&gt;","t1_nrm6hn5",,,,,,,"1",,"t1_nrm4qnz",,"nrm6hn5","t3_1pavn89","2026-05-05T00:57:21.872Z",,,,"97","https://www.reddit.com/r/publix/comments/1pavn89/this_is_making_the_rounds_legit/nrm6hn5/","t2_2zzjrxrj","mel34760",
"Newbie","Sooo like 90% of guys?","publix","r/publix","2025-11-03T23:32:49.000Z","comment",,"&lt;div class=""md""&gt;&lt;p&gt;Sooo like 90% of guys?&lt;/p&gt;
&lt;/div&gt;","t1_nmyvzp3",,,,,,,"1",,"t1_nmuavai",,"nmyvzp3","t3_1on4hc6","2026-05-05T00:57:21.419Z",,,,"31","https://www.reddit.com/r/publix/comments/1on4hc6/your_typical_publix_manager/nmyvzp3/","t2_z08h6bbd7","TeaByUncleIroh",
,"Posts that do not follow r/Costco subreddit rules **MAY** be subject to removal. 

**Reminder: No vague non-descriptive post titles or availability questions.**

When applicable, please make sure that you're using a descriptive post title with product name(s) and/or exact question mentioned as it yields better subreddit search results. 

**Including item number, price, and approximate location or region where found is also helpful since product availability can vary.**


*I am a bot, and this action was performed automatically. Please [contact the moderators of this subreddit](/message/compose/?to=/r/Costco) if you have any questions or concerns.*","Costco","r/Costco","2025-08-16T18:22:14.000Z","comment",,"&lt;div class=""md""&gt;&lt;p&gt;Posts that do not follow &lt;a href=""/r/Costco""&gt;r/Costco&lt;/a&gt; subreddit rules &lt;strong&gt;MAY&lt;/strong&gt; be subject to removal. &lt;/p&gt;

&lt;p&gt;&lt;strong&gt;Reminder: No vague non-descriptive post titles or availability questions.&lt;/strong&gt;&lt;/p&gt;

&lt;p&gt;When applicable, please make sure that you&amp;#39;re using a descriptive post title with product name(s) and/or exact question mentioned as it yields better subreddit search results. &lt;/p&gt;

&lt;p&gt;&lt;strong&gt;Including item number, price, and approximate location or region where found is also helpful since product availability can vary.&lt;/strong&gt;&lt;/p&gt;

&lt;p&gt;&lt;em&gt;I am a bot, and this action was performed automatically. Please &lt;a href=""/message/compose/?to=/r/Costco""&gt;contact the moderators of this subreddit&lt;/a&gt; if you have any questions or concerns.&lt;/em&gt;&lt;/p&gt;
&lt;/div&gt;","t1_n91rgx0",,,,,,,"0",,"t3_1ms3aux",,"n91rgx0","t3_1ms3aux","2026-05-05T00:57:21.993Z",,,,"1","https://www.reddit.com/r/Costco/comments/1ms3aux/if_only_i_had_the_disposable_income_i_would/n91rgx0/","t2_6l4z3","AutoModerator",
"Grocery","i’m saying. “all the male publix managers look like dudes”","publix","r/publix","2025-11-05T04:01:56.000Z","comment",,"&lt;div class=""md""&gt;&lt;p&gt;i’m saying. “all the male publix managers look like dudes”&lt;/p&gt;
&lt;/div&gt;","t1_nn6jnnm",,,,,,,"0",,"t1_nmyvzp3",,"nn6jnnm","t3_1on4hc6","2026-05-05T00:57:21.419Z",,,,"5","https://www.reddit.com/r/publix/comments/1on4hc6/your_typical_publix_manager/nn6jnnm/","t2_ijj9ulzcc","Cg_15_",
"Newbie","That could have been the coolest moment in history. It may have ended entropy as we know it.","publix","r/publix","2025-12-01T00:27:00.000Z","comment",,"&lt;div class=""md""&gt;&lt;p&gt;That could have been the coolest moment in history. It may have ended entropy as we know it.&lt;/p&gt;
&lt;/div&gt;","t1_nrmnjoh",,,,,,,"1",,"t1_nrm6hn5",,"nrmnjoh","t3_1pavn89","2026-05-05T00:57:21.872Z",,,,"19","https://www.reddit.com/r/publix/comments/1pavn89/this_is_making_the_rounds_legit/nrmnjoh/","t2_5myehx2g","barbwireandhaybells",
,"Opening bid $1.50.","Costco","r/Costco","2025-08-16T18:24:49.000Z","comment",,"&lt;div class=""md""&gt;&lt;p&gt;Opening bid $1.50.&lt;/p&gt;
&lt;/div&gt;","t1_n91ryyr",,,,,,,"5",,"t3_1ms3aux",,"n91ryyr","t3_1ms3aux","2026-05-05T00:57:21.993Z",,,,"3955","https://www.reddit.com/r/Costco/comments/1ms3aux/if_only_i_had_the_disposable_income_i_would/n91ryyr/","t2_5oe6ynl0r","HopefulCat3558",
"Management","Bald, as I pulled mine out along the way up","publix","r/publix","2026-02-17T02:53:41.000Z","comment",,"&lt;div class=""md""&gt;&lt;p&gt;Bald, as I pulled mine out along the way up&lt;/p&gt;
&lt;/div&gt;","t1_o5sts73",,,,,,,"0",,"t1_nmuavai",,"o5sts73","t3_1on4hc6","2026-05-05T00:57:21.419Z",,,,"1","https://www.reddit.com/r/publix/comments/1on4hc6/your_typical_publix_manager/o5sts73/","t2_cb52bwt9","RJpartyof4",
,"You just taught me a new word 🤯🤣","publix","r/publix","2025-12-01T02:13:58.000Z","comment",,"&lt;div class=""md""&gt;&lt;p&gt;You just taught me a new word 🤯🤣&lt;/p&gt;
&lt;/div&gt;","t1_nrn57x8",,,,,,,"0",,"t1_nrmnjoh",,"nrn57x8","t3_1pavn89","2026-05-05T00:57:21.872Z",,,,"3","https://www.reddit.com/r/publix/comments/1pavn89/this_is_making_the_rounds_legit/nrn57x8/","t2_21u8e8akoo","hurricane_1983",
,"$1.51","Costco","r/Costco","2025-08-16T18:27:51.000Z","comment",,"&lt;div class=""md""&gt;&lt;p&gt;$1.51&lt;/p&gt;
&lt;/div&gt;","t1_n91sk43",,,,,,,"4",,"t1_n91ryyr",,"n91sk43","t3_1ms3aux","2026-05-05T00:57:21.993Z",,,,"529","https://www.reddit.com/r/Costco/comments/1ms3aux/if_only_i_had_the_disposable_income_i_would/n91sk43/","t2_88vuyfcq","heyitsmemaya",
"Newbie","I was at Publix and there was no paper towels by the sink but someone was in the stall. So, I waited and waited and waited and then I noticed the guy in the stall was very tall and he was peeking at me. Well, fuck him I need to blow my nose! So I continued to wait. Oh he had flushed and run the sink btw. So I continue to wait. Long fucking time people. It's awkward cuz I'm just standing there with my nose running. Anyway he finally comes out and it's the Publix store manager. He finally leaves and I blow my nose and split but when I exit the bathroom he's at the end of the hall like waiting for me and as soon as he sees me exit the bathroom he vroom vrooms it on back to whatever he wasn't doing! I don't think I look homeless or like a drug addict but who knows? I think I was wearing a backpack but I can't remember for sure. Anyway, moral of the story is Publix managers are fkn weirdos for sure!","publix","r/publix","2025-11-03T10:40:54.000Z","comment",,"&lt;div class=""md""&gt;&lt;p&gt;I was at Publix and there was no paper towels by the sink but someone was in the stall. So, I waited and waited and waited and then I noticed the guy in the stall was very tall and he was peeking at me. Well, fuck him I need to blow my nose! So I continued to wait. Oh he had flushed and run the sink btw. So I continue to wait. Long fucking time people. It&amp;#39;s awkward cuz I&amp;#39;m just standing there with my nose running. Anyway he finally comes out and it&amp;#39;s the Publix store manager. He finally leaves and I blow my nose and split but when I exit the bathroom he&amp;#39;s at the end of the hall like waiting for me and as soon as he sees me exit the bathroom he vroom vrooms it on back to whatever he wasn&amp;#39;t doing! I don&amp;#39;t think I look homeless or like a drug addict but who knows? I think I was wearing a backpack but I can&amp;#39;t remember for sure. Anyway, moral of the story is Publix managers are fkn weirdos for sure!&lt;/p&gt;
&lt;/div&gt;","t1_nmuwvel",,,,,,,"2",,"t3_1on4hc6",,"nmuwvel","t3_1on4hc6","2026-05-05T00:57:21.419Z",,,,"49","https://www.reddit.com/r/publix/comments/1on4hc6/your_typical_publix_manager/nmuwvel/","t2_1sqhoi9wio","BalzactheEunuch",
"Produce Manager","Bro looks like Sal Vulcano from impractical jokers","publix","r/publix","2025-11-30T23:56:34.000Z","comment",,"&lt;div class=""md""&gt;&lt;p&gt;Bro looks like Sal Vulcano from impractical jokers&lt;/p&gt;
&lt;/div&gt;","t1_nrmi7oc",,,,,,,"2",,"t1_nrm4qnz",,"nrmi7oc","t3_1pavn89","2026-05-05T00:57:21.873Z",,,,"12","https://www.reddit.com/r/publix/comments/1pavn89/this_is_making_the_rounds_legit/nrmi7oc/","t2_17k8bi5269","ApplesToOranges76",
,"Sorry, increments of $1.50 only.","Costco","r/Costco","2025-08-16T18:28:30.000Z","comment",,"&lt;div class=""md""&gt;&lt;p&gt;Sorry, increments of $1.50 only.&lt;/p&gt;
&lt;/div&gt;","t1_n91sokq",,,,,,,"3",,"t1_n91sk43",,"n91sokq","t3_1ms3aux","2026-05-05T00:57:21.993Z",,,,"407","https://www.reddit.com/r/Costco/comments/1ms3aux/if_only_i_had_the_disposable_income_i_would/n91sokq/","t2_664hpbni","BBO1007",
"Pharmacy","He prob didn’t want you to know that the store manager was taking a shit. So he waited, and waited, and waited… but you won the awkward war.","publix","r/publix","2025-11-03T12:08:41.000Z","comment",,"&lt;div class=""md""&gt;&lt;p&gt;He prob didn’t want you to know that the store manager was taking a shit. So he waited, and waited, and waited… but you won the awkward war.&lt;/p&gt;
&lt;/div&gt;","t1_nmv76l4",,,,,,,"4",,"t1_nmuwvel",,"nmv76l4","t3_1on4hc6","2026-05-05T00:57:21.419Z",,,,"61","https://www.reddit.com/r/publix/comments/1on4hc6/your_typical_publix_manager/nmv76l4/","t2_u4krv71q","tomismybuddy",
"CSS","""Sal, for your punishment, all you have to do is find the woman with the pink backpack and ask her to marry you.""","publix","r/publix","2025-12-01T00:00:05.000Z","comment",,"&lt;div class=""md""&gt;&lt;p&gt;&amp;quot;Sal, for your punishment, all you have to do is find the woman with the pink backpack and ask her to marry you.&amp;quot;&lt;/p&gt;
&lt;/div&gt;","t1_nrmiudp",,,,,,,"0",,"t1_nrmi7oc",,"nrmiudp","t3_1pavn89","2026-05-05T00:57:21.873Z",,,,"11","https://www.reddit.com/r/publix/comments/1pavn89/this_is_making_the_rounds_legit/nrmiudp/","t2_5ridn42s","JustAGuyNamedSteven",
