authorFlair,body,category,communityName,createdAt,dataType,flair,html,id,imageUrls/0,imageUrls/1,imageUrls/2,imageUrls/3,imageUrls/4,imageUrls/5,isAd,isVideo,link,numberOfComments,numberOfreplies,over18,parentId,parsedCommunityName,parsedId,postId,scrapedAt,thumbnailUrl,title,upVoteRatio,upVotes,url,userId,username,videoUrl
,"Images:
	https://preview.redd.it/6rf06zf7su0f1.jpeg?auto=webp&amp;s=c785e568b9644ca3e1166885e71beec15d1ffcde
",,r/walmart,2025-05-15T02:01:53.000Z,post,Shit Post,"Images:
	https://preview.redd.it/6rf06zf7su0f1.jpeg?auto=webp&amp;s=c785e568b9644ca3e1166885e71beec15d1ffcde
",t3_1kmwt70,https://i.redd.it/6rf06zf7su0f1.jpeg,,,,,,False,False,https://i.redd.it/6rf06zf7su0f1.jpeg,150.0,,False,,walmart,1kmwt70,,2026-05-05T00:47:25.110Z,https://b.thumbs.redditmedia.com/kxQ1xeRuVfm-mDm09fXhzHJwj9IFRp7J-uWJQdtTCxw.jpg,Walmart in texas lol,0.99,8688,https://www.reddit.com/r/walmart/comments/1kmwt70/walmart_in_texas_lol/,t2_rok77n7w,Inferno13820,
,I saw a sign in Georgia that said “No Sock or Tiddy Money”!,walmart,r/walmart,2025-05-15T02:20:26.000Z,comment,,"&lt;div class=""md""&gt;&lt;p&gt;I saw a sign in Georgia that said “No Sock or Tiddy Money”!&lt;/p&gt;
&lt;/div&gt;",t1_msdrk3s,,,,,,,,,,,4.0,,t3_1kmwt70,,msdrk3s,t3_1kmwt70,2026-05-05T00:47:25.174Z,,,,566,https://www.reddit.com/r/walmart/comments/1kmwt70/walmart_in_texas_lol/msdrk3s/,t2_iy0wfcd3j,slybonethetownie,
,Respect for using the double-d spelling variation.,walmart,r/walmart,2025-05-15T03:13:42.000Z,comment,,"&lt;div class=""md""&gt;&lt;p&gt;Respect for using the double-d spelling variation.&lt;/p&gt;
&lt;/div&gt;",t1_msdzvc6,,,,,,,,,,,0.0,,t1_msdrk3s,,msdzvc6,t3_1kmwt70,2026-05-05T00:47:25.174Z,,,,177,https://www.reddit.com/r/walmart/comments/1kmwt70/walmart_in_texas_lol/msdzvc6/,,[deleted],
,Same for Missouri. My local Dollar store has it on the counter.,walmart,r/walmart,2025-05-15T04:30:58.000Z,comment,,"&lt;div class=""md""&gt;&lt;p&gt;Same for Missouri. My local Dollar store has it on the counter.&lt;/p&gt;
&lt;/div&gt;",t1_msealuh,,,,,,,,,,,0.0,,t1_msdrk3s,,msealuh,t3_1kmwt70,2026-05-05T00:47:25.174Z,,,,58,https://www.reddit.com/r/walmart/comments/1kmwt70/walmart_in_texas_lol/msealuh/,t2_5p1v9tv3,Timb1044,
,"“cuz come on, that’s nasty”",walmart,r/walmart,2025-05-16T01:35:13.000Z,comment,,"&lt;div class=""md""&gt;&lt;p&gt;“cuz come on, that’s nasty”&lt;/p&gt;
&lt;/div&gt;",t1_msjx4qf,,,,,,,,,,,0.0,,t1_msdrk3s,,msjx4qf,t3_1kmwt70,2026-05-05T00:47:25.174Z,,,,19,https://www.reddit.com/r/walmart/comments/1kmwt70/walmart_in_texas_lol/msjx4qf/,t2_58dh8,frezor,
,I work in a grocery store and want to hang up this sign so badly,walmart,r/walmart,2025-05-18T01:07:41.000Z,comment,,"&lt;div class=""md""&gt;&lt;p&gt;I work in a grocery store and want to hang up this sign so badly&lt;/p&gt;
&lt;/div&gt;",t1_msvulmb,,,,,,,,,,,1.0,,t1_msdrk3s,,msvulmb,t3_1kmwt70,2026-05-05T00:47:25.174Z,,,,9,https://www.reddit.com/r/walmart/comments/1kmwt70/walmart_in_texas_lol/msvulmb/,t2_11nnsfd6bv,Ok_Set4685,
,"Worked cashier at Walmart for a bit.

More then once I had CSM (customer service representative)  handle boob, sock transactions because I refused to touch that shit.

Of course, ymmv, I had another job, one that scheduled and produced every certificate they needed to open every day. You all know the wall. The Wall with all the licenses and tax certs and health dept scores needed displayed 24x7.

Hate to see that delayed, or misplaced for a week or 2.

That gave me a bit of leverage, but, where was I?  Oh yea boob money, yea not in my line and managers not wanting to lose a week of buisness meant I didn't have to deal with idiots.",walmart,r/walmart,2025-05-19T14:41:15.000Z,comment,,"&lt;div class=""md""&gt;&lt;p&gt;Worked cashier at Walmart for a bit.&lt;/p&gt;

&lt;p&gt;More then once I had CSM (customer service representative)  handle boob, sock transactions because I refused to touch that shit.&lt;/p&gt;

&lt;p&gt;Of course, ymmv, I had another job, one that scheduled and produced every certificate they needed to open every day. You all know the wall. The Wall with all the licenses and tax certs and health dept scores needed displayed 24x7.&lt;/p&gt;

&lt;p&gt;Hate to see that delayed, or misplaced for a week or 2.&lt;/p&gt;

&lt;p&gt;That gave me a bit of leverage, but, where was I?  Oh yea boob money, yea not in my line and managers not wanting to lose a week of buisness meant I didn&amp;#39;t have to deal with idiots.&lt;/p&gt;
&lt;/div&gt;",t1_mt4nhkl,,,,,,,,,,,0.0,,t1_msvulmb,,mt4nhkl,t3_1kmwt70,2026-05-05T00:47:25.174Z,,,,6,https://www.reddit.com/r/walmart/comments/1kmwt70/walmart_in_texas_lol/mt4nhkl/,t2_rvi9aognm,MastiffOnyx,
,Ane no licking your fingers before touching your bills that you hand to us!,walmart,r/walmart,2025-05-15T02:26:08.000Z,comment,,"&lt;div class=""md""&gt;&lt;p&gt;Ane no licking your fingers before touching your bills that you hand to us!&lt;/p&gt;
&lt;/div&gt;",t1_msdsh2z,,,,,,,,,,,5.0,,t3_1kmwt70,,msdsh2z,t3_1kmwt70,2026-05-05T00:47:25.174Z,,,,199,https://www.reddit.com/r/walmart/comments/1kmwt70/walmart_in_texas_lol/msdsh2z/,t2_6619hxgrv,Every-Drummer-4375,
,"I once watched a guy full on tongue out lick his debit card when it didn’t read in the chip reader, it was a nauseating experience",walmart,r/walmart,2025-05-15T02:31:33.000Z,comment,,"&lt;div class=""md""&gt;&lt;p&gt;I once watched a guy full on tongue out lick his debit card when it didn’t read in the chip reader, it was a nauseating experience&lt;/p&gt;
&lt;/div&gt;",t1_msdtceq,,,,,,,,,,,3.0,,t1_msdsh2z,,msdtceq,t3_1kmwt70,2026-05-05T00:47:25.174Z,,,,125,https://www.reddit.com/r/walmart/comments/1kmwt70/walmart_in_texas_lol/msdtceq/,t2_w8xdlw37,JayofTea,
,🤢🤢🤢,walmart,r/walmart,2025-05-15T05:55:14.000Z,comment,,"&lt;div class=""md""&gt;&lt;p&gt;🤢🤢🤢&lt;/p&gt;
&lt;/div&gt;",t1_msekkwt,,,,,,,,,,,0.0,,t1_msdtceq,,msekkwt,t3_1kmwt70,2026-05-05T00:47:25.174Z,,,,22,https://www.reddit.com/r/walmart/comments/1kmwt70/walmart_in_texas_lol/msekkwt/,t2_8qn9zevf,BrookeBondage,
,But did it work?,walmart,r/walmart,2025-05-15T21:10:07.000Z,comment,,"&lt;div class=""md""&gt;&lt;p&gt;But did it work?&lt;/p&gt;
&lt;/div&gt;",t1_msinnh4,,,,,,,,,,,2.0,,t1_msdtceq,,msinnh4,t3_1kmwt70,2026-05-05T00:47:25.174Z,,,,12,https://www.reddit.com/r/walmart/comments/1kmwt70/walmart_in_texas_lol/msinnh4/,t2_1gry2whbju,XxxRANDYMARSHxxX,
,"Unfortunately yes, so that means he will continue to go around traumatizing poor cashiers with his card licking skills 😭",walmart,r/walmart,2025-05-15T21:12:07.000Z,comment,,"&lt;div class=""md""&gt;&lt;p&gt;Unfortunately yes, so that means he will continue to go around traumatizing poor cashiers with his card licking skills 😭&lt;/p&gt;
&lt;/div&gt;",t1_msio23a,,,,,,,,,,,1.0,,t1_msinnh4,,msio23a,t3_1kmwt70,2026-05-05T00:47:25.174Z,,,,50,https://www.reddit.com/r/walmart/comments/1kmwt70/walmart_in_texas_lol/msio23a/,t2_w8xdlw37,JayofTea,
,Works 60 percent of the time......everytime.,walmart,r/walmart,2025-05-18T22:46:48.000Z,comment,,"&lt;div class=""md""&gt;&lt;p&gt;Works 60 percent of the time......everytime.&lt;/p&gt;
&lt;/div&gt;",t1_mt14bd7,,,,,,,,,,,0.0,,t1_msio23a,,mt14bd7,t3_1kmwt70,2026-05-05T00:47:25.174Z,,,,6,https://www.reddit.com/r/walmart/comments/1kmwt70/walmart_in_texas_lol/mt14bd7/,t2_3dhbgcic,Bilbo_Teabagginss,
,Never gets old like having to blow the cartridge,walmart,r/walmart,2025-05-17T02:13:58.000Z,comment,,"&lt;div class=""md""&gt;&lt;p&gt;Never gets old like having to blow the cartridge&lt;/p&gt;
&lt;/div&gt;",t1_msqb6jf,,,,,,,,,,,1.0,,t1_msinnh4,,msqb6jf,t3_1kmwt70,2026-05-05T00:47:25.174Z,,,,4,https://www.reddit.com/r/walmart/comments/1kmwt70/walmart_in_texas_lol/msqb6jf/,,[deleted],
,I remember doing that to my Gameboy and DS games and it worked everytime.,walmart,r/walmart,2025-06-02T01:03:48.000Z,comment,,"&lt;div class=""md""&gt;&lt;p&gt;I remember doing that to my Gameboy and DS games and it worked everytime.&lt;/p&gt;
&lt;/div&gt;",t1_mvigrgo,,,,,,,,,,,0.0,,t1_msqb6jf,,mvigrgo,t3_1kmwt70,2026-05-05T00:47:25.174Z,,,,1,https://www.reddit.com/r/walmart/comments/1kmwt70/walmart_in_texas_lol/mvigrgo/,t2_2ksg615q,La_Saxofonista,
,Never let them know your next move I guess because what the hell,walmart,r/walmart,2025-05-18T22:48:05.000Z,comment,,"&lt;div class=""md""&gt;&lt;p&gt;Never let them know your next move I guess because what the hell&lt;/p&gt;
&lt;/div&gt;",t1_mt14j4u,,,,,,,,,,,0.0,,t1_msdtceq,,mt14j4u,t3_1kmwt70,2026-05-05T00:47:25.174Z,,,,4,https://www.reddit.com/r/walmart/comments/1kmwt70/walmart_in_texas_lol/mt14j4u/,t2_m773ql7or,TolTANK,
,"Images:
	https://preview.redd.it/6gyzgudm09pg1.jpeg?auto=webp&amp;s=8d02e62d5da4f46019798a41120fa927851cc9ad
",,r/traderjoes,2026-03-15T18:02:03.000Z,post,Sign Art,"Images:
	https://preview.redd.it/6gyzgudm09pg1.jpeg?auto=webp&amp;s=8d02e62d5da4f46019798a41120fa927851cc9ad
",t3_1ruky3v,https://i.redd.it/6gyzgudm09pg1.jpeg,,,,,,False,False,https://i.redd.it/6gyzgudm09pg1.jpeg,150.0,,False,,traderjoes,1ruky3v,,2026-05-05T00:47:26.301Z,"https://preview.redd.it/6gyzgudm09pg1.jpeg?width=140&amp;height=140&amp;crop=1:1,smart&amp;auto=webp&amp;s=8e4cee750cd708df521a0fcc8e3f73468bb99b77",Outkast Fans in the TJ Crew???,0.98,8107,https://www.reddit.com/r/traderjoes/comments/1ruky3v/outkast_fans_in_the_tj_crew/,t2_qnlxm16b1,alakwan92,
,"Posts that don't follow r/traderjoes subreddit rules may be subject to removal. 

**Friendly reminder: No vague or non-descriptive post titles, this includes questions.**


Choosing descriptive post titles with product names, descriptions and/or exact question mentioned is preferred as not everybody is able to view image captions, it also yields better subreddit search results and helps blind and visually impaired Redditors who use Screen Reader Software or Text-to-Speech apps. to access Reddit. Thank you.

IF THIS MESSAGE DOES NOT APPLY TO YOUR POST, PLEASE IGNORE.


*I am a bot, and this action was performed automatically. Please [contact the moderators of this subreddit](/message/compose/?to=/r/traderjoes) if you have any questions or concerns.*",traderjoes,r/traderjoes,2026-03-15T18:02:04.000Z,comment,,"&lt;div class=""md""&gt;&lt;p&gt;Posts that don&amp;#39;t follow &lt;a href=""/r/traderjoes""&gt;r/traderjoes&lt;/a&gt; subreddit rules may be subject to removal. &lt;/p&gt;

&lt;p&gt;&lt;strong&gt;Friendly reminder: No vague or non-descriptive post titles, this includes questions.&lt;/strong&gt;&lt;/p&gt;

&lt;p&gt;Choosing descriptive post titles with product names, descriptions and/or exact question mentioned is preferred as not everybody is able to view image captions, it also yields better subreddit search results and helps blind and visually impaired Redditors who use Screen Reader Software or Text-to-Speech apps. to access Reddit. Thank you.&lt;/p&gt;

&lt;p&gt;IF THIS MESSAGE DOES NOT APPLY TO YOUR POST, PLEASE IGNORE.&lt;/p&gt;

&lt;p&gt;&lt;em&gt;I am a bot, and this action was performed automatically. Please &lt;a href=""/message/compose/?to=/r/traderjoes""&gt;contact the moderators of this subreddit&lt;/a&gt; if you have any questions or concerns.&lt;/em&gt;&lt;/p&gt;
&lt;/div&gt;",t1_oalym6c,,,,,,,,,,,0.0,,t3_1ruky3v,,oalym6c,t3_1ruky3v,2026-05-05T00:47:26.351Z,,,,1,https://www.reddit.com/r/traderjoes/comments/1ruky3v/outkast_fans_in_the_tj_crew/oalym6c/,t2_6l4z3,AutoModerator,
,Atl? ,traderjoes,r/traderjoes,2026-04-13T01:16:16.000Z,comment,,"&lt;div class=""md""&gt;&lt;p&gt;Atl? &lt;/p&gt;
&lt;/div&gt;",t1_ofuvzg6,,,,,,,,,,,1.0,,t3_1ruky3v,,ofuvzg6,t3_1ruky3v,2026-05-05T00:47:26.351Z,,,,0,https://www.reddit.com/r/traderjoes/comments/1ruky3v/outkast_fans_in_the_tj_crew/ofuvzg6/,t2_1jgh1tvp,deadhead2015,
,SC,traderjoes,r/traderjoes,2026-04-13T01:29:18.000Z,comment,,"&lt;div class=""md""&gt;&lt;p&gt;SC&lt;/p&gt;
&lt;/div&gt;",t1_ofuy61p,,,,,,,,,,,0.0,,t1_ofuvzg6,,ofuy61p,t3_1ruky3v,2026-05-05T00:47:26.351Z,,,,1,https://www.reddit.com/r/traderjoes/comments/1ruky3v/outkast_fans_in_the_tj_crew/ofuy61p/,t2_qnlxm16b1,alakwan92,
,"omg this rules

I’m a crew member and I wish our art team was allowed to do creative stuff like this!",traderjoes,r/traderjoes,2026-04-09T04:39:13.000Z,comment,,"&lt;div class=""md""&gt;&lt;p&gt;omg this rules&lt;/p&gt;

&lt;p&gt;I’m a crew member and I wish our art team was allowed to do creative stuff like this!&lt;/p&gt;
&lt;/div&gt;",t1_of4ppn9,,,,,,,,,,,0.0,,t3_1ruky3v,,of4ppn9,t3_1ruky3v,2026-05-05T00:47:26.351Z,,,,4,https://www.reddit.com/r/traderjoes/comments/1ruky3v/outkast_fans_in_the_tj_crew/of4ppn9/,t2_28usase9f7,sc00by-snacks-,
,LOL I actually just heard hey ya when I went to Trader Joe’s today. ,traderjoes,r/traderjoes,2026-04-06T22:25:19.000Z,comment,,"&lt;div class=""md""&gt;&lt;p&gt;LOL I actually just heard hey ya when I went to Trader Joe’s today. &lt;/p&gt;
&lt;/div&gt;",t1_oep2mak,,,,,,,,,,,0.0,,t3_1ruky3v,,oep2mak,t3_1ruky3v,2026-05-05T00:47:26.351Z,,,,1,https://www.reddit.com/r/traderjoes/comments/1ruky3v/outkast_fans_in_the_tj_crew/oep2mak/,t2_dohvg62o,Few-Avocado-2484,
,Worlds are colliding.,traderjoes,r/traderjoes,2026-04-04T10:18:26.000Z,comment,,"&lt;div class=""md""&gt;&lt;p&gt;Worlds are colliding.&lt;/p&gt;
&lt;/div&gt;",t1_oe8c8xu,,,,,,,,,,,0.0,,t3_1ruky3v,,oe8c8xu,t3_1ruky3v,2026-05-05T00:47:26.351Z,,,,3,https://www.reddit.com/r/traderjoes/comments/1ruky3v/outkast_fans_in_the_tj_crew/oe8c8xu/,t2_3zquwjrt,Butter_Lettuce_,
,Cool! Sadly we were told no more people on signs in our region,traderjoes,r/traderjoes,2026-03-19T02:18:49.000Z,comment,,"&lt;div class=""md""&gt;&lt;p&gt;Cool! Sadly we were told no more people on signs in our region&lt;/p&gt;
&lt;/div&gt;",t1_ob8fw7f,,,,,,,,,,,1.0,,t3_1ruky3v,,ob8fw7f,t3_1ruky3v,2026-05-05T00:47:26.351Z,,,,13,https://www.reddit.com/r/traderjoes/comments/1ruky3v/outkast_fans_in_the_tj_crew/ob8fw7f/,t2_75he49lh,dawcdwa,
,"Yea, copyright issue",traderjoes,r/traderjoes,2026-04-03T17:28:43.000Z,comment,,"&lt;div class=""md""&gt;&lt;p&gt;Yea, copyright issue&lt;/p&gt;
&lt;/div&gt;",t1_oe3wkbw,,,,,,,,,,,0.0,,t1_ob8fw7f,,oe3wkbw,t3_1ruky3v,2026-05-05T00:47:26.351Z,,,,2,https://www.reddit.com/r/traderjoes/comments/1ruky3v/outkast_fans_in_the_tj_crew/oe3wkbw/,t2_18o68m9w,aurorabb,
,Alright alright alright alright alright alright alright alright.,traderjoes,r/traderjoes,2026-03-18T22:31:32.000Z,comment,,"&lt;div class=""md""&gt;&lt;p&gt;Alright alright alright alright alright alright alright alright.&lt;/p&gt;
&lt;/div&gt;",t1_ob7b4sm,,,,,,,,,,,0.0,,t3_1ruky3v,,ob7b4sm,t3_1ruky3v,2026-05-05T00:47:26.351Z,,,,24,https://www.reddit.com/r/traderjoes/comments/1ruky3v/outkast_fans_in_the_tj_crew/ob7b4sm/,t2_4nwjcsgum,Purple-Morning-5905,
,[removed],traderjoes,r/traderjoes,2026-03-17T12:34:32.000Z,comment,,"&lt;div class=""md""&gt;&lt;p&gt;[removed]&lt;/p&gt;
&lt;/div&gt;",t1_oax4zpb,,,,,,,,,,,0.0,,t3_1ruky3v,,oax4zpb,t3_1ruky3v,2026-05-05T00:47:26.351Z,,,,1,https://www.reddit.com/r/traderjoes/comments/1ruky3v/outkast_fans_in_the_tj_crew/oax4zpb/,,[deleted],
,Who made this? I think I just found my NEW BESTIE!,traderjoes,r/traderjoes,2026-03-17T06:34:38.000Z,comment,,"&lt;div class=""md""&gt;&lt;p&gt;Who made this? I think I just found my NEW BESTIE!&lt;/p&gt;
&lt;/div&gt;",t1_oavz55d,,,,,,,,,,,0.0,,t3_1ruky3v,,oavz55d,t3_1ruky3v,2026-05-05T00:47:26.351Z,,,,20,https://www.reddit.com/r/traderjoes/comments/1ruky3v/outkast_fans_in_the_tj_crew/oavz55d/,t2_148hq7xz,llamamamax3,
,Get your Polaroid out! 📷,traderjoes,r/traderjoes,2026-03-17T00:03:03.000Z,comment,,"&lt;div class=""md""&gt;&lt;p&gt;Get your Polaroid out! 📷&lt;/p&gt;
&lt;/div&gt;",t1_oaue3fh,,,,,,,,,,,1.0,,t3_1ruky3v,,oaue3fh,t3_1ruky3v,2026-05-05T00:47:26.351Z,,,,21,https://www.reddit.com/r/traderjoes/comments/1ruky3v/outkast_fans_in_the_tj_crew/oaue3fh/,t2_1ytw8mk2sz,GigiWaffles,
,Shake. Shake. Shake it.,traderjoes,r/traderjoes,2026-03-18T07:08:59.000Z,comment,,"&lt;div class=""md""&gt;&lt;p&gt;Shake. Shake. Shake it.&lt;/p&gt;
&lt;/div&gt;",t1_ob2tcjv,,,,,,,,,,,0.0,,t1_oaue3fh,,ob2tcjv,t3_1ruky3v,2026-05-05T00:47:26.351Z,,,,8,https://www.reddit.com/r/traderjoes/comments/1ruky3v/outkast_fans_in_the_tj_crew/ob2tcjv/,t2_3qjwco37,Kcampbelll,
,Love it!!,traderjoes,r/traderjoes,2026-03-16T21:24:52.000Z,comment,,"&lt;div class=""md""&gt;&lt;p&gt;Love it!!&lt;/p&gt;
&lt;/div&gt;",t1_oatks3l,,,,,,,,,,,0.0,,t3_1ruky3v,,oatks3l,t3_1ruky3v,2026-05-05T00:47:26.351Z,,,,12,https://www.reddit.com/r/traderjoes/comments/1ruky3v/outkast_fans_in_the_tj_crew/oatks3l/,t2_6q5fpmjf,caryn1477,
,"I love it !

***ICE COLD !***

Alright, alright, alright, alright, alright, alright, now ladies!",traderjoes,r/traderjoes,2026-03-16T18:27:28.000Z,comment,,"&lt;div class=""md""&gt;&lt;p&gt;I love it !&lt;/p&gt;

&lt;p&gt;&lt;strong&gt;&lt;em&gt;ICE COLD !&lt;/em&gt;&lt;/strong&gt;&lt;/p&gt;

&lt;p&gt;Alright, alright, alright, alright, alright, alright, now ladies!&lt;/p&gt;
&lt;/div&gt;",t1_oasjyk3,,,,,,,,,,,0.0,,t3_1ruky3v,,oasjyk3,t3_1ruky3v,2026-05-05T00:47:26.351Z,,,,65,https://www.reddit.com/r/traderjoes/comments/1ruky3v/outkast_fans_in_the_tj_crew/oasjyk3/,t2_p6tku,cytherian,
,I came in on my regular day off to cover for an associate that called in. Thinking I was getting OT they took one of my regular scheduled days. That was the last time. Don't let them play you. Stick to the schedule unless you are getting extra hours. Please come to r/UnionWalmartSamsClub have a great day everyone. ,,r/walmart,2025-05-05T14:15:24.000Z,post,,"&lt;!-- SC_OFF --&gt;&lt;div class=""md""&gt;&lt;p&gt;I came in on my regular day off to cover for an associate that called in. Thinking I was getting OT they took one of my regular scheduled days. That was the last time. Don&amp;#39;t let them play you. Stick to the schedule unless you are getting extra hours. Please come to &lt;a href=""/r/UnionWalmartSamsClub""&gt;r/UnionWalmartSamsClub&lt;/a&gt; have a great day everyone. &lt;/p&gt;
&lt;/div&gt;&lt;!-- SC_ON --&gt;",t3_1kfcost,https://i.redd.it/69z5lyjy1zye1.jpeg,,,,,,False,False,https://i.redd.it/69z5lyjy1zye1.jpeg,236.0,,False,,walmart,1kfcost,,2026-05-05T00:47:27.356Z,https://a.thumbs.redditmedia.com/swOISFbBFXI__VpSdPwrVnYj7fnUZwYr4hANmN3D-L8.jpg,Don't do it!,0.98,7663,https://www.reddit.com/r/walmart/comments/1kfcost/dont_do_it/,t2_qdgkfaa8,TheRabidPosum1,
,They never ask anyone to leave early at my store. It's always a longer lunch break,walmart,r/walmart,2025-05-05T14:32:08.000Z,comment,,"&lt;div class=""md""&gt;&lt;p&gt;They never ask anyone to leave early at my store. It&amp;#39;s always a longer lunch break&lt;/p&gt;
&lt;/div&gt;",t1_mqpod0b,,,,,,,,,,,10.0,,t3_1kfcost,,mqpod0b,t3_1kfcost,2026-05-05T00:47:27.412Z,,,,821,https://www.reddit.com/r/walmart/comments/1kfcost/dont_do_it/mqpod0b/,t2_2wnt7log,nerdyneedsalife,
,"That's because a longer lunch break doesn't show up as a show up as a discrepancy. Clocking in or out early/late does.

It covers up their ass with the bosses.",walmart,r/walmart,2025-05-05T14:55:47.000Z,comment,,"&lt;div class=""md""&gt;&lt;p&gt;That&amp;#39;s because a longer lunch break doesn&amp;#39;t show up as a show up as a discrepancy. Clocking in or out early/late does.&lt;/p&gt;

&lt;p&gt;It covers up their ass with the bosses.&lt;/p&gt;
&lt;/div&gt;",t1_mqpt38g,,,,,,,,,,,6.0,,t1_mqpod0b,,mqpt38g,t3_1kfcost,2026-05-05T00:47:27.412Z,,,,455,https://www.reddit.com/r/walmart/comments/1kfcost/dont_do_it/mqpt38g/,t2_dymnn0ym,mr_radio_guy,
,"So that's why they hate me, makes sense. I absolutely refuse to kill time on lunch, I will always come in late or leave early. It doesn't matter how you spread it, 40 hours a week is 40 hours a week. Why would anyone kill time at work and not at home?",walmart,r/walmart,2025-05-05T16:57:13.000Z,comment,,"&lt;div class=""md""&gt;&lt;p&gt;So that&amp;#39;s why they hate me, makes sense. I absolutely refuse to kill time on lunch, I will always come in late or leave early. It doesn&amp;#39;t matter how you spread it, 40 hours a week is 40 hours a week. Why would anyone kill time at work and not at home?&lt;/p&gt;
&lt;/div&gt;",t1_mqqhqnb,,,,,,,,,,,1.0,,t1_mqpt38g,,mqqhqnb,t3_1kfcost,2026-05-05T00:47:27.412Z,,,,181,https://www.reddit.com/r/walmart/comments/1kfcost/dont_do_it/mqqhqnb/,,[deleted],
,"Some people enjoy the company of those they work with. Not on Reddit so much, but in the real world, it happens.

Being off at 6 and lingering until 10 or 20 after was not unheard of at previous jobs I’ve held. It only stopped because I work remotely now, so there’s no one to harass after hours. And also I’m already home.",walmart,r/walmart,2025-05-05T17:13:14.000Z,comment,,"&lt;div class=""md""&gt;&lt;p&gt;Some people enjoy the company of those they work with. Not on Reddit so much, but in the real world, it happens.&lt;/p&gt;

&lt;p&gt;Being off at 6 and lingering until 10 or 20 after was not unheard of at previous jobs I’ve held. It only stopped because I work remotely now, so there’s no one to harass after hours. And also I’m already home.&lt;/p&gt;
&lt;/div&gt;",t1_mqql29g,,,,,,,,,,,4.0,,t1_mqqhqnb,,mqql29g,t3_1kfcost,2026-05-05T00:47:27.412Z,,,,54,https://www.reddit.com/r/walmart/comments/1kfcost/dont_do_it/mqql29g/,t2_j8p4354bu,CheeseGraterFace,
,If I liked you enough we'd spend time outside of work. Why do I want to waste my time at work that could be better spent elsewhere? It has nothing to do with my coworkers,walmart,r/walmart,2025-05-05T21:36:18.000Z,comment,,"&lt;div class=""md""&gt;&lt;p&gt;If I liked you enough we&amp;#39;d spend time outside of work. Why do I want to waste my time at work that could be better spent elsewhere? It has nothing to do with my coworkers&lt;/p&gt;
&lt;/div&gt;",t1_mqs2tak,,,,,,,,,,,2.0,,t1_mqql29g,,mqs2tak,t3_1kfcost,2026-05-05T00:47:27.412Z,,,,56,https://www.reddit.com/r/walmart/comments/1kfcost/dont_do_it/mqs2tak/,t2_1c9owm4e,tyler2114,
,I like some of them enough to bullshit with for an extra hour but not enough to make out of work commitments with,walmart,r/walmart,2025-05-06T00:37:38.000Z,comment,,"&lt;div class=""md""&gt;&lt;p&gt;I like some of them enough to bullshit with for an extra hour but not enough to make out of work commitments with&lt;/p&gt;
&lt;/div&gt;",t1_mqszd0r,,,,,,,,,,,1.0,,t1_mqs2tak,,mqszd0r,t3_1kfcost,2026-05-05T00:47:27.412Z,,,,21,https://www.reddit.com/r/walmart/comments/1kfcost/dont_do_it/mqszd0r/,t2_wndb8,MeekSwordsman,
,"You need to find one of those places that you have a ""work"" bar like 200 ft out of the parking lot.

Makes such a great place to convince everyone that. Oh, we should leave early on Friday and have a group bonding exercise.",walmart,r/walmart,2025-05-09T20:30:43.000Z,comment,,"&lt;div class=""md""&gt;&lt;p&gt;You need to find one of those places that you have a &amp;quot;work&amp;quot; bar like 200 ft out of the parking lot.&lt;/p&gt;

&lt;p&gt;Makes such a great place to convince everyone that. Oh, we should leave early on Friday and have a group bonding exercise.&lt;/p&gt;
&lt;/div&gt;",t1_mrha8hv,,,,,,,,,,,0.0,,t1_mqszd0r,,mrha8hv,t3_1kfcost,2026-05-05T00:47:27.412Z,,,,1,https://www.reddit.com/r/walmart/comments/1kfcost/dont_do_it/mrha8hv/,t2_ciwlm,babycam,
,Ease of access. The people someone might like are right there stuck with them.,walmart,r/walmart,2025-05-06T23:41:43.000Z,comment,,"&lt;div class=""md""&gt;&lt;p&gt;Ease of access. The people someone might like are right there stuck with them.&lt;/p&gt;
&lt;/div&gt;",t1_mqz6tdy,,,,,,,,,,,0.0,,t1_mqs2tak,,mqz6tdy,t3_1kfcost,2026-05-05T00:47:27.412Z,,,,3,https://www.reddit.com/r/walmart/comments/1kfcost/dont_do_it/mqz6tdy/,t2_r9qbewkzx,bobbybobo888,
,Nah that’s crazy talk. Seen them enough after 8 hours. No hanging around,walmart,r/walmart,2025-05-05T22:12:54.000Z,comment,,"&lt;div class=""md""&gt;&lt;p&gt;Nah that’s crazy talk. Seen them enough after 8 hours. No hanging around&lt;/p&gt;
&lt;/div&gt;",t1_mqs9n4i,,,,,,,,,,,0.0,,t1_mqql29g,,mqs9n4i,t3_1kfcost,2026-05-05T00:47:27.412Z,,,,18,https://www.reddit.com/r/walmart/comments/1kfcost/dont_do_it/mqs9n4i/,t2_ivymv,Kevosrockin,
,"I am an introvert and always hated those people who wanted to talk after work to the point they would follow you out to your car.  

(Not saying that’s what you did)",walmart,r/walmart,2025-05-05T23:58:26.000Z,comment,,"&lt;div class=""md""&gt;&lt;p&gt;I am an introvert and always hated those people who wanted to talk after work to the point they would follow you out to your car.  &lt;/p&gt;

&lt;p&gt;(Not saying that’s what you did)&lt;/p&gt;
&lt;/div&gt;",t1_mqssi1i,,,,,,,,,,,2.0,,t1_mqql29g,,mqssi1i,t3_1kfcost,2026-05-05T00:47:27.412Z,,,,10,https://www.reddit.com/r/walmart/comments/1kfcost/dont_do_it/mqssi1i/,t2_8vu2xw9i,Castellan_Tycho,
,Same. And they can’t read body language or take a damn hint I do NOT care to talk and wanna go home!!,walmart,r/walmart,2025-05-06T05:18:54.000Z,comment,,"&lt;div class=""md""&gt;&lt;p&gt;Same. And they can’t read body language or take a damn hint I do NOT care to talk and wanna go home!!&lt;/p&gt;
&lt;/div&gt;",t1_mqu69ll,,,,,,,,,,,0.0,,t1_mqssi1i,,mqu69ll,t3_1kfcost,2026-05-05T00:47:27.412Z,,,,9,https://www.reddit.com/r/walmart/comments/1kfcost/dont_do_it/mqu69ll/,t2_ofp47,chiefofwar117,
,That is not introvert you just don't like them,walmart,r/walmart,2025-05-08T02:42:32.000Z,comment,,"&lt;div class=""md""&gt;&lt;p&gt;That is not introvert you just don&amp;#39;t like them&lt;/p&gt;
&lt;/div&gt;",t1_mr6j6b1,,,,,,,,,,,1.0,,t1_mqssi1i,,mr6j6b1,t3_1kfcost,2026-05-05T00:47:27.412Z,,,,1,https://www.reddit.com/r/walmart/comments/1kfcost/dont_do_it/mr6j6b1/,t2_1j6xfadpxl,Humbleman15,
,"By the end of a long day of work, my social energy meter was always on zero.",walmart,r/walmart,2025-05-08T03:01:55.000Z,comment,,"&lt;div class=""md""&gt;&lt;p&gt;By the end of a long day of work, my social energy meter was always on zero.&lt;/p&gt;
&lt;/div&gt;",t1_mr6m69r,,,,,,,,,,,0.0,,t1_mr6j6b1,,mr6m69r,t3_1kfcost,2026-05-05T00:47:27.412Z,,,,1,https://www.reddit.com/r/walmart/comments/1kfcost/dont_do_it/mr6m69r/,t2_8vu2xw9i,Castellan_Tycho,
Former Walmart Employee from 20+ years ago. Current at Sam'sClub,"&gt;Some people enjoy the company of those they work with. Not on Reddit so much, but in the real world, it happens.


This I like the peeps I work with and love coming in at 1145. Shift starts at 1230",walmart,r/walmart,2025-05-05T19:49:54.000Z,comment,,"&lt;div class=""md""&gt;&lt;blockquote&gt;
&lt;p&gt;Some people enjoy the company of those they work with. Not on Reddit so much, but in the real world, it happens.&lt;/p&gt;
&lt;/blockquote&gt;

&lt;p&gt;This I like the peeps I work with and love coming in at 1145. Shift starts at 1230&lt;/p&gt;
&lt;/div&gt;",t1_mqrh9ht,,,,,,,,,,,0.0,,t1_mqql29g,,mqrh9ht,t3_1kfcost,2026-05-05T00:47:27.412Z,,,,7,https://www.reddit.com/r/walmart/comments/1kfcost/dont_do_it/mqrh9ht/,t2_lc7o3o2w,BoardImmediate4674,
,"I understand why they do that but if you're a manager, you need to learn to take the hit. Have your associates leave early and you explain it, or actually pay overtime",walmart,r/walmart,2025-05-05T14:57:45.000Z,comment,,"&lt;div class=""md""&gt;&lt;p&gt;I understand why they do that but if you&amp;#39;re a manager, you need to learn to take the hit. Have your associates leave early and you explain it, or actually pay overtime&lt;/p&gt;
&lt;/div&gt;",t1_mqpthjc,,,,,,,,,,,2.0,,t1_mqpt38g,,mqpthjc,t3_1kfcost,2026-05-05T00:47:27.412Z,,,,122,https://www.reddit.com/r/walmart/comments/1kfcost/dont_do_it/mqpthjc/,t2_2wnt7log,nerdyneedsalife,
,"I’m a stay at home mom and I have a 3 month old, which means my baby runs all my chores with me. Ordinarily I wear her in her little carrier and she falls right to sleep like the little angel that she is. My last grocery run, this was not the case. I put her on and she didn’t immediately fall asleep but I figured she would eventually and went inside. She discovered her big girl voice in the produce section. I could not console her and started panicking because I didn’t want to be that person. A crew member came over to me (likely because of the stress on my face) and asked if my baby was hungry because she had a quiet, private place I could feed her. I always feed her right before errands so I knew she wasn’t hungry. I told this to the gal and thanked her anyway. She responded with, “Well, give me your grocery list. I’ll help you shop.” I darn near started crying because of this act of kindness. Tell me any other grocery store that would offer to do that. Their crew members are literally the salt of the earth. 

Also my baby stopped crying and fell asleep a few minutes later. 🙃",,r/traderjoes,2025-10-17T22:52:35.000Z,post,Crew Love,"&lt;!-- SC_OFF --&gt;&lt;div class=""md""&gt;&lt;p&gt;I’m a stay at home mom and I have a 3 month old, which means my baby runs all my chores with me. Ordinarily I wear her in her little carrier and she falls right to sleep like the little angel that she is. My last grocery run, this was not the case. I put her on and she didn’t immediately fall asleep but I figured she would eventually and went inside. She discovered her big girl voice in the produce section. I could not console her and started panicking because I didn’t want to be that person. A crew member came over to me (likely because of the stress on my face) and asked if my baby was hungry because she had a quiet, private place I could feed her. I always feed her right before errands so I knew she wasn’t hungry. I told this to the gal and thanked her anyway. She responded with, “Well, give me your grocery list. I’ll help you shop.” I darn near started crying because of this act of kindness. Tell me any other grocery store that would offer to do that. Their crew members are literally the salt of the earth. &lt;/p&gt;

&lt;p&gt;Also my baby stopped crying and fell asleep a few minutes later. 🙃&lt;/p&gt;
&lt;/div&gt;&lt;!-- SC_ON --&gt;",t3_1o9fqoo,,,,,,,False,False,https://www.reddit.com/r/traderjoes/comments/1o9fqoo/just_another_reason_to_love_tjs/,300.0,,False,,traderjoes,1o9fqoo,,2026-05-05T00:47:29.188Z,self,Just another reason to love TJ’s.,0.96,7810,https://www.reddit.com/r/traderjoes/comments/1o9fqoo/just_another_reason_to_love_tjs/,t2_4rr2wywc4,Allhailsatan69420,
,"Thank you for sharing! 

Please be sure to share your local experience with Trader Joe’s online here - https://www.traderjoes.com/home/contact-us/local-tjs-feedback

You can mention your store’s location there.

“Share an experience you had or ask a question about the store where you shop. We sincerely value your comments and read every message you send us. With 99% of our people out in the stores or traveling the world searching for amazing products, it may take some time for us to get back to you. Thank you for your patience.”",traderjoes,r/traderjoes,2025-10-17T23:25:04.000Z,comment,,"&lt;div class=""md""&gt;&lt;p&gt;Thank you for sharing! &lt;/p&gt;

&lt;p&gt;Please be sure to share your local experience with Trader Joe’s online here - &lt;a href=""https://www.traderjoes.com/home/contact-us/local-tjs-feedback""&gt;https://www.traderjoes.com/home/contact-us/local-tjs-feedback&lt;/a&gt;&lt;/p&gt;

&lt;p&gt;You can mention your store’s location there.&lt;/p&gt;

&lt;p&gt;“Share an experience you had or ask a question about the store where you shop. We sincerely value your comments and read every message you send us. With 99% of our people out in the stores or traveling the world searching for amazing products, it may take some time for us to get back to you. Thank you for your patience.”&lt;/p&gt;
&lt;/div&gt;",t1_nk21voq,,,,,,,,,,,0.0,,t3_1o9fqoo,,nk21voq,t3_1o9fqoo,2026-05-05T00:47:29.215Z,,,,1,https://www.reddit.com/r/traderjoes/comments/1o9fqoo/just_another_reason_to_love_tjs/nk21voq/,t2_5jtaw2pc,CookieButterLovers,
,I think Trader Joe’s is able to do this because all of the locations have a full crew on site,traderjoes,r/traderjoes,2025-10-23T16:45:45.000Z,comment,,"&lt;div class=""md""&gt;&lt;p&gt;I think Trader Joe’s is able to do this because all of the locations have a full crew on site&lt;/p&gt;
&lt;/div&gt;",t1_nkzglm2,,,,,,,,,,,1.0,,t3_1o9fqoo,,nkzglm2,t3_1o9fqoo,2026-05-05T00:47:29.215Z,,,,38,https://www.reddit.com/r/traderjoes/comments/1o9fqoo/just_another_reason_to_love_tjs/nkzglm2/,t2_1vo0f6jf32,Fragrant-Signal-9549,
,They have a full crew it's because they treat their employees decently.,traderjoes,r/traderjoes,2025-10-29T20:21:17.000Z,comment,,"&lt;div class=""md""&gt;&lt;p&gt;They have a full crew it&amp;#39;s because they treat their employees decently.&lt;/p&gt;
&lt;/div&gt;",t1_nm2kz1y,,,,,,,,,,,0.0,,t1_nkzglm2,,nm2kz1y,t3_1o9fqoo,2026-05-05T00:47:29.215Z,,,,31,https://www.reddit.com/r/traderjoes/comments/1o9fqoo/just_another_reason_to_love_tjs/nm2kz1y/,t2_5e9x5to1,CatteNappe,
,"This warms my heart! I am so glad you had this good experience with your lil bubb, I have been there myself mama, so happy to hear helping hands and a big heart showed up for you both ♥️",traderjoes,r/traderjoes,2025-10-21T21:37:19.000Z,comment,,"&lt;div class=""md""&gt;&lt;p&gt;This warms my heart! I am so glad you had this good experience with your lil bubb, I have been there myself mama, so happy to hear helping hands and a big heart showed up for you both ♥️&lt;/p&gt;
&lt;/div&gt;",t1_nko9lc2,,,,,,,,,,,0.0,,t3_1o9fqoo,,nko9lc2,t3_1o9fqoo,2026-05-05T00:47:29.215Z,,,,19,https://www.reddit.com/r/traderjoes/comments/1o9fqoo/just_another_reason_to_love_tjs/nko9lc2/,t2_qf1ole0t,Thin-Psychology-3111,
,"Awh! I have tears in my eyes. Thank you for posting.  Its so easy to overlook the good things in life and only focus on the stressful ones.  This is wonderful, I'm so glad you found support where you weren't even looking@",traderjoes,r/traderjoes,2025-10-21T20:45:25.000Z,comment,,"&lt;div class=""md""&gt;&lt;p&gt;Awh! I have tears in my eyes. Thank you for posting.  Its so easy to overlook the good things in life and only focus on the stressful ones.  This is wonderful, I&amp;#39;m so glad you found support where you weren&amp;#39;t even looking@&lt;/p&gt;
&lt;/div&gt;",t1_nknz48q,,,,,,,,,,,1.0,,t3_1o9fqoo,,nknz48q,t3_1o9fqoo,2026-05-05T00:47:29.215Z,,,,15,https://www.reddit.com/r/traderjoes/comments/1o9fqoo/just_another_reason_to_love_tjs/nknz48q/,t2_mbsl79ag0,Turbulent-Engine6195,
,This cheered me up! And we need good stories like this,traderjoes,r/traderjoes,2025-10-22T17:24:15.000Z,comment,,"&lt;div class=""md""&gt;&lt;p&gt;This cheered me up! And we need good stories like this&lt;/p&gt;
&lt;/div&gt;",t1_nkt97zi,,,,,,,,,,,1.0,,t1_nknz48q,,nkt97zi,t3_1o9fqoo,2026-05-05T00:47:29.215Z,,,,5,https://www.reddit.com/r/traderjoes/comments/1o9fqoo/just_another_reason_to_love_tjs/nkt97zi/,t2_q3hq57ry,Distinct-Drummer527,
,I absolutely agree!! 😁,traderjoes,r/traderjoes,2025-10-22T19:22:25.000Z,comment,,"&lt;div class=""md""&gt;&lt;p&gt;I absolutely agree!! 😁&lt;/p&gt;
&lt;/div&gt;",t1_nktxqrt,,,,,,,,,,,0.0,,t1_nkt97zi,,nktxqrt,t3_1o9fqoo,2026-05-05T00:47:29.215Z,,,,5,https://www.reddit.com/r/traderjoes/comments/1o9fqoo/just_another_reason_to_love_tjs/nktxqrt/,t2_mbsl79ag0,Turbulent-Engine6195,
,TJs is the best! Kindest employees and good products. My late cousins wife works for them and they were amazing to her and her family as she dealt with his long cancer battle.,traderjoes,r/traderjoes,2025-10-21T00:21:20.000Z,comment,,"&lt;div class=""md""&gt;&lt;p&gt;TJs is the best! Kindest employees and good products. My late cousins wife works for them and they were amazing to her and her family as she dealt with his long cancer battle.&lt;/p&gt;
&lt;/div&gt;",t1_nkirg55,,,,,,,,,,,0.0,,t3_1o9fqoo,,nkirg55,t3_1o9fqoo,2026-05-05T00:47:29.215Z,,,,14,https://www.reddit.com/r/traderjoes/comments/1o9fqoo/just_another_reason_to_love_tjs/nkirg55/,t2_c63lakz,LalaLola117,
,Very nice work and good of you to tell us ♥️,traderjoes,r/traderjoes,2025-10-20T23:09:54.000Z,comment,,"&lt;div class=""md""&gt;&lt;p&gt;Very nice work and good of you to tell us ♥️&lt;/p&gt;
&lt;/div&gt;",t1_nkig663,,,,,,,,,,,0.0,,t3_1o9fqoo,,nkig663,t3_1o9fqoo,2026-05-05T00:47:29.215Z,,,,8,https://www.reddit.com/r/traderjoes/comments/1o9fqoo/just_another_reason_to_love_tjs/nkig663/,t2_d8n1icfk,Rare-Lifeguard516,
,Big believer in take care of your employees and they take care of your business. This is the way!,traderjoes,r/traderjoes,2025-10-20T20:56:11.000Z,comment,,"&lt;div class=""md""&gt;&lt;p&gt;Big believer in take care of your employees and they take care of your business. This is the way!&lt;/p&gt;
&lt;/div&gt;",t1_nkhyshp,,,,,,,,,,,1.0,,t3_1o9fqoo,,nkhyshp,t3_1o9fqoo,2026-05-05T00:47:29.215Z,,,,17,https://www.reddit.com/r/traderjoes/comments/1o9fqoo/just_another_reason_to_love_tjs/nkhyshp/,t2_1dgectqdqm,NolaCrone,
,I’m in CO and I don’t even get grocery bags anymore 😂😭,traderjoes,r/traderjoes,2025-10-20T22:07:49.000Z,comment,,"&lt;div class=""md""&gt;&lt;p&gt;I’m in CO and I don’t even get grocery bags anymore 😂😭&lt;/p&gt;
&lt;/div&gt;",t1_nki870j,,,,,,,,,,,0.0,,t1_nkhyshp,,nki870j,t3_1o9fqoo,2026-05-05T00:47:29.215Z,,,,-2,https://www.reddit.com/r/traderjoes/comments/1o9fqoo/just_another_reason_to_love_tjs/nki870j/,t2_96rrgr2z,Acceptable-Fox3064,
,meanwhile i cant even get someone to bag my groceries at a normal grocery store,traderjoes,r/traderjoes,2025-10-20T19:19:18.000Z,comment,,"&lt;div class=""md""&gt;&lt;p&gt;meanwhile i cant even get someone to bag my groceries at a normal grocery store&lt;/p&gt;
&lt;/div&gt;",t1_nkhjx39,,,,,,,,,,,0.0,,t3_1o9fqoo,,nkhjx39,t3_1o9fqoo,2026-05-05T00:47:29.215Z,,,,10,https://www.reddit.com/r/traderjoes/comments/1o9fqoo/just_another_reason_to_love_tjs/nkhjx39/,t2_a852f,grace88199,
,I recently saw a TJs employee helping a customer with visual impairment shop and it warmed my heart,traderjoes,r/traderjoes,2025-10-20T04:27:37.000Z,comment,,"&lt;div class=""md""&gt;&lt;p&gt;I recently saw a TJs employee helping a customer with visual impairment shop and it warmed my heart&lt;/p&gt;
&lt;/div&gt;",t1_nkfgpuv,,,,,,,,,,,1.0,,t3_1o9fqoo,,nkfgpuv,t3_1o9fqoo,2026-05-05T00:47:29.215Z,,,,20,https://www.reddit.com/r/traderjoes/comments/1o9fqoo/just_another_reason_to_love_tjs/nkfgpuv/,t2_kct2adga,mentalhellth94,
,that is awesome ,traderjoes,r/traderjoes,2025-10-20T05:56:09.000Z,comment,,"&lt;div class=""md""&gt;&lt;p&gt;that is awesome &lt;/p&gt;
&lt;/div&gt;",t1_nkfr3wo,,,,,,,,,,,0.0,,t1_nkfgpuv,,nkfr3wo,t3_1o9fqoo,2026-05-05T00:47:29.215Z,,,,7,https://www.reddit.com/r/traderjoes/comments/1o9fqoo/just_another_reason_to_love_tjs/nkfr3wo/,t2_fnpb9,CaptainObvious110,
,One time I got way more stuff than anticipated (which of course happens fairly often) and I said I was so sorry but just needed to grab another bag and he could take the next person in line. He said “here you go!” and gave me a reusable bag no charge (we’re in NJ). It was just so nice. I’ve also had an employee offer to help me pick out flowers for a bouquet.,traderjoes,r/traderjoes,2025-10-20T01:46:48.000Z,comment,,"&lt;div class=""md""&gt;&lt;p&gt;One time I got way more stuff than anticipated (which of course happens fairly often) and I said I was so sorry but just needed to grab another bag and he could take the next person in line. He said “here you go!” and gave me a reusable bag no charge (we’re in NJ). It was just so nice. I’ve also had an employee offer to help me pick out flowers for a bouquet.&lt;/p&gt;
&lt;/div&gt;",t1_nketkv7,,,,,,,,,,,0.0,,t3_1o9fqoo,,nketkv7,t3_1o9fqoo,2026-05-05T00:47:29.215Z,,,,22,https://www.reddit.com/r/traderjoes/comments/1o9fqoo/just_another_reason_to_love_tjs/nketkv7/,t2_2ib0w54o,femmepremed,
Seasonal Grunt,"Images:
	https://preview.redd.it/zuem30qzzc1f1.jpeg?auto=webp&amp;s=457b13b7e3305be5360562b1a8fcf569ace2d0d7
",,r/walmart,2025-05-17T15:18:03.000Z,post,,"Images:
	https://preview.redd.it/zuem30qzzc1f1.jpeg?auto=webp&amp;s=457b13b7e3305be5360562b1a8fcf569ace2d0d7
",t3_1kovesf,https://i.redd.it/zuem30qzzc1f1.jpeg,,,,,,False,False,https://i.redd.it/zuem30qzzc1f1.jpeg,1532.0,,False,,walmart,1kovesf,,2026-05-05T00:47:31.103Z,https://b.thumbs.redditmedia.com/YPaZ0NFEtIz_NNzxfRDh21XnxmJStbthrq20ev__B7Q.jpg,"This guy really expected Walmart to ""Eat the tariffs""?",0.91,6834,https://www.reddit.com/r/walmart/comments/1kovesf/this_guy_really_expected_walmart_to_eat_the/,t2_g43a8,Alveryn,
,"Wait, I thought he said China was supposed to be footing the bill? Why does he expect Walmart, a US company, to eat the tariffs? 🤔🤔🤔

Edit: 4 days later and I'm still getting Republicans in my responses, so I'm adding their default replies so I can hopefully stop getting useless notifications.

1: ""REEEE Walmart made BILLIONS! With a B! I just learned about this letter yesterday! Why are you defending Walmart!""

1 response: I don't care if Walmart has to pay more taxes. If the goal was to make corporations pay more taxes, they should've just raised corporate taxes and I would've applauded the move. Instead, Trump tanked the economy by throwing massive tariffs at China while lying to the American people by claiming ""China will pay for it."" (Much like how he said Mexico would pay for the wall...) Now China isn't paying the tariff because that's not how tariffs work and he is using Walmart as a scapegoat. He wants the American public to blame Walmart for their higher grocery bill because Walmart makes a lot of money, when in reality it is Trump's fault because he tanked the economy with his tariffs. Also, retail profit margins are pretty slim. Nowhere near enough for Walmart to just absorb a 150% price increase and stay in business. I suppose with how many times Trump has files bankruptcy, it makes sense that he thinks retailers can just operate in the negative indefinitely.

2: ""UHHHH TRUMP NEVER SAID CHINA WOULD PAY!""

2 response: here is his [interview](https://x.com/ABC/status/1917318025168007247) on ABC where he said China would probably eat the tariffs. Here's an [article](https://www.nbcnews.com/politics/donald-trump/fact-check-trump-says-china-paying-his-tariffs-he-s-n1038751) from 2019 where he claimed the same thing would happen on his previous tariffs. It is VERY well documented the he told everyone China would pay the tariffs. He said that about everyone, hence why he wanted to tariff every country because ""we were getting a bad deal."" 

3: ""Trump is just trying to say Walmart should pay their fair share because they made so much money during Covid!"" (Or some other imaginary message inserted into Trump's post)

3 response: no, he is not. He wants a scapegoat, so he is blaming Walmart for increasing prices so people won't blame him for raising prices through tariffs. There is no hidden message, his post is incredibly clear. He wants Walmart to pay the tariff that he said China would pay because Walmart makes money. There is no hidden rationale to be read from the post.",walmart,r/walmart,2025-05-17T15:32:37.000Z,comment,,"&lt;div class=""md""&gt;&lt;p&gt;Wait, I thought he said China was supposed to be footing the bill? Why does he expect Walmart, a US company, to eat the tariffs? 🤔🤔🤔&lt;/p&gt;

&lt;p&gt;Edit: 4 days later and I&amp;#39;m still getting Republicans in my responses, so I&amp;#39;m adding their default replies so I can hopefully stop getting useless notifications.&lt;/p&gt;

&lt;p&gt;1: &amp;quot;REEEE Walmart made BILLIONS! With a B! I just learned about this letter yesterday! Why are you defending Walmart!&amp;quot;&lt;/p&gt;

&lt;p&gt;1 response: I don&amp;#39;t care if Walmart has to pay more taxes. If the goal was to make corporations pay more taxes, they should&amp;#39;ve just raised corporate taxes and I would&amp;#39;ve applauded the move. Instead, Trump tanked the economy by throwing massive tariffs at China while lying to the American people by claiming &amp;quot;China will pay for it.&amp;quot; (Much like how he said Mexico would pay for the wall...) Now China isn&amp;#39;t paying the tariff because that&amp;#39;s not how tariffs work and he is using Walmart as a scapegoat. He wants the American public to blame Walmart for their higher grocery bill because Walmart makes a lot of money, when in reality it is Trump&amp;#39;s fault because he tanked the economy with his tariffs. Also, retail profit margins are pretty slim. Nowhere near enough for Walmart to just absorb a 150% price increase and stay in business. I suppose with how many times Trump has files bankruptcy, it makes sense that he thinks retailers can just operate in the negative indefinitely.&lt;/p&gt;

&lt;p&gt;2: &amp;quot;UHHHH TRUMP NEVER SAID CHINA WOULD PAY!&amp;quot;&lt;/p&gt;

&lt;p&gt;2 response: here is his &lt;a href=""https://x.com/ABC/status/1917318025168007247""&gt;interview&lt;/a&gt; on ABC where he said China would probably eat the tariffs. Here&amp;#39;s an &lt;a href=""https://www.nbcnews.com/politics/donald-trump/fact-check-trump-says-china-paying-his-tariffs-he-s-n1038751""&gt;article&lt;/a&gt; from 2019 where he claimed the same thing would happen on his previous tariffs. It is VERY well documented the he told everyone China would pay the tariffs. He said that about everyone, hence why he wanted to tariff every country because &amp;quot;we were getting a bad deal.&amp;quot; &lt;/p&gt;

&lt;p&gt;3: &amp;quot;Trump is just trying to say Walmart should pay their fair share because they made so much money during Covid!&amp;quot; (Or some other imaginary message inserted into Trump&amp;#39;s post)&lt;/p&gt;

&lt;p&gt;3 response: no, he is not. He wants a scapegoat, so he is blaming Walmart for increasing prices so people won&amp;#39;t blame him for raising prices through tariffs. There is no hidden message, his post is incredibly clear. He wants Walmart to pay the tariff that he said China would pay because Walmart makes money. There is no hidden rationale to be read from the post.&lt;/p&gt;
&lt;/div&gt;",t1_mst2b27,,,,,,,,,,,25.0,,t3_1kovesf,,mst2b27,t3_1kovesf,2026-05-05T00:47:31.195Z,,,,1495,https://www.reddit.com/r/walmart/comments/1kovesf/this_guy_really_expected_walmart_to_eat_the/mst2b27/,t2_92p03oaj,Dogestronaut1,
,Like mexico paying for the wall 🤣🤣,walmart,r/walmart,2025-05-17T16:17:35.000Z,comment,,"&lt;div class=""md""&gt;&lt;p&gt;Like mexico paying for the wall 🤣🤣&lt;/p&gt;
&lt;/div&gt;",t1_mstaog2,,,,,,,,,,,5.0,,t1_mst2b27,,mstaog2,t3_1kovesf,2026-05-05T00:47:31.195Z,,,,657,https://www.reddit.com/r/walmart/comments/1kovesf/this_guy_really_expected_walmart_to_eat_the/mstaog2/,t2_4m8v18c1,scottvf,
,Boomers love to forget about that,walmart,r/walmart,2025-05-17T18:18:57.000Z,comment,,"&lt;div class=""md""&gt;&lt;p&gt;Boomers love to forget about that&lt;/p&gt;
&lt;/div&gt;",t1_mstxdt6,,,,,,,,,,,2.0,,t1_mstaog2,,mstxdt6,t3_1kovesf,2026-05-05T00:47:31.195Z,,,,216,https://www.reddit.com/r/walmart/comments/1kovesf/this_guy_really_expected_walmart_to_eat_the/mstxdt6/,t2_ch2yjbxw,ZonkedWizard,
,"A lot of boomers voted for Harris, and a lot Gen Z men voted for Trump.",walmart,r/walmart,2025-05-17T20:50:21.000Z,comment,,"&lt;div class=""md""&gt;&lt;p&gt;A lot of boomers voted for Harris, and a lot Gen Z men voted for Trump.&lt;/p&gt;
&lt;/div&gt;",t1_msuol76,,,,,,,,,,,2.0,,t1_mstxdt6,,msuol76,t3_1kovesf,2026-05-05T00:47:31.195Z,,,,109,https://www.reddit.com/r/walmart/comments/1kovesf/this_guy_really_expected_walmart_to_eat_the/msuol76/,t2_yipp93423,robottimeblaster,
,"I know man, I know. It's just that, the demographic for Trump worshippers is seemingly mostly old people. At least, that's how it is in Oregon. You're right though, I've met people in all age ranges that have voted for a party you wouldn't expect",walmart,r/walmart,2025-05-17T20:58:53.000Z,comment,,"&lt;div class=""md""&gt;&lt;p&gt;I know man, I know. It&amp;#39;s just that, the demographic for Trump worshippers is seemingly mostly old people. At least, that&amp;#39;s how it is in Oregon. You&amp;#39;re right though, I&amp;#39;ve met people in all age ranges that have voted for a party you wouldn&amp;#39;t expect&lt;/p&gt;
&lt;/div&gt;",t1_msuq4zf,,,,,,,,,,,5.0,,t1_msuol76,,msuq4zf,t3_1kovesf,2026-05-05T00:47:31.195Z,,,,66,https://www.reddit.com/r/walmart/comments/1kovesf/this_guy_really_expected_walmart_to_eat_the/msuq4zf/,t2_ch2yjbxw,ZonkedWizard,
former associate (converted to Target Team Member),"My grandmother, may she rest peacefully, repeatedly referred to Donald Trump as “the dumbest cocksucker to ever walk this planet.” She passed away just over six years ago now and was 95. 


Plenty of older people definitely support him but unfortunately his messaging did resonate with enough people and the Democratic Party has not done much these last three election cycles to really crush his messaging.",walmart,r/walmart,2025-05-18T00:27:41.000Z,comment,,"&lt;div class=""md""&gt;&lt;p&gt;My grandmother, may she rest peacefully, repeatedly referred to Donald Trump as “the dumbest cocksucker to ever walk this planet.” She passed away just over six years ago now and was 95. &lt;/p&gt;

&lt;p&gt;Plenty of older people definitely support him but unfortunately his messaging did resonate with enough people and the Democratic Party has not done much these last three election cycles to really crush his messaging.&lt;/p&gt;
&lt;/div&gt;",t1_msvonq9,,,,,,,,,,,5.0,,t1_msuq4zf,,msvonq9,t3_1kovesf,2026-05-05T00:47:31.195Z,,,,49,https://www.reddit.com/r/walmart/comments/1kovesf/this_guy_really_expected_walmart_to_eat_the/msvonq9/,t2_11uefh,Soxwin91,
,your grandmother was a smart person 👍,walmart,r/walmart,2025-05-18T16:13:37.000Z,comment,,"&lt;div class=""md""&gt;&lt;p&gt;your grandmother was a smart person 👍&lt;/p&gt;
&lt;/div&gt;",t1_msz35wg,,,,,,,,,,,1.0,,t1_msvonq9,,msz35wg,t3_1kovesf,2026-05-05T00:47:31.195Z,,,,16,https://www.reddit.com/r/walmart/comments/1kovesf/this_guy_really_expected_walmart_to_eat_the/msz35wg/,t2_4m8v18c1,scottvf,
,My dad (79) calls him “the orange turd”. 😂,walmart,r/walmart,2025-05-18T20:04:34.000Z,comment,,"&lt;div class=""md""&gt;&lt;p&gt;My dad (79) calls him “the orange turd”. 😂&lt;/p&gt;
&lt;/div&gt;",t1_mt0avv0,,,,,,,,,,,2.0,,t1_msvonq9,,mt0avv0,t3_1kovesf,2026-05-05T00:47:31.195Z,,,,13,https://www.reddit.com/r/walmart/comments/1kovesf/this_guy_really_expected_walmart_to_eat_the/mt0avv0/,t2_p31zoymr,Blackbird136,
,Shout out to your BASED ass pops. 🫡,walmart,r/walmart,2025-05-18T20:40:44.000Z,comment,,"&lt;div class=""md""&gt;&lt;p&gt;Shout out to your BASED ass pops. 🫡&lt;/p&gt;
&lt;/div&gt;",t1_mt0hq1m,,,,,,,,,,,1.0,,t1_mt0avv0,,mt0hq1m,t3_1kovesf,2026-05-05T00:47:31.195Z,,,,7,https://www.reddit.com/r/walmart/comments/1kovesf/this_guy_really_expected_walmart_to_eat_the/mt0hq1m/,t2_3dhbgcic,Bilbo_Teabagginss,
,"Share this one with your dad: 🍊 💩 ler (unless it'll offend him, then don't. But it is step further on the same naming convention. 🤭)",walmart,r/walmart,2025-05-21T02:25:38.000Z,comment,,"&lt;div class=""md""&gt;&lt;p&gt;Share this one with your dad: 🍊 💩 ler (unless it&amp;#39;ll offend him, then don&amp;#39;t. But it is step further on the same naming convention. 🤭)&lt;/p&gt;
&lt;/div&gt;",t1_mteo53v,,,,,,,,,,,0.0,,t1_mt0avv0,,mteo53v,t3_1kovesf,2026-05-05T00:47:31.195Z,,,,2,https://www.reddit.com/r/walmart/comments/1kovesf/this_guy_really_expected_walmart_to_eat_the/mteo53v/,t2_kztjeo4sg,PassengerProper7643,
,"&gt;My grandmother, may she rest peacefully, repeatedly referred to Donald Trump as “the dumbest cocksucker to ever walk this planet.

they didnt call them the greatest generation for nothing.

also 95 is too old to be boomers. These are people that remember the Great Depression and the Democrats under FDR were the ones to get us out and rebuild the economy and give us the social safety net that MAGA are ripping out while they drive us head first into a economic depression using tariffs just like they did before with the Smoot–Hawley Tariff last go around.",walmart,r/walmart,2025-05-18T08:44:58.000Z,comment,,"&lt;div class=""md""&gt;&lt;blockquote&gt;
&lt;p&gt;My grandmother, may she rest peacefully, repeatedly referred to Donald Trump as “the dumbest cocksucker to ever walk this planet.&lt;/p&gt;
&lt;/blockquote&gt;

&lt;p&gt;they didnt call them the greatest generation for nothing.&lt;/p&gt;

&lt;p&gt;also 95 is too old to be boomers. These are people that remember the Great Depression and the Democrats under FDR were the ones to get us out and rebuild the economy and give us the social safety net that MAGA are ripping out while they drive us head first into a economic depression using tariffs just like they did before with the Smoot–Hawley Tariff last go around.&lt;/p&gt;
&lt;/div&gt;",t1_msxcayf,,,,,,,,,,,0.0,,t1_msvonq9,,msxcayf,t3_1kovesf,2026-05-05T00:47:31.195Z,,,,8,https://www.reddit.com/r/walmart/comments/1kovesf/this_guy_really_expected_walmart_to_eat_the/msxcayf/,t2_trob8,sir_lister,
,"Holy shit, what a stunner of a name your grandmother came up with for him. I’ll be remembering and using that one from now on. She sounds like she was one kickass woman",walmart,r/walmart,2025-05-18T06:30:57.000Z,comment,,"&lt;div class=""md""&gt;&lt;p&gt;Holy shit, what a stunner of a name your grandmother came up with for him. I’ll be remembering and using that one from now on. She sounds like she was one kickass woman&lt;/p&gt;
&lt;/div&gt;",t1_mswzddg,,,,,,,,,,,1.0,,t1_msvonq9,,mswzddg,t3_1kovesf,2026-05-05T00:47:31.195Z,,,,8,https://www.reddit.com/r/walmart/comments/1kovesf/this_guy_really_expected_walmart_to_eat_the/mswzddg/,t2_9q0viw6l,LostInABook13,
,Absolutely NOT. Lots of 20’s people support Trump where I live. It’s not a boomer thing. Please stop insulting an entire generation of people as if they all believe the same thing. No generation has one belief.,walmart,r/walmart,2025-05-17T22:10:38.000Z,comment,,"&lt;div class=""md""&gt;&lt;p&gt;Absolutely NOT. Lots of 20’s people support Trump where I live. It’s not a boomer thing. Please stop insulting an entire generation of people as if they all believe the same thing. No generation has one belief.&lt;/p&gt;
&lt;/div&gt;",t1_msv2htm,,,,,,,,,,,5.0,,t1_msuq4zf,,msv2htm,t3_1kovesf,2026-05-05T00:47:31.195Z,,,,47,https://www.reddit.com/r/walmart/comments/1kovesf/this_guy_really_expected_walmart_to_eat_the/msv2htm/,t2_1lquw6zb3e,495orange,
,significantly more older people then young voted for trump,walmart,r/walmart,2025-05-18T05:46:24.000Z,comment,,"&lt;div class=""md""&gt;&lt;p&gt;significantly more older people then young voted for trump&lt;/p&gt;
&lt;/div&gt;",t1_mswuv3o,,,,,,,,,,,2.0,,t1_msv2htm,,mswuv3o,t3_1kovesf,2026-05-05T00:47:31.195Z,,,,15,https://www.reddit.com/r/walmart/comments/1kovesf/this_guy_really_expected_walmart_to_eat_the/mswuv3o/,t2_4uc3mcif,Apprehensive-Size-34,
,Young people don't vote.,walmart,r/walmart,2025-05-18T11:56:02.000Z,comment,,"&lt;div class=""md""&gt;&lt;p&gt;Young people don&amp;#39;t vote.&lt;/p&gt;
&lt;/div&gt;",t1_msxw1um,,,,,,,,,,,0.0,,t1_mswuv3o,,msxw1um,t3_1kovesf,2026-05-05T00:47:31.195Z,,,,5,https://www.reddit.com/r/walmart/comments/1kovesf/this_guy_really_expected_walmart_to_eat_the/msxw1um/,t2_aw9032ed,hogmantheintruder926,
,"Images:
	https://preview.redd.it/uy3ne9qjhc4f1.png?auto=webp&amp;s=2daac1dcfa9674464c6bc6bf8b5356899c51f427
",,r/walmart,2025-06-01T16:46:38.000Z,post,,"Images:
	https://preview.redd.it/uy3ne9qjhc4f1.png?auto=webp&amp;s=2daac1dcfa9674464c6bc6bf8b5356899c51f427
",t3_1l0tlgk,https://i.redd.it/uy3ne9qjhc4f1.png,,,,,,False,False,https://i.redd.it/uy3ne9qjhc4f1.png,1118.0,,False,,walmart,1l0tlgk,,2026-05-05T00:47:38.287Z,https://b.thumbs.redditmedia.com/ZIuH98YKUfDN71_UPwpc7GtkvnToALqTF9uwE7tuuZo.jpg,Why would people buy this?,0.95,5691,https://www.reddit.com/r/walmart/comments/1l0tlgk/why_would_people_buy_this/,t2_1qcgm6zjdz,anoN1m_1,
Associate,"A Walmart trucker that's been there his whole career? Lol 

People are weird and they'll be bought",walmart,r/walmart,2025-06-01T16:52:34.000Z,comment,,"&lt;div class=""md""&gt;&lt;p&gt;A Walmart trucker that&amp;#39;s been there his whole career? Lol &lt;/p&gt;

&lt;p&gt;People are weird and they&amp;#39;ll be bought&lt;/p&gt;
&lt;/div&gt;",t1_mvfxbbx,,,,,,,,,,,4.0,,t3_1l0tlgk,,mvfxbbx,t3_1l0tlgk,2026-05-05T00:47:38.413Z,,,,1475,https://www.reddit.com/r/walmart/comments/1l0tlgk/why_would_people_buy_this/mvfxbbx/,t2_56fz6uq9,Tactical_Boom3,
,Yeah truckers buy their kids and grandkids truck toys because they want them to think of them.,walmart,r/walmart,2025-06-01T17:08:14.000Z,comment,,"&lt;div class=""md""&gt;&lt;p&gt;Yeah truckers buy their kids and grandkids truck toys because they want them to think of them.&lt;/p&gt;
&lt;/div&gt;",t1_mvg0hvu,,,,,,,,,,,6.0,,t1_mvfxbbx,,mvg0hvu,t3_1l0tlgk,2026-05-05T00:47:38.413Z,,,,695,https://www.reddit.com/r/walmart/comments/1l0tlgk/why_would_people_buy_this/mvg0hvu/,t2_10shrz,cjbman,
,"I went to a girlfriends place once in high-school and her dad showed me his truck collection. I have zero clue what that stuff is worth, but he seemed convinced he had around $200k worth of toy trucks. Mostly because many were rare or limited editions of specific companies. 

Seems crazy to me.",walmart,r/walmart,2025-06-01T19:03:52.000Z,comment,,"&lt;div class=""md""&gt;&lt;p&gt;I went to a girlfriends place once in high-school and her dad showed me his truck collection. I have zero clue what that stuff is worth, but he seemed convinced he had around $200k worth of toy trucks. Mostly because many were rare or limited editions of specific companies. &lt;/p&gt;

&lt;p&gt;Seems crazy to me.&lt;/p&gt;
&lt;/div&gt;",t1_mvgo1m0,,,,,,,,,,,5.0,,t1_mvg0hvu,,mvgo1m0,t3_1l0tlgk,2026-05-05T00:47:38.413Z,,,,206,https://www.reddit.com/r/walmart/comments/1l0tlgk/why_would_people_buy_this/mvgo1m0/,t2_mqmj1,FacetiousTomato,
,"I'm no expert either but i could imagine some toy truck that's worth a grand. If he had 200 such trucks, Bob's your uncle.",walmart,r/walmart,2025-06-01T19:50:07.000Z,comment,,"&lt;div class=""md""&gt;&lt;p&gt;I&amp;#39;m no expert either but i could imagine some toy truck that&amp;#39;s worth a grand. If he had 200 such trucks, Bob&amp;#39;s your uncle.&lt;/p&gt;
&lt;/div&gt;",t1_mvgx2eg,,,,,,,,,,,5.0,,t1_mvgo1m0,,mvgx2eg,t3_1l0tlgk,2026-05-05T00:47:38.413Z,,,,121,https://www.reddit.com/r/walmart/comments/1l0tlgk/why_would_people_buy_this/mvgx2eg/,t2_4wl1anws,timecat22,
,Damn if his gf’s dad is his uncle…,walmart,r/walmart,2025-06-01T20:14:53.000Z,comment,,"&lt;div class=""md""&gt;&lt;p&gt;Damn if his gf’s dad is his uncle…&lt;/p&gt;
&lt;/div&gt;",t1_mvh1yee,,,,,,,,,,,2.0,,t1_mvgx2eg,,mvh1yee,t3_1l0tlgk,2026-05-05T00:47:38.413Z,,,,53,https://www.reddit.com/r/walmart/comments/1l0tlgk/why_would_people_buy_this/mvh1yee/,t2_1lpgpc5lnn,Personal_Curve8574,
,Keeping it in the family,walmart,r/walmart,2025-06-01T21:46:56.000Z,comment,,"&lt;div class=""md""&gt;&lt;p&gt;Keeping it in the family&lt;/p&gt;
&lt;/div&gt;",t1_mvhjg8g,,,,,,,,,,,2.0,,t1_mvh1yee,,mvhjg8g,t3_1l0tlgk,2026-05-05T00:47:38.413Z,,,,35,https://www.reddit.com/r/walmart/comments/1l0tlgk/why_would_people_buy_this/mvhjg8g/,,[deleted],
,[deleted],walmart,r/walmart,2025-06-02T11:13:08.000Z,comment,,"&lt;div class=""md""&gt;&lt;p&gt;[deleted]&lt;/p&gt;
&lt;/div&gt;",t1_mvki4tm,,,,,,,,,,,1.0,,t1_mvhjg8g,,mvki4tm,t3_1l0tlgk,2026-05-05T00:47:38.413Z,,,,10,https://www.reddit.com/r/walmart/comments/1l0tlgk/why_would_people_buy_this/mvki4tm/,,[deleted],
,*Lays,walmart,r/walmart,2025-06-02T18:02:34.000Z,comment,,"&lt;div class=""md""&gt;&lt;p&gt;*Lays&lt;/p&gt;
&lt;/div&gt;",t1_mvmmvd2,,,,,,,,,,,1.0,,t1_mvki4tm,,mvmmvd2,t3_1l0tlgk,2026-05-05T00:47:38.413Z,,,,5,https://www.reddit.com/r/walmart/comments/1l0tlgk/why_would_people_buy_this/mvmmvd2/,t2_702nbavs,IntentionPowerful,
,[deleted],walmart,r/walmart,2025-06-02T18:04:15.000Z,comment,,"&lt;div class=""md""&gt;&lt;p&gt;[deleted]&lt;/p&gt;
&lt;/div&gt;",t1_mvmn82x,,,,,,,,,,,1.0,,t1_mvmmvd2,,mvmn82x,t3_1l0tlgk,2026-05-05T00:47:38.413Z,,,,2,https://www.reddit.com/r/walmart/comments/1l0tlgk/why_would_people_buy_this/mvmn82x/,,[deleted],
,[ Removed by Reddit ],walmart,r/walmart,2025-06-02T20:05:04.000Z,comment,,"&lt;div class=""md""&gt;&lt;p&gt;[ Removed by Reddit ]&lt;/p&gt;
&lt;/div&gt;",t1_mvnccnz,,,,,,,,,,,1.0,,t1_mvmn82x,,mvnccnz,t3_1l0tlgk,2026-05-05T00:47:38.413Z,,,,3,https://www.reddit.com/r/walmart/comments/1l0tlgk/why_would_people_buy_this/mvnccnz/,t2_12zntykpje,H0lll0W0lF,
,"Now there's a man who knows how to date his cousin. 

I tweaked it from Community but the message still sends.",walmart,r/walmart,2025-06-02T12:58:47.000Z,comment,,"&lt;div class=""md""&gt;&lt;p&gt;Now there&amp;#39;s a man who knows how to date his cousin. &lt;/p&gt;

&lt;p&gt;I tweaked it from Community but the message still sends.&lt;/p&gt;
&lt;/div&gt;",t1_mvkxkyp,,,,,,,,,,,1.0,,t1_mvh1yee,,mvkxkyp,t3_1l0tlgk,2026-05-05T00:47:38.414Z,,,,5,https://www.reddit.com/r/walmart/comments/1l0tlgk/why_would_people_buy_this/mvkxkyp/,t2_6g9cmrb1,MartianNamedScotty,
,Such a good toast,walmart,r/walmart,2025-06-02T23:30:36.000Z,comment,,"&lt;div class=""md""&gt;&lt;p&gt;Such a good toast&lt;/p&gt;
&lt;/div&gt;",t1_mvogjy5,,,,,,,,,,,0.0,,t1_mvkxkyp,,mvogjy5,t3_1l0tlgk,2026-05-05T00:47:38.414Z,,,,2,https://www.reddit.com/r/walmart/comments/1l0tlgk/why_would_people_buy_this/mvogjy5/,t2_1lpgpc5lnn,Personal_Curve8574,
,[deleted],walmart,r/walmart,2025-06-01T20:52:58.000Z,comment,,"&lt;div class=""md""&gt;&lt;p&gt;[deleted]&lt;/p&gt;
&lt;/div&gt;",t1_mvh9exa,,,,,,,,,,,1.0,,t1_mvgx2eg,,mvh9exa,t3_1l0tlgk,2026-05-05T00:47:38.414Z,,,,30,https://www.reddit.com/r/walmart/comments/1l0tlgk/why_would_people_buy_this/mvh9exa/,,[deleted],
,My collection of legos got me the down payment on my house some of my sets that were 5.99 went for over $100... To be fair legos beat the stock market on return,walmart,r/walmart,2025-06-02T11:14:00.000Z,comment,,"&lt;div class=""md""&gt;&lt;p&gt;My collection of legos got me the down payment on my house some of my sets that were 5.99 went for over $100... To be fair legos beat the stock market on return&lt;/p&gt;
&lt;/div&gt;",t1_mvki8qf,,,,,,,,,,,2.0,,t1_mvh9exa,,mvki8qf,t3_1l0tlgk,2026-05-05T00:47:38.414Z,,,,3,https://www.reddit.com/r/walmart/comments/1l0tlgk/why_would_people_buy_this/mvki8qf/,,[deleted],
,[deleted],walmart,r/walmart,2025-06-02T11:21:05.000Z,comment,,"&lt;div class=""md""&gt;&lt;p&gt;[deleted]&lt;/p&gt;
&lt;/div&gt;",t1_mvkj5h2,,,,,,,,,,,1.0,,t1_mvki8qf,,mvkj5h2,t3_1l0tlgk,2026-05-05T00:47:38.414Z,,,,5,https://www.reddit.com/r/walmart/comments/1l0tlgk/why_would_people_buy_this/mvkj5h2/,,[deleted],
,"Saw this post on Facebook about Cream Fraiche being displayed at a local Trader Joe's store with Randy Marsh
",,r/traderjoes,2025-08-25T21:26:11.000Z,post,Store Display,"&lt;!-- SC_OFF --&gt;&lt;div class=""md""&gt;&lt;p&gt;Saw this post on Facebook about Cream Fraiche being displayed at a local Trader Joe&amp;#39;s store with Randy Marsh&lt;/p&gt;
&lt;/div&gt;&lt;!-- SC_ON --&gt;",t3_1n037ks,https://i.redd.it/6benpspwg8lf1.jpeg,,,,,,False,False,https://i.redd.it/6benpspwg8lf1.jpeg,72.0,,False,,traderjoes,1n037ks,,2026-05-05T00:47:40.494Z,https://a.thumbs.redditmedia.com/TxGpWTGr6Mxn0uNGRfYKUzmn1HauT70Xoa6rYm2P0z4.jpg,South Park Cream Fraiche Display,0.97,6640,https://www.reddit.com/r/traderjoes/comments/1n037ks/south_park_cream_fraiche_display/,t2_1uamn0sy,sammybitz,
,"Posts that don't follow r/traderjoes subreddit rules may be subject to removal. 

**Friendly reminder: No vague or non-descriptive post titles, this includes questions.**


Choosing descriptive post titles with product names, descriptions and/or exact question mentioned is preferred as not everybody is able to view image captions, it also yields better subreddit search results and helps blind and visually impaired Redditors who use Screen Reader Software or Text-to-Speech apps. to access Reddit. Thank you.

IF THIS MESSAGE DOES NOT APPLY TO YOUR POST, PLEASE IGNORE.


*I am a bot, and this action was performed automatically. Please [contact the moderators of this subreddit](/message/compose/?to=/r/traderjoes) if you have any questions or concerns.*",traderjoes,r/traderjoes,2025-08-25T21:26:12.000Z,comment,,"&lt;div class=""md""&gt;&lt;p&gt;Posts that don&amp;#39;t follow &lt;a href=""/r/traderjoes""&gt;r/traderjoes&lt;/a&gt; subreddit rules may be subject to removal. &lt;/p&gt;

&lt;p&gt;&lt;strong&gt;Friendly reminder: No vague or non-descriptive post titles, this includes questions.&lt;/strong&gt;&lt;/p&gt;

&lt;p&gt;Choosing descriptive post titles with product names, descriptions and/or exact question mentioned is preferred as not everybody is able to view image captions, it also yields better subreddit search results and helps blind and visually impaired Redditors who use Screen Reader Software or Text-to-Speech apps. to access Reddit. Thank you.&lt;/p&gt;

&lt;p&gt;IF THIS MESSAGE DOES NOT APPLY TO YOUR POST, PLEASE IGNORE.&lt;/p&gt;

&lt;p&gt;&lt;em&gt;I am a bot, and this action was performed automatically. Please &lt;a href=""/message/compose/?to=/r/traderjoes""&gt;contact the moderators of this subreddit&lt;/a&gt; if you have any questions or concerns.&lt;/em&gt;&lt;/p&gt;
&lt;/div&gt;",t1_nanlzx8,,,,,,,,,,,0.0,,t3_1n037ks,,nanlzx8,t3_1n037ks,2026-05-05T00:47:40.601Z,,,,1,https://www.reddit.com/r/traderjoes/comments/1n037ks/south_park_cream_fraiche_display/nanlzx8/,t2_6l4z3,AutoModerator,
,"As someone who hasn't seen the episode (or very much South Park in general), please enlighten me. ✨️",traderjoes,r/traderjoes,2025-08-27T10:40:17.000Z,comment,,"&lt;div class=""md""&gt;&lt;p&gt;As someone who hasn&amp;#39;t seen the episode (or very much South Park in general), please enlighten me. ✨️&lt;/p&gt;
&lt;/div&gt;",t1_naxae7l,,,,,,,,,,,1.0,,t3_1n037ks,,naxae7l,t3_1n037ks,2026-05-05T00:47:40.601Z,,,,16,https://www.reddit.com/r/traderjoes/comments/1n037ks/south_park_cream_fraiche_display/naxae7l/,t2_kozlhvcy7,BasilPesto212,
,Randy gets real into fancy cooking and adds crème fraîche to everything. He also says it in a very affected way which makes the bit funnier. Worth watching the episode.,traderjoes,r/traderjoes,2025-08-27T17:27:45.000Z,comment,,"&lt;div class=""md""&gt;&lt;p&gt;Randy gets real into fancy cooking and adds crème fraîche to everything. He also says it in a very affected way which makes the bit funnier. Worth watching the episode.&lt;/p&gt;
&lt;/div&gt;",t1_naze742,,,,,,,,,,,1.0,,t1_naxae7l,,naze742,t3_1n037ks,2026-05-05T00:47:40.601Z,,,,48,https://www.reddit.com/r/traderjoes/comments/1n037ks/south_park_cream_fraiche_display/naze742/,t2_4r6tasm2,Captain-PlantIt,
,"Images:
	https://preview.redd.it/klbpckpikvdf1.jpeg?auto=webp&amp;s=01a3acd7c40faef26689f394c8acfa40bb47a87a
",,r/walmart,2025-07-19T18:34:23.000Z,post,,"Images:
	https://preview.redd.it/klbpckpikvdf1.jpeg?auto=webp&amp;s=01a3acd7c40faef26689f394c8acfa40bb47a87a
",t3_1m43gum,https://i.redd.it/klbpckpikvdf1.jpeg,,,,,,False,False,https://i.redd.it/klbpckpikvdf1.jpeg,828.0,,False,,walmart,1m43gum,,2026-05-05T00:47:40.890Z,https://a.thumbs.redditmedia.com/Yrat0THAV98Q_z-5uHi7EFgAKlGQLtTu0C-wPb9DJy0.jpg,This is insane,0.96,5688,https://www.reddit.com/r/walmart/comments/1m43gum/this_is_insane/,t2_hvesl19r,NoAssist2555,
,Cream freesh! My boyfriend refuses to pronounce it any other way lol,traderjoes,r/traderjoes,2025-08-27T17:38:33.000Z,comment,,"&lt;div class=""md""&gt;&lt;p&gt;Cream freesh! My boyfriend refuses to pronounce it any other way lol&lt;/p&gt;
&lt;/div&gt;",t1_nazgled,,,,,,,,,,,2.0,,t1_naze742,,nazgled,t3_1n037ks,2026-05-05T00:47:40.601Z,,,,14,https://www.reddit.com/r/traderjoes/comments/1n037ks/south_park_cream_fraiche_display/nazgled/,,[deleted],
,"it's the start of shrimp season, and they've doubled it. doesn't send a good message of the upcoming season. It's still $3-5/lb on the docks, though.",walmart,r/walmart,2025-07-19T19:08:40.000Z,comment,,"&lt;div class=""md""&gt;&lt;p&gt;it&amp;#39;s the start of shrimp season, and they&amp;#39;ve doubled it. doesn&amp;#39;t send a good message of the upcoming season. It&amp;#39;s still $3-5/lb on the docks, though.&lt;/p&gt;
&lt;/div&gt;",t1_n41jfj3,,,,,,,,,,,3.0,,t3_1m43gum,,n41jfj3,t3_1m43gum,2026-05-05T00:47:41.082Z,,,,588,https://www.reddit.com/r/walmart/comments/1m43gum/this_is_insane/n41jfj3/,t2_131b5m86dm,GreenNo7694,
,[deleted],walmart,r/walmart,2025-07-19T22:58:05.000Z,comment,,"&lt;div class=""md""&gt;&lt;p&gt;[deleted]&lt;/p&gt;
&lt;/div&gt;",t1_n42oxa0,,,,,,,,,,,2.0,,t1_n41jfj3,,n42oxa0,t3_1m43gum,2026-05-05T00:47:41.082Z,,,,197,https://www.reddit.com/r/walmart/comments/1m43gum/this_is_insane/n42oxa0/,,[deleted],
,Please savor every drop of his crème fraîche.,traderjoes,r/traderjoes,2025-09-25T03:15:04.000Z,comment,,"&lt;div class=""md""&gt;&lt;p&gt;Please savor every drop of his crème fraîche.&lt;/p&gt;
&lt;/div&gt;",t1_ng2d513,,,,,,,,,,,0.0,,t1_nazgled,,ng2d513,t3_1n037ks,2026-05-05T00:47:40.601Z,,,,2,https://www.reddit.com/r/traderjoes/comments/1n037ks/south_park_cream_fraiche_display/ng2d513/,t2_6jiojyav,SignificanceThink102,
,"You don’t have to buy it if you think the price is too high. If there ends up not being enough people willing to dish out at the higher price, it will force the price back down in time. Markets worked this way long before any corporations existed. It’s the natural ebb and flow of supply and demand.",walmart,r/walmart,2025-07-20T08:04:04.000Z,comment,,"&lt;div class=""md""&gt;&lt;p&gt;You don’t have to buy it if you think the price is too high. If there ends up not being enough people willing to dish out at the higher price, it will force the price back down in time. Markets worked this way long before any corporations existed. It’s the natural ebb and flow of supply and demand.&lt;/p&gt;
&lt;/div&gt;",t1_n44sirt,,,,,,,,,,,4.0,,t1_n42oxa0,,n44sirt,t3_1m43gum,2026-05-05T00:47:41.082Z,,,,44,https://www.reddit.com/r/walmart/comments/1m43gum/this_is_insane/n44sirt/,t2_nwbqvry8,Capital_Loss_4972,
,He shouldn’t,traderjoes,r/traderjoes,2025-08-31T23:19:29.000Z,comment,,"&lt;div class=""md""&gt;&lt;p&gt;He shouldn’t&lt;/p&gt;
&lt;/div&gt;",t1_nbqwbut,,,,,,,,,,,0.0,,t1_nazgled,,nbqwbut,t3_1n037ks,2026-05-05T00:47:40.601Z,,,,1,https://www.reddit.com/r/traderjoes/comments/1n037ks/south_park_cream_fraiche_display/nbqwbut/,t2_55nc35wd,Sladewilson75,
,"That's utter bollocks. The idea that the market is ""free"" is an illusion when the regular person doesn't have the same access to the market, forced to buy through supermarkets.",walmart,r/walmart,2025-07-20T09:21:47.000Z,comment,,"&lt;div class=""md""&gt;&lt;p&gt;That&amp;#39;s utter bollocks. The idea that the market is &amp;quot;free&amp;quot; is an illusion when the regular person doesn&amp;#39;t have the same access to the market, forced to buy through supermarkets.&lt;/p&gt;
&lt;/div&gt;",t1_n450epj,,,,,,,,,,,6.0,,t1_n44sirt,,n450epj,t3_1m43gum,2026-05-05T00:47:41.082Z,,,,67,https://www.reddit.com/r/walmart/comments/1m43gum/this_is_insane/n450epj/,t2_14b1vo87jf,S-Twenty,
,This is the only thing I think of when I see crème fraiche,traderjoes,r/traderjoes,2025-08-27T00:22:42.000Z,comment,,"&lt;div class=""md""&gt;&lt;p&gt;This is the only thing I think of when I see crème fraiche&lt;/p&gt;
&lt;/div&gt;",t1_nav2sa8,,,,,,,,,,,0.0,,t3_1n037ks,,nav2sa8,t3_1n037ks,2026-05-05T00:47:40.601Z,,,,43,https://www.reddit.com/r/traderjoes/comments/1n037ks/south_park_cream_fraiche_display/nav2sa8/,t2_sw9l2jk,shnanogans,
,"Images:
	https://preview.redd.it/4jmtuzwvzmkf1.jpeg?auto=webp&amp;s=71a5e65d42971eef69cae1064eaafd1e4095e371
",,r/traderjoes,2025-08-22T21:13:24.000Z,post,Store Display,"Images:
	https://preview.redd.it/4jmtuzwvzmkf1.jpeg?auto=webp&amp;s=71a5e65d42971eef69cae1064eaafd1e4095e371
",t3_1mximxt,https://i.redd.it/4jmtuzwvzmkf1.jpeg,,,,,,False,False,https://i.redd.it/4jmtuzwvzmkf1.jpeg,124.0,,False,,traderjoes,1mximxt,,2026-05-05T00:47:41.789Z,https://b.thumbs.redditmedia.com/hZULm2PDGBDN4mhYmXx5rytrU7WNYGP51h02AqAzfzY.jpg,My Trader Joe’s has their crew pets posted on a board 🥹,0.99,6316,https://www.reddit.com/r/traderjoes/comments/1mximxt/my_trader_joes_has_their_crew_pets_posted_on_a/,t2_1dtqolb6fv,XandersOdyssey,
,This is actually so funnny,traderjoes,r/traderjoes,2025-08-26T16:39:42.000Z,comment,,"&lt;div class=""md""&gt;&lt;p&gt;This is actually so funnny&lt;/p&gt;
&lt;/div&gt;",t1_nasi4pa,,,,,,,,,,,0.0,,t3_1n037ks,,nasi4pa,t3_1n037ks,2026-05-05T00:47:40.601Z,,,,47,https://www.reddit.com/r/traderjoes/comments/1n037ks/south_park_cream_fraiche_display/nasi4pa/,t2_yxce1sdgq,dmrqzv,
,awww that is amazing,traderjoes,r/traderjoes,2026-02-17T00:48:12.000Z,comment,,"&lt;div class=""md""&gt;&lt;p&gt;awww that is amazing&lt;/p&gt;
&lt;/div&gt;",t1_o5s8tb6,,,,,,,,,,,0.0,,t3_1mximxt,,o5s8tb6,t3_1mximxt,2026-05-05T00:47:41.897Z,,,,1,https://www.reddit.com/r/traderjoes/comments/1mximxt/my_trader_joes_has_their_crew_pets_posted_on_a/o5s8tb6/,t2_3ttkwl2e,cold-sweats,
,"Read “Money, Markets, and Morals” by Michael Sandel. It covers this topic nicely.",walmart,r/walmart,2025-07-21T04:57:55.000Z,comment,,"&lt;div class=""md""&gt;&lt;p&gt;Read “Money, Markets, and Morals” by Michael Sandel. It covers this topic nicely.&lt;/p&gt;
&lt;/div&gt;",t1_n4afk3l,,,,,,,,,,,1.0,,t1_n450epj,,n4afk3l,t3_1m43gum,2026-05-05T00:47:41.082Z,,,,8,https://www.reddit.com/r/walmart/comments/1m43gum/this_is_insane/n4afk3l/,,[deleted],
,Cute but why so few pit bulls? That is concerning.,traderjoes,r/traderjoes,2025-08-31T21:26:51.000Z,comment,,"&lt;div class=""md""&gt;&lt;p&gt;Cute but why so few pit bulls? That is concerning.&lt;/p&gt;
&lt;/div&gt;",t1_nbqd1c5,,,,,,,,,,,1.0,,t3_1mximxt,,nbqd1c5,t3_1mximxt,2026-05-05T00:47:41.897Z,,,,1,https://www.reddit.com/r/traderjoes/comments/1mximxt/my_trader_joes_has_their_crew_pets_posted_on_a/nbqd1c5/,t2_rgyivvh9d,StrivelDownEconomics,
,"Do you mean “What Money Can’t Buy: The Moral Limits of Markets”?
“Money, Markets, and Morals” is a Harvard EdX course he teaches (which I should take).",walmart,r/walmart,2025-07-23T17:05:55.000Z,comment,,"&lt;div class=""md""&gt;&lt;p&gt;Do you mean “What Money Can’t Buy: The Moral Limits of Markets”?
“Money, Markets, and Morals” is a Harvard EdX course he teaches (which I should take).&lt;/p&gt;
&lt;/div&gt;",t1_n4qu11x,,,,,,,,,,,1.0,,t1_n4afk3l,,n4qu11x,t3_1m43gum,2026-05-05T00:47:41.183Z,,,,2,https://www.reddit.com/r/walmart/comments/1m43gum/this_is_insane/n4qu11x/,t2_1dpzyjmz5f,Extreme_Sherbert_967,
,"I mean, this is less than 40 people at one store. By that logic you could argue why so few German shepherds",traderjoes,r/traderjoes,2025-09-01T20:21:10.000Z,comment,,"&lt;div class=""md""&gt;&lt;p&gt;I mean, this is less than 40 people at one store. By that logic you could argue why so few German shepherds&lt;/p&gt;
&lt;/div&gt;",t1_nbwcj5i,,,,,,,,,,,1.0,,t1_nbqd1c5,,nbwcj5i,t3_1mximxt,2026-05-05T00:47:41.897Z,,,,5,https://www.reddit.com/r/traderjoes/comments/1mximxt/my_trader_joes_has_their_crew_pets_posted_on_a/nbwcj5i/,t2_1dtqolb6fv,XandersOdyssey,
,And all the ingredients that are grown here in the United States are forced on to the farmers as GMO seeds. They can’t even buy the seeds they want. They have to plant with the government tells them to.,walmart,r/walmart,2025-07-20T23:50:58.000Z,comment,,"&lt;div class=""md""&gt;&lt;p&gt;And all the ingredients that are grown here in the United States are forced on to the farmers as GMO seeds. They can’t even buy the seeds they want. They have to plant with the government tells them to.&lt;/p&gt;
&lt;/div&gt;",t1_n494yyq,,,,,,,,,,,2.0,,t1_n450epj,,n494yyq,t3_1m43gum,2026-05-05T00:47:41.183Z,,,,4,https://www.reddit.com/r/walmart/comments/1m43gum/this_is_insane/n494yyq/,t2_1tcmbgeew0,Newbie0902,
,Tegridy Farms,traderjoes,r/traderjoes,2025-08-26T16:09:50.000Z,comment,,"&lt;div class=""md""&gt;&lt;p&gt;Tegridy Farms&lt;/p&gt;
&lt;/div&gt;",t1_nasbxs3,,,,,,,,,,,0.0,,t3_1n037ks,,nasbxs3,t3_1n037ks,2026-05-05T00:47:40.601Z,,,,45,https://www.reddit.com/r/traderjoes/comments/1n037ks/south_park_cream_fraiche_display/nasbxs3/,t2_5ajd6455,Equivalent_Warthog22,
,"True, but German shepherds aren’t as good of dogs as pit bulls.",traderjoes,r/traderjoes,2025-09-02T20:08:49.000Z,comment,,"&lt;div class=""md""&gt;&lt;p&gt;True, but German shepherds aren’t as good of dogs as pit bulls.&lt;/p&gt;
&lt;/div&gt;",t1_nc2mson,,,,,,,,,,,2.0,,t1_nbwcj5i,,nc2mson,t3_1mximxt,2026-05-05T00:47:41.897Z,,,,-1,https://www.reddit.com/r/traderjoes/comments/1mximxt/my_trader_joes_has_their_crew_pets_posted_on_a/nc2mson/,t2_rgyivvh9d,StrivelDownEconomics,
,They’re not even allowed to harvest the seed and keep it for next year to plant they make them buy new seed every year,walmart,r/walmart,2025-07-20T23:51:27.000Z,comment,,"&lt;div class=""md""&gt;&lt;p&gt;They’re not even allowed to harvest the seed and keep it for next year to plant they make them buy new seed every year&lt;/p&gt;
&lt;/div&gt;",t1_n4951w8,,,,,,,,,,,1.0,,t1_n494yyq,,n4951w8,t3_1m43gum,2026-05-05T00:47:41.183Z,,,,3,https://www.reddit.com/r/walmart/comments/1m43gum/this_is_insane/n4951w8/,t2_1tcmbgeew0,Newbie0902,
,That's clearly Lonny Laloush,traderjoes,r/traderjoes,2025-08-26T15:45:55.000Z,comment,,"&lt;div class=""md""&gt;&lt;p&gt;That&amp;#39;s clearly Lonny Laloush&lt;/p&gt;
&lt;/div&gt;",t1_nas6wby,,,,,,,,,,,0.0,,t3_1n037ks,,nas6wby,t3_1n037ks,2026-05-05T00:47:40.601Z,,,,6,https://www.reddit.com/r/traderjoes/comments/1n037ks/south_park_cream_fraiche_display/nas6wby/,t2_5twgnex0,metalmankam,
,you're genuinely an unhinged person lol,traderjoes,r/traderjoes,2025-12-09T08:24:53.000Z,comment,,"&lt;div class=""md""&gt;&lt;p&gt;you&amp;#39;re genuinely an unhinged person lol&lt;/p&gt;
&lt;/div&gt;",t1_nt2yb8p,,,,,,,,,,,0.0,,t1_nc2mson,,nt2yb8p,t3_1mximxt,2026-05-05T00:47:41.897Z,,,,1,https://www.reddit.com/r/traderjoes/comments/1mximxt/my_trader_joes_has_their_crew_pets_posted_on_a/nt2yb8p/,t2_kd1ble,-lastochka-,
,"I cooked, you clean!",traderjoes,r/traderjoes,2025-08-26T05:51:55.000Z,comment,,"&lt;div class=""md""&gt;&lt;p&gt;I cooked, you clean!&lt;/p&gt;
&lt;/div&gt;",t1_naptnhl,,,,,,,,,,,0.0,,t3_1n037ks,,naptnhl,t3_1n037ks,2026-05-05T00:47:40.601Z,,,,36,https://www.reddit.com/r/traderjoes/comments/1n037ks/south_park_cream_fraiche_display/naptnhl/,t2_8g05n,HansBrixOhNo,
,Hahahahah wrong,traderjoes,r/traderjoes,2025-09-02T20:35:06.000Z,comment,,"&lt;div class=""md""&gt;&lt;p&gt;Hahahahah wrong&lt;/p&gt;
&lt;/div&gt;",t1_nc2sata,,,,,,,,,,,1.0,,t1_nc2mson,,nc2sata,t3_1mximxt,2026-05-05T00:47:41.897Z,,,,3,https://www.reddit.com/r/traderjoes/comments/1mximxt/my_trader_joes_has_their_crew_pets_posted_on_a/nc2sata/,t2_1dtqolb6fv,XandersOdyssey,
,Also when corporations essentially collude to keep prices high.,walmart,r/walmart,2025-07-21T01:59:15.000Z,comment,,"&lt;div class=""md""&gt;&lt;p&gt;Also when corporations essentially collude to keep prices high.&lt;/p&gt;
&lt;/div&gt;",t1_n49povm,,,,,,,,,,,0.0,,t1_n450epj,,n49povm,t3_1m43gum,2026-05-05T00:47:41.183Z,,,,3,https://www.reddit.com/r/walmart/comments/1m43gum/this_is_insane/n49povm/,t2_l140lcd,heightenedstates,
,I think of this reference any time I see crème fraîche,traderjoes,r/traderjoes,2025-08-26T05:07:13.000Z,comment,,"&lt;div class=""md""&gt;&lt;p&gt;I think of this reference any time I see crème fraîche&lt;/p&gt;
&lt;/div&gt;",t1_napol0z,,,,,,,,,,,3.0,,t3_1n037ks,,napol0z,t3_1n037ks,2026-05-05T00:47:40.601Z,,,,100,https://www.reddit.com/r/traderjoes/comments/1n037ks/south_park_cream_fraiche_display/napol0z/,t2_30fsjz2,fexofenadine_hcl,
,Hahahaha right,traderjoes,r/traderjoes,2025-09-02T20:47:53.000Z,comment,,"&lt;div class=""md""&gt;&lt;p&gt;Hahahaha right&lt;/p&gt;
&lt;/div&gt;",t1_nc2uxvf,,,,,,,,,,,1.0,,t1_nc2sata,,nc2uxvf,t3_1mximxt,2026-05-05T00:47:41.897Z,,,,0,https://www.reddit.com/r/traderjoes/comments/1mximxt/my_trader_joes_has_their_crew_pets_posted_on_a/nc2uxvf/,t2_rgyivvh9d,StrivelDownEconomics,
,Let me go run to the Lake Michigan market for some shrimp 🤣🤣🤣 you know how nasty that lake is?!?!,walmart,r/walmart,2025-07-20T12:50:43.000Z,comment,,"&lt;div class=""md""&gt;&lt;p&gt;Let me go run to the Lake Michigan market for some shrimp 🤣🤣🤣 you know how nasty that lake is?!?!&lt;/p&gt;
&lt;/div&gt;",t1_n45pbe4,,,,,,,,,,,2.0,,t1_n450epj,,n45pbe4,t3_1m43gum,2026-05-05T00:47:41.183Z,,,,5,https://www.reddit.com/r/walmart/comments/1m43gum/this_is_insane/n45pbe4/,t2_9brlskfb,CreativeChicago,
,Every time I buy this from Trader Joe’s I say it in Randy’s voice too 😂,traderjoes,r/traderjoes,2025-08-26T21:09:09.000Z,comment,,"&lt;div class=""md""&gt;&lt;p&gt;Every time I buy this from Trader Joe’s I say it in Randy’s voice too 😂&lt;/p&gt;
&lt;/div&gt;",t1_nau32kw,,,,,,,,,,,0.0,,t1_napol0z,,nau32kw,t3_1n037ks,2026-05-05T00:47:40.601Z,,,,7,https://www.reddit.com/r/traderjoes/comments/1n037ks/south_park_cream_fraiche_display/nau32kw/,t2_khpn6s46,Specialist-Hat-3295,
,you’re actually wrong and wildly ignorant,traderjoes,r/traderjoes,2025-09-02T21:11:31.000Z,comment,,"&lt;div class=""md""&gt;&lt;p&gt;you’re actually wrong and wildly ignorant&lt;/p&gt;
&lt;/div&gt;",t1_nc2zpb0,,,,,,,,,,,1.0,,t1_nc2uxvf,,nc2zpb0,t3_1mximxt,2026-05-05T00:47:41.897Z,,,,3,https://www.reddit.com/r/traderjoes/comments/1mximxt/my_trader_joes_has_their_crew_pets_posted_on_a/nc2zpb0/,t2_1dtqolb6fv,XandersOdyssey,
,I hear crème fraîche in Randy's voice lol,traderjoes,r/traderjoes,2025-08-26T06:55:31.000Z,comment,,"&lt;div class=""md""&gt;&lt;p&gt;I hear crème fraîche in Randy&amp;#39;s voice lol&lt;/p&gt;
&lt;/div&gt;",t1_naq0ipy,,,,,,,,,,,0.0,,t1_napol0z,,naq0ipy,t3_1n037ks,2026-05-05T00:47:40.601Z,,,,38,https://www.reddit.com/r/traderjoes/comments/1n037ks/south_park_cream_fraiche_display/naq0ipy/,t2_admg4u65,MeesterCartmanez,
,The feeling is mutual 😘,traderjoes,r/traderjoes,2025-09-02T21:31:26.000Z,comment,,"&lt;div class=""md""&gt;&lt;p&gt;The feeling is mutual 😘&lt;/p&gt;
&lt;/div&gt;",t1_nc33joe,,,,,,,,,,,1.0,,t1_nc2zpb0,,nc33joe,t3_1mximxt,2026-05-05T00:47:41.897Z,,,,0,https://www.reddit.com/r/traderjoes/comments/1mximxt/my_trader_joes_has_their_crew_pets_posted_on_a/nc33joe/,t2_rgyivvh9d,StrivelDownEconomics,
,I don't think pollutants are the issue with Lake Michigan shrimp.,walmart,r/walmart,2025-07-20T23:17:35.000Z,comment,,"&lt;div class=""md""&gt;&lt;p&gt;I don&amp;#39;t think pollutants are the issue with Lake Michigan shrimp.&lt;/p&gt;
&lt;/div&gt;",t1_n48z997,,,,,,,,,,,1.0,,t1_n45pbe4,,n48z997,t3_1m43gum,2026-05-05T00:47:41.183Z,,,,3,https://www.reddit.com/r/walmart/comments/1m43gum/this_is_insane/n48z997/,t2_chwib1zb,Alone-Analyst9629,
,this is a 11 day old comment but i just want to say that pit bulls fucking suck,traderjoes,r/traderjoes,2025-09-13T09:35:30.000Z,comment,,"&lt;div class=""md""&gt;&lt;p&gt;this is a 11 day old comment but i just want to say that pit bulls fucking suck&lt;/p&gt;
&lt;/div&gt;",t1_ndyti6e,,,,,,,,,,,0.0,,t1_nc33joe,,ndyti6e,t3_1mximxt,2026-05-05T00:47:41.897Z,,,,6,https://www.reddit.com/r/traderjoes/comments/1mximxt/my_trader_joes_has_their_crew_pets_posted_on_a/ndyti6e/,t2_rr6kr3gb5,potionseller123,
,The point is you're not forced to buy anything. Shrimp is not a need.,walmart,r/walmart,2025-07-20T11:45:57.000Z,comment,,"&lt;div class=""md""&gt;&lt;p&gt;The point is you&amp;#39;re not forced to buy anything. Shrimp is not a need.&lt;/p&gt;
&lt;/div&gt;",t1_n45g5j4,,,,,,,,,,,2.0,,t1_n450epj,,n45g5j4,t3_1m43gum,2026-05-05T00:47:41.183Z,,,,6,https://www.reddit.com/r/walmart/comments/1m43gum/this_is_insane/n45g5j4/,t2_vn4pdwtw1,Solid___Green,
,"""Food is not a need"" yeah okay buddy",walmart,r/walmart,2025-07-20T15:48:24.000Z,comment,,"&lt;div class=""md""&gt;&lt;p&gt;&amp;quot;Food is not a need&amp;quot; yeah okay buddy&lt;/p&gt;
&lt;/div&gt;",t1_n46l2py,,,,,,,,,,,5.0,,t1_n45g5j4,,n46l2py,t3_1m43gum,2026-05-05T00:47:41.183Z,,,,10,https://www.reddit.com/r/walmart/comments/1m43gum/this_is_insane/n46l2py/,t2_edhpotki,Prestigious-Mall-581,
,hello Allegra,traderjoes,r/traderjoes,2025-08-26T05:18:49.000Z,comment,,"&lt;div class=""md""&gt;&lt;p&gt;hello Allegra&lt;/p&gt;
&lt;/div&gt;",t1_nappxu2,,,,,,,,,,,0.0,,t1_napol0z,,nappxu2,t3_1n037ks,2026-05-05T00:47:40.601Z,,,,6,https://www.reddit.com/r/traderjoes/comments/1n037ks/south_park_cream_fraiche_display/nappxu2/,t2_f4d08cry,Minute-Archer9063,
,"Boy, howdy is Cupcake ever Done. With. All. Of this.",traderjoes,r/traderjoes,2025-08-26T05:34:15.000Z,comment,,"&lt;div class=""md""&gt;&lt;p&gt;Boy, howdy is Cupcake ever Done. With. All. Of this.&lt;/p&gt;
&lt;/div&gt;",t1_naprpwx,,,,,,,,,,,0.0,,t3_1mximxt,,naprpwx,t3_1mximxt,2026-05-05T00:47:41.897Z,,,,10,https://www.reddit.com/r/traderjoes/comments/1mximxt/my_trader_joes_has_their_crew_pets_posted_on_a/naprpwx/,t2_jrww865g,MerriWyllow,
,Do you allow pets in the store?,traderjoes,r/traderjoes,2025-08-25T22:14:57.000Z,comment,,"&lt;div class=""md""&gt;&lt;p&gt;Do you allow pets in the store?&lt;/p&gt;
&lt;/div&gt;",t1_nanv90n,,,,,,,,,,,2.0,,t3_1mximxt,,nanv90n,t3_1mximxt,2026-05-05T00:47:41.897Z,,,,-3,https://www.reddit.com/r/traderjoes/comments/1mximxt/my_trader_joes_has_their_crew_pets_posted_on_a/nanv90n/,t2_b3akm8ej,HalfImportant2448,
,"Most Trader Joe’s don’t allow Pets of any kind. But service animals are required to be accepted by law. I can see how having this wall of beautiful fur babies could mix that signal though. 
No need to be rude. If OP is too insecure to say they don’t know, say nothing. “Go touch Grass and stay away from my dog.”",traderjoes,r/traderjoes,2025-08-25T23:06:58.000Z,comment,,"&lt;div class=""md""&gt;&lt;p&gt;Most Trader Joe’s don’t allow Pets of any kind. But service animals are required to be accepted by law. I can see how having this wall of beautiful fur babies could mix that signal though. 
No need to be rude. If OP is too insecure to say they don’t know, say nothing. “Go touch Grass and stay away from my dog.”&lt;/p&gt;
&lt;/div&gt;",t1_nao45d3,,,,,,,,,,,0.0,,t1_nanv90n,,nao45d3,t3_1mximxt,2026-05-05T00:47:41.897Z,,,,5,https://www.reddit.com/r/traderjoes/comments/1mximxt/my_trader_joes_has_their_crew_pets_posted_on_a/nao45d3/,t2_1m5zpt6mxe,Nepharo-Drift-999,
,"Now I could see if you weee talking grains and talking food , but saying the cockroach of the sea is food item ,  yeah",walmart,r/walmart,2025-07-20T21:12:42.000Z,comment,,"&lt;div class=""md""&gt;&lt;p&gt;Now I could see if you weee talking grains and talking food , but saying the cockroach of the sea is food item ,  yeah&lt;/p&gt;
&lt;/div&gt;",t1_n48cxdj,,,,,,,,,,,0.0,,t1_n46l2py,,n48cxdj,t3_1m43gum,2026-05-05T00:47:41.183Z,,,,7,https://www.reddit.com/r/walmart/comments/1m43gum/this_is_insane/n48cxdj/,t2_8n0w1ya8,Dirt-Repulsive,
,[deleted],traderjoes,r/traderjoes,2025-08-25T22:32:50.000Z,comment,,"&lt;div class=""md""&gt;&lt;p&gt;[deleted]&lt;/p&gt;
&lt;/div&gt;",t1_nanyfy9,,,,,,,,,,,1.0,,t1_nanv90n,,nanyfy9,t3_1mximxt,2026-05-05T00:47:41.897Z,,,,1,https://www.reddit.com/r/traderjoes/comments/1mximxt/my_trader_joes_has_their_crew_pets_posted_on_a/nanyfy9/,,[deleted],
,You can only eat shrimp and you're allergic to everything else?,walmart,r/walmart,2025-07-20T22:19:31.000Z,comment,,"&lt;div class=""md""&gt;&lt;p&gt;You can only eat shrimp and you&amp;#39;re allergic to everything else?&lt;/p&gt;
&lt;/div&gt;",t1_n48p666,,,,,,,,,,,0.0,,t1_n46l2py,,n48p666,t3_1m43gum,2026-05-05T00:47:41.183Z,,,,4,https://www.reddit.com/r/walmart/comments/1m43gum/this_is_insane/n48p666/,t2_1d1iat89bu,Vx0w,
,"My mother is dead, and I am a curious person. I hope your life gets better.",traderjoes,r/traderjoes,2025-08-25T22:35:07.000Z,comment,,"&lt;div class=""md""&gt;&lt;p&gt;My mother is dead, and I am a curious person. I hope your life gets better.&lt;/p&gt;
&lt;/div&gt;",t1_nanyuh3,,,,,,,,,,,1.0,,t1_nanyfy9,,nanyuh3,t3_1mximxt,2026-05-05T00:47:41.897Z,,,,0,https://www.reddit.com/r/traderjoes/comments/1mximxt/my_trader_joes_has_their_crew_pets_posted_on_a/nanyuh3/,t2_b3akm8ej,HalfImportant2448,
,"Images:
	https://preview.redd.it/i31zht1a4jze1.jpeg?auto=webp&amp;s=f7027b4313f7248b152717ac21858602749fdb98
",,r/walmart,2025-05-08T09:44:03.000Z,post,,"Images:
	https://preview.redd.it/i31zht1a4jze1.jpeg?auto=webp&amp;s=f7027b4313f7248b152717ac21858602749fdb98
",t3_1khm2eh,https://i.redd.it/i31zht1a4jze1.jpeg,,,,,,False,False,https://i.redd.it/i31zht1a4jze1.jpeg,492.0,,False,,walmart,1khm2eh,,2026-05-05T00:47:45.285Z,"https://external-preview.redd.it/nyZuL--1xn_PTpFCBq-lMMTixbpe-IzbhOMq71roLdA.jpeg?width=140&amp;height=140&amp;crop=140:140,smart&amp;auto=webp&amp;s=ac44a6b1b31646b7e87d53aa6c7f25bf29a76136",A picture is worth more than a million words,0.99,5314,https://www.reddit.com/r/walmart/comments/1khm2eh/a_picture_is_worth_more_than_a_million_words/,t2_5lj119q6,kevinbevindevin,
,"Yep, and with how they are trying to push people faster and faster, we are all going to be like that",walmart,r/walmart,2025-05-08T09:55:59.000Z,comment,,"&lt;div class=""md""&gt;&lt;p&gt;Yep, and with how they are trying to push people faster and faster, we are all going to be like that&lt;/p&gt;
&lt;/div&gt;",t1_mr7vnwu,,,,,,,,,,,3.0,,t3_1khm2eh,,mr7vnwu,t3_1khm2eh,2026-05-05T00:47:45.318Z,,,,573,https://www.reddit.com/r/walmart/comments/1khm2eh/a_picture_is_worth_more_than_a_million_words/mr7vnwu/,t2_19ud5t58ow,terminallyBeemo,
,"She doesn’t look happy, Look at her face.",walmart,r/walmart,2025-05-08T17:58:16.000Z,comment,,"&lt;div class=""md""&gt;&lt;p&gt;She doesn’t look happy, Look at her face.&lt;/p&gt;
&lt;/div&gt;",t1_mra8apv,,,,,,,,,,,7.0,,t1_mr7vnwu,,mra8apv,t3_1khm2eh,2026-05-05T00:47:45.318Z,,,,192,https://www.reddit.com/r/walmart/comments/1khm2eh/a_picture_is_worth_more_than_a_million_words/mra8apv/,t2_1h11g5yt,Mix_Easy,
,I like how they had to be in her celebration picture .. like it's about them,walmart,r/walmart,2025-05-08T20:45:14.000Z,comment,,"&lt;div class=""md""&gt;&lt;p&gt;I like how they had to be in her celebration picture .. like it&amp;#39;s about them&lt;/p&gt;
&lt;/div&gt;",t1_mrb6c0f,,,,,,,,,,,5.0,,t1_mra8apv,,mrb6c0f,t3_1khm2eh,2026-05-05T00:47:45.318Z,,,,135,https://www.reddit.com/r/walmart/comments/1khm2eh/a_picture_is_worth_more_than_a_million_words/mrb6c0f/,t2_g8n1fqo99,TheAggressiveSloth,
,I mean they let her work for 10 years. They the real mvps xD,walmart,r/walmart,2025-05-08T23:48:44.000Z,comment,,"&lt;div class=""md""&gt;&lt;p&gt;I mean they let her work for 10 years. They the real mvps xD&lt;/p&gt;
&lt;/div&gt;",t1_mrc34ss,,,,,,,,,,,1.0,,t1_mrb6c0f,,mrc34ss,t3_1khm2eh,2026-05-05T00:47:45.318Z,,,,62,https://www.reddit.com/r/walmart/comments/1khm2eh/a_picture_is_worth_more_than_a_million_words/mrc34ss/,t2_19ud5t58ow,terminallyBeemo,
,I doubt either of them where there when she started,walmart,r/walmart,2025-05-09T19:53:16.000Z,comment,,"&lt;div class=""md""&gt;&lt;p&gt;I doubt either of them where there when she started&lt;/p&gt;
&lt;/div&gt;",t1_mrh2x7m,,,,,,,,,,,3.0,,t1_mrc34ss,,mrh2x7m,t3_1khm2eh,2026-05-05T00:47:45.318Z,,,,23,https://www.reddit.com/r/walmart/comments/1khm2eh/a_picture_is_worth_more_than_a_million_words/mrh2x7m/,t2_124028,Everydaypsychopath,
,That one on the left was but the one on the right was still in middle school,walmart,r/walmart,2025-05-09T23:58:48.000Z,comment,,"&lt;div class=""md""&gt;&lt;p&gt;That one on the left was but the one on the right was still in middle school&lt;/p&gt;
&lt;/div&gt;",t1_mriar0d,,,,,,,,,,,2.0,,t1_mrh2x7m,,mriar0d,t3_1khm2eh,2026-05-05T00:47:45.318Z,,,,8,https://www.reddit.com/r/walmart/comments/1khm2eh/a_picture_is_worth_more_than_a_million_words/mriar0d/,t2_isu1xdty,houndofthe7,
,I worked with them both around 9 or 10 years ago. The guy is chill but the woman to the left is a hag. Also pretty sure she was in trouble for embezzlement but it's been a while so I don't quite remember.,walmart,r/walmart,2025-05-10T10:48:32.000Z,comment,,"&lt;div class=""md""&gt;&lt;p&gt;I worked with them both around 9 or 10 years ago. The guy is chill but the woman to the left is a hag. Also pretty sure she was in trouble for embezzlement but it&amp;#39;s been a while so I don&amp;#39;t quite remember.&lt;/p&gt;
&lt;/div&gt;",t1_mrkhys4,,,,,,,,,,,0.0,,t1_mriar0d,,mrkhys4,t3_1khm2eh,2026-05-05T00:47:45.318Z,,,,5,https://www.reddit.com/r/walmart/comments/1khm2eh/a_picture_is_worth_more_than_a_million_words/mrkhys4/,t2_ybdm4,southofdakota,
,"Nope. That's why Chuck is smiling so hard. He's only been there 15 months and been promoted twice. He'll keep getting a nice, substantial pay bump with each promotion, while here pay won't even keep up with inflation.",walmart,r/walmart,2025-05-10T12:57:55.000Z,comment,,"&lt;div class=""md""&gt;&lt;p&gt;Nope. That&amp;#39;s why Chuck is smiling so hard. He&amp;#39;s only been there 15 months and been promoted twice. He&amp;#39;ll keep getting a nice, substantial pay bump with each promotion, while here pay won&amp;#39;t even keep up with inflation.&lt;/p&gt;
&lt;/div&gt;",t1_mrkyr4t,,,,,,,,,,,0.0,,t1_mrh2x7m,,mrkyr4t,t3_1khm2eh,2026-05-05T00:47:45.318Z,,,,2,https://www.reddit.com/r/walmart/comments/1khm2eh/a_picture_is_worth_more_than_a_million_words/mrkyr4t/,t2_803km,hamandjam,
,It's nothing if not performative.,walmart,r/walmart,2025-05-09T19:54:16.000Z,comment,,"&lt;div class=""md""&gt;&lt;p&gt;It&amp;#39;s nothing if not performative.&lt;/p&gt;
&lt;/div&gt;",t1_mrh344k,,,,,,,,,,,0.0,,t1_mrb6c0f,,mrh344k,t3_1khm2eh,2026-05-05T00:47:45.318Z,,,,9,https://www.reddit.com/r/walmart/comments/1khm2eh/a_picture_is_worth_more_than_a_million_words/mrh344k/,t2_47vm4tvk,lesserDaemonprince,
,If narcissism was a company,walmart,r/walmart,2025-05-09T23:04:36.000Z,comment,,"&lt;div class=""md""&gt;&lt;p&gt;If narcissism was a company&lt;/p&gt;
&lt;/div&gt;",t1_mri1ptg,,,,,,,,,,,1.0,,t1_mrb6c0f,,mri1ptg,t3_1khm2eh,2026-05-05T00:47:45.318Z,,,,6,https://www.reddit.com/r/walmart/comments/1khm2eh/a_picture_is_worth_more_than_a_million_words/mri1ptg/,t2_yryucf3mp,Fearless-Scholar-531,
,I bet she didn't want a picture taken and be posted on the internet.,walmart,r/walmart,2025-05-09T20:51:38.000Z,comment,,"&lt;div class=""md""&gt;&lt;p&gt;I bet she didn&amp;#39;t want a picture taken and be posted on the internet.&lt;/p&gt;
&lt;/div&gt;",t1_mrheb3l,,,,,,,,,,,0.0,,t1_mrb6c0f,,mrheb3l,t3_1khm2eh,2026-05-05T00:47:45.318Z,,,,9,https://www.reddit.com/r/walmart/comments/1khm2eh/a_picture_is_worth_more_than_a_million_words/mrheb3l/,t2_8lldq5hs,Royally_Fucked_Over,
,She got a $2 shitty cake,walmart,r/walmart,2025-05-09T01:56:28.000Z,comment,,"&lt;div class=""md""&gt;&lt;p&gt;She got a $2 shitty cake&lt;/p&gt;
&lt;/div&gt;",t1_mrcnsvh,,,,,,,,,,,6.0,,t1_mra8apv,,mrcnsvh,t3_1khm2eh,2026-05-05T00:47:45.318Z,,,,27,https://www.reddit.com/r/walmart/comments/1khm2eh/a_picture_is_worth_more_than_a_million_words/mrcnsvh/,t2_yhrps,dreampsi,
,They just let her hold it for the picture.,walmart,r/walmart,2025-05-09T19:52:53.000Z,comment,,"&lt;div class=""md""&gt;&lt;p&gt;They just let her hold it for the picture.&lt;/p&gt;
&lt;/div&gt;",t1_mrh2uea,,,,,,,,,,,2.0,,t1_mrcnsvh,,mrh2uea,t3_1khm2eh,2026-05-05T00:47:45.318Z,,,,18,https://www.reddit.com/r/walmart/comments/1khm2eh/a_picture_is_worth_more_than_a_million_words/mrh2uea/,t2_18lburu5vl,KetoLurkerHereAgain,
,She didn’t even get the 9x13 one,walmart,r/walmart,2025-05-10T00:49:28.000Z,comment,,"&lt;div class=""md""&gt;&lt;p&gt;She didn’t even get the 9x13 one&lt;/p&gt;
&lt;/div&gt;",t1_mriitk2,,,,,,,,,,,1.0,,t1_mrh2uea,,mriitk2,t3_1khm2eh,2026-05-05T00:47:45.318Z,,,,6,https://www.reddit.com/r/walmart/comments/1khm2eh/a_picture_is_worth_more_than_a_million_words/mriitk2/,t2_yhrps,dreampsi,
,They probably made her pay for the cake!,walmart,r/walmart,2025-05-09T20:15:57.000Z,comment,,"&lt;div class=""md""&gt;&lt;p&gt;They probably made her pay for the cake!&lt;/p&gt;
&lt;/div&gt;",t1_mrh7cbl,,,,,,,,,,,3.0,,t1_mrcnsvh,,mrh7cbl,t3_1khm2eh,2026-05-05T00:47:45.318Z,,,,9,https://www.reddit.com/r/walmart/comments/1khm2eh/a_picture_is_worth_more_than_a_million_words/mrh7cbl/,t2_2y5lxan0,WalmartSushi007,
,"Images:
	https://preview.redd.it/dscnilg1fymf1.jpeg?auto=webp&amp;s=e77c0db6cf8905010d1edbb6e546f98d22a3295c
",,r/traderjoes,2025-09-03T13:46:10.000Z,post,Seasonal Product,"Images:
	https://preview.redd.it/dscnilg1fymf1.jpeg?auto=webp&amp;s=e77c0db6cf8905010d1edbb6e546f98d22a3295c
",t3_1n7f965,https://i.redd.it/dscnilg1fymf1.jpeg,,,,,,False,False,https://i.redd.it/dscnilg1fymf1.jpeg,248.0,,False,,traderjoes,1n7f965,,2026-05-05T00:47:50.086Z,https://b.thumbs.redditmedia.com/UEu6lcvCsm1D5OkTOGNp-6dNamA5nwl1XyO9aTIbiiA.jpg,Sometimes you just need to buy yourself a Trader Joe’s pumpkin spice mini sheet cake and eat it in the car. I regret nothing.,0.99,5231,https://www.reddit.com/r/traderjoes/comments/1n7f965/sometimes_you_just_need_to_buy_yourself_a_trader/,t2_knym88h0r,Captain_Wisconsin,
,From far away without any context I thought you were scraping off a cabin air filter!,traderjoes,r/traderjoes,2025-11-18T05:17:43.000Z,comment,,"&lt;div class=""md""&gt;&lt;p&gt;From far away without any context I thought you were scraping off a cabin air filter!&lt;/p&gt;
&lt;/div&gt;",t1_npg2h4p,,,,,,,,,,,0.0,,t3_1n7f965,,npg2h4p,t3_1n7f965,2026-05-05T00:47:50.220Z,,,,1,https://www.reddit.com/r/traderjoes/comments/1n7f965/sometimes_you_just_need_to_buy_yourself_a_trader/npg2h4p/,t2_7d4lk777,Ok_Rhubarb_194,
,Don’t tempt me stink😩😅,traderjoes,r/traderjoes,2025-09-30T01:21:20.000Z,comment,,"&lt;div class=""md""&gt;&lt;p&gt;Don’t tempt me stink😩😅&lt;/p&gt;
&lt;/div&gt;",t1_ngxkgxn,,,,,,,,,,,0.0,,t3_1n7f965,,ngxkgxn,t3_1n7f965,2026-05-05T00:47:50.221Z,,,,2,https://www.reddit.com/r/traderjoes/comments/1n7f965/sometimes_you_just_need_to_buy_yourself_a_trader/ngxkgxn/,t2_ol53587ca,Flat-Pen-893,
,The carrot one was soooo insanely good,traderjoes,r/traderjoes,2025-09-29T21:40:25.000Z,comment,,"&lt;div class=""md""&gt;&lt;p&gt;The carrot one was soooo insanely good&lt;/p&gt;
&lt;/div&gt;",t1_ngwhj0f,,,,,,,,,,,0.0,,t3_1n7f965,,ngwhj0f,t3_1n7f965,2026-05-05T00:47:50.221Z,,,,3,https://www.reddit.com/r/traderjoes/comments/1n7f965/sometimes_you_just_need_to_buy_yourself_a_trader/ngwhj0f/,t2_iyikvof2,basilnba,
,One of those days for sure 🥺,traderjoes,r/traderjoes,2025-09-22T18:53:05.000Z,comment,,"&lt;div class=""md""&gt;&lt;p&gt;One of those days for sure 🥺&lt;/p&gt;
&lt;/div&gt;",t1_nfnb1no,,,,,,,,,,,0.0,,t3_1n7f965,,nfnb1no,t3_1n7f965,2026-05-05T00:47:50.221Z,,,,1,https://www.reddit.com/r/traderjoes/comments/1n7f965/sometimes_you_just_need_to_buy_yourself_a_trader/nfnb1no/,t2_13bbzk6nfk,Double-Biscotti4774,
,Ok went to TJ's today and ran into someone also looking for this - and they said they sell out before lunch.  So now gotta get there in the morning.  Hope no one is out camping out waiting in line.....,traderjoes,r/traderjoes,2025-09-15T05:23:58.000Z,comment,,"&lt;div class=""md""&gt;&lt;p&gt;Ok went to TJ&amp;#39;s today and ran into someone also looking for this - and they said they sell out before lunch.  So now gotta get there in the morning.  Hope no one is out camping out waiting in line.....&lt;/p&gt;
&lt;/div&gt;",t1_nearm2e,,,,,,,,,,,0.0,,t3_1n7f965,,nearm2e,t3_1n7f965,2026-05-05T00:47:50.221Z,,,,5,https://www.reddit.com/r/traderjoes/comments/1n7f965/sometimes_you_just_need_to_buy_yourself_a_trader/nearm2e/,t2_hg4nh,elibutton,
,"Thumbnail: https://b.thumbs.redditmedia.com/UgewltFES6QJtwXDJ7Bz2OeILYo-XjY2WcwCo2wNh6M.jpg
",,r/traderjoes,2025-06-09T00:37:51.000Z,post,Baking,"Thumbnail: https://b.thumbs.redditmedia.com/UgewltFES6QJtwXDJ7Bz2OeILYo-XjY2WcwCo2wNh6M.jpg
",t3_1l6rh8r,https://i.redd.it/b51wclhzrs5f1.jpg,https://i.redd.it/tpfu1vhzrs5f1.jpg,https://i.redd.it/ngqfolhzrs5f1.jpg,https://i.redd.it/idypqlhzrs5f1.jpg,,,False,False,https://www.reddit.com/gallery/1l6rh8r,210.0,,False,,traderjoes,1l6rh8r,,2026-05-05T00:47:51.088Z,https://b.thumbs.redditmedia.com/UgewltFES6QJtwXDJ7Bz2OeILYo-XjY2WcwCo2wNh6M.jpg,Homemade guava cheese poptarts with guava fruit spread!,0.97,5570,https://www.reddit.com/r/traderjoes/comments/1l6rh8r/homemade_guava_cheese_poptarts_with_guava_fruit/,t2_5k7dpbdp,deatheatervee,
,[removed],traderjoes,r/traderjoes,2025-09-08T16:52:28.000Z,comment,,"&lt;div class=""md""&gt;&lt;p&gt;[removed]&lt;/p&gt;
&lt;/div&gt;",t1_nd428og,,,,,,,,,,,1.0,,t3_1n7f965,,nd428og,t3_1n7f965,2026-05-05T00:47:50.221Z,,,,11,https://www.reddit.com/r/traderjoes/comments/1n7f965/sometimes_you_just_need_to_buy_yourself_a_trader/nd428og/,,[deleted],
,"Posts that don't follow r/traderjoes subreddit rules may be subject to removal. 

**Friendly reminder: No vague or non-descriptive post titles, this includes questions.**


Choosing descriptive post titles with product names, descriptions and/or exact question mentioned is preferred as not everybody is able to view image captions, it also yields better subreddit search results and helps blind and visually impaired Redditors who use Screen Reader Software or Text-to-Speech apps. to access Reddit. Thank you.

IF THIS MESSAGE DOES NOT APPLY TO YOUR POST, PLEASE IGNORE.


*I am a bot, and this action was performed automatically. Please [contact the moderators of this subreddit](/message/compose/?to=/r/traderjoes) if you have any questions or concerns.*",traderjoes,r/traderjoes,2025-06-09T00:37:52.000Z,comment,,"&lt;div class=""md""&gt;&lt;p&gt;Posts that don&amp;#39;t follow &lt;a href=""/r/traderjoes""&gt;r/traderjoes&lt;/a&gt; subreddit rules may be subject to removal. &lt;/p&gt;

&lt;p&gt;&lt;strong&gt;Friendly reminder: No vague or non-descriptive post titles, this includes questions.&lt;/strong&gt;&lt;/p&gt;

&lt;p&gt;Choosing descriptive post titles with product names, descriptions and/or exact question mentioned is preferred as not everybody is able to view image captions, it also yields better subreddit search results and helps blind and visually impaired Redditors who use Screen Reader Software or Text-to-Speech apps. to access Reddit. Thank you.&lt;/p&gt;

&lt;p&gt;IF THIS MESSAGE DOES NOT APPLY TO YOUR POST, PLEASE IGNORE.&lt;/p&gt;

&lt;p&gt;&lt;em&gt;I am a bot, and this action was performed automatically. Please &lt;a href=""/message/compose/?to=/r/traderjoes""&gt;contact the moderators of this subreddit&lt;/a&gt; if you have any questions or concerns.&lt;/em&gt;&lt;/p&gt;
&lt;/div&gt;",t1_mwr0kru,,,,,,,,,,,0.0,,t3_1l6rh8r,,mwr0kru,t3_1l6rh8r,2026-05-05T00:47:51.284Z,,,,1,https://www.reddit.com/r/traderjoes/comments/1l6rh8r/homemade_guava_cheese_poptarts_with_guava_fruit/mwr0kru/,t2_6l4z3,AutoModerator,
,"Images:
	https://preview.redd.it/y7869wlh5i9f1.jpeg?auto=webp&amp;s=5e8cae82d85dacbbc29da456dd7860c771e206bc
",,r/walmart,2025-06-27T17:10:23.000Z,post,,"Images:
	https://preview.redd.it/y7869wlh5i9f1.jpeg?auto=webp&amp;s=5e8cae82d85dacbbc29da456dd7860c771e206bc
",t3_1llzcmr,https://i.redd.it/y7869wlh5i9f1.jpeg,,,,,,False,False,https://i.redd.it/y7869wlh5i9f1.jpeg,91.0,,False,,walmart,1llzcmr,,2026-05-05T00:47:51.287Z,"https://external-preview.redd.it/Tz4fBhJhalj-mDsCKfAb6MvjTXd2Zl_yULqRYT-yORQ.jpeg?width=140&amp;height=140&amp;crop=140:140,smart&amp;auto=webp&amp;s=6a5a39b6b32aa11e48a794ce170925540be151ef",Truth ...,0.99,4296,https://www.reddit.com/r/walmart/comments/1llzcmr/truth/,t2_b4wgcv19,Terrence507,
,What is the season for the carrot cake?,traderjoes,r/traderjoes,2025-09-27T00:35:31.000Z,comment,,"&lt;div class=""md""&gt;&lt;p&gt;What is the season for the carrot cake?&lt;/p&gt;
&lt;/div&gt;",t1_ngehl3q,,,,,,,,,,,1.0,,t1_nd428og,,ngehl3q,t3_1n7f965,2026-05-05T00:47:50.221Z,,,,1,https://www.reddit.com/r/traderjoes/comments/1n7f965/sometimes_you_just_need_to_buy_yourself_a_trader/ngehl3q/,t2_12yn8w,rachel-maryjane,
,"Images:
	https://preview.redd.it/syzs0eeznfjf1.jpeg?auto=webp&amp;s=0df22e34c429ca69290951ea5d93e5a593c4fbe6
",,r/walmart,2025-08-16T19:30:11.000Z,post,Shit Post,"Images:
	https://preview.redd.it/syzs0eeznfjf1.jpeg?auto=webp&amp;s=0df22e34c429ca69290951ea5d93e5a593c4fbe6
",t3_1ms56qz,https://i.redd.it/syzs0eeznfjf1.jpeg,,,,,,False,False,https://i.redd.it/syzs0eeznfjf1.jpeg,248.0,,False,,walmart,1ms56qz,,2026-05-05T00:47:51.389Z,https://b.thumbs.redditmedia.com/sETt_9EACe4GvQ9Q4IbW2LqfNS68vxohtP44KyW14tA.jpg,Saw this on Facebook and it made me chuckle. Figured I'd post it here.,0.99,4540,https://www.reddit.com/r/walmart/comments/1ms56qz/saw_this_on_facebook_and_it_made_me_chuckle/,,[deleted],
,This looks AMAZING,traderjoes,r/traderjoes,2025-07-05T09:14:06.000Z,comment,,"&lt;div class=""md""&gt;&lt;p&gt;This looks AMAZING&lt;/p&gt;
&lt;/div&gt;",t1_n1fzsth,,,,,,,,,,,0.0,,t3_1l6rh8r,,n1fzsth,t3_1l6rh8r,2026-05-05T00:47:51.284Z,,,,6,https://www.reddit.com/r/traderjoes/comments/1l6rh8r/homemade_guava_cheese_poptarts_with_guava_fruit/n1fzsth/,t2_cy2m5q0d,KeyOrange599,
,Is there now! Just got one Sunday,traderjoes,r/traderjoes,2025-09-29T21:40:52.000Z,comment,,"&lt;div class=""md""&gt;&lt;p&gt;Is there now! Just got one Sunday&lt;/p&gt;
&lt;/div&gt;",t1_ngwhm3t,,,,,,,,,,,0.0,,t1_ngehl3q,,ngwhm3t,t3_1n7f965,2026-05-05T00:47:50.221Z,,,,2,https://www.reddit.com/r/traderjoes/comments/1n7f965/sometimes_you_just_need_to_buy_yourself_a_trader/ngwhm3t/,t2_iyikvof2,basilnba,
,I always responded with “do you pump your own gas?” And they went dead silent. Every single time.,walmart,r/walmart,2025-08-17T02:08:57.000Z,comment,,"&lt;div class=""md""&gt;&lt;p&gt;I always responded with “do you pump your own gas?” And they went dead silent. Every single time.&lt;/p&gt;
&lt;/div&gt;",t1_n93yujy,,,,,,,,,,,13.0,,t3_1ms56qz,,n93yujy,t3_1ms56qz,2026-05-05T00:47:51.431Z,,,,446,https://www.reddit.com/r/walmart/comments/1ms56qz/saw_this_on_facebook_and_it_made_me_chuckle/n93yujy/,t2_30ynykp6,s_ndowN,
,Can you please elaborate on the exact ingredients you used so we can also make it?what kind of cheese is this? What kind of dough is this? Can I use it at trader joes? How long do I took it for and at what temperature?,traderjoes,r/traderjoes,2025-06-28T13:25:28.000Z,comment,,"&lt;div class=""md""&gt;&lt;p&gt;Can you please elaborate on the exact ingredients you used so we can also make it?what kind of cheese is this? What kind of dough is this? Can I use it at trader joes? How long do I took it for and at what temperature?&lt;/p&gt;
&lt;/div&gt;",t1_n08kl80,,,,,,,,,,,1.0,,t3_1l6rh8r,,n08kl80,t3_1l6rh8r,2026-05-05T00:47:51.284Z,,,,5,https://www.reddit.com/r/traderjoes/comments/1l6rh8r/homemade_guava_cheese_poptarts_with_guava_fruit/n08kl80/,t2_11omvt,iLikeToChewOnStraws,
,"It used to be that you didn't need to sign into your app to do the AES surveys. I know know it's suppose to be confidential, but I don't completely trust that on a survey done on your phone under your login.",walmart,r/walmart,2025-06-27T17:16:48.000Z,comment,,"&lt;div class=""md""&gt;&lt;p&gt;It used to be that you didn&amp;#39;t need to sign into your app to do the AES surveys. I know know it&amp;#39;s suppose to be confidential, but I don&amp;#39;t completely trust that on a survey done on your phone under your login.&lt;/p&gt;
&lt;/div&gt;",t1_n03jqhb,,,,,,,,,,,6.0,,t3_1llzcmr,,n03jqhb,t3_1llzcmr,2026-05-05T00:47:51.438Z,,,,275,https://www.reddit.com/r/walmart/comments/1llzcmr/truth/n03jqhb/,t2_127gtlj76y,axiom_spectrum,
,https://www.reddit.com/r/traderjoes/s/eFD66TMLEA,traderjoes,r/traderjoes,2025-06-28T14:06:55.000Z,comment,,"&lt;div class=""md""&gt;&lt;p&gt;&lt;a href=""https://www.reddit.com/r/traderjoes/s/eFD66TMLEA""&gt;https://www.reddit.com/r/traderjoes/s/eFD66TMLEA&lt;/a&gt;&lt;/p&gt;
&lt;/div&gt;",t1_n08rgt8,,,,,,,,,,,1.0,,t1_n08kl80,,n08rgt8,t3_1l6rh8r,2026-05-05T00:47:51.284Z,,,,1,https://www.reddit.com/r/traderjoes/comments/1l6rh8r/homemade_guava_cheese_poptarts_with_guava_fruit/n08rgt8/,t2_5k7dpbdp,deatheatervee,
,"I bought one today. Proud to say I cut it into six slices. Could I eat it in a sitting, heck yes.",traderjoes,r/traderjoes,2025-09-08T01:40:11.000Z,comment,,"&lt;div class=""md""&gt;&lt;p&gt;I bought one today. Proud to say I cut it into six slices. Could I eat it in a sitting, heck yes.&lt;/p&gt;
&lt;/div&gt;",t1_nd0g2o1,,,,,,,,,,,0.0,,t3_1n7f965,,nd0g2o1,t3_1n7f965,2026-05-05T00:47:50.221Z,,,,10,https://www.reddit.com/r/traderjoes/comments/1n7f965/sometimes_you_just_need_to_buy_yourself_a_trader/nd0g2o1/,t2_3xeiucol,linzee32,
,"They changed this so we can see your department.  When the AES asks you about your supervisor, it's not talking about management. For associates, it's aiming at your lead. For leads, it's aiming at their direct manager, etc.",walmart,r/walmart,2025-06-27T17:32:26.000Z,comment,,"&lt;div class=""md""&gt;&lt;p&gt;They changed this so we can see your department.  When the AES asks you about your supervisor, it&amp;#39;s not talking about management. For associates, it&amp;#39;s aiming at your lead. For leads, it&amp;#39;s aiming at their direct manager, etc.&lt;/p&gt;
&lt;/div&gt;",t1_n03n4b2,,,,,,,,,,,2.0,,t1_n03jqhb,,n03n4b2,t3_1llzcmr,2026-05-05T00:47:51.438Z,,,,121,https://www.reddit.com/r/walmart/comments/1llzcmr/truth/n03n4b2/,t2_12v353x0kh,SamWaltonsFleshlight,
,NJ RESIDENTS ARE SHAKING RN,walmart,r/walmart,2025-08-17T03:03:54.000Z,comment,,"&lt;div class=""md""&gt;&lt;p&gt;NJ RESIDENTS ARE SHAKING RN&lt;/p&gt;
&lt;/div&gt;",t1_n94778i,,,,,,,,,,,3.0,,t1_n93yujy,,n94778i,t3_1ms56qz,2026-05-05T00:47:51.431Z,,,,221,https://www.reddit.com/r/walmart/comments/1ms56qz/saw_this_on_facebook_and_it_made_me_chuckle/n94778i/,t2_4ttbohyd,BeenRoundHereTooLong,
Food is Consumable,"I did a couple years of starting with ""Hello SM's name"" and just go off about each thing the coaches I was dealing with would do wrong. I would try and find good things to add, But that was the hard part. The bad just flows out better when its so fucking abundant.

Ended my last one with ""Your store is a Joke and I ain't laughing""

I don't type out anything in those now. I just make a ""**=(**""  and that it",walmart,r/walmart,2025-06-27T17:54:35.000Z,comment,,"&lt;div class=""md""&gt;&lt;p&gt;I did a couple years of starting with &amp;quot;Hello SM&amp;#39;s name&amp;quot; and just go off about each thing the coaches I was dealing with would do wrong. I would try and find good things to add, But that was the hard part. The bad just flows out better when its so fucking abundant.&lt;/p&gt;

&lt;p&gt;Ended my last one with &amp;quot;Your store is a Joke and I ain&amp;#39;t laughing&amp;quot;&lt;/p&gt;

&lt;p&gt;I don&amp;#39;t type out anything in those now. I just make a &amp;quot;&lt;strong&gt;=(&lt;/strong&gt;&amp;quot;  and that it&lt;/p&gt;
&lt;/div&gt;",t1_n03ry1e,,,,,,,,,,,0.0,,t1_n03n4b2,,n03ry1e,t3_1llzcmr,2026-05-05T00:47:51.438Z,,,,79,https://www.reddit.com/r/walmart/comments/1llzcmr/truth/n03ry1e/,t2_1jy9qman0i,LucidScreamingGoblin,
,😭😭😭 there is deff shame after lol,traderjoes,r/traderjoes,2025-09-07T23:43:56.000Z,comment,,"&lt;div class=""md""&gt;&lt;p&gt;😭😭😭 there is deff shame after lol&lt;/p&gt;
&lt;/div&gt;",t1_nczwgm5,,,,,,,,,,,0.0,,t3_1n7f965,,nczwgm5,t3_1n7f965,2026-05-05T00:47:50.221Z,,,,4,https://www.reddit.com/r/traderjoes/comments/1n7f965/sometimes_you_just_need_to_buy_yourself_a_trader/nczwgm5/,t2_asy6py68,Math_Life,
,Thank you!!!,traderjoes,r/traderjoes,2025-06-28T14:08:43.000Z,comment,,"&lt;div class=""md""&gt;&lt;p&gt;Thank you!!!&lt;/p&gt;
&lt;/div&gt;",t1_n08rs5n,,,,,,,,,,,0.0,,t1_n08rgt8,,n08rs5n,t3_1l6rh8r,2026-05-05T00:47:51.284Z,,,,1,https://www.reddit.com/r/traderjoes/comments/1l6rh8r/homemade_guava_cheese_poptarts_with_guava_fruit/n08rs5n/,t2_11omvt,iLikeToChewOnStraws,
,That was the part I hated about jersey the most.,walmart,r/walmart,2025-08-17T03:31:28.000Z,comment,,"&lt;div class=""md""&gt;&lt;p&gt;That was the part I hated about jersey the most.&lt;/p&gt;
&lt;/div&gt;",t1_n94b4sc,,,,,,,,,,,4.0,,t1_n94778i,,n94b4sc,t3_1ms56qz,2026-05-05T00:47:51.431Z,,,,80,https://www.reddit.com/r/walmart/comments/1ms56qz/saw_this_on_facebook_and_it_made_me_chuckle/n94b4sc/,t2_1d49dpkldm,Blind_Millenial,
,"Where are these kept in the store? i've never seen anything like it. 



eta: are they by the breads? or kept cold",traderjoes,r/traderjoes,2025-09-07T23:32:07.000Z,comment,,"&lt;div class=""md""&gt;&lt;p&gt;Where are these kept in the store? i&amp;#39;ve never seen anything like it. &lt;/p&gt;

&lt;p&gt;eta: are they by the breads? or kept cold&lt;/p&gt;
&lt;/div&gt;",t1_nczugcx,,,,,,,,,,,2.0,,t3_1n7f965,,nczugcx,t3_1n7f965,2026-05-05T00:47:50.221Z,,,,1,https://www.reddit.com/r/traderjoes/comments/1n7f965/sometimes_you_just_need_to_buy_yourself_a_trader/nczugcx/,t2_1n13xl5cso,CuddlyRaptor21079,
,Recipe/instruction,traderjoes,r/traderjoes,2025-06-16T22:16:36.000Z,comment,,"&lt;div class=""md""&gt;&lt;p&gt;Recipe/instruction&lt;/p&gt;
&lt;/div&gt;",t1_my5syhz,,,,,,,,,,,0.0,,t3_1l6rh8r,,my5syhz,t3_1l6rh8r,2026-05-05T00:47:51.284Z,,,,11,https://www.reddit.com/r/traderjoes/comments/1l6rh8r/homemade_guava_cheese_poptarts_with_guava_fruit/my5syhz/,t2_hat32,jakem415,
,"See it should ask about your coach also since my TL does their best to support us, but our Coach rather just stay in the office all day or spend time with their significant other",walmart,r/walmart,2025-06-27T19:08:31.000Z,comment,,"&lt;div class=""md""&gt;&lt;p&gt;See it should ask about your coach also since my TL does their best to support us, but our Coach rather just stay in the office all day or spend time with their significant other&lt;/p&gt;
&lt;/div&gt;",t1_n047d5u,,,,,,,,,,,1.0,,t1_n03n4b2,,n047d5u,t3_1llzcmr,2026-05-05T00:47:51.438Z,,,,29,https://www.reddit.com/r/walmart/comments/1llzcmr/truth/n047d5u/,t2_14mvr4,why_am_I_here_Trump,
,That’s why I never visited Oregon. I’m pumping my own gas.,walmart,r/walmart,2025-08-17T23:20:16.000Z,comment,,"&lt;div class=""md""&gt;&lt;p&gt;That’s why I never visited Oregon. I’m pumping my own gas.&lt;/p&gt;
&lt;/div&gt;",t1_n99dm59,,,,,,,,,,,1.0,,t1_n94b4sc,,n99dm59,t3_1ms56qz,2026-05-05T00:47:51.431Z,,,,5,https://www.reddit.com/r/walmart/comments/1ms56qz/saw_this_on_facebook_and_it_made_me_chuckle/n99dm59/,t2_u2f4c92cw,Pretty-Ebb5339,
,Usually always near the breads! Which are usually near the baked/dry desserts,traderjoes,r/traderjoes,2025-09-10T01:04:59.000Z,comment,,"&lt;div class=""md""&gt;&lt;p&gt;Usually always near the breads! Which are usually near the baked/dry desserts&lt;/p&gt;
&lt;/div&gt;",t1_ndd9bpy,,,,,,,,,,,0.0,,t1_nczugcx,,ndd9bpy,t3_1n7f965,2026-05-05T00:47:50.221Z,,,,2,https://www.reddit.com/r/traderjoes/comments/1n7f965/sometimes_you_just_need_to_buy_yourself_a_trader/ndd9bpy/,t2_97w6ckug,zjheyyy88,
,Ermagerd. I still have a box of frozen puff pastry in the freezer that I bought late last year. I've gotta try this.,traderjoes,r/traderjoes,2025-06-16T21:46:59.000Z,comment,,"&lt;div class=""md""&gt;&lt;p&gt;Ermagerd. I still have a box of frozen puff pastry in the freezer that I bought late last year. I&amp;#39;ve gotta try this.&lt;/p&gt;
&lt;/div&gt;",t1_my5nc8e,,,,,,,,,,,0.0,,t3_1l6rh8r,,my5nc8e,t3_1l6rh8r,2026-05-05T00:47:51.284Z,,,,2,https://www.reddit.com/r/traderjoes/comments/1l6rh8r/homemade_guava_cheese_poptarts_with_guava_fruit/my5nc8e/,t2_r8oj41pe,Leading_Line2741,
,"Keeping in mind that the ""most agree/least agree"" quiz is direct supervisor, the comment box is for whatever you want to say.  You can include names.

Stuff like ""Mark does the best he possibly can to support our department, but he is not given any support from Chase who spends all of his time in the office.""

I promise you, your CM is going to read every one of these.",walmart,r/walmart,2025-06-27T19:40:24.000Z,comment,,"&lt;div class=""md""&gt;&lt;p&gt;Keeping in mind that the &amp;quot;most agree/least agree&amp;quot; quiz is direct supervisor, the comment box is for whatever you want to say.  You can include names.&lt;/p&gt;

&lt;p&gt;Stuff like &amp;quot;Mark does the best he possibly can to support our department, but he is not given any support from Chase who spends all of his time in the office.&amp;quot;&lt;/p&gt;

&lt;p&gt;I promise you, your CM is going to read every one of these.&lt;/p&gt;
&lt;/div&gt;",t1_n04dry8,,,,,,,,,,,0.0,,t1_n047d5u,,n04dry8,t3_1llzcmr,2026-05-05T00:47:51.438Z,,,,32,https://www.reddit.com/r/walmart/comments/1llzcmr/truth/n04dry8/,t2_12v353x0kh,SamWaltonsFleshlight,
,They’re usually right next to breads in my tj’s! Usually next to the brownies and other small desserts :),traderjoes,r/traderjoes,2025-09-08T07:45:52.000Z,comment,,"&lt;div class=""md""&gt;&lt;p&gt;They’re usually right next to breads in my tj’s! Usually next to the brownies and other small desserts :)&lt;/p&gt;
&lt;/div&gt;",t1_nd1rq92,,,,,,,,,,,0.0,,t1_nczugcx,,nd1rq92,t3_1n7f965,2026-05-05T00:47:50.221Z,,,,1,https://www.reddit.com/r/traderjoes/comments/1n7f965/sometimes_you_just_need_to_buy_yourself_a_trader/nd1rq92/,t2_bn1myhm3w,Porkbunburpz,
,Thats a thing? Ive definitely pumped my own gas in Oregon,walmart,r/walmart,2025-08-18T03:37:22.000Z,comment,,"&lt;div class=""md""&gt;&lt;p&gt;Thats a thing? Ive definitely pumped my own gas in Oregon&lt;/p&gt;
&lt;/div&gt;",t1_n9ahnqn,,,,,,,,,,,2.0,,t1_n99dm59,,n9ahnqn,t3_1ms56qz,2026-05-05T00:47:51.431Z,,,,6,https://www.reddit.com/r/walmart/comments/1ms56qz/saw_this_on_facebook_and_it_made_me_chuckle/n9ahnqn/,t2_1muopiigaw,Icy-Horror-495,
,Are the puff pastries back at TJs? I thought they were seasonal?!,traderjoes,r/traderjoes,2025-06-12T06:10:06.000Z,comment,,"&lt;div class=""md""&gt;&lt;p&gt;Are the puff pastries back at TJs? I thought they were seasonal?!&lt;/p&gt;
&lt;/div&gt;",t1_mxc4ovi,,,,,,,,,,,1.0,,t3_1l6rh8r,,mxc4ovi,t3_1l6rh8r,2026-05-05T00:47:51.284Z,,,,1,https://www.reddit.com/r/traderjoes/comments/1l6rh8r/homemade_guava_cheese_poptarts_with_guava_fruit/mxc4ovi/,t2_1214hi13y9,marie-barone,
,"I wanted to buy this the other day and decided not to, and now I regret not buying it 😭",traderjoes,r/traderjoes,2025-09-07T19:40:08.000Z,comment,,"&lt;div class=""md""&gt;&lt;p&gt;I wanted to buy this the other day and decided not to, and now I regret not buying it 😭&lt;/p&gt;
&lt;/div&gt;",t1_ncykdbw,,,,,,,,,,,0.0,,t3_1n7f965,,ncykdbw,t3_1n7f965,2026-05-05T00:47:50.221Z,,,,3,https://www.reddit.com/r/traderjoes/comments/1n7f965/sometimes_you_just_need_to_buy_yourself_a_trader/ncykdbw/,t2_xh4uie97w,music_lover2025,
,"It only became legal to pump your own gas August of 2023, in 16 more populated counties, they still have to have attended service, with no more than 50% of the pumps designated for self service. 20 rural counties, gas stations can offer self service 24/7, at ALL pumps.",walmart,r/walmart,2025-08-18T03:42:03.000Z,comment,,"&lt;div class=""md""&gt;&lt;p&gt;It only became legal to pump your own gas August of 2023, in 16 more populated counties, they still have to have attended service, with no more than 50% of the pumps designated for self service. 20 rural counties, gas stations can offer self service 24/7, at ALL pumps.&lt;/p&gt;
&lt;/div&gt;",t1_n9aian8,,,,,,,,,,,1.0,,t1_n9ahnqn,,n9aian8,t3_1ms56qz,2026-05-05T00:47:51.431Z,,,,9,https://www.reddit.com/r/walmart/comments/1ms56qz/saw_this_on_facebook_and_it_made_me_chuckle/n9aian8/,t2_u2f4c92cw,Pretty-Ebb5339,
,Yeah they had to make it require LOG IN because managers would go in afterwards and fill out the survey over over to boost scores. Blame them.,walmart,r/walmart,2025-06-27T18:04:25.000Z,comment,,"&lt;div class=""md""&gt;&lt;p&gt;Yeah they had to make it require LOG IN because managers would go in afterwards and fill out the survey over over to boost scores. Blame them.&lt;/p&gt;
&lt;/div&gt;",t1_n03u1z3,,,,,,,,,,,0.0,,t1_n03jqhb,,n03u1z3,t3_1llzcmr,2026-05-05T00:47:51.438Z,,,,22,https://www.reddit.com/r/walmart/comments/1llzcmr/truth/n03u1z3/,t2_y7dxm9g,Zeik188,
,"I was last there in April of 23, maybe I just happened to stop at a place that didn't care",walmart,r/walmart,2025-08-18T03:44:46.000Z,comment,,"&lt;div class=""md""&gt;&lt;p&gt;I was last there in April of 23, maybe I just happened to stop at a place that didn&amp;#39;t care&lt;/p&gt;
&lt;/div&gt;",t1_n9ainvk,,,,,,,,,,,0.0,,t1_n9aian8,,n9ainvk,t3_1ms56qz,2026-05-05T00:47:51.431Z,,,,2,https://www.reddit.com/r/walmart/comments/1ms56qz/saw_this_on_facebook_and_it_made_me_chuckle/n9ainvk/,t2_1muopiigaw,Icy-Horror-495,
,"I haven't eaten it in the car, but I like that cake very much.",traderjoes,r/traderjoes,2025-09-07T17:14:43.000Z,comment,,"&lt;div class=""md""&gt;&lt;p&gt;I haven&amp;#39;t eaten it in the car, but I like that cake very much.&lt;/p&gt;
&lt;/div&gt;",t1_ncxp794,,,,,,,,,,,0.0,,t3_1n7f965,,ncxp794,t3_1n7f965,2026-05-05T00:47:50.221Z,,,,1,https://www.reddit.com/r/traderjoes/comments/1n7f965/sometimes_you_just_need_to_buy_yourself_a_trader/ncxp794/,t2_h8pn457ap,CaleyB75,
,It’s homemade pie crust,traderjoes,r/traderjoes,2025-06-12T06:11:41.000Z,comment,,"&lt;div class=""md""&gt;&lt;p&gt;It’s homemade pie crust&lt;/p&gt;
&lt;/div&gt;",t1_mxc4v4g,,,,,,,,,,,0.0,,t1_mxc4ovi,,mxc4v4g,t3_1l6rh8r,2026-05-05T00:47:51.284Z,,,,11,https://www.reddit.com/r/traderjoes/comments/1l6rh8r/homemade_guava_cheese_poptarts_with_guava_fruit/mxc4v4g/,t2_5k7dpbdp,deatheatervee,
,The way it was explained to me is that the survey is linked to your name but no one will look at that except at corporate and they will only look if the answers contain threats of some kind.  Otherwise corporate sees it by site and department and they don't look at or see individual results or share individual results with anyone.,walmart,r/walmart,2025-06-27T19:16:43.000Z,comment,,"&lt;div class=""md""&gt;&lt;p&gt;The way it was explained to me is that the survey is linked to your name but no one will look at that except at corporate and they will only look if the answers contain threats of some kind.  Otherwise corporate sees it by site and department and they don&amp;#39;t look at or see individual results or share individual results with anyone.&lt;/p&gt;
&lt;/div&gt;",t1_n0491ja,,,,,,,,,,,0.0,,t1_n03jqhb,,n0491ja,t3_1llzcmr,2026-05-05T00:47:51.438Z,,,,4,https://www.reddit.com/r/walmart/comments/1llzcmr/truth/n0491ja/,t2_16hghis3t9,Fokazz,
fellow retail slave at a different company (home depot),"Out of state visitors have always been exempt, they probably just saw your _non-Oregonian_ license plate and was like ""oh, alright"".",walmart,r/walmart,2025-08-19T05:45:40.000Z,comment,,"&lt;div class=""md""&gt;&lt;p&gt;Out of state visitors have always been exempt, they probably just saw your &lt;em&gt;non-Oregonian&lt;/em&gt; license plate and was like &amp;quot;oh, alright&amp;quot;.&lt;/p&gt;
&lt;/div&gt;",t1_n9hdn68,,,,,,,,,,,0.0,,t1_n9ahnqn,,n9hdn68,t3_1ms56qz,2026-05-05T00:47:51.431Z,,,,1,https://www.reddit.com/r/walmart/comments/1ms56qz/saw_this_on_facebook_and_it_made_me_chuckle/n9hdn68/,t2_74thq,WackoMcGoose,
,Oh my gosh that looks fantastic!,traderjoes,r/traderjoes,2025-06-12T02:32:33.000Z,comment,,"&lt;div class=""md""&gt;&lt;p&gt;Oh my gosh that looks fantastic!&lt;/p&gt;
&lt;/div&gt;",t1_mxbbgq1,,,,,,,,,,,0.0,,t3_1l6rh8r,,mxbbgq1,t3_1l6rh8r,2026-05-05T00:47:51.284Z,,,,3,https://www.reddit.com/r/traderjoes/comments/1l6rh8r/homemade_guava_cheese_poptarts_with_guava_fruit/mxbbgq1/,t2_j3e2xr9f,Strange_Taker,
,"Jersey (along with Staten Island) is “conservative NYC”… at least before all the boomer retirees moved to Florida.

It’s where all NYC’s assholes come from, I swear. Hahaha

I know there will be plenty of people that will say I’m wrong, but I swear up and down that it’s true. lol",walmart,r/walmart,2025-08-18T16:13:19.000Z,comment,,"&lt;div class=""md""&gt;&lt;p&gt;Jersey (along with Staten Island) is “conservative NYC”… at least before all the boomer retirees moved to Florida.&lt;/p&gt;

&lt;p&gt;It’s where all NYC’s assholes come from, I swear. Hahaha&lt;/p&gt;

&lt;p&gt;I know there will be plenty of people that will say I’m wrong, but I swear up and down that it’s true. lol&lt;/p&gt;
&lt;/div&gt;",t1_n9dcvn8,,,,,,,,,,,0.0,,t1_n94b4sc,,n9dcvn8,t3_1ms56qz,2026-05-05T00:47:51.431Z,,,,4,https://www.reddit.com/r/walmart/comments/1ms56qz/saw_this_on_facebook_and_it_made_me_chuckle/n9dcvn8/,t2_momor,AtomicSymphonic_2nd,
,This reminds me of Porto’s guava cheese rolls (LA natives know what I mean lol),traderjoes,r/traderjoes,2025-06-11T18:52:40.000Z,comment,,"&lt;div class=""md""&gt;&lt;p&gt;This reminds me of Porto’s guava cheese rolls (LA natives know what I mean lol)&lt;/p&gt;
&lt;/div&gt;",t1_mx8ygqc,,,,,,,,,,,2.0,,t3_1l6rh8r,,mx8ygqc,t3_1l6rh8r,2026-05-05T00:47:51.284Z,,,,14,https://www.reddit.com/r/traderjoes/comments/1l6rh8r/homemade_guava_cheese_poptarts_with_guava_fruit/mx8ygqc/,t2_fksofzer,Far_Climate9811,
,A member of AP said something verbatim back to me I put in the survey . Zero chance that survey is anonymous lol . ,walmart,r/walmart,2025-07-09T16:22:37.000Z,comment,,"&lt;div class=""md""&gt;&lt;p&gt;A member of AP said something verbatim back to me I put in the survey . Zero chance that survey is anonymous lol . &lt;/p&gt;
&lt;/div&gt;",t1_n278cjl,,,,,,,,,,,0.0,,t1_n03jqhb,,n278cjl,t3_1llzcmr,2026-05-05T00:47:51.438Z,,,,2,https://www.reddit.com/r/walmart/comments/1llzcmr/truth/n278cjl/,,[deleted],
, New Jersey must not have been that bad if that's what you hated the most about it. Pumping gas is one of the easiest things to do.,walmart,r/walmart,2025-08-17T12:56:35.000Z,comment,,"&lt;div class=""md""&gt;&lt;p&gt;New Jersey must not have been that bad if that&amp;#39;s what you hated the most about it. Pumping gas is one of the easiest things to do.&lt;/p&gt;
&lt;/div&gt;",t1_n964m4g,,,,,,,,,,,3.0,,t1_n94b4sc,,n964m4g,t3_1ms56qz,2026-05-05T00:47:51.431Z,,,,19,https://www.reddit.com/r/walmart/comments/1ms56qz/saw_this_on_facebook_and_it_made_me_chuckle/n964m4g/,t2_8ceae,DragonSpikez,
,Da bomb,traderjoes,r/traderjoes,2025-06-30T01:23:48.000Z,comment,,"&lt;div class=""md""&gt;&lt;p&gt;Da bomb&lt;/p&gt;
&lt;/div&gt;",t1_n0i5ur8,,,,,,,,,,,0.0,,t1_mx8ygqc,,n0i5ur8,t3_1l6rh8r,2026-05-05T00:47:51.284Z,,,,1,https://www.reddit.com/r/traderjoes/comments/1l6rh8r/homemade_guava_cheese_poptarts_with_guava_fruit/n0i5ur8/,t2_rokcj,sinnykins,
Former Walmart Employee from 20+ years ago. Current at Sam'sClub,This,walmart,r/walmart,2025-07-03T10:46:03.000Z,comment,,"&lt;div class=""md""&gt;&lt;p&gt;This&lt;/p&gt;
&lt;/div&gt;",t1_n13rrnb,,,,,,,,,,,0.0,,t1_n03jqhb,,n13rrnb,t3_1llzcmr,2026-05-05T00:47:51.438Z,,,,1,https://www.reddit.com/r/walmart/comments/1llzcmr/truth/n13rrnb/,t2_lc7o3o2w,BoardImmediate4674,
,"yes which is why i imagine its annoying to be legally prohibited from doing so yourself within the state, and having to wait for the attendant to perform such a trivial task",walmart,r/walmart,2025-08-17T13:07:05.000Z,comment,,"&lt;div class=""md""&gt;&lt;p&gt;yes which is why i imagine its annoying to be legally prohibited from doing so yourself within the state, and having to wait for the attendant to perform such a trivial task&lt;/p&gt;
&lt;/div&gt;",t1_n9669e0,,,,,,,,,,,2.0,,t1_n964m4g,,n9669e0,t3_1ms56qz,2026-05-05T00:47:51.431Z,,,,41,https://www.reddit.com/r/walmart/comments/1ms56qz/saw_this_on_facebook_and_it_made_me_chuckle/n9669e0/,t2_2zw4axal,itsthepastaman,
,Best day in the teachers lounge is when a parent brings in Porto’s as a treat!,traderjoes,r/traderjoes,2025-06-12T04:52:36.000Z,comment,,"&lt;div class=""md""&gt;&lt;p&gt;Best day in the teachers lounge is when a parent brings in Porto’s as a treat!&lt;/p&gt;
&lt;/div&gt;",t1_mxbvoz5,,,,,,,,,,,0.0,,t1_mx8ygqc,,mxbvoz5,t3_1l6rh8r,2026-05-05T00:47:51.284Z,,,,4,https://www.reddit.com/r/traderjoes/comments/1l6rh8r/homemade_guava_cheese_poptarts_with_guava_fruit/mxbvoz5/,t2_rzw0rxwx,Cute_Clothes_6010,
,Had one break half the fuel door off my car and didn't tell me. Didn't notice until I went to pump gas in Connecticut.  🤬,walmart,r/walmart,2025-08-18T15:59:24.000Z,comment,,"&lt;div class=""md""&gt;&lt;p&gt;Had one break half the fuel door off my car and didn&amp;#39;t tell me. Didn&amp;#39;t notice until I went to pump gas in Connecticut.  🤬&lt;/p&gt;
&lt;/div&gt;",t1_n9da2tk,,,,,,,,,,,1.0,,t1_n9669e0,,n9da2tk,t3_1ms56qz,2026-05-05T00:47:51.431Z,,,,4,https://www.reddit.com/r/walmart/comments/1ms56qz/saw_this_on_facebook_and_it_made_me_chuckle/n9da2tk/,t2_o6katlt7v,Different_Emotion625,
newb,"Not putting Walmart on my phone was probably my best move. I like drinking vodka coolers and smoking cigs while seated in the parking lot during my break. They tell you the sky is the limit, but I just see it all as an hour-counter. Maybe I'll earn enough to afford to eat properly.",walmart,r/walmart,2025-07-04T01:44:47.000Z,comment,,"&lt;div class=""md""&gt;&lt;p&gt;Not putting Walmart on my phone was probably my best move. I like drinking vodka coolers and smoking cigs while seated in the parking lot during my break. They tell you the sky is the limit, but I just see it all as an hour-counter. Maybe I&amp;#39;ll earn enough to afford to eat properly.&lt;/p&gt;
&lt;/div&gt;",t1_n18f5p9,,,,,,,,,,,0.0,,t1_n03jqhb,,n18f5p9,t3_1llzcmr,2026-05-05T00:47:51.438Z,,,,1,https://www.reddit.com/r/walmart/comments/1llzcmr/truth/n18f5p9/,t2_bn6eiwk,Hashpot,
,They look so yummy,traderjoes,r/traderjoes,2025-06-11T08:54:47.000Z,comment,,"&lt;div class=""md""&gt;&lt;p&gt;They look so yummy&lt;/p&gt;
&lt;/div&gt;",t1_mx62sb7,,,,,,,,,,,0.0,,t3_1l6rh8r,,mx62sb7,t3_1l6rh8r,2026-05-05T00:47:51.284Z,,,,3,https://www.reddit.com/r/traderjoes/comments/1l6rh8r/homemade_guava_cheese_poptarts_with_guava_fruit/mx62sb7/,t2_92cf1xvz,Better-Koala-2167,
,This is common in Cuba &amp; Puerto Rico. They call them  “”pastelitos de guayaba “  ( plain guava  or guava  &amp; cream cheese with puff pastry ),traderjoes,r/traderjoes,2025-06-11T07:03:15.000Z,comment,,"&lt;div class=""md""&gt;&lt;p&gt;This is common in Cuba &amp;amp; Puerto Rico. They call them  “”pastelitos de guayaba “  ( plain guava  or guava  &amp;amp; cream cheese with puff pastry )&lt;/p&gt;
&lt;/div&gt;",t1_mx5rn9m,,,,,,,,,,,1.0,,t3_1l6rh8r,,mx5rn9m,t3_1l6rh8r,2026-05-05T00:47:51.284Z,,,,8,https://www.reddit.com/r/traderjoes/comments/1l6rh8r/homemade_guava_cheese_poptarts_with_guava_fruit/mx5rn9m/,t2_cyb2dacu,Particular-Repair-77,
,"same here. had the dude slam the nozzle into my gas port, and he actually did it hard enough to crack the plastic around the ez-fill port. threw a check engine light I was chasing for months. I don't care if its ""against the law"" im pumping my own gas.",walmart,r/walmart,2025-08-18T17:49:50.000Z,comment,,"&lt;div class=""md""&gt;&lt;p&gt;same here. had the dude slam the nozzle into my gas port, and he actually did it hard enough to crack the plastic around the ez-fill port. threw a check engine light I was chasing for months. I don&amp;#39;t care if its &amp;quot;against the law&amp;quot; im pumping my own gas.&lt;/p&gt;
&lt;/div&gt;",t1_n9dx4zy,,,,,,,,,,,0.0,,t1_n9da2tk,,n9dx4zy,t3_1ms56qz,2026-05-05T00:47:51.431Z,,,,1,https://www.reddit.com/r/walmart/comments/1ms56qz/saw_this_on_facebook_and_it_made_me_chuckle/n9dx4zy/,t2_9hmd9vt6,Simple-Estimate7515,
,Haha I remember when I was in New Jersey and wasn’t aware of this law. I was pumping my own gas and was wondering why everyone was looking at me weird.,walmart,r/walmart,2025-08-18T13:00:06.000Z,comment,,"&lt;div class=""md""&gt;&lt;p&gt;Haha I remember when I was in New Jersey and wasn’t aware of this law. I was pumping my own gas and was wondering why everyone was looking at me weird.&lt;/p&gt;
&lt;/div&gt;",t1_n9cbhji,,,,,,,,,,,0.0,,t1_n9669e0,,n9cbhji,t3_1ms56qz,2026-05-05T00:47:51.431Z,,,,1,https://www.reddit.com/r/walmart/comments/1ms56qz/saw_this_on_facebook_and_it_made_me_chuckle/n9cbhji/,t2_1lve3yc13b,SprayfoamOKC,
,"I never hide what i say anyways, everyone knows what im pissed about, I have never lied on a survey and i won't, could care less.",walmart,r/walmart,2025-06-27T17:54:44.000Z,comment,,"&lt;div class=""md""&gt;&lt;p&gt;I never hide what i say anyways, everyone knows what im pissed about, I have never lied on a survey and i won&amp;#39;t, could care less.&lt;/p&gt;
&lt;/div&gt;",t1_n03rz3o,,,,,,,,,,,1.0,,t3_1llzcmr,,n03rz3o,t3_1llzcmr,2026-05-05T00:47:51.438Z,,,,55,https://www.reddit.com/r/walmart/comments/1llzcmr/truth/n03rz3o/,t2_e8eh4,ra7ar,
,Irs a job at least,walmart,r/walmart,2025-08-17T15:54:25.000Z,comment,,"&lt;div class=""md""&gt;&lt;p&gt;Irs a job at least&lt;/p&gt;
&lt;/div&gt;",t1_n9711vb,,,,,,,,,,,0.0,,t1_n964m4g,,n9711vb,t3_1ms56qz,2026-05-05T00:47:51.431Z,,,,4,https://www.reddit.com/r/walmart/comments/1ms56qz/saw_this_on_facebook_and_it_made_me_chuckle/n9711vb/,t2_cwjjqrv4f,Emergency-Elk1875,
,fr man. if it’s bad management it’s bad management 🤷‍♀️,walmart,r/walmart,2025-06-28T02:10:34.000Z,comment,,"&lt;div class=""md""&gt;&lt;p&gt;fr man. if it’s bad management it’s bad management 🤷‍♀️&lt;/p&gt;
&lt;/div&gt;",t1_n06ar3h,,,,,,,,,,,0.0,,t1_n03rz3o,,n06ar3h,t3_1llzcmr,2026-05-05T00:47:51.438Z,,,,12,https://www.reddit.com/r/walmart/comments/1llzcmr/truth/n06ar3h/,t2_sdwh1gfs,Grand_Adagio1482,
,"As a manager that has looked at the report every year for the last decade... it is anonymous unless you are stupid.

  
We can see the department you are in and what you said.  That is all.

If you are stupid enough to mention a specific event that common sense would tie you to, then we will know who you are.

Complain all you want, but when you throw in a ""one time 'manager x' told me to do 'x' when they saw me doing 'y'"" you will be known.",walmart,r/walmart,2025-06-27T17:31:23.000Z,comment,,"&lt;div class=""md""&gt;&lt;p&gt;As a manager that has looked at the report every year for the last decade... it is anonymous unless you are stupid.&lt;/p&gt;

&lt;p&gt;We can see the department you are in and what you said.  That is all.&lt;/p&gt;

&lt;p&gt;If you are stupid enough to mention a specific event that common sense would tie you to, then we will know who you are.&lt;/p&gt;

&lt;p&gt;Complain all you want, but when you throw in a &amp;quot;one time &amp;#39;manager x&amp;#39; told me to do &amp;#39;x&amp;#39; when they saw me doing &amp;#39;y&amp;#39;&amp;quot; you will be known.&lt;/p&gt;
&lt;/div&gt;",t1_n03mw70,,,,,,,,,,,5.0,,t3_1llzcmr,,n03mw70,t3_1llzcmr,2026-05-05T00:47:51.438Z,,,,117,https://www.reddit.com/r/walmart/comments/1llzcmr/truth/n03mw70/,t2_12v353x0kh,SamWaltonsFleshlight,
Food is Consumable,Shit I signed the damn thing some years. Fuck it.,walmart,r/walmart,2025-06-27T18:00:36.000Z,comment,,"&lt;div class=""md""&gt;&lt;p&gt;Shit I signed the damn thing some years. Fuck it.&lt;/p&gt;
&lt;/div&gt;",t1_n03t8u6,,,,,,,,,,,2.0,,t1_n03mw70,,n03t8u6,t3_1llzcmr,2026-05-05T00:47:51.438Z,,,,54,https://www.reddit.com/r/walmart/comments/1llzcmr/truth/n03t8u6/,t2_1jy9qman0i,LucidScreamingGoblin,
,this guy..,walmart,r/walmart,2025-06-27T21:44:39.000Z,comment,,"&lt;div class=""md""&gt;&lt;p&gt;this guy..&lt;/p&gt;
&lt;/div&gt;",t1_n052034,,,,,,,,,,,0.0,,t1_n03t8u6,,n052034,t3_1llzcmr,2026-05-05T00:47:51.438Z,,,,8,https://www.reddit.com/r/walmart/comments/1llzcmr/truth/n052034/,t2_1bxw91ju4r,Specific-Aspect-3053,
Northern California,"As I was walking through my local store this evening, a crew member stopped and said ""You forgot a pita bread on the counter the last time. [Me, thinking ... I remember missing something ... weeks ago?] Just take another one, don't pay,  and tell them &lt;hername&gt; said it's okay.""

This is not the first time I've had a crew member recognize me after weeks, even months, to fix some problem. 

They are *so awesome*!",,r/traderjoes,2025-11-13T07:46:14.000Z,post,Crew Love,"&lt;!-- SC_OFF --&gt;&lt;div class=""md""&gt;&lt;p&gt;As I was walking through my local store this evening, a crew member stopped and said &amp;quot;You forgot a pita bread on the counter the last time. [Me, thinking ... I remember missing something ... weeks ago?] Just take another one, don&amp;#39;t pay,  and tell them &amp;lt;hername&amp;gt; said it&amp;#39;s okay.&amp;quot;&lt;/p&gt;

&lt;p&gt;This is not the first time I&amp;#39;ve had a crew member recognize me after weeks, even months, to fix some problem. &lt;/p&gt;

&lt;p&gt;They are &lt;em&gt;so awesome&lt;/em&gt;!&lt;/p&gt;
&lt;/div&gt;&lt;!-- SC_ON --&gt;",t3_1ovv64o,,,,,,,False,False,https://www.reddit.com/r/traderjoes/comments/1ovv64o/you_may_forget_but_trader_joes_remembers/,234.0,,False,,traderjoes,1ovv64o,,2026-05-05T00:47:55.497Z,self,"You may forget, but Trader Joe's remembers",0.99,4700,https://www.reddit.com/r/traderjoes/comments/1ovv64o/you_may_forget_but_trader_joes_remembers/,t2_ag5djf8j,Affectionate_One_700,
,"Posts that don't follow r/traderjoes subreddit rules may be subject to removal. 

**Friendly reminder: No vague or non-descriptive post titles, this includes questions.**


Choosing descriptive post titles with product names, descriptions and/or exact question mentioned is preferred as not everybody is able to view image captions, it also yields better subreddit search results and helps blind and visually impaired Redditors who use Screen Reader Software or Text-to-Speech apps. to access Reddit. Thank you.

IF THIS MESSAGE DOES NOT APPLY TO YOUR POST, PLEASE IGNORE.


*I am a bot, and this action was performed automatically. Please [contact the moderators of this subreddit](/message/compose/?to=/r/traderjoes) if you have any questions or concerns.*",traderjoes,r/traderjoes,2025-11-13T07:46:15.000Z,comment,,"&lt;div class=""md""&gt;&lt;p&gt;Posts that don&amp;#39;t follow &lt;a href=""/r/traderjoes""&gt;r/traderjoes&lt;/a&gt; subreddit rules may be subject to removal. &lt;/p&gt;

&lt;p&gt;&lt;strong&gt;Friendly reminder: No vague or non-descriptive post titles, this includes questions.&lt;/strong&gt;&lt;/p&gt;

&lt;p&gt;Choosing descriptive post titles with product names, descriptions and/or exact question mentioned is preferred as not everybody is able to view image captions, it also yields better subreddit search results and helps blind and visually impaired Redditors who use Screen Reader Software or Text-to-Speech apps. to access Reddit. Thank you.&lt;/p&gt;

&lt;p&gt;IF THIS MESSAGE DOES NOT APPLY TO YOUR POST, PLEASE IGNORE.&lt;/p&gt;

&lt;p&gt;&lt;em&gt;I am a bot, and this action was performed automatically. Please &lt;a href=""/message/compose/?to=/r/traderjoes""&gt;contact the moderators of this subreddit&lt;/a&gt; if you have any questions or concerns.&lt;/em&gt;&lt;/p&gt;
&lt;/div&gt;",t1_noljy5c,,,,,,,,,,,0.0,,t3_1ovv64o,,noljy5c,t3_1ovv64o,2026-05-05T00:47:55.782Z,,,,1,https://www.reddit.com/r/traderjoes/comments/1ovv64o/you_may_forget_but_trader_joes_remembers/noljy5c/,t2_6l4z3,AutoModerator,
,"I kid you not, I truly considered leaving my shiny high paying job for employment at TJ! When I was coming out of a very deep depression, my dream job was working at Trader Joe’s because the people at my local one are the nicest and just seem so wholesome. Always willing to help, chatting with you about your day, helping the houseless man outside, very nice to my kids… There were no openings back then and that was that!",traderjoes,r/traderjoes,2025-12-12T17:53:08.000Z,comment,,"&lt;div class=""md""&gt;&lt;p&gt;I kid you not, I truly considered leaving my shiny high paying job for employment at TJ! When I was coming out of a very deep depression, my dream job was working at Trader Joe’s because the people at my local one are the nicest and just seem so wholesome. Always willing to help, chatting with you about your day, helping the houseless man outside, very nice to my kids… There were no openings back then and that was that!&lt;/p&gt;
&lt;/div&gt;",t1_ntojj9c,,,,,,,,,,,1.0,,t3_1ovv64o,,ntojj9c,t3_1ovv64o,2026-05-05T00:47:55.782Z,,,,4,https://www.reddit.com/r/traderjoes/comments/1ovv64o/you_may_forget_but_trader_joes_remembers/ntojj9c/,t2_nj2r0cu4,mrsweisz,
Northern California,"I hope you are doing better now. 

When I lived in Silicon Valley, my local Trader Joe's employed at least one rich retired person, who was there for the vibes. Makes complete sense.",traderjoes,r/traderjoes,2025-12-12T22:34:38.000Z,comment,,"&lt;div class=""md""&gt;&lt;p&gt;I hope you are doing better now. &lt;/p&gt;

&lt;p&gt;When I lived in Silicon Valley, my local Trader Joe&amp;#39;s employed at least one rich retired person, who was there for the vibes. Makes complete sense.&lt;/p&gt;
&lt;/div&gt;",t1_ntq1b0b,,,,,,,,,,,0.0,,t1_ntojj9c,,ntq1b0b,t3_1ovv64o,2026-05-05T00:47:55.782Z,,,,3,https://www.reddit.com/r/traderjoes/comments/1ovv64o/you_may_forget_but_trader_joes_remembers/ntq1b0b/,t2_ag5djf8j,Affectionate_One_700,
,lol - they see a customer left something - then check the cameras - print out a photo - put it on the bulletin board like the old days with the bounced checks.  BOLO’s Tj style - not creepy at all right just good ole customer service,traderjoes,r/traderjoes,2025-12-08T23:20:29.000Z,comment,,"&lt;div class=""md""&gt;&lt;p&gt;lol - they see a customer left something - then check the cameras - print out a photo - put it on the bulletin board like the old days with the bounced checks.  BOLO’s Tj style - not creepy at all right just good ole customer service&lt;/p&gt;
&lt;/div&gt;",t1_nt0s8bh,,,,,,,,,,,0.0,,t3_1ovv64o,,nt0s8bh,t3_1ovv64o,2026-05-05T00:47:55.782Z,,,,4,https://www.reddit.com/r/traderjoes/comments/1ovv64o/you_may_forget_but_trader_joes_remembers/nt0s8bh/,t2_8m3tjswtc,Prestigious_Pea1849,
,I love it but I can never sneak through there on a bad day when I’m so shut down.,traderjoes,r/traderjoes,2025-11-22T17:24:17.000Z,comment,,"&lt;div class=""md""&gt;&lt;p&gt;I love it but I can never sneak through there on a bad day when I’m so shut down.&lt;/p&gt;
&lt;/div&gt;",t1_nq7z2wk,,,,,,,,,,,1.0,,t3_1ovv64o,,nq7z2wk,t3_1ovv64o,2026-05-05T00:47:55.782Z,,,,18,https://www.reddit.com/r/traderjoes/comments/1ovv64o/you_may_forget_but_trader_joes_remembers/nq7z2wk/,t2_2d1imies,tebtob952,
,"look for the cashiers that look ""so done"", well get you out fast",traderjoes,r/traderjoes,2025-12-12T22:40:04.000Z,comment,,"&lt;div class=""md""&gt;&lt;p&gt;look for the cashiers that look &amp;quot;so done&amp;quot;, well get you out fast&lt;/p&gt;
&lt;/div&gt;",t1_ntq29j1,,,,,,,,,,,0.0,,t1_nq7z2wk,,ntq29j1,t3_1ovv64o,2026-05-05T00:47:55.782Z,,,,5,https://www.reddit.com/r/traderjoes/comments/1ovv64o/you_may_forget_but_trader_joes_remembers/ntq29j1/,t2_713qp3l5,Full-Efficiency3115,
,"A couple of years ago, I went to Trader Joe’s a couple weeks after giving birth to my daughter. I had mentioned to the cashier that it was the first outing on my own with my daughter since giving birth. The cashier rang a bell and whispered something to another employee who then grabbed a small bouquet and gifted it to me. It was the sweetest gesture and something I’ll never forget!",traderjoes,r/traderjoes,2025-11-17T03:17:41.000Z,comment,,"&lt;div class=""md""&gt;&lt;p&gt;A couple of years ago, I went to Trader Joe’s a couple weeks after giving birth to my daughter. I had mentioned to the cashier that it was the first outing on my own with my daughter since giving birth. The cashier rang a bell and whispered something to another employee who then grabbed a small bouquet and gifted it to me. It was the sweetest gesture and something I’ll never forget!&lt;/p&gt;
&lt;/div&gt;",t1_np9b22c,,,,,,,,,,,3.0,,t3_1ovv64o,,np9b22c,t3_1ovv64o,2026-05-05T00:47:55.782Z,,,,55,https://www.reddit.com/r/traderjoes/comments/1ovv64o/you_may_forget_but_trader_joes_remembers/np9b22c/,t2_bf2b084r,General_Visual_758,
,Aw!!,traderjoes,r/traderjoes,2025-12-06T03:21:55.000Z,comment,,"&lt;div class=""md""&gt;&lt;p&gt;Aw!!&lt;/p&gt;
&lt;/div&gt;",t1_nsjd5jm,,,,,,,,,,,0.0,,t1_np9b22c,,nsjd5jm,t3_1ovv64o,2026-05-05T00:47:55.782Z,,,,1,https://www.reddit.com/r/traderjoes/comments/1ovv64o/you_may_forget_but_trader_joes_remembers/nsjd5jm/,t2_16hf971p2l,KazPlayzYT,
,"Wow!  And that’s how you make a customer for life.

 Congratulations ❤️",traderjoes,r/traderjoes,2025-12-05T07:25:57.000Z,comment,,"&lt;div class=""md""&gt;&lt;p&gt;Wow!  And that’s how you make a customer for life.&lt;/p&gt;

&lt;p&gt;Congratulations ❤️&lt;/p&gt;
&lt;/div&gt;",t1_nsdzzqv,,,,,,,,,,,0.0,,t1_np9b22c,,nsdzzqv,t3_1ovv64o,2026-05-05T00:47:55.782Z,,,,1,https://www.reddit.com/r/traderjoes/comments/1ovv64o/you_may_forget_but_trader_joes_remembers/nsdzzqv/,t2_t2gca,drlushlover,
,They did the same thing for me after my first born!,traderjoes,r/traderjoes,2025-11-18T00:51:34.000Z,comment,,"&lt;div class=""md""&gt;&lt;p&gt;They did the same thing for me after my first born!&lt;/p&gt;
&lt;/div&gt;",t1_npewwi4,,,,,,,,,,,0.0,,t1_np9b22c,,npewwi4,t3_1ovv64o,2026-05-05T00:47:55.782Z,,,,10,https://www.reddit.com/r/traderjoes/comments/1ovv64o/you_may_forget_but_trader_joes_remembers/npewwi4/,t2_7bdo7,HeartKevinRose,
,Once I had just gotten a new debit card and it was all I had with me... Well for some reason it wasn't working. I also had a newer phone that I hadn't added my other cards to yet. They were fully willing to let me leave without paying. They encouraged it! I refused and stepped aside to wait while I had my son bring me my wallet so I could pay with another card. I thought that was a really generous thing to do. I'll never forget it.,traderjoes,r/traderjoes,2025-11-16T16:23:06.000Z,comment,,"&lt;div class=""md""&gt;&lt;p&gt;Once I had just gotten a new debit card and it was all I had with me... Well for some reason it wasn&amp;#39;t working. I also had a newer phone that I hadn&amp;#39;t added my other cards to yet. They were fully willing to let me leave without paying. They encouraged it! I refused and stepped aside to wait while I had my son bring me my wallet so I could pay with another card. I thought that was a really generous thing to do. I&amp;#39;ll never forget it.&lt;/p&gt;
&lt;/div&gt;",t1_np5y8gd,,,,,,,,,,,0.0,,t3_1ovv64o,,np5y8gd,t3_1ovv64o,2026-05-05T00:47:55.782Z,,,,24,https://www.reddit.com/r/traderjoes/comments/1ovv64o/you_may_forget_but_trader_joes_remembers/np5y8gd/,t2_q3kt5,noyogapants,
,Trader Joe’s: checking your fridge when you’re at work.,traderjoes,r/traderjoes,2025-11-16T14:23:14.000Z,comment,,"&lt;div class=""md""&gt;&lt;p&gt;Trader Joe’s: checking your fridge when you’re at work.&lt;/p&gt;
&lt;/div&gt;",t1_np5cq3k,,,,,,,,,,,0.0,,t3_1ovv64o,,np5cq3k,t3_1ovv64o,2026-05-05T00:47:55.782Z,,,,18,https://www.reddit.com/r/traderjoes/comments/1ovv64o/you_may_forget_but_trader_joes_remembers/np5cq3k/,t2_1i5s36ew,Meeschers,
,[removed],traderjoes,r/traderjoes,2025-11-15T04:08:10.000Z,comment,,"&lt;div class=""md""&gt;&lt;p&gt;[removed]&lt;/p&gt;
&lt;/div&gt;",t1_noxdpbl,,,,,,,,,,,1.0,,t3_1ovv64o,,noxdpbl,t3_1ovv64o,2026-05-05T00:47:55.782Z,,,,47,https://www.reddit.com/r/traderjoes/comments/1ovv64o/you_may_forget_but_trader_joes_remembers/noxdpbl/,,[deleted],
,If only the same could be said of corporate.,traderjoes,r/traderjoes,2025-11-16T01:49:44.000Z,comment,,"&lt;div class=""md""&gt;&lt;p&gt;If only the same could be said of corporate.&lt;/p&gt;
&lt;/div&gt;",t1_np2rtmj,,,,,,,,,,,1.0,,t1_noxdpbl,,np2rtmj,t3_1ovv64o,2026-05-05T00:47:55.782Z,,,,17,https://www.reddit.com/r/traderjoes/comments/1ovv64o/you_may_forget_but_trader_joes_remembers/np2rtmj/,t2_fk2oyj3d,step_on_legoes_Spez,
,"Corporate allows the employees to give bouquets of flowers at the store’s discretion for free on a case by case basis. Additionally, if you left something at the store and you paid for it, it’s no issue for you to get it at your next visit.",traderjoes,r/traderjoes,2025-12-08T12:59:45.000Z,comment,,"&lt;div class=""md""&gt;&lt;p&gt;Corporate allows the employees to give bouquets of flowers at the store’s discretion for free on a case by case basis. Additionally, if you left something at the store and you paid for it, it’s no issue for you to get it at your next visit.&lt;/p&gt;
&lt;/div&gt;",t1_nsxghax,,,,,,,,,,,0.0,,t1_np2rtmj,,nsxghax,t3_1ovv64o,2026-05-05T00:47:55.782Z,,,,2,https://www.reddit.com/r/traderjoes/comments/1ovv64o/you_may_forget_but_trader_joes_remembers/nsxghax/,t2_6bm3o84c,Angeli19,
customer,"Thumbnail: https://b.thumbs.redditmedia.com/yccWo33DkdBUPPs_NdO6ZgIN0EPpwssmqyfxpRBhNqY.jpg
",,r/walmart,2025-06-12T04:17:39.000Z,post,,"Thumbnail: https://b.thumbs.redditmedia.com/yccWo33DkdBUPPs_NdO6ZgIN0EPpwssmqyfxpRBhNqY.jpg
",t3_1l9d9mk,https://i.redd.it/yapix7wx9f6f1.jpg,https://i.redd.it/sxgkl2wx9f6f1.jpg,https://i.redd.it/3ytq44wx9f6f1.jpg,https://i.redd.it/jm6px5wx9f6f1.jpg,https://i.redd.it/h1l7o2wx9f6f1.jpg,,False,False,https://www.reddit.com/gallery/1l9d9mk,151.0,,False,,walmart,1l9d9mk,,2026-05-05T00:48:01.588Z,https://b.thumbs.redditmedia.com/yccWo33DkdBUPPs_NdO6ZgIN0EPpwssmqyfxpRBhNqY.jpg,90’s Walmart 👌,0.99,4031,https://www.reddit.com/r/walmart/comments/1l9d9mk/90s_walmart/,t2_vnnxmq9fv,Maya-kardash,
,"New store manager sucks ass, first day he started working we had to stop wearing an earbud. Nobody’s really taking to that rule tho, so here we are. Made me laugh, but it was sadly removed after a couple hours",,r/walmart,2025-07-28T02:44:07.000Z,post,Shit Post,"&lt;!-- SC_OFF --&gt;&lt;div class=""md""&gt;&lt;p&gt;New store manager sucks ass, first day he started working we had to stop wearing an earbud. Nobody’s really taking to that rule tho, so here we are. Made me laugh, but it was sadly removed after a couple hours&lt;/p&gt;
&lt;/div&gt;&lt;!-- SC_ON --&gt;",t3_1mb4ue0,https://i.redd.it/po4zuaz63jff1.jpeg,,,,,,False,False,https://i.redd.it/po4zuaz63jff1.jpeg,463.0,,False,,walmart,1mb4ue0,,2026-05-05T00:48:01.692Z,https://b.thumbs.redditmedia.com/4TmpKrXgOpRCH2SnAgbwBPUR-mh-uQsn7Hql6Ar9B5E.jpg,It’s getting serious over here,0.99,4000,https://www.reddit.com/r/walmart/comments/1mb4ue0/its_getting_serious_over_here/,t2_15wb55,IronFist687,
,"FWIW I had bought 4 peppers, we all had a good laugh when I noticed at least! ",,r/traderjoes,2025-05-06T22:58:04.000Z,post,PSA / Update,"&lt;!-- SC_OFF --&gt;&lt;div class=""md""&gt;&lt;p&gt;FWIW I had bought 4 peppers, we all had a good laugh when I noticed at least! &lt;/p&gt;
&lt;/div&gt;&lt;!-- SC_ON --&gt;",t3_1kgicnw,https://i.redd.it/d6au1cc4s8ze1.jpeg,,,,,,False,False,https://i.redd.it/d6au1cc4s8ze1.jpeg,255.0,,False,,traderjoes,1kgicnw,,2026-05-05T00:48:01.594Z,https://b.thumbs.redditmedia.com/2g_Cp4Og3URVMVjJSsYM0EHJcrgcpgttfnb2jV5IiYM.jpg,Another example of why you should check your receipt 🤣,0.97,4638,https://www.reddit.com/r/traderjoes/comments/1kgicnw/another_example_of_why_you_should_check_your/,t2_w2fl78p,Cheddar18,
,I bought a small fresh basil plant and put it in a pot once it got warm out and I can’t believe how much it’s grown! ,,r/traderjoes,2025-07-20T00:49:24.000Z,post,Plants,"&lt;!-- SC_OFF --&gt;&lt;div class=""md""&gt;&lt;p&gt;I bought a small fresh basil plant and put it in a pot once it got warm out and I can’t believe how much it’s grown! &lt;/p&gt;
&lt;/div&gt;&lt;!-- SC_ON --&gt;",t3_1m4buuy,https://i.redd.it/spox5elffxdf1.jpg,https://i.redd.it/ht3uw9lffxdf1.jpg,,,,,False,False,https://www.reddit.com/gallery/1m4buuy,159.0,,False,,traderjoes,1m4buuy,,2026-05-05T00:48:01.684Z,https://b.thumbs.redditmedia.com/UvXp-3kAaVF-IzPxxQLm831iuGDn31f9z0i0IcoS2Yo.jpg,Planted a small Trader Joe’s basil plant,0.99,4615,https://www.reddit.com/r/traderjoes/comments/1m4buuy/planted_a_small_trader_joes_basil_plant/,t2_2xe18yr5,JTV061393,
,I miss the smiley face guy all over the store signage :(,walmart,r/walmart,2025-06-12T04:55:14.000Z,comment,,"&lt;div class=""md""&gt;&lt;p&gt;I miss the smiley face guy all over the store signage :(&lt;/p&gt;
&lt;/div&gt;",t1_mxbw0ov,,,,,,,,,,,5.0,,t3_1l9d9mk,,mxbw0ov,t3_1l9d9mk,2026-05-05T00:48:01.795Z,,,,140,https://www.reddit.com/r/walmart/comments/1l9d9mk/90s_walmart/mxbw0ov/,,[deleted],
,"Posts that don't follow r/traderjoes subreddit rules may be subject to removal. 

**Friendly reminder: No vague or non-descriptive post titles, this includes questions.**


Choosing descriptive post titles with product names, descriptions and/or exact question mentioned is preferred as not everybody is able to view image captions, it also yields better subreddit search results and helps blind and visually impaired Redditors who use Screen Reader Software or Text-to-Speech apps. to access Reddit. Thank you.

IF THIS MESSAGE DOES NOT APPLY TO YOUR POST, PLEASE IGNORE.


*I am a bot, and this action was performed automatically. Please [contact the moderators of this subreddit](/message/compose/?to=/r/traderjoes) if you have any questions or concerns.*",traderjoes,r/traderjoes,2025-05-06T22:58:06.000Z,comment,,"&lt;div class=""md""&gt;&lt;p&gt;Posts that don&amp;#39;t follow &lt;a href=""/r/traderjoes""&gt;r/traderjoes&lt;/a&gt; subreddit rules may be subject to removal. &lt;/p&gt;

&lt;p&gt;&lt;strong&gt;Friendly reminder: No vague or non-descriptive post titles, this includes questions.&lt;/strong&gt;&lt;/p&gt;

&lt;p&gt;Choosing descriptive post titles with product names, descriptions and/or exact question mentioned is preferred as not everybody is able to view image captions, it also yields better subreddit search results and helps blind and visually impaired Redditors who use Screen Reader Software or Text-to-Speech apps. to access Reddit. Thank you.&lt;/p&gt;

&lt;p&gt;IF THIS MESSAGE DOES NOT APPLY TO YOUR POST, PLEASE IGNORE.&lt;/p&gt;

&lt;p&gt;&lt;em&gt;I am a bot, and this action was performed automatically. Please &lt;a href=""/message/compose/?to=/r/traderjoes""&gt;contact the moderators of this subreddit&lt;/a&gt; if you have any questions or concerns.&lt;/em&gt;&lt;/p&gt;
&lt;/div&gt;",t1_mqyyxsn,,,,,,,,,,,0.0,,t3_1kgicnw,,mqyyxsn,t3_1kgicnw,2026-05-05T00:48:01.798Z,,,,1,https://www.reddit.com/r/traderjoes/comments/1kgicnw/another_example_of_why_you_should_check_your/mqyyxsn/,t2_6l4z3,AutoModerator,
,"Posts that don't follow r/traderjoes subreddit rules may be subject to removal. 

**Friendly reminder: No vague or non-descriptive post titles, this includes questions.**


Choosing descriptive post titles with product names, descriptions and/or exact question mentioned is preferred as not everybody is able to view image captions, it also yields better subreddit search results and helps blind and visually impaired Redditors who use Screen Reader Software or Text-to-Speech apps. to access Reddit. Thank you.

IF THIS MESSAGE DOES NOT APPLY TO YOUR POST, PLEASE IGNORE.


*I am a bot, and this action was performed automatically. Please [contact the moderators of this subreddit](/message/compose/?to=/r/traderjoes) if you have any questions or concerns.*",traderjoes,r/traderjoes,2025-07-20T00:49:24.000Z,comment,,"&lt;div class=""md""&gt;&lt;p&gt;Posts that don&amp;#39;t follow &lt;a href=""/r/traderjoes""&gt;r/traderjoes&lt;/a&gt; subreddit rules may be subject to removal. &lt;/p&gt;

&lt;p&gt;&lt;strong&gt;Friendly reminder: No vague or non-descriptive post titles, this includes questions.&lt;/strong&gt;&lt;/p&gt;

&lt;p&gt;Choosing descriptive post titles with product names, descriptions and/or exact question mentioned is preferred as not everybody is able to view image captions, it also yields better subreddit search results and helps blind and visually impaired Redditors who use Screen Reader Software or Text-to-Speech apps. to access Reddit. Thank you.&lt;/p&gt;

&lt;p&gt;IF THIS MESSAGE DOES NOT APPLY TO YOUR POST, PLEASE IGNORE.&lt;/p&gt;

&lt;p&gt;&lt;em&gt;I am a bot, and this action was performed automatically. Please &lt;a href=""/message/compose/?to=/r/traderjoes""&gt;contact the moderators of this subreddit&lt;/a&gt; if you have any questions or concerns.&lt;/em&gt;&lt;/p&gt;
&lt;/div&gt;",t1_n4379yr,,,,,,,,,,,0.0,,t3_1m4buuy,,n4379yr,t3_1m4buuy,2026-05-05T00:48:01.801Z,,,,1,https://www.reddit.com/r/traderjoes/comments/1m4buuy/planted_a_small_trader_joes_basil_plant/n4379yr/,t2_6l4z3,AutoModerator,
,And the smiley face stickers,walmart,r/walmart,2025-06-12T18:40:05.000Z,comment,,"&lt;div class=""md""&gt;&lt;p&gt;And the smiley face stickers&lt;/p&gt;
&lt;/div&gt;",t1_mxfepkf,,,,,,,,,,,1.0,,t1_mxbw0ov,,mxfepkf,t3_1l9d9mk,2026-05-05T00:48:01.795Z,,,,44,https://www.reddit.com/r/walmart/comments/1l9d9mk/90s_walmart/mxfepkf/,t2_hrbcqbe9,Homeskoled,
,Fresh basil is the BEST,traderjoes,r/traderjoes,2025-08-19T20:05:24.000Z,comment,,"&lt;div class=""md""&gt;&lt;p&gt;Fresh basil is the BEST&lt;/p&gt;
&lt;/div&gt;",t1_n9l8oh8,,,,,,,,,,,0.0,,t3_1m4buuy,,n9l8oh8,t3_1m4buuy,2026-05-05T00:48:01.801Z,,,,4,https://www.reddit.com/r/traderjoes/comments/1m4buuy/planted_a_small_trader_joes_basil_plant/n9l8oh8/,t2_1ou4ngi,noblit,
,"I once typed the zeros in even though our pos did it automatically. Charged a client $10,300 instead of $103. The charge went through and I had to call her and tell her what I’d done 😭",traderjoes,r/traderjoes,2025-05-11T19:03:38.000Z,comment,,"&lt;div class=""md""&gt;&lt;p&gt;I once typed the zeros in even though our pos did it automatically. Charged a client $10,300 instead of $103. The charge went through and I had to call her and tell her what I’d done 😭&lt;/p&gt;
&lt;/div&gt;",t1_mrsko5x,,,,,,,,,,,1.0,,t3_1kgicnw,,mrsko5x,t3_1kgicnw,2026-05-05T00:48:01.798Z,,,,32,https://www.reddit.com/r/traderjoes/comments/1kgicnw/another_example_of_why_you_should_check_your/mrsko5x/,t2_qhks9skn,Ok-Arachnid4915,
,We still have those in my store,walmart,r/walmart,2025-06-12T19:16:30.000Z,comment,,"&lt;div class=""md""&gt;&lt;p&gt;We still have those in my store&lt;/p&gt;
&lt;/div&gt;",t1_mxfmgxu,,,,,,,,,,,0.0,,t1_mxfepkf,,mxfmgxu,t3_1l9d9mk,2026-05-05T00:48:01.795Z,,,,16,https://www.reddit.com/r/walmart/comments/1l9d9mk/90s_walmart/mxfmgxu/,t2_icvzfd3xo,Impressive-Bill-5627,
,The herb 🪴’s are good? I see the ones at the nurseries and they look like the orchids at costco. ,traderjoes,r/traderjoes,2025-08-19T06:02:28.000Z,comment,,"&lt;div class=""md""&gt;&lt;p&gt;The herb 🪴’s are good? I see the ones at the nurseries and they look like the orchids at costco. &lt;/p&gt;
&lt;/div&gt;",t1_n9hfg9o,,,,,,,,,,,0.0,,t3_1m4buuy,,n9hfg9o,t3_1m4buuy,2026-05-05T00:48:01.801Z,,,,3,https://www.reddit.com/r/traderjoes/comments/1m4buuy/planted_a_small_trader_joes_basil_plant/n9hfg9o/,t2_830edml7,Worgbone,
,"\&gt; $10,300   
\&gt; The charge went through

God that must be nice.",traderjoes,r/traderjoes,2025-06-03T07:36:17.000Z,comment,,"&lt;div class=""md""&gt;&lt;p&gt;&amp;gt; $10,300 &lt;br/&gt;
&amp;gt; The charge went through&lt;/p&gt;

&lt;p&gt;God that must be nice.&lt;/p&gt;
&lt;/div&gt;",t1_mvqdbai,,,,,,,,,,,1.0,,t1_mrsko5x,,mvqdbai,t3_1kgicnw,2026-05-05T00:48:01.798Z,,,,16,https://www.reddit.com/r/traderjoes/comments/1kgicnw/another_example_of_why_you_should_check_your/mvqdbai/,t2_1e9xjmeupn,Large-Appearance9933,
,Right???,traderjoes,r/traderjoes,2025-06-04T16:30:31.000Z,comment,,"&lt;div class=""md""&gt;&lt;p&gt;Right???&lt;/p&gt;
&lt;/div&gt;",t1_mvz6sny,,,,,,,,,,,0.0,,t1_mvqdbai,,mvz6sny,t3_1kgicnw,2026-05-05T00:48:01.798Z,,,,5,https://www.reddit.com/r/traderjoes/comments/1kgicnw/another_example_of_why_you_should_check_your/mvz6sny/,t2_qhks9skn,Ok-Arachnid4915,
,"They execute you guys with a gun? Totally unfair, we only have the electric chair at our store.",walmart,r/walmart,2025-07-28T03:12:58.000Z,comment,,"&lt;div class=""md""&gt;&lt;p&gt;They execute you guys with a gun? Totally unfair, we only have the electric chair at our store.&lt;/p&gt;
&lt;/div&gt;",t1_n5joypg,,,,,,,,,,,15.0,,t3_1mb4ue0,,n5joypg,t3_1mb4ue0,2026-05-05T00:48:01.882Z,,,,1194,https://www.reddit.com/r/walmart/comments/1mb4ue0/its_getting_serious_over_here/n5joypg/,t2_ub1gaxry,Fletchadoodle,
,Exactly bring back the smiley face mascot,walmart,r/walmart,2025-06-13T01:26:27.000Z,comment,,"&lt;div class=""md""&gt;&lt;p&gt;Exactly bring back the smiley face mascot&lt;/p&gt;
&lt;/div&gt;",t1_mxhjplx,,,,,,,,,,,0.0,,t1_mxbw0ov,,mxhjplx,t3_1l9d9mk,2026-05-05T00:48:01.795Z,,,,9,https://www.reddit.com/r/walmart/comments/1l9d9mk/90s_walmart/mxhjplx/,t2_4uh4nuh2,Disastrous_Storm_312,
,"You'll get even more if you separate the plants from the original container a little bit, I usually break it into 8 chunks of seedlings and give them a little more space to grow",traderjoes,r/traderjoes,2025-08-16T05:52:04.000Z,comment,,"&lt;div class=""md""&gt;&lt;p&gt;You&amp;#39;ll get even more if you separate the plants from the original container a little bit, I usually break it into 8 chunks of seedlings and give them a little more space to grow&lt;/p&gt;
&lt;/div&gt;",t1_n8ypsqt,,,,,,,,,,,0.0,,t3_1m4buuy,,n8ypsqt,t3_1m4buuy,2026-05-05T00:48:01.801Z,,,,1,https://www.reddit.com/r/traderjoes/comments/1m4buuy/planted_a_small_trader_joes_basil_plant/n8ypsqt/,t2_82t6ni8h,CozyCozyCozyCat,
,"this happened to me once, but when i was buying the butter chicken",traderjoes,r/traderjoes,2025-05-10T15:55:16.000Z,comment,,"&lt;div class=""md""&gt;&lt;p&gt;this happened to me once, but when i was buying the butter chicken&lt;/p&gt;
&lt;/div&gt;",t1_mrltg8v,,,,,,,,,,,0.0,,t3_1kgicnw,,mrltg8v,t3_1kgicnw,2026-05-05T00:48:01.798Z,,,,8,https://www.reddit.com/r/traderjoes/comments/1kgicnw/another_example_of_why_you_should_check_your/mrltg8v/,t2_ewk8mxgz,Wonderful_Ladder2436,
,And those big bags of popcorn my mom used to get for my sister and me when we went grocery shopping.,walmart,r/walmart,2025-06-14T01:39:58.000Z,comment,,"&lt;div class=""md""&gt;&lt;p&gt;And those big bags of popcorn my mom used to get for my sister and me when we went grocery shopping.&lt;/p&gt;
&lt;/div&gt;",t1_mxo42y2,,,,,,,,,,,0.0,,t1_mxbw0ov,,mxo42y2,t3_1l9d9mk,2026-05-05T00:48:01.795Z,,,,5,https://www.reddit.com/r/walmart/comments/1l9d9mk/90s_walmart/mxo42y2/,t2_p79pw,DylanFTW,
,"Well, that's shocking",walmart,r/walmart,2025-07-28T03:15:51.000Z,comment,,"&lt;div class=""md""&gt;&lt;p&gt;Well, that&amp;#39;s shocking&lt;/p&gt;
&lt;/div&gt;",t1_n5jpdt6,,,,,,,,,,,2.0,,t1_n5joypg,,n5jpdt6,t3_1mb4ue0,2026-05-05T00:48:01.882Z,,,,465,https://www.reddit.com/r/walmart/comments/1mb4ue0/its_getting_serious_over_here/n5jpdt6/,t2_677mbmlq,Djchoruskid2020,
,"This is an inspirational post!!  I bought my TJ's basil about a month and a half ago.  Pinched off new growth and it's been holding strong, despite my using it regularly in cooking.  It greened up more, but the pot was quite full when I bought it.  It didn't even cross my mind to repot it, but this makes me think I should.  It is really overgrown in the pot, and I'm watering it daily &amp; can't keep up.  Only problem with repotting is I'd have to move it off my island.  But looking fantastic there!!  And I will add mine is one of the best tasting basil's I've ever had, in addition to being great value sized.",traderjoes,r/traderjoes,2025-08-13T02:07:45.000Z,comment,,"&lt;div class=""md""&gt;&lt;p&gt;This is an inspirational post!!  I bought my TJ&amp;#39;s basil about a month and a half ago.  Pinched off new growth and it&amp;#39;s been holding strong, despite my using it regularly in cooking.  It greened up more, but the pot was quite full when I bought it.  It didn&amp;#39;t even cross my mind to repot it, but this makes me think I should.  It is really overgrown in the pot, and I&amp;#39;m watering it daily &amp;amp; can&amp;#39;t keep up.  Only problem with repotting is I&amp;#39;d have to move it off my island.  But looking fantastic there!!  And I will add mine is one of the best tasting basil&amp;#39;s I&amp;#39;ve ever had, in addition to being great value sized.&lt;/p&gt;
&lt;/div&gt;",t1_n8ecvym,,,,,,,,,,,0.0,,t3_1m4buuy,,n8ecvym,t3_1m4buuy,2026-05-05T00:48:01.801Z,,,,6,https://www.reddit.com/r/traderjoes/comments/1m4buuy/planted_a_small_trader_joes_basil_plant/n8ecvym/,t2_igqiwrot,AVeryFineWhine,
,"Not sure I'd need to check the receipt to know my 8 items shouldn't have been $3000. That error would jump out immediately before purchasing. 

Had the same thing happen at a hardware store. Bought a few various pieces of lumber and they rang up several thousand 2x4s at checkout. I didn't need to double check the receipt to notice the $15,000 mistake.",traderjoes,r/traderjoes,2025-05-10T13:00:59.000Z,comment,,"&lt;div class=""md""&gt;&lt;p&gt;Not sure I&amp;#39;d need to check the receipt to know my 8 items shouldn&amp;#39;t have been $3000. That error would jump out immediately before purchasing. &lt;/p&gt;

&lt;p&gt;Had the same thing happen at a hardware store. Bought a few various pieces of lumber and they rang up several thousand 2x4s at checkout. I didn&amp;#39;t need to double check the receipt to notice the $15,000 mistake.&lt;/p&gt;
&lt;/div&gt;",t1_mrkz7wn,,,,,,,,,,,0.0,,t3_1kgicnw,,mrkz7wn,t3_1kgicnw,2026-05-05T00:48:01.798Z,,,,11,https://www.reddit.com/r/traderjoes/comments/1kgicnw/another_example_of_why_you_should_check_your/mrkz7wn/,t2_qd1zpk6g,stpg1222,
,Some of the ones up in B.C. still have it!,walmart,r/walmart,2025-06-14T01:45:38.000Z,comment,,"&lt;div class=""md""&gt;&lt;p&gt;Some of the ones up in B.C. still have it!&lt;/p&gt;
&lt;/div&gt;",t1_mxo517l,,,,,,,,,,,0.0,,t1_mxbw0ov,,mxo517l,t3_1l9d9mk,2026-05-05T00:48:01.795Z,,,,2,https://www.reddit.com/r/walmart/comments/1l9d9mk/90s_walmart/mxo517l/,t2_4galfi4w,jordanballz,
Front End TL (former Digital TL),r/angryupvote,walmart,r/walmart,2025-07-28T04:23:17.000Z,comment,,"&lt;div class=""md""&gt;&lt;p&gt;&lt;a href=""/r/angryupvote""&gt;r/angryupvote&lt;/a&gt;&lt;/p&gt;
&lt;/div&gt;",t1_n5jyl3r,,,,,,,,,,,0.0,,t1_n5jpdt6,,n5jyl3r,t3_1mb4ue0,2026-05-05T00:48:01.882Z,,,,113,https://www.reddit.com/r/walmart/comments/1mb4ue0/its_getting_serious_over_here/n5jyl3r/,t2_aunj5b7f,NickReagan901,
,You are a basil god it seems!,traderjoes,r/traderjoes,2025-08-10T18:47:11.000Z,comment,,"&lt;div class=""md""&gt;&lt;p&gt;You are a basil god it seems!&lt;/p&gt;
&lt;/div&gt;",t1_n7zf4c0,,,,,,,,,,,0.0,,t3_1m4buuy,,n7zf4c0,t3_1m4buuy,2026-05-05T00:48:01.801Z,,,,6,https://www.reddit.com/r/traderjoes/comments/1m4buuy/planted_a_small_trader_joes_basil_plant/n7zf4c0/,t2_1pkeel347w,Nurseindaclerb69,
,"This happened to me once at ikea and I almost got charged like $2,000 for a bag of candy. I couldn’t stop laughing.",traderjoes,r/traderjoes,2025-05-09T03:01:49.000Z,comment,,"&lt;div class=""md""&gt;&lt;p&gt;This happened to me once at ikea and I almost got charged like $2,000 for a bag of candy. I couldn’t stop laughing.&lt;/p&gt;
&lt;/div&gt;",t1_mrcxwyx,,,,,,,,,,,0.0,,t3_1kgicnw,,mrcxwyx,t3_1kgicnw,2026-05-05T00:48:01.798Z,,,,24,https://www.reddit.com/r/traderjoes/comments/1kgicnw/another_example_of_why_you_should_check_your/mrcxwyx/,t2_uo9831lo,radish_is_rad-ish,
,"I miss the smiley face guy too. With how much of a huge fanbase the smiley face guy has, I am surprised that Walmart hasn't brought him back in recent years.",walmart,r/walmart,2025-06-16T12:31:48.000Z,comment,,"&lt;div class=""md""&gt;&lt;p&gt;I miss the smiley face guy too. With how much of a huge fanbase the smiley face guy has, I am surprised that Walmart hasn&amp;#39;t brought him back in recent years.&lt;/p&gt;
&lt;/div&gt;",t1_my2iup2,,,,,,,,,,,0.0,,t1_mxbw0ov,,my2iup2,t3_1l9d9mk,2026-05-05T00:48:01.795Z,,,,2,https://www.reddit.com/r/walmart/comments/1l9d9mk/90s_walmart/my2iup2/,t2_xrh7dpiqz,outgoinggallery_2172,
,"I've been growing and using my TJ basil plant for over a year now. It's on my kitchen counter, because it gets too hot here to have it outside much. I think I'm ready for a new one this week, as it's gotten pretty woody and it's no longer keeping up with my consumption. 

Best basil I've had in so long. Very strong and fragrant.",traderjoes,r/traderjoes,2025-07-24T12:47:42.000Z,comment,,"&lt;div class=""md""&gt;&lt;p&gt;I&amp;#39;ve been growing and using my TJ basil plant for over a year now. It&amp;#39;s on my kitchen counter, because it gets too hot here to have it outside much. I think I&amp;#39;m ready for a new one this week, as it&amp;#39;s gotten pretty woody and it&amp;#39;s no longer keeping up with my consumption. &lt;/p&gt;

&lt;p&gt;Best basil I&amp;#39;ve had in so long. Very strong and fragrant.&lt;/p&gt;
&lt;/div&gt;",t1_n4w35f8,,,,,,,,,,,1.0,,t3_1m4buuy,,n4w35f8,t3_1m4buuy,2026-05-05T00:48:01.801Z,,,,14,https://www.reddit.com/r/traderjoes/comments/1m4buuy/planted_a_small_trader_joes_basil_plant/n4w35f8/,t2_pflh7,ObsoleteHodgepodge,
,🧾👀,traderjoes,r/traderjoes,2025-05-09T00:16:15.000Z,comment,,"&lt;div class=""md""&gt;&lt;p&gt;🧾👀&lt;/p&gt;
&lt;/div&gt;",t1_mrc7lz9,,,,,,,,,,,0.0,,t3_1kgicnw,,mrc7lz9,t3_1kgicnw,2026-05-05T00:48:01.798Z,,,,12,https://www.reddit.com/r/traderjoes/comments/1kgicnw/another_example_of_why_you_should_check_your/mrc7lz9/,t2_53qa31zp,quesobaeritto,
,I'm completely electrified by you're statement.,walmart,r/walmart,2025-07-28T05:24:34.000Z,comment,,"&lt;div class=""md""&gt;&lt;p&gt;I&amp;#39;m completely electrified by you&amp;#39;re statement.&lt;/p&gt;
&lt;/div&gt;",t1_n5k61xc,,,,,,,,,,,3.0,,t1_n5jpdt6,,n5k61xc,t3_1mb4ue0,2026-05-05T00:48:01.882Z,,,,71,https://www.reddit.com/r/walmart/comments/1mb4ue0/its_getting_serious_over_here/n5k61xc/,,[deleted],
,[deleted],walmart,r/walmart,2025-06-12T04:26:19.000Z,comment,,"&lt;div class=""md""&gt;&lt;p&gt;[deleted]&lt;/p&gt;
&lt;/div&gt;",t1_mxbsda6,,,,,,,,,,,5.0,,t3_1l9d9mk,,mxbsda6,t3_1l9d9mk,2026-05-05T00:48:01.795Z,,,,43,https://www.reddit.com/r/walmart/comments/1l9d9mk/90s_walmart/mxbsda6/,,[deleted],
,How do you successfully grow one indoors like that?,traderjoes,r/traderjoes,2025-07-26T22:59:59.000Z,comment,,"&lt;div class=""md""&gt;&lt;p&gt;How do you successfully grow one indoors like that?&lt;/p&gt;
&lt;/div&gt;",t1_n5cd1xn,,,,,,,,,,,1.0,,t1_n4w35f8,,n5cd1xn,t3_1m4buuy,2026-05-05T00:48:01.801Z,,,,3,https://www.reddit.com/r/traderjoes/comments/1m4buuy/planted_a_small_trader_joes_basil_plant/n5cd1xn/,t2_bvksqe14,vengeanceviarevenant,
,It’s currently the top post.,walmart,r/walmart,2025-07-28T05:43:31.000Z,comment,,"&lt;div class=""md""&gt;&lt;p&gt;It’s currently the top post.&lt;/p&gt;
&lt;/div&gt;",t1_n5k86yf,,,,,,,,,,,2.0,,t1_n5k61xc,,n5k86yf,t3_1mb4ue0,2026-05-05T00:48:01.882Z,,,,27,https://www.reddit.com/r/walmart/comments/1mb4ue0/its_getting_serious_over_here/n5k86yf/,,[deleted],
,that’s a lotta fajita,traderjoes,r/traderjoes,2025-05-08T23:57:22.000Z,comment,,"&lt;div class=""md""&gt;&lt;p&gt;that’s a lotta fajita&lt;/p&gt;
&lt;/div&gt;",t1_mrc4kf8,,,,,,,,,,,0.0,,t3_1kgicnw,,mrc4kf8,t3_1kgicnw,2026-05-05T00:48:01.798Z,,,,15,https://www.reddit.com/r/traderjoes/comments/1kgicnw/another_example_of_why_you_should_check_your/mrc4kf8/,,[deleted],
,Both the coke machine and Pepsi machine are the ancient logos lmao,walmart,r/walmart,2025-06-12T04:30:08.000Z,comment,,"&lt;div class=""md""&gt;&lt;p&gt;Both the coke machine and Pepsi machine are the ancient logos lmao&lt;/p&gt;
&lt;/div&gt;",t1_mxbsuqh,,,,,,,,,,,2.0,,t1_mxbsda6,,mxbsuqh,t3_1l9d9mk,2026-05-05T00:48:01.795Z,,,,32,https://www.reddit.com/r/walmart/comments/1l9d9mk/90s_walmart/mxbsuqh/,t2_8dee5zn,Caleldir,
,"I made this mistake when working as a cashier many years ago. I entered the plu for the next item when I was supposed to enter the quantity. To make it worse, it was an organic item so the plu was five digits, starting with a 9. In my case, the entire register crashed and had to be rebooted.",traderjoes,r/traderjoes,2025-05-08T23:01:56.000Z,comment,,"&lt;div class=""md""&gt;&lt;p&gt;I made this mistake when working as a cashier many years ago. I entered the plu for the next item when I was supposed to enter the quantity. To make it worse, it was an organic item so the plu was five digits, starting with a 9. In my case, the entire register crashed and had to be rebooted.&lt;/p&gt;
&lt;/div&gt;",t1_mrbva5i,,,,,,,,,,,2.0,,t3_1kgicnw,,mrbva5i,t3_1kgicnw,2026-05-05T00:48:01.798Z,,,,30,https://www.reddit.com/r/traderjoes/comments/1kgicnw/another_example_of_why_you_should_check_your/mrbva5i/,t2_7nvfvc0g,Significant_Tea771,
,Still is,walmart,r/walmart,2025-07-29T01:02:11.000Z,comment,,"&lt;div class=""md""&gt;&lt;p&gt;Still is&lt;/p&gt;
&lt;/div&gt;",t1_n5pojrc,,,,,,,,,,,0.0,,t1_n5k86yf,,n5pojrc,t3_1mb4ue0,2026-05-05T00:48:01.882Z,,,,2,https://www.reddit.com/r/walmart/comments/1mb4ue0/its_getting_serious_over_here/n5pojrc/,,[deleted],
,"I keep it next to my kitchen sink, near a sunny window. It has done better there than when I've put it outside.",traderjoes,r/traderjoes,2025-07-27T02:32:06.000Z,comment,,"&lt;div class=""md""&gt;&lt;p&gt;I keep it next to my kitchen sink, near a sunny window. It has done better there than when I&amp;#39;ve put it outside.&lt;/p&gt;
&lt;/div&gt;",t1_n5dacci,,,,,,,,,,,1.0,,t1_n5cd1xn,,n5dacci,t3_1m4buuy,2026-05-05T00:48:01.801Z,,,,5,https://www.reddit.com/r/traderjoes/comments/1m4buuy/planted_a_small_trader_joes_basil_plant/n5dacci/,t2_pflh7,ObsoleteHodgepodge,
,[deleted],walmart,r/walmart,2025-06-12T06:37:10.000Z,comment,,"&lt;div class=""md""&gt;&lt;p&gt;[deleted]&lt;/p&gt;
&lt;/div&gt;",t1_mxc7lta,,,,,,,,,,,1.0,,t1_mxbsuqh,,mxc7lta,t3_1l9d9mk,2026-05-05T00:48:01.795Z,,,,6,https://www.reddit.com/r/walmart/comments/1l9d9mk/90s_walmart/mxc7lta/,,[deleted],
,I have not been able to get them to grow inside. I’m going to buy a TJ one.,traderjoes,r/traderjoes,2025-08-16T17:15:55.000Z,comment,,"&lt;div class=""md""&gt;&lt;p&gt;I have not been able to get them to grow inside. I’m going to buy a TJ one.&lt;/p&gt;
&lt;/div&gt;",t1_n91eap4,,,,,,,,,,,0.0,,t1_n5dacci,,n91eap4,t3_1m4buuy,2026-05-05T00:48:01.801Z,,,,1,https://www.reddit.com/r/traderjoes/comments/1m4buuy/planted_a_small_trader_joes_basil_plant/n91eap4/,t2_3od8vm8,Royals-2015,
,I’m pretty sure I was severely electrocuted because these high-voltage puns have me deader than an iPhone battery after 10 years,walmart,r/walmart,2025-07-29T01:39:31.000Z,comment,,"&lt;div class=""md""&gt;&lt;p&gt;I’m pretty sure I was severely electrocuted because these high-voltage puns have me deader than an iPhone battery after 10 years&lt;/p&gt;
&lt;/div&gt;",t1_n5puz4u,,,,,,,,,,,1.0,,t1_n5k61xc,,n5puz4u,t3_1mb4ue0,2026-05-05T00:48:01.882Z,,,,2,https://www.reddit.com/r/walmart/comments/1mb4ue0/its_getting_serious_over_here/n5puz4u/,t2_ts5qb4nqo,SwordRose_Azusa,
,That definitely looks like what happened here!! Looks like they entered the PLU instead of quantity!!,traderjoes,r/traderjoes,2025-05-11T16:32:27.000Z,comment,,"&lt;div class=""md""&gt;&lt;p&gt;That definitely looks like what happened here!! Looks like they entered the PLU instead of quantity!!&lt;/p&gt;
&lt;/div&gt;",t1_mrrsan3,,,,,,,,,,,0.0,,t1_mrbva5i,,mrrsan3,t3_1kgicnw,2026-05-05T00:48:01.798Z,,,,1,https://www.reddit.com/r/traderjoes/comments/1kgicnw/another_example_of_why_you_should_check_your/mrrsan3/,t2_12ycfx,ThisMusicChick,
Cellphone gal,"Could be late 90s, maybe early 00s the Sams cola checks out.

Edit. Haven't seen news paper dispensers like that outside a Walmart in a LONG time.",walmart,r/walmart,2025-06-12T09:45:19.000Z,comment,,"&lt;div class=""md""&gt;&lt;p&gt;Could be late 90s, maybe early 00s the Sams cola checks out.&lt;/p&gt;

&lt;p&gt;Edit. Haven&amp;#39;t seen news paper dispensers like that outside a Walmart in a LONG time.&lt;/p&gt;
&lt;/div&gt;",t1_mxcqea8,,,,,,,,,,,0.0,,t1_mxc7lta,,mxcqea8,t3_1l9d9mk,2026-05-05T00:48:01.795Z,,,,4,https://www.reddit.com/r/walmart/comments/1l9d9mk/90s_walmart/mxcqea8/,t2_b8ff7poe,lorill-silverlock,
,I ate them faster than they grew...,traderjoes,r/traderjoes,2025-07-24T09:02:31.000Z,comment,,"&lt;div class=""md""&gt;&lt;p&gt;I ate them faster than they grew...&lt;/p&gt;
&lt;/div&gt;",t1_n4v995c,,,,,,,,,,,1.0,,t3_1m4buuy,,n4v995c,t3_1m4buuy,2026-05-05T00:48:01.801Z,,,,5,https://www.reddit.com/r/traderjoes/comments/1m4buuy/planted_a_small_trader_joes_basil_plant/n4v995c/,t2_reahshpw,StandardWait4938,
,"That’s wild. I definitely know what you’re talking about with the plu’s, did that myself a few times thankfully ours required an override for a high quantity so could just cancel it easy and wouldn’t accidentally go through",traderjoes,r/traderjoes,2025-05-09T19:03:20.000Z,comment,,"&lt;div class=""md""&gt;&lt;p&gt;That’s wild. I definitely know what you’re talking about with the plu’s, did that myself a few times thankfully ours required an override for a high quantity so could just cancel it easy and wouldn’t accidentally go through&lt;/p&gt;
&lt;/div&gt;",t1_mrgta8v,,,,,,,,,,,0.0,,t1_mrbva5i,,mrgta8v,t3_1kgicnw,2026-05-05T00:48:01.798Z,,,,2,https://www.reddit.com/r/traderjoes/comments/1kgicnw/another_example_of_why_you_should_check_your/mrgta8v/,t2_15ct9dcsh7,MysticMountainVibes,
,"Costs too much for bullets and walmart is cheap af, they just make u work without water in carts all day until u keel over, replacing u. Rinse n repeat",walmart,r/walmart,2025-07-28T04:43:00.000Z,comment,,"&lt;div class=""md""&gt;&lt;p&gt;Costs too much for bullets and walmart is cheap af, they just make u work without water in carts all day until u keel over, replacing u. Rinse n repeat&lt;/p&gt;
&lt;/div&gt;",t1_n5k12f0,,,,,,,,,,,2.0,,t1_n5joypg,,n5k12f0,t3_1mb4ue0,2026-05-05T00:48:01.882Z,,,,53,https://www.reddit.com/r/walmart/comments/1mb4ue0/its_getting_serious_over_here/n5k12f0/,t2_7ven36fy,BouncingThings,
,Wow. Nice signage compared to today’s penitentiary signage.,walmart,r/walmart,2025-06-12T05:16:48.000Z,comment,,"&lt;div class=""md""&gt;&lt;p&gt;Wow. Nice signage compared to today’s penitentiary signage.&lt;/p&gt;
&lt;/div&gt;",t1_mxbylxo,,,,,,,,,,,0.0,,t1_mxbsuqh,,mxbylxo,t3_1l9d9mk,2026-05-05T00:48:01.795Z,,,,3,https://www.reddit.com/r/walmart/comments/1l9d9mk/90s_walmart/mxbylxo/,t2_6dx6cttp,sm00thkillajones,
,"Did you pinch off the new leaves and let it bush out?  Then when using take leaves evenly from around the plant, esp on the bottom??  Mine tends to fill in.  Although I will say I've had basil plants from other stores that started out smaller and didn't thrive like TJ's do!",traderjoes,r/traderjoes,2025-08-13T02:09:56.000Z,comment,,"&lt;div class=""md""&gt;&lt;p&gt;Did you pinch off the new leaves and let it bush out?  Then when using take leaves evenly from around the plant, esp on the bottom??  Mine tends to fill in.  Although I will say I&amp;#39;ve had basil plants from other stores that started out smaller and didn&amp;#39;t thrive like TJ&amp;#39;s do!&lt;/p&gt;
&lt;/div&gt;",t1_n8ed919,,,,,,,,,,,2.0,,t1_n4v995c,,n8ed919,t3_1m4buuy,2026-05-05T00:48:01.801Z,,,,1,https://www.reddit.com/r/traderjoes/comments/1m4buuy/planted_a_small_trader_joes_basil_plant/n8ed919/,t2_igqiwrot,AVeryFineWhine,
,This happened to me! They tried charging me for 19 bags of green beans for $65.,traderjoes,r/traderjoes,2025-05-08T22:48:15.000Z,comment,,"&lt;div class=""md""&gt;&lt;p&gt;This happened to me! They tried charging me for 19 bags of green beans for $65.&lt;/p&gt;
&lt;/div&gt;",t1_mrbsyhu,,,,,,,,,,,0.0,,t3_1kgicnw,,mrbsyhu,t3_1kgicnw,2026-05-05T00:48:01.799Z,,,,5,https://www.reddit.com/r/traderjoes/comments/1kgicnw/another_example_of_why_you_should_check_your/mrbsyhu/,t2_1aa04aupt6,Appropriate-Boat5236,
,"Good eye, machines look like current ones",walmart,r/walmart,2025-06-12T07:22:21.000Z,comment,,"&lt;div class=""md""&gt;&lt;p&gt;Good eye, machines look like current ones&lt;/p&gt;
&lt;/div&gt;",t1_mxccc1x,,,,,,,,,,,0.0,,t1_mxbsda6,,mxccc1x,t3_1l9d9mk,2026-05-05T00:48:01.795Z,,,,2,https://www.reddit.com/r/walmart/comments/1l9d9mk/90s_walmart/mxccc1x/,t2_smzyedts,Ini_mini_miny_moe,
,[deleted],traderjoes,r/traderjoes,2025-08-14T06:03:10.000Z,comment,,"&lt;div class=""md""&gt;&lt;p&gt;[deleted]&lt;/p&gt;
&lt;/div&gt;",t1_n8lszqe,,,,,,,,,,,1.0,,t1_n8ed919,,n8lszqe,t3_1m4buuy,2026-05-05T00:48:01.801Z,,,,1,https://www.reddit.com/r/traderjoes/comments/1m4buuy/planted_a_small_trader_joes_basil_plant/n8lszqe/,,[deleted],
,"Nah, they wouldn't replace just put you in a chair at the register and say they have a body to work",walmart,r/walmart,2025-07-28T07:04:32.000Z,comment,,"&lt;div class=""md""&gt;&lt;p&gt;Nah, they wouldn&amp;#39;t replace just put you in a chair at the register and say they have a body to work&lt;/p&gt;
&lt;/div&gt;",t1_n5kh391,,,,,,,,,,,1.0,,t1_n5k12f0,,n5kh391,t3_1mb4ue0,2026-05-05T00:48:01.882Z,,,,25,https://www.reddit.com/r/walmart/comments/1mb4ue0/its_getting_serious_over_here/n5kh391/,t2_aupou1f1,Inugurl3,
,I had this happen once. It made for an epic photo and great laugh with friends.,traderjoes,r/traderjoes,2025-05-08T15:19:33.000Z,comment,,"&lt;div class=""md""&gt;&lt;p&gt;I had this happen once. It made for an epic photo and great laugh with friends.&lt;/p&gt;
&lt;/div&gt;",t1_mr9bfm9,,,,,,,,,,,0.0,,t3_1kgicnw,,mr9bfm9,t3_1kgicnw,2026-05-05T00:48:01.799Z,,,,16,https://www.reddit.com/r/traderjoes/comments/1kgicnw/another_example_of_why_you_should_check_your/mr9bfm9/,t2_h032lorwq,SqueakyCheeseburgers,
,"If you look at a basal plant, you will likely see new leaves coming up on each stem.  I don't know how to more clearly say pinch them off.  Then, the energy that would grow to those leaves, will cause the plant to become fuller down below.  Plants have a tendency to become stringy if we don't do this.


It's also a good rule of thumb with some house plants like pathos and crawling philadendrum varieties. ( Although you'll need scissors or little plant shears for those... And rather than pinching, you'll want to cut them long enough for you to root them in water).   If I could figure out how to post pictures in this silly app. I would gladly show you, i'm actually about to replant Trader Joe's basil.  ",traderjoes,r/traderjoes,2025-08-16T21:40:32.000Z,comment,,"&lt;div class=""md""&gt;&lt;p&gt;If you look at a basal plant, you will likely see new leaves coming up on each stem.  I don&amp;#39;t know how to more clearly say pinch them off.  Then, the energy that would grow to those leaves, will cause the plant to become fuller down below.  Plants have a tendency to become stringy if we don&amp;#39;t do this.&lt;/p&gt;

&lt;p&gt;It&amp;#39;s also a good rule of thumb with some house plants like pathos and crawling philadendrum varieties. ( Although you&amp;#39;ll need scissors or little plant shears for those... And rather than pinching, you&amp;#39;ll want to cut them long enough for you to root them in water).   If I could figure out how to post pictures in this silly app. I would gladly show you, i&amp;#39;m actually about to replant Trader Joe&amp;#39;s basil.  &lt;/p&gt;
&lt;/div&gt;",t1_n92rd06,,,,,,,,,,,0.0,,t1_n8lszqe,,n92rd06,t3_1m4buuy,2026-05-05T00:48:01.801Z,,,,1,https://www.reddit.com/r/traderjoes/comments/1m4buuy/planted_a_small_trader_joes_basil_plant/n92rd06/,t2_igqiwrot,AVeryFineWhine,
,You think they would let you sit,walmart,r/walmart,2025-07-28T15:46:02.000Z,comment,,"&lt;div class=""md""&gt;&lt;p&gt;You think they would let you sit&lt;/p&gt;
&lt;/div&gt;",t1_n5mklro,,,,,,,,,,,1.0,,t1_n5kh391,,n5mklro,t3_1mb4ue0,2026-05-05T00:48:01.882Z,,,,9,https://www.reddit.com/r/walmart/comments/1mb4ue0/its_getting_serious_over_here/n5mklro/,t2_3d0j1opa,7evenb,
,"There seems to be too many American references in these pictures for it to be Canadian. 

I suspect this was one of the holdouts to be remodelled and that these pictures aren’t actually from the 90s, but late 2000s to early 2010s",walmart,r/walmart,2025-06-12T13:00:13.000Z,comment,,"&lt;div class=""md""&gt;&lt;p&gt;There seems to be too many American references in these pictures for it to be Canadian. &lt;/p&gt;

&lt;p&gt;I suspect this was one of the holdouts to be remodelled and that these pictures aren’t actually from the 90s, but late 2000s to early 2010s&lt;/p&gt;
&lt;/div&gt;",t1_mxdgyex,,,,,,,,,,,1.0,,t1_mxbsda6,,mxdgyex,t3_1l9d9mk,2026-05-05T00:48:01.795Z,,,,2,https://www.reddit.com/r/walmart/comments/1l9d9mk/90s_walmart/mxdgyex/,t2_12v3go,UnseenDegree,
,haha! and not a lime in sight!,traderjoes,r/traderjoes,2025-05-08T11:07:26.000Z,comment,,"&lt;div class=""md""&gt;&lt;p&gt;haha! and not a lime in sight!&lt;/p&gt;
&lt;/div&gt;",t1_mr83unk,,,,,,,,,,,2.0,,t3_1kgicnw,,mr83unk,t3_1kgicnw,2026-05-05T00:48:01.799Z,,,,27,https://www.reddit.com/r/traderjoes/comments/1kgicnw/another_example_of_why_you_should_check_your/mr83unk/,t2_sovua8nqi,tobefrank1997,
"2 years, electronics is a bitch | Caitlin | she/her | 🏳️‍⚧️",Odds are it probably just closed instead of remodeling,walmart,r/walmart,2025-06-12T13:06:59.000Z,comment,,"&lt;div class=""md""&gt;&lt;p&gt;Odds are it probably just closed instead of remodeling&lt;/p&gt;
&lt;/div&gt;",t1_mxdi4m5,,,,,,,,,,,0.0,,t1_mxdgyex,,mxdi4m5,t3_1l9d9mk,2026-05-05T00:48:01.795Z,,,,1,https://www.reddit.com/r/walmart/comments/1l9d9mk/90s_walmart/mxdi4m5/,t2_113xuh,TylerFurrison,
,"I mean, dead bodies can't stand up so, the chair would have to work, unless they are strapping them to a support beam, lol",walmart,r/walmart,2025-07-28T16:00:26.000Z,comment,,"&lt;div class=""md""&gt;&lt;p&gt;I mean, dead bodies can&amp;#39;t stand up so, the chair would have to work, unless they are strapping them to a support beam, lol&lt;/p&gt;
&lt;/div&gt;",t1_n5mnpt7,,,,,,,,,,,1.0,,t1_n5mklro,,n5mnpt7,t3_1mb4ue0,2026-05-05T00:48:01.882Z,,,,7,https://www.reddit.com/r/walmart/comments/1mb4ue0/its_getting_serious_over_here/n5mnpt7/,t2_aupou1f1,Inugurl3,
,No I take mine off the top to eat. They are generally the biggest.,traderjoes,r/traderjoes,2025-08-13T07:20:08.000Z,comment,,"&lt;div class=""md""&gt;&lt;p&gt;No I take mine off the top to eat. They are generally the biggest.&lt;/p&gt;
&lt;/div&gt;",t1_n8fghpo,,,,,,,,,,,0.0,,t1_n8ed919,,n8fghpo,t3_1m4buuy,2026-05-05T00:48:01.801Z,,,,1,https://www.reddit.com/r/traderjoes/comments/1m4buuy/planted_a_small_trader_joes_basil_plant/n8fghpo/,t2_reahshpw,StandardWait4938,
,They'll just cram a pushbroom handle up your ass to hold you upright.,walmart,r/walmart,2025-07-29T14:10:03.000Z,comment,,"&lt;div class=""md""&gt;&lt;p&gt;They&amp;#39;ll just cram a pushbroom handle up your ass to hold you upright.&lt;/p&gt;
&lt;/div&gt;",t1_n5snwmq,,,,,,,,,,,1.0,,t1_n5mnpt7,,n5snwmq,t3_1mb4ue0,2026-05-05T00:48:01.882Z,,,,3,https://www.reddit.com/r/walmart/comments/1mb4ue0/its_getting_serious_over_here/n5snwmq/,t2_4408g4r4,Guerrilla28er,
,But a body would still fall over some how,walmart,r/walmart,2025-07-29T15:40:30.000Z,comment,,"&lt;div class=""md""&gt;&lt;p&gt;But a body would still fall over some how&lt;/p&gt;
&lt;/div&gt;",t1_n5t6udh,,,,,,,,,,,1.0,,t1_n5snwmq,,n5t6udh,t3_1mb4ue0,2026-05-05T00:48:01.882Z,,,,2,https://www.reddit.com/r/walmart/comments/1mb4ue0/its_getting_serious_over_here/n5t6udh/,t2_aupou1f1,Inugurl3,
,Maybe that's who is really running those robot floor cleaning machines 🤔 The ghosts of past Walmart employees RIP 😪,walmart,r/walmart,2025-07-30T02:58:51.000Z,comment,,"&lt;div class=""md""&gt;&lt;p&gt;Maybe that&amp;#39;s who is really running those robot floor cleaning machines 🤔 The ghosts of past Walmart employees RIP 😪&lt;/p&gt;
&lt;/div&gt;",t1_n5wwsxf,,,,,,,,,,,0.0,,t1_n5t6udh,,n5wwsxf,t3_1mb4ue0,2026-05-05T00:48:01.882Z,,,,2,https://www.reddit.com/r/walmart/comments/1mb4ue0/its_getting_serious_over_here/n5wwsxf/,t2_h78m3r035,jadedinmo,
,"Y'all got the chair? Damn, they'd make us stand out by the loading dock for guillotine demonstrations. We'll Never forget you Nancy ✊😔",walmart,r/walmart,2025-07-28T14:03:28.000Z,comment,,"&lt;div class=""md""&gt;&lt;p&gt;Y&amp;#39;all got the chair? Damn, they&amp;#39;d make us stand out by the loading dock for guillotine demonstrations. We&amp;#39;ll Never forget you Nancy ✊😔&lt;/p&gt;
&lt;/div&gt;",t1_n5lzgjs,,,,,,,,,,,0.0,,t1_n5joypg,,n5lzgjs,t3_1mb4ue0,2026-05-05T00:48:01.882Z,,,,17,https://www.reddit.com/r/walmart/comments/1mb4ue0/its_getting_serious_over_here/n5lzgjs/,t2_b82y5rrk,PieAdorable612,
,"This isn't even everything - I checked and I was only charged for 1 of each item, except the bananas (I was charged for two). I'm definitely not complaining, I'm really just wondering how this could've happened and should I add more to their tip?

I tried adding my receipt, but it would only let me add one image.",,r/walmart,2025-08-16T19:03:30.000Z,post,,"&lt;!-- SC_OFF --&gt;&lt;div class=""md""&gt;&lt;p&gt;This isn&amp;#39;t even everything - I checked and I was only charged for 1 of each item, except the bananas (I was charged for two). I&amp;#39;m definitely not complaining, I&amp;#39;m really just wondering how this could&amp;#39;ve happened and should I add more to their tip?&lt;/p&gt;

&lt;p&gt;I tried adding my receipt, but it would only let me add one image.&lt;/p&gt;
&lt;/div&gt;&lt;!-- SC_ON --&gt;",t3_1ms4g3t,https://i.redd.it/ddby6cw8jfjf1.jpeg,,,,,,False,False,https://i.redd.it/ddby6cw8jfjf1.jpeg,192.0,,False,,walmart,1ms4g3t,,2026-05-05T00:48:04.283Z,https://b.thumbs.redditmedia.com/te_OUmAoU7JdIflV7ts-wZ59PdvtmtW0SAeP_MAv7Hc.jpg,Our Walmart shopper just delivered double of almost everything from my order,0.99,3263,https://www.reddit.com/r/walmart/comments/1ms4g3t/our_walmart_shopper_just_delivered_double_of/,t2_btquy6la,Willing-Ad-9812,
,"We've had issues in the past where an order gets ""cloned"". If this was an express delivery, the driver is probably a moron, though.",walmart,r/walmart,2025-08-16T19:12:14.000Z,comment,,"&lt;div class=""md""&gt;&lt;p&gt;We&amp;#39;ve had issues in the past where an order gets &amp;quot;cloned&amp;quot;. If this was an express delivery, the driver is probably a moron, though.&lt;/p&gt;
&lt;/div&gt;",t1_n920vao,,,,,,,,,,,8.0,,t3_1ms4g3t,,n920vao,t3_1ms4g3t,2026-05-05T00:48:04.324Z,,,,943,https://www.reddit.com/r/walmart/comments/1ms4g3t/our_walmart_shopper_just_delivered_double_of/n920vao/,t2_hzvfu,Greentaboo,
,"""Sir 200 thousand units of this order are ready with another million more on the way""",walmart,r/walmart,2025-08-16T20:45:31.000Z,comment,,"&lt;div class=""md""&gt;&lt;p&gt;&amp;quot;Sir 200 thousand units of this order are ready with another million more on the way&amp;quot;&lt;/p&gt;
&lt;/div&gt;",t1_n92hoho,,,,,,,,,,,1.0,,t1_n920vao,,n92hoho,t3_1ms4g3t,2026-05-05T00:48:04.324Z,,,,125,https://www.reddit.com/r/walmart/comments/1ms4g3t/our_walmart_shopper_just_delivered_double_of/n92hoho/,t2_9lf9vc5,bmartin1989,
,"""Your clones are impressive, you must be proud""",walmart,r/walmart,2025-08-18T01:45:20.000Z,comment,,"&lt;div class=""md""&gt;&lt;p&gt;&amp;quot;Your clones are impressive, you must be proud&amp;quot;&lt;/p&gt;
&lt;/div&gt;",t1_n9a1300,,,,,,,,,,,0.0,,t1_n92hoho,,n9a1300,t3_1ms4g3t,2026-05-05T00:48:04.324Z,,,,12,https://www.reddit.com/r/walmart/comments/1ms4g3t/our_walmart_shopper_just_delivered_double_of/n9a1300/,t2_442n2bvx,Zxcc24,
,"I had that happen with two cases of seagrams sugar free ginger ale a week and a half ago. got my order on saturday..and then tuesday a duplicate showed up. only got charged for the one. both packages matched my order number.

so, my advice? dont look a gift horse in the mouth. thats one less order ya gotta make this month.",walmart,r/walmart,2025-08-16T20:24:31.000Z,comment,,"&lt;div class=""md""&gt;&lt;p&gt;I had that happen with two cases of seagrams sugar free ginger ale a week and a half ago. got my order on saturday..and then tuesday a duplicate showed up. only got charged for the one. both packages matched my order number.&lt;/p&gt;

&lt;p&gt;so, my advice? dont look a gift horse in the mouth. thats one less order ya gotta make this month.&lt;/p&gt;
&lt;/div&gt;",t1_n92dwnz,,,,,,,,,,,2.0,,t1_n920vao,,n92dwnz,t3_1ms4g3t,2026-05-05T00:48:04.324Z,,,,332,https://www.reddit.com/r/walmart/comments/1ms4g3t/our_walmart_shopper_just_delivered_double_of/n92dwnz/,t2_3wiwuyn3,XRaiderV1,
,"I ordered a 45 rpm Beach Boys record, with the original 3 color picture sleeve in NM- condition, with the only flaw being writing on the front of the sleeve. It arrived a day early, then I got a notice from Amazon that the order was lost in shipment, then a week later I got another one basically exactly like the first one but different writing on the sleeve. I contacted Amazon and they said both sellers were paid so I could keep both copies. Score.",walmart,r/walmart,2025-08-17T16:34:21.000Z,comment,,"&lt;div class=""md""&gt;&lt;p&gt;I ordered a 45 rpm Beach Boys record, with the original 3 color picture sleeve in NM- condition, with the only flaw being writing on the front of the sleeve. It arrived a day early, then I got a notice from Amazon that the order was lost in shipment, then a week later I got another one basically exactly like the first one but different writing on the sleeve. I contacted Amazon and they said both sellers were paid so I could keep both copies. Score.&lt;/p&gt;
&lt;/div&gt;",t1_n978zse,,,,,,,,,,,1.0,,t1_n92dwnz,,n978zse,t3_1ms4g3t,2026-05-05T00:48:04.324Z,,,,23,https://www.reddit.com/r/walmart/comments/1ms4g3t/our_walmart_shopper_just_delivered_double_of/n978zse/,t2_ap8felo1,Forza_Harrd,
,Amazon shipped us stuff multiple times we did not order and told us to keep it. Last night was a bed frame whom we gifted to someone else.,walmart,r/walmart,2025-09-09T07:52:58.000Z,comment,,"&lt;div class=""md""&gt;&lt;p&gt;Amazon shipped us stuff multiple times we did not order and told us to keep it. Last night was a bed frame whom we gifted to someone else.&lt;/p&gt;
&lt;/div&gt;",t1_nd888fy,,,,,,,,,,,0.0,,t1_n978zse,,nd888fy,t3_1ms4g3t,2026-05-05T00:48:04.324Z,,,,2,https://www.reddit.com/r/walmart/comments/1ms4g3t/our_walmart_shopper_just_delivered_double_of/nd888fy/,t2_1u9usp4835,VisibleExercise5966,
,I had it happen with flea medicine for my dogs and definitely not gonna complain with the price of those things,walmart,r/walmart,2025-08-19T16:56:44.000Z,comment,,"&lt;div class=""md""&gt;&lt;p&gt;I had it happen with flea medicine for my dogs and definitely not gonna complain with the price of those things&lt;/p&gt;
&lt;/div&gt;",t1_n9k50cn,,,,,,,,,,,0.0,,t1_n92dwnz,,n9k50cn,t3_1ms4g3t,2026-05-05T00:48:04.324Z,,,,3,https://www.reddit.com/r/walmart/comments/1ms4g3t/our_walmart_shopper_just_delivered_double_of/n9k50cn/,t2_4w4md8v7,Jsmalling98,
,Had this happen to me recently for diapers! The driver even reported it but they made him shop and redeliver it.,walmart,r/walmart,2025-08-17T01:01:08.000Z,comment,,"&lt;div class=""md""&gt;&lt;p&gt;Had this happen to me recently for diapers! The driver even reported it but they made him shop and redeliver it.&lt;/p&gt;
&lt;/div&gt;",t1_n93nxhf,,,,,,,,,,,0.0,,t1_n920vao,,n93nxhf,t3_1ms4g3t,2026-05-05T00:48:04.324Z,,,,36,https://www.reddit.com/r/walmart/comments/1ms4g3t/our_walmart_shopper_just_delivered_double_of/n93nxhf/,t2_cn7mmtxc,Sillyslothsum,
,Lol I order 2 of a order of cookies n I got 16 during 2020,walmart,r/walmart,2025-08-16T23:23:30.000Z,comment,,"&lt;div class=""md""&gt;&lt;p&gt;Lol I order 2 of a order of cookies n I got 16 during 2020&lt;/p&gt;
&lt;/div&gt;",t1_n938cg1,,,,,,,,,,,0.0,,t1_n920vao,,n938cg1,t3_1ms4g3t,2026-05-05T00:48:04.324Z,,,,18,https://www.reddit.com/r/walmart/comments/1ms4g3t/our_walmart_shopper_just_delivered_double_of/n938cg1/,t2_r5b4jq8g,Every_Cupcake8532,
,So who ends up paying for it? Walmart?,walmart,r/walmart,2025-08-17T02:04:32.000Z,comment,,"&lt;div class=""md""&gt;&lt;p&gt;So who ends up paying for it? Walmart?&lt;/p&gt;
&lt;/div&gt;",t1_n93y5cy,,,,,,,,,,,3.0,,t1_n920vao,,n93y5cy,t3_1ms4g3t,2026-05-05T00:48:04.324Z,,,,13,https://www.reddit.com/r/walmart/comments/1ms4g3t/our_walmart_shopper_just_delivered_double_of/n93y5cy/,t2_uhirqaeo,Warcraft_Fan,
,"To my knowledge,  there is no way to pay for the overage,  and returning them, even for free,  will cause them to be tossed - at least at my Walmart. They don't sell returned food for safety reasons. 

When I have returned items via the app because I accidentally purchased them, etc., Walmart refunds the money and tells me to keep the item.",walmart,r/walmart,2025-08-17T02:41:39.000Z,comment,,"&lt;div class=""md""&gt;&lt;p&gt;To my knowledge,  there is no way to pay for the overage,  and returning them, even for free,  will cause them to be tossed - at least at my Walmart. They don&amp;#39;t sell returned food for safety reasons. &lt;/p&gt;

&lt;p&gt;When I have returned items via the app because I accidentally purchased them, etc., Walmart refunds the money and tells me to keep the item.&lt;/p&gt;
&lt;/div&gt;",t1_n943vfo,,,,,,,,,,,1.0,,t1_n93y5cy,,n943vfo,t3_1ms4g3t,2026-05-05T00:48:04.324Z,,,,43,https://www.reddit.com/r/walmart/comments/1ms4g3t/our_walmart_shopper_just_delivered_double_of/n943vfo/,t2_fx3nx9je,Much-Chef6275,
,"That actually happened to me with a couple mattresses! I didn't like the first or second one, so I ordered the third they refunded me for the first two. I got to keep them all! It was amazing because I was able to give those two mattresses to a couple of mom's in need. ❤️",walmart,r/walmart,2025-08-19T20:14:40.000Z,comment,,"&lt;div class=""md""&gt;&lt;p&gt;That actually happened to me with a couple mattresses! I didn&amp;#39;t like the first or second one, so I ordered the third they refunded me for the first two. I got to keep them all! It was amazing because I was able to give those two mattresses to a couple of mom&amp;#39;s in need. ❤️&lt;/p&gt;
&lt;/div&gt;",t1_n9lanl2,,,,,,,,,,,0.0,,t1_n943vfo,,n9lanl2,t3_1ms4g3t,2026-05-05T00:48:04.324Z,,,,3,https://www.reddit.com/r/walmart/comments/1ms4g3t/our_walmart_shopper_just_delivered_double_of/n9lanl2/,t2_tnm7hdqh8,Emo-Arrow,
,"Yeah. they can't resell any food that has touched your doorstep, so even if you returned it they'd have to trash it. A couple of someone else's bags ended up in one of my deliveries so I called and they said welp, congratulations on some free stuff, basically. I still gave a list of the items just so it would be easier for the next person to show what was missing from their order.",walmart,r/walmart,2025-08-17T02:52:28.000Z,comment,,"&lt;div class=""md""&gt;&lt;p&gt;Yeah. they can&amp;#39;t resell any food that has touched your doorstep, so even if you returned it they&amp;#39;d have to trash it. A couple of someone else&amp;#39;s bags ended up in one of my deliveries so I called and they said welp, congratulations on some free stuff, basically. I still gave a list of the items just so it would be easier for the next person to show what was missing from their order.&lt;/p&gt;
&lt;/div&gt;",t1_n945ida,,,,,,,,,,,2.0,,t1_n93y5cy,,n945ida,t3_1ms4g3t,2026-05-05T00:48:04.324Z,,,,17,https://www.reddit.com/r/walmart/comments/1ms4g3t/our_walmart_shopper_just_delivered_double_of/n945ida/,t2_r0g5u7nz,changingchannelz,
Associate,"I would say just take the extra and consider it a gift. If you can't store it, maybe give it to neighbors. Either way, don't return food to us because it will go to waste.",walmart,r/walmart,2025-08-17T15:01:15.000Z,comment,,"&lt;div class=""md""&gt;&lt;p&gt;I would say just take the extra and consider it a gift. If you can&amp;#39;t store it, maybe give it to neighbors. Either way, don&amp;#39;t return food to us because it will go to waste.&lt;/p&gt;
&lt;/div&gt;",t1_n96qmgg,,,,,,,,,,,1.0,,t1_n945ida,,n96qmgg,t3_1ms4g3t,2026-05-05T00:48:04.324Z,,,,10,https://www.reddit.com/r/walmart/comments/1ms4g3t/our_walmart_shopper_just_delivered_double_of/n96qmgg/,t2_2oilacdd,Other_Log_1996,
,"We did, don't worry. Ate what we could and shared with neighbours what we couldn't",walmart,r/walmart,2025-08-17T21:43:16.000Z,comment,,"&lt;div class=""md""&gt;&lt;p&gt;We did, don&amp;#39;t worry. Ate what we could and shared with neighbours what we couldn&amp;#39;t&lt;/p&gt;
&lt;/div&gt;",t1_n98x24j,,,,,,,,,,,0.0,,t1_n96qmgg,,n98x24j,t3_1ms4g3t,2026-05-05T00:48:04.324Z,,,,3,https://www.reddit.com/r/walmart/comments/1ms4g3t/our_walmart_shopper_just_delivered_double_of/n98x24j/,t2_r0g5u7nz,changingchannelz,
,My local florists are selling these for $$$!!!! I LOVE that Trader Joe's carries them! Still shook I paid less than $20 for this bouquet 💐 ,,r/traderjoes,2026-02-01T03:59:25.000Z,post,Flowers,"&lt;!-- SC_OFF --&gt;&lt;div class=""md""&gt;&lt;p&gt;My local florists are selling these for $$$!!!! I LOVE that Trader Joe&amp;#39;s carries them! Still shook I paid less than $20 for this bouquet 💐 &lt;/p&gt;
&lt;/div&gt;&lt;!-- SC_ON --&gt;",t3_1qsnx98,https://i.redd.it/kp2dch1q3tgg1.jpeg,,,,,,False,False,https://i.redd.it/kp2dch1q3tgg1.jpeg,93.0,,False,,traderjoes,1qsnx98,,2026-05-05T00:48:06.787Z,https://b.thumbs.redditmedia.com/27Oxp7D1YGGPq7MYQiO_VeDbNzOKMZHOa4GJhBTWNeg.jpg,Bought some Trader Joe's flowers for the first time 😃,1.0,4411,https://www.reddit.com/r/traderjoes/comments/1qsnx98/bought_some_trader_joes_flowers_for_the_first_time/,t2_1srwq7dhi2,United_Animal_2471,
,These are so pretty,traderjoes,r/traderjoes,2026-02-26T16:39:39.000Z,comment,,"&lt;div class=""md""&gt;&lt;p&gt;These are so pretty&lt;/p&gt;
&lt;/div&gt;",t1_o7jgxbm,,,,,,,,,,,0.0,,t3_1qsnx98,,o7jgxbm,t3_1qsnx98,2026-05-05T00:48:06.822Z,,,,2,https://www.reddit.com/r/traderjoes/comments/1qsnx98/bought_some_trader_joes_flowers_for_the_first_time/o7jgxbm/,t2_m4lr3jmmi,ihatecleaningtoilets,
,"I guess I wasn’t raised where we would have fresh flowers in the house unless we picked them from outside. I see flowers in like half the peoples shopping cart, is this something most people do.",traderjoes,r/traderjoes,2026-02-22T15:37:09.000Z,comment,,"&lt;div class=""md""&gt;&lt;p&gt;I guess I wasn’t raised where we would have fresh flowers in the house unless we picked them from outside. I see flowers in like half the peoples shopping cart, is this something most people do.&lt;/p&gt;
&lt;/div&gt;",t1_o6sbbga,,,,,,,,,,,3.0,,t3_1qsnx98,,o6sbbga,t3_1qsnx98,2026-05-05T00:48:06.822Z,,,,3,https://www.reddit.com/r/traderjoes/comments/1qsnx98/bought_some_trader_joes_flowers_for_the_first_time/o6sbbga/,t2_onhc1,darforce,
,"I don’t know about “most”, but many. I don’t “always” have them but k often have them because I love flowers and they make me happy.",traderjoes,r/traderjoes,2026-02-27T14:08:59.000Z,comment,,"&lt;div class=""md""&gt;&lt;p&gt;I don’t know about “most”, but many. I don’t “always” have them but k often have them because I love flowers and they make me happy.&lt;/p&gt;
&lt;/div&gt;",t1_o7pbha3,,,,,,,,,,,0.0,,t1_o6sbbga,,o7pbha3,t3_1qsnx98,2026-05-05T00:48:06.822Z,,,,1,https://www.reddit.com/r/traderjoes/comments/1qsnx98/bought_some_trader_joes_flowers_for_the_first_time/o7pbha3/,t2_2jhgf2jl,WestCoastCompanion,
,No it’s very expensive to always have fresh flowers.,traderjoes,r/traderjoes,2026-02-24T20:42:36.000Z,comment,,"&lt;div class=""md""&gt;&lt;p&gt;No it’s very expensive to always have fresh flowers.&lt;/p&gt;
&lt;/div&gt;",t1_o77cqok,,,,,,,,,,,0.0,,t1_o6sbbga,,o77cqok,t3_1qsnx98,2026-05-05T00:48:06.822Z,,,,1,https://www.reddit.com/r/traderjoes/comments/1qsnx98/bought_some_trader_joes_flowers_for_the_first_time/o77cqok/,t2_1vtfg1bg04,UbeWaffler,
,"I wasn't raised in a house that would ever buy fresh flowers, which is why I do it now! A small bouquet on my desk while I work brings me joy.",traderjoes,r/traderjoes,2026-02-22T15:51:55.000Z,comment,,"&lt;div class=""md""&gt;&lt;p&gt;I wasn&amp;#39;t raised in a house that would ever buy fresh flowers, which is why I do it now! A small bouquet on my desk while I work brings me joy.&lt;/p&gt;
&lt;/div&gt;",t1_o6sejou,,,,,,,,,,,0.0,,t1_o6sbbga,,o6sejou,t3_1qsnx98,2026-05-05T00:48:06.822Z,,,,4,https://www.reddit.com/r/traderjoes/comments/1qsnx98/bought_some_trader_joes_flowers_for_the_first_time/o6sejou/,t2_ynjy8ac6j,TinySteggy,
,Beautiful!!!,traderjoes,r/traderjoes,2026-02-18T00:09:30.000Z,comment,,"&lt;div class=""md""&gt;&lt;p&gt;Beautiful!!!&lt;/p&gt;
&lt;/div&gt;",t1_o5yn6m2,,,,,,,,,,,0.0,,t3_1qsnx98,,o5yn6m2,t3_1qsnx98,2026-05-05T00:48:06.822Z,,,,1,https://www.reddit.com/r/traderjoes/comments/1qsnx98/bought_some_trader_joes_flowers_for_the_first_time/o5yn6m2/,t2_k0eoyav9,newtoreddit246,
,Oh my gosh so pretty 🥹,traderjoes,r/traderjoes,2026-02-07T20:59:19.000Z,comment,,"&lt;div class=""md""&gt;&lt;p&gt;Oh my gosh so pretty 🥹&lt;/p&gt;
&lt;/div&gt;",t1_o456gpg,,,,,,,,,,,0.0,,t3_1qsnx98,,o456gpg,t3_1qsnx98,2026-05-05T00:48:06.822Z,,,,3,https://www.reddit.com/r/traderjoes/comments/1qsnx98/bought_some_trader_joes_flowers_for_the_first_time/o456gpg/,t2_grmljcav,Moonlightbeamss,
,"I purchased all my flowers for my wedding at trader joes. total was about $300 &amp; my friend did the arrangements, bouquets and boutonnieres.",traderjoes,r/traderjoes,2026-02-05T02:32:52.000Z,comment,,"&lt;div class=""md""&gt;&lt;p&gt;I purchased all my flowers for my wedding at trader joes. total was about $300 &amp;amp; my friend did the arrangements, bouquets and boutonnieres.&lt;/p&gt;
&lt;/div&gt;",t1_o3nbvrl,,,,,,,,,,,2.0,,t3_1qsnx98,,o3nbvrl,t3_1qsnx98,2026-05-05T00:48:06.822Z,,,,10,https://www.reddit.com/r/traderjoes/comments/1qsnx98/bought_some_trader_joes_flowers_for_the_first_time/o3nbvrl/,t2_kldhs6q6,kn0ck_0ut,
,Same!! It was really fun to put them together with some of my bridesmaids (we spray painted them) and made it work with our theme really well. I was stoked!,traderjoes,r/traderjoes,2026-02-22T17:49:57.000Z,comment,,"&lt;div class=""md""&gt;&lt;p&gt;Same!! It was really fun to put them together with some of my bridesmaids (we spray painted them) and made it work with our theme really well. I was stoked!&lt;/p&gt;
&lt;/div&gt;",t1_o6t4ou6,,,,,,,,,,,0.0,,t1_o3nbvrl,,o6t4ou6,t3_1qsnx98,2026-05-05T00:48:06.822Z,,,,1,https://www.reddit.com/r/traderjoes/comments/1qsnx98/bought_some_trader_joes_flowers_for_the_first_time/o6t4ou6/,t2_aw35dj62,Sweaty-Armadillo-520,
,Same !,traderjoes,r/traderjoes,2026-02-22T10:03:00.000Z,comment,,"&lt;div class=""md""&gt;&lt;p&gt;Same !&lt;/p&gt;
&lt;/div&gt;",t1_o6qz4cd,,,,,,,,,,,0.0,,t1_o3nbvrl,,o6qz4cd,t3_1qsnx98,2026-05-05T00:48:06.822Z,,,,1,https://www.reddit.com/r/traderjoes/comments/1qsnx98/bought_some_trader_joes_flowers_for_the_first_time/o6qz4cd/,t2_1g02376024,Loislanesays,
,"https://preview.redd.it/p39rzzqfqihg1.jpeg?width=4284&amp;format=pjpg&amp;auto=webp&amp;s=cf6457d9f6aa71dcb09db09a57e7c7726a865c7a

Love TJs flowers",traderjoes,r/traderjoes,2026-02-04T18:09:54.000Z,comment,,"&lt;div class=""md""&gt;&lt;p&gt;&lt;a href=""https://preview.redd.it/p39rzzqfqihg1.jpeg?width=4284&amp;amp;format=pjpg&amp;amp;auto=webp&amp;amp;s=cf6457d9f6aa71dcb09db09a57e7c7726a865c7a""&gt;https://preview.redd.it/p39rzzqfqihg1.jpeg?width=4284&amp;amp;format=pjpg&amp;amp;auto=webp&amp;amp;s=cf6457d9f6aa71dcb09db09a57e7c7726a865c7a&lt;/a&gt;&lt;/p&gt;

&lt;p&gt;Love TJs flowers&lt;/p&gt;
&lt;/div&gt;",t1_o3kkycd,,,,,,,,,,,1.0,,t3_1qsnx98,,o3kkycd,t3_1qsnx98,2026-05-05T00:48:06.822Z,,,,9,https://www.reddit.com/r/traderjoes/comments/1qsnx98/bought_some_trader_joes_flowers_for_the_first_time/o3kkycd/,t2_u6c5old4,henkes4love,
,Please post a picture of whatever you make out of those!!,traderjoes,r/traderjoes,2026-02-04T18:15:20.000Z,comment,,"&lt;div class=""md""&gt;&lt;p&gt;Please post a picture of whatever you make out of those!!&lt;/p&gt;
&lt;/div&gt;",t1_o3km5yb,,,,,,,,,,,1.0,,t1_o3kkycd,,o3km5yb,t3_1qsnx98,2026-05-05T00:48:06.822Z,,,,1,https://www.reddit.com/r/traderjoes/comments/1qsnx98/bought_some_trader_joes_flowers_for_the_first_time/o3km5yb/,t2_1srwq7dhi2,United_Animal_2471,
,"These were from last week but this is from what I did this week!

https://preview.redd.it/fdz2vf7g4lhg1.jpeg?width=4032&amp;format=pjpg&amp;auto=webp&amp;s=7fb5df63731022d321804ca27e9c98796db17834",traderjoes,r/traderjoes,2026-02-05T02:11:50.000Z,comment,,"&lt;div class=""md""&gt;&lt;p&gt;These were from last week but this is from what I did this week!&lt;/p&gt;

&lt;p&gt;&lt;a href=""https://preview.redd.it/fdz2vf7g4lhg1.jpeg?width=4032&amp;amp;format=pjpg&amp;amp;auto=webp&amp;amp;s=7fb5df63731022d321804ca27e9c98796db17834""&gt;https://preview.redd.it/fdz2vf7g4lhg1.jpeg?width=4032&amp;amp;format=pjpg&amp;amp;auto=webp&amp;amp;s=7fb5df63731022d321804ca27e9c98796db17834&lt;/a&gt;&lt;/p&gt;
&lt;/div&gt;",t1_o3n8788,,,,,,,,,,,1.0,,t1_o3km5yb,,o3n8788,t3_1qsnx98,2026-05-05T00:48:06.822Z,,,,5,https://www.reddit.com/r/traderjoes/comments/1qsnx98/bought_some_trader_joes_flowers_for_the_first_time/o3n8788/,t2_u6c5old4,henkes4love,
,Stunner 😍 ,traderjoes,r/traderjoes,2026-02-05T07:17:30.000Z,comment,,"&lt;div class=""md""&gt;&lt;p&gt;Stunner 😍 &lt;/p&gt;
&lt;/div&gt;",t1_o3oge23,,,,,,,,,,,0.0,,t1_o3n8788,,o3oge23,t3_1qsnx98,2026-05-05T00:48:06.822Z,,,,1,https://www.reddit.com/r/traderjoes/comments/1qsnx98/bought_some_trader_joes_flowers_for_the_first_time/o3oge23/,t2_1srwq7dhi2,United_Animal_2471,
,The roses that I buy last almost 2 weeks. And they are cheap.,traderjoes,r/traderjoes,2026-02-03T13:47:05.000Z,comment,,"&lt;div class=""md""&gt;&lt;p&gt;The roses that I buy last almost 2 weeks. And they are cheap.&lt;/p&gt;
&lt;/div&gt;",t1_o3c9w9b,,,,,,,,,,,0.0,,t3_1qsnx98,,o3c9w9b,t3_1qsnx98,2026-05-05T00:48:06.822Z,,,,8,https://www.reddit.com/r/traderjoes/comments/1qsnx98/bought_some_trader_joes_flowers_for_the_first_time/o3c9w9b/,t2_po4r4okc,MsLidaRose,
,"This is my 6th year going out of my way to Trader Joe’s specifically to buy a bouquet of peonies. I suck at putting together fancy bouquets with a variety of flowers, but I like the simplicity of peonies on their own :)

It’s beginning to feel like my emotional support peony because I keep dragging it around with me to different rooms in my home, depending on where I’m hanging out. It smells so good!",,r/traderjoes,2025-05-16T22:35:42.000Z,post,Flowers,"&lt;!-- SC_OFF --&gt;&lt;div class=""md""&gt;&lt;p&gt;This is my 6th year going out of my way to Trader Joe’s specifically to buy a bouquet of peonies. I suck at putting together fancy bouquets with a variety of flowers, but I like the simplicity of peonies on their own :)&lt;/p&gt;

&lt;p&gt;It’s beginning to feel like my emotional support peony because I keep dragging it around with me to different rooms in my home, depending on where I’m hanging out. It smells so good!&lt;/p&gt;
&lt;/div&gt;&lt;!-- SC_ON --&gt;",t3_1kodvhl,https://i.redd.it/46rwhxq8181f1.jpeg,,,,,,False,False,https://i.redd.it/46rwhxq8181f1.jpeg,76.0,,False,,traderjoes,1kodvhl,,2026-05-05T00:48:10.192Z,default,Trader Joe peonies will always be my favorite seasonal product,0.99,4127,https://www.reddit.com/r/traderjoes/comments/1kodvhl/trader_joe_peonies_will_always_be_my_favorite/,t2_j2dlu,NarcoticFairy,
,Oh I love this color…,traderjoes,r/traderjoes,2025-05-22T04:17:02.000Z,comment,,"&lt;div class=""md""&gt;&lt;p&gt;Oh I love this color…&lt;/p&gt;
&lt;/div&gt;",t1_mtln41k,,,,,,,,,,,0.0,,t3_1kodvhl,,mtln41k,t3_1kodvhl,2026-05-05T00:48:10.282Z,,,,2,https://www.reddit.com/r/traderjoes/comments/1kodvhl/trader_joe_peonies_will_always_be_my_favorite/mtln41k/,t2_y04txsz,medusamagpie,
,https://preview.redd.it/rlfw6ryzr02f1.jpeg?width=4284&amp;format=pjpg&amp;auto=webp&amp;s=b8201f5712e7bef987496bd5083b5559a35cbd52,traderjoes,r/traderjoes,2025-05-20T23:15:34.000Z,comment,,"&lt;div class=""md""&gt;&lt;p&gt;&lt;a href=""https://preview.redd.it/rlfw6ryzr02f1.jpeg?width=4284&amp;amp;format=pjpg&amp;amp;auto=webp&amp;amp;s=b8201f5712e7bef987496bd5083b5559a35cbd52""&gt;https://preview.redd.it/rlfw6ryzr02f1.jpeg?width=4284&amp;amp;format=pjpg&amp;amp;auto=webp&amp;amp;s=b8201f5712e7bef987496bd5083b5559a35cbd52&lt;/a&gt;&lt;/p&gt;
&lt;/div&gt;",t1_mtdrz8h,,,,,,,,,,,1.0,,t3_1kodvhl,,mtdrz8h,t3_1kodvhl,2026-05-05T00:48:10.282Z,,,,10,https://www.reddit.com/r/traderjoes/comments/1kodvhl/trader_joe_peonies_will_always_be_my_favorite/mtdrz8h/,t2_3f78dl4r,tathev91,
,Wow those are huge! I love how the color and size can vary so much,traderjoes,r/traderjoes,2025-05-21T00:35:21.000Z,comment,,"&lt;div class=""md""&gt;&lt;p&gt;Wow those are huge! I love how the color and size can vary so much&lt;/p&gt;
&lt;/div&gt;",t1_mte5kai,,,,,,,,,,,1.0,,t1_mtdrz8h,,mte5kai,t3_1kodvhl,2026-05-05T00:48:10.282Z,,,,2,https://www.reddit.com/r/traderjoes/comments/1kodvhl/trader_joe_peonies_will_always_be_my_favorite/mte5kai/,t2_j2dlu,NarcoticFairy,
,It was a week long show 💗,traderjoes,r/traderjoes,2025-05-23T02:55:02.000Z,comment,,"&lt;div class=""md""&gt;&lt;p&gt;It was a week long show 💗&lt;/p&gt;
&lt;/div&gt;",t1_mtrrpti,,,,,,,,,,,0.0,,t1_mte5kai,,mtrrpti,t3_1kodvhl,2026-05-05T00:48:10.282Z,,,,2,https://www.reddit.com/r/traderjoes/comments/1kodvhl/trader_joe_peonies_will_always_be_my_favorite/mtrrpti/,t2_3f78dl4r,tathev91,
,"https://preview.redd.it/9xvojs3aos1f1.jpeg?width=2268&amp;format=pjpg&amp;auto=webp&amp;s=669039ecd37998790a9bab63eb3f125445f187c4

Every year I forget just how gorgeous they are",traderjoes,r/traderjoes,2025-05-19T20:00:47.000Z,comment,,"&lt;div class=""md""&gt;&lt;p&gt;&lt;a href=""https://preview.redd.it/9xvojs3aos1f1.jpeg?width=2268&amp;amp;format=pjpg&amp;amp;auto=webp&amp;amp;s=669039ecd37998790a9bab63eb3f125445f187c4""&gt;https://preview.redd.it/9xvojs3aos1f1.jpeg?width=2268&amp;amp;format=pjpg&amp;amp;auto=webp&amp;amp;s=669039ecd37998790a9bab63eb3f125445f187c4&lt;/a&gt;&lt;/p&gt;

&lt;p&gt;Every year I forget just how gorgeous they are&lt;/p&gt;
&lt;/div&gt;",t1_mt6gb4n,,,,,,,,,,,0.0,,t3_1kodvhl,,mt6gb4n,t3_1kodvhl,2026-05-05T00:48:10.282Z,,,,9,https://www.reddit.com/r/traderjoes/comments/1kodvhl/trader_joe_peonies_will_always_be_my_favorite/mt6gb4n/,t2_vncr6,Ninatwo,
,* *adds to shopping list!* *,traderjoes,r/traderjoes,2025-05-19T07:46:43.000Z,comment,,"&lt;div class=""md""&gt;&lt;ul&gt;
&lt;li&gt;&lt;em&gt;adds to shopping list!&lt;/em&gt; *&lt;/li&gt;
&lt;/ul&gt;
&lt;/div&gt;",t1_mt355nj,,,,,,,,,,,0.0,,t3_1kodvhl,,mt355nj,t3_1kodvhl,2026-05-05T00:48:10.282Z,,,,3,https://www.reddit.com/r/traderjoes/comments/1kodvhl/trader_joe_peonies_will_always_be_my_favorite/mt355nj/,t2_tsw917m0x,PomegranateBoring826,
,Beautiful pic. This made my day a bit brighter,traderjoes,r/traderjoes,2025-05-18T21:20:29.000Z,comment,,"&lt;div class=""md""&gt;&lt;p&gt;Beautiful pic. This made my day a bit brighter&lt;/p&gt;
&lt;/div&gt;",t1_mt0p7yw,,,,,,,,,,,0.0,,t3_1kodvhl,,mt0p7yw,t3_1kodvhl,2026-05-05T00:48:10.282Z,,,,3,https://www.reddit.com/r/traderjoes/comments/1kodvhl/trader_joe_peonies_will_always_be_my_favorite/mt0p7yw/,t2_e96xjq60,SorryJustwonderin,
,When do they have them usually? I never seem to be lucky 🥹,traderjoes,r/traderjoes,2025-05-18T18:54:50.000Z,comment,,"&lt;div class=""md""&gt;&lt;p&gt;When do they have them usually? I never seem to be lucky 🥹&lt;/p&gt;
&lt;/div&gt;",t1_mszxzbv,,,,,,,,,,,1.0,,t3_1kodvhl,,mszxzbv,t3_1kodvhl,2026-05-05T00:48:10.282Z,,,,5,https://www.reddit.com/r/traderjoes/comments/1kodvhl/trader_joe_peonies_will_always_be_my_favorite/mszxzbv/,t2_c8p59q00,Meowserspaws,
,I’ve only been lucky enough once. 😭😭😭,traderjoes,r/traderjoes,2025-05-19T13:07:58.000Z,comment,,"&lt;div class=""md""&gt;&lt;p&gt;I’ve only been lucky enough once. 😭😭😭&lt;/p&gt;
&lt;/div&gt;",t1_mt46ka0,,,,,,,,,,,0.0,,t1_mszxzbv,,mt46ka0,t3_1kodvhl,2026-05-05T00:48:10.282Z,,,,2,https://www.reddit.com/r/traderjoes/comments/1kodvhl/trader_joe_peonies_will_always_be_my_favorite/mt46ka0/,t2_y1hn7,jamierocksanne,
North Carolina,hell yeah and i gotta make a TJ run today!!!,traderjoes,r/traderjoes,2025-05-18T15:59:42.000Z,comment,,"&lt;div class=""md""&gt;&lt;p&gt;hell yeah and i gotta make a TJ run today!!!&lt;/p&gt;
&lt;/div&gt;",t1_msz0ka5,,,,,,,,,,,0.0,,t3_1kodvhl,,msz0ka5,t3_1kodvhl,2026-05-05T00:48:10.282Z,,,,1,https://www.reddit.com/r/traderjoes/comments/1kodvhl/trader_joe_peonies_will_always_be_my_favorite/msz0ka5/,t2_16p6cn,Blueberry_s4,
,So now Walmart wants to send work calls to my personal phone? Screw that! Fix your internal phone system because the first customer call i get on my personal phone I'm uninstalling the app.,,r/walmart,2025-06-05T08:27:14.000Z,post,,"&lt;!-- SC_OFF --&gt;&lt;div class=""md""&gt;&lt;p&gt;So now Walmart wants to send work calls to my personal phone? Screw that! Fix your internal phone system because the first customer call i get on my personal phone I&amp;#39;m uninstalling the app.&lt;/p&gt;
&lt;/div&gt;&lt;!-- SC_ON --&gt;",t3_1l3tza7,https://i.redd.it/ofn1w9g3k25f1.jpg,https://i.redd.it/hk14frd3k25f1.jpg,https://i.redd.it/fztsanm3k25f1.jpg,https://i.redd.it/0d8hjrj3k25f1.jpg,,,False,False,https://www.reddit.com/gallery/1l3tza7,647.0,,False,,walmart,1l3tza7,,2026-05-05T00:48:12.190Z,https://b.thumbs.redditmedia.com/JbDchNLZBCeY4psmIVdfZAPBGIWj0pWoorL4NUTJPfU.jpg,What in the Walmart crap is this?,0.98,3241,https://www.reddit.com/r/walmart/comments/1l3tza7/what_in_the_walmart_crap_is_this/,t2_80efne3c,Cultural-Voice-4461,
,"Thumbnail: https://b.thumbs.redditmedia.com/x5JAhUQLT-TPFazM_wCZvIbV3OxhQX3QAfqDz-aglqc.jpg
",,r/traderjoes,2025-10-24T16:14:41.000Z,post,Haul + Pets :),"Thumbnail: https://b.thumbs.redditmedia.com/x5JAhUQLT-TPFazM_wCZvIbV3OxhQX3QAfqDz-aglqc.jpg
",t3_1of20aw,https://i.redd.it/gcf6xf5w33xf1.jpg,https://i.redd.it/zde28e5w33xf1.jpg,https://i.redd.it/xlwudd5w33xf1.jpg,https://i.redd.it/m42bte5w33xf1.jpg,,,False,False,https://www.reddit.com/gallery/1of20aw,81.0,,False,,traderjoes,1of20aw,,2026-05-05T00:48:12.090Z,https://b.thumbs.redditmedia.com/x5JAhUQLT-TPFazM_wCZvIbV3OxhQX3QAfqDz-aglqc.jpg,"Please enjoy Maple, our Trader Joe’s kitty",0.99,4096,https://www.reddit.com/r/traderjoes/comments/1of20aw/please_enjoy_maple_our_trader_joes_kitty/,t2_mnh5jnzc,Rich-Individual-763,
,"For context: I tried to refund a Walmart+ subscription, and the agent talked me out of it in exchange for 2 free months. After the chat ended, the ""unsubscribe"" option (that i used 10 minutes prior) completely disappeared from the Walmart app. The photo is the second agent. ",,r/walmart,2025-08-23T00:24:26.000Z,post,Shit Post,"&lt;!-- SC_OFF --&gt;&lt;div class=""md""&gt;&lt;p&gt;For context: I tried to refund a Walmart+ subscription, and the agent talked me out of it in exchange for 2 free months. After the chat ended, the &amp;quot;unsubscribe&amp;quot; option (that i used 10 minutes prior) completely disappeared from the Walmart app. The photo is the second agent. &lt;/p&gt;
&lt;/div&gt;&lt;!-- SC_ON --&gt;",t3_1mxn57i,https://i.redd.it/qc393k5zxnkf1.jpeg,,,,,,False,False,https://i.redd.it/qc393k5zxnkf1.jpeg,107.0,,False,,walmart,1mxn57i,,2026-05-05T00:48:12.291Z,https://b.thumbs.redditmedia.com/2kmogZBGnUc4zV3vebq3dm3PwWCglBr0gmX_D9Fra4w.jpg,You cant make this up,0.99,3191,https://www.reddit.com/r/walmart/comments/1mxn57i/you_cant_make_this_up/,,[deleted],
Texas,Almost threw this box in the recycling bin when I realized it might make beautiful gift tags! Now I have a reason to buy the apricot ones. ,,r/traderjoes,2025-08-30T03:54:56.000Z,post,Upcycling / Reusing,"&lt;!-- SC_OFF --&gt;&lt;div class=""md""&gt;&lt;p&gt;Almost threw this box in the recycling bin when I realized it might make beautiful gift tags! Now I have a reason to buy the apricot ones. &lt;/p&gt;
&lt;/div&gt;&lt;!-- SC_ON --&gt;",t3_1n3rwjr,https://i.redd.it/bck7xtvwx2mf1.jpeg,,,,,,False,False,https://i.redd.it/bck7xtvwx2mf1.jpeg,64.0,,False,,traderjoes,1n3rwjr,,2026-05-05T00:48:12.288Z,https://b.thumbs.redditmedia.com/1uGp36ogIDFf6Gn-Y7BHAN2mDh5s2o7Wl1jvymjkorw.jpg,Apple Shortbread box —&gt; gift tags!,0.99,3827,https://www.reddit.com/r/traderjoes/comments/1n3rwjr/apple_shortbread_box_gift_tags/,t2_uswdxo94,thebossofbrie,
,MY HEART 😭 oh how I love black cats 🖤,traderjoes,r/traderjoes,2025-11-18T07:29:28.000Z,comment,,"&lt;div class=""md""&gt;&lt;p&gt;MY HEART 😭 oh how I love black cats 🖤&lt;/p&gt;
&lt;/div&gt;",t1_npgh5j8,,,,,,,,,,,0.0,,t3_1of20aw,,npgh5j8,t3_1of20aw,2026-05-05T00:48:12.387Z,,,,1,https://www.reddit.com/r/traderjoes/comments/1of20aw/please_enjoy_maple_our_trader_joes_kitty/npgh5j8/,,[deleted],
,Trader Joe’s is like the only place near me that has ever sold peonies 🤞,traderjoes,r/traderjoes,2025-05-18T09:48:19.000Z,comment,,"&lt;div class=""md""&gt;&lt;p&gt;Trader Joe’s is like the only place near me that has ever sold peonies 🤞&lt;/p&gt;
&lt;/div&gt;",t1_msxi9sb,,,,,,,,,,,1.0,,t3_1kodvhl,,msxi9sb,t3_1kodvhl,2026-05-05T00:48:10.282Z,,,,6,https://www.reddit.com/r/traderjoes/comments/1kodvhl/trader_joe_peonies_will_always_be_my_favorite/msxi9sb/,t2_t0vvbp6i,SafeSpecialist2104,
,This looks pretty much exactly like what my target uses around the store. A lot of called just end up routing back to customer service and then get called out on a radio for like 5-10 minutes til either someone in the department answers or a manager takes the call. Doesn’t work very well.,walmart,r/walmart,2025-06-05T08:51:08.000Z,comment,,"&lt;div class=""md""&gt;&lt;p&gt;This looks pretty much exactly like what my target uses around the store. A lot of called just end up routing back to customer service and then get called out on a radio for like 5-10 minutes til either someone in the department answers or a manager takes the call. Doesn’t work very well.&lt;/p&gt;
&lt;/div&gt;",t1_mw3pwsk,,,,,,,,,,,4.0,,t3_1l3tza7,,mw3pwsk,t3_1l3tza7,2026-05-05T00:48:12.384Z,,,,526,https://www.reddit.com/r/walmart/comments/1l3tza7/what_in_the_walmart_crap_is_this/mw3pwsk/,t2_4enw4ree,YoungDaggerDawg,
OGP ✨ ,"Images:
	https://preview.redd.it/61aiofp4ky8f1.jpeg?auto=webp&amp;s=1aca03b48aca4e982f077a3c5e5dc3c253b07a4e
",,r/walmart,2025-06-24T23:16:50.000Z,post,Wholesome Post,"Images:
	https://preview.redd.it/61aiofp4ky8f1.jpeg?auto=webp&amp;s=1aca03b48aca4e982f077a3c5e5dc3c253b07a4e
",t3_1ljq57a,https://i.redd.it/61aiofp4ky8f1.jpeg,,,,,,False,False,https://i.redd.it/61aiofp4ky8f1.jpeg,138.0,,False,,walmart,1ljq57a,,2026-05-05T00:48:12.383Z,"https://external-preview.redd.it/uQwB1m2F1HTOmihT8Lrtk_pjG1Olw29zFlZQY8fOBaI.jpeg?width=140&amp;height=140&amp;crop=140:140,smart&amp;auto=webp&amp;s=f3555ed58d0787accc4a99e944125d44ddb84144","No, bitch",0.96,3107,https://www.reddit.com/r/walmart/comments/1ljq57a/no_bitch/,t2_atmk3j0w,Due-Needleworker2208,
,Hilarious. This timeline is fucked.,walmart,r/walmart,2025-08-23T00:32:26.000Z,comment,,"&lt;div class=""md""&gt;&lt;p&gt;Hilarious. This timeline is fucked.&lt;/p&gt;
&lt;/div&gt;",t1_na63wd1,,,,,,,,,,,0.0,,t3_1mxn57i,,na63wd1,t3_1mxn57i,2026-05-05T00:48:12.416Z,,,,431,https://www.reddit.com/r/walmart/comments/1mxn57i/you_cant_make_this_up/na63wd1/,t2_8j11v7xe,m0b090,
,[deleted],traderjoes,r/traderjoes,2025-05-19T00:40:41.000Z,comment,,"&lt;div class=""md""&gt;&lt;p&gt;[deleted]&lt;/p&gt;
&lt;/div&gt;",t1_mt1mvc1,,,,,,,,,,,1.0,,t1_msxi9sb,,mt1mvc1,t3_1kodvhl,2026-05-05T00:48:10.282Z,,,,1,https://www.reddit.com/r/traderjoes/comments/1kodvhl/trader_joe_peonies_will_always_be_my_favorite/mt1mvc1/,,[deleted],
,"Posts that don't follow r/traderjoes subreddit rules may be subject to removal. 

**Friendly reminder: No vague or non-descriptive post titles, this includes questions.**


Choosing descriptive post titles with product names, descriptions and/or exact question mentioned is preferred as not everybody is able to view image captions, it also yields better subreddit search results and helps blind and visually impaired Redditors who use Screen Reader Software or Text-to-Speech apps. to access Reddit. Thank you.

IF THIS MESSAGE DOES NOT APPLY TO YOUR POST, PLEASE IGNORE.


*I am a bot, and this action was performed automatically. Please [contact the moderators of this subreddit](/message/compose/?to=/r/traderjoes) if you have any questions or concerns.*",traderjoes,r/traderjoes,2025-08-30T03:54:59.000Z,comment,,"&lt;div class=""md""&gt;&lt;p&gt;Posts that don&amp;#39;t follow &lt;a href=""/r/traderjoes""&gt;r/traderjoes&lt;/a&gt; subreddit rules may be subject to removal. &lt;/p&gt;

&lt;p&gt;&lt;strong&gt;Friendly reminder: No vague or non-descriptive post titles, this includes questions.&lt;/strong&gt;&lt;/p&gt;

&lt;p&gt;Choosing descriptive post titles with product names, descriptions and/or exact question mentioned is preferred as not everybody is able to view image captions, it also yields better subreddit search results and helps blind and visually impaired Redditors who use Screen Reader Software or Text-to-Speech apps. to access Reddit. Thank you.&lt;/p&gt;

&lt;p&gt;IF THIS MESSAGE DOES NOT APPLY TO YOUR POST, PLEASE IGNORE.&lt;/p&gt;

&lt;p&gt;&lt;em&gt;I am a bot, and this action was performed automatically. Please &lt;a href=""/message/compose/?to=/r/traderjoes""&gt;contact the moderators of this subreddit&lt;/a&gt; if you have any questions or concerns.&lt;/em&gt;&lt;/p&gt;
&lt;/div&gt;",t1_nbfpvdd,,,,,,,,,,,0.0,,t3_1n3rwjr,,nbfpvdd,t3_1n3rwjr,2026-05-05T00:48:12.418Z,,,,1,https://www.reddit.com/r/traderjoes/comments/1n3rwjr/apple_shortbread_box_gift_tags/nbfpvdd/,t2_6l4z3,AutoModerator,
,"Target basically has a pop-up over whatever you're doing and since you're pretty much always doing something even if it takes 3 seconds to finish it, you have to decline the call before you can do it.  

Target also barcodes every backroom shelf (bin) location (position), and every each has to be counted and scanned in, so if you're anywhere in that process, you can't answer.

Target also has an issue where you frequently don't get connected to your department when you clock in and a lot of 1 person departments, so it's normal for it to just not ring for half a shift until you go ""it's awfully quiet today"" or someone calls ""parked call for [department on 201] or...never if the only Team Lead in the building is Engagement &amp; Experience and they're running the cash office.

The system is almost *designed* to make it impossible to answer the call, but there's probably no mechanism in the OS to have it work better.

I already need a second phone some of the time to do mod things on one phone and UPC scanning on another since for whatever reason we can't have separate apps.",walmart,r/walmart,2025-06-05T11:32:41.000Z,comment,,"&lt;div class=""md""&gt;&lt;p&gt;Target basically has a pop-up over whatever you&amp;#39;re doing and since you&amp;#39;re pretty much always doing something even if it takes 3 seconds to finish it, you have to decline the call before you can do it.  &lt;/p&gt;

&lt;p&gt;Target also barcodes every backroom shelf (bin) location (position), and every each has to be counted and scanned in, so if you&amp;#39;re anywhere in that process, you can&amp;#39;t answer.&lt;/p&gt;

&lt;p&gt;Target also has an issue where you frequently don&amp;#39;t get connected to your department when you clock in and a lot of 1 person departments, so it&amp;#39;s normal for it to just not ring for half a shift until you go &amp;quot;it&amp;#39;s awfully quiet today&amp;quot; or someone calls &amp;quot;parked call for [department on 201] or...never if the only Team Lead in the building is Engagement &amp;amp; Experience and they&amp;#39;re running the cash office.&lt;/p&gt;

&lt;p&gt;The system is almost &lt;em&gt;designed&lt;/em&gt; to make it impossible to answer the call, but there&amp;#39;s probably no mechanism in the OS to have it work better.&lt;/p&gt;

&lt;p&gt;I already need a second phone some of the time to do mod things on one phone and UPC scanning on another since for whatever reason we can&amp;#39;t have separate apps.&lt;/p&gt;
&lt;/div&gt;",t1_mw48d2m,,,,,,,,,,,4.0,,t1_mw3pwsk,,mw48d2m,t3_1l3tza7,2026-05-05T00:48:12.384Z,,,,111,https://www.reddit.com/r/walmart/comments/1l3tza7/what_in_the_walmart_crap_is_this/mw48d2m/,t2_48z0g,ILikeLenexa,
,black kitties are the best!!,traderjoes,r/traderjoes,2025-10-31T21:04:35.000Z,comment,,"&lt;div class=""md""&gt;&lt;p&gt;black kitties are the best!!&lt;/p&gt;
&lt;/div&gt;",t1_nmfq4y3,,,,,,,,,,,0.0,,t3_1of20aw,,nmfq4y3,t3_1of20aw,2026-05-05T00:48:12.387Z,,,,6,https://www.reddit.com/r/traderjoes/comments/1of20aw/please_enjoy_maple_our_trader_joes_kitty/nmfq4y3/,,[deleted],
,"“I’m afraid I can’t do that, Dave.”",walmart,r/walmart,2025-08-23T01:21:13.000Z,comment,,"&lt;div class=""md""&gt;&lt;p&gt;“I’m afraid I can’t do that, Dave.”&lt;/p&gt;
&lt;/div&gt;",t1_na6bntc,,,,,,,,,,,1.0,,t3_1mxn57i,,na6bntc,t3_1mxn57i,2026-05-05T00:48:12.416Z,,,,344,https://www.reddit.com/r/walmart/comments/1mxn57i/you_cant_make_this_up/na6bntc/,t2_1ktn21j,ReadRightRed99,
Cashier,"If I could look one more time, I wouldn’t have nil picked it in the first place",walmart,r/walmart,2025-06-24T23:20:55.000Z,comment,,"&lt;div class=""md""&gt;&lt;p&gt;If I could look one more time, I wouldn’t have nil picked it in the first place&lt;/p&gt;
&lt;/div&gt;",t1_mzlpyq8,,,,,,,,,,,7.0,,t3_1ljq57a,,mzlpyq8,t3_1ljq57a,2026-05-05T00:48:12.483Z,,,,856,https://www.reddit.com/r/walmart/comments/1ljq57a/no_bitch/mzlpyq8/,t2_4n5uckkb,Escalade1414,
,"my fiancé destroyed these in a day, we’re going back tomorrow. should’ve financed a Prius",traderjoes,r/traderjoes,2025-09-24T02:22:14.000Z,comment,,"&lt;div class=""md""&gt;&lt;p&gt;my fiancé destroyed these in a day, we’re going back tomorrow. should’ve financed a Prius&lt;/p&gt;
&lt;/div&gt;",t1_nfvph64,,,,,,,,,,,0.0,,t3_1n3rwjr,,nfvph64,t3_1n3rwjr,2026-05-05T00:48:12.418Z,,,,7,https://www.reddit.com/r/traderjoes/comments/1n3rwjr/apple_shortbread_box_gift_tags/nfvph64/,t2_1pal3nq8lc,vvschain321,
,which costco??!,traderjoes,r/traderjoes,2025-06-04T15:37:24.000Z,comment,,"&lt;div class=""md""&gt;&lt;p&gt;which costco??!&lt;/p&gt;
&lt;/div&gt;",t1_mvyvkug,,,,,,,,,,,0.0,,t1_mt1mvc1,,mvyvkug,t3_1kodvhl,2026-05-05T00:48:10.282Z,,,,1,https://www.reddit.com/r/traderjoes/comments/1kodvhl/trader_joe_peonies_will_always_be_my_favorite/mvyvkug/,t2_l7dp1wx0q,TheEastSea15,
,"Daisy, Daisy, give me…",walmart,r/walmart,2025-08-23T03:05:01.000Z,comment,,"&lt;div class=""md""&gt;&lt;p&gt;Daisy, Daisy, give me…&lt;/p&gt;
&lt;/div&gt;",t1_na6rheq,,,,,,,,,,,1.0,,t1_na6bntc,,na6rheq,t3_1mxn57i,2026-05-05T00:48:12.416Z,,,,50,https://www.reddit.com/r/walmart/comments/1mxn57i/you_cant_make_this_up/na6rheq/,t2_c8yyyeu,Redditallreally,
Grocery Gremlin,"I mean, you could look until your eyes bleed. You're just not going to find it.",walmart,r/walmart,2025-06-25T00:01:46.000Z,comment,,"&lt;div class=""md""&gt;&lt;p&gt;I mean, you could look until your eyes bleed. You&amp;#39;re just not going to find it.&lt;/p&gt;
&lt;/div&gt;",t1_mzlxev6,,,,,,,,,,,1.0,,t1_mzlpyq8,,mzlxev6,t3_1ljq57a,2026-05-05T00:48:12.483Z,,,,260,https://www.reddit.com/r/walmart/comments/1ljq57a/no_bitch/mzlxev6/,t2_r9odb,diescheide,
,Target did have this when I worked there but target also had there own work phones that we would grab and put back every day. I honestly think that’s way better then forcing your workers to use they’re own phones I think Walmart is being super cheap,walmart,r/walmart,2025-06-05T15:45:39.000Z,comment,,"&lt;div class=""md""&gt;&lt;p&gt;Target did have this when I worked there but target also had there own work phones that we would grab and put back every day. I honestly think that’s way better then forcing your workers to use they’re own phones I think Walmart is being super cheap&lt;/p&gt;
&lt;/div&gt;",t1_mw5ioon,,,,,,,,,,,3.0,,t1_mw48d2m,,mw5ioon,t3_1l3tza7,2026-05-05T00:48:12.384Z,,,,57,https://www.reddit.com/r/walmart/comments/1l3tza7/what_in_the_walmart_crap_is_this/mw5ioon/,t2_2qu99d6g,mxryjxne28,
,Does anyone know which variety of peony that specific color is? I used to get them at Trader Joe’s but I moved away years ago and never found out.,traderjoes,r/traderjoes,2025-05-18T03:35:07.000Z,comment,,"&lt;div class=""md""&gt;&lt;p&gt;Does anyone know which variety of peony that specific color is? I used to get them at Trader Joe’s but I moved away years ago and never found out.&lt;/p&gt;
&lt;/div&gt;",t1_mswfgxt,,,,,,,,,,,3.0,,t3_1kodvhl,,mswfgxt,t3_1kodvhl,2026-05-05T00:48:10.282Z,,,,13,https://www.reddit.com/r/traderjoes/comments/1kodvhl/trader_joe_peonies_will_always_be_my_favorite/mswfgxt/,t2_28qu288s,probablecaws,
,So crafty. Love it 😀,traderjoes,r/traderjoes,2025-09-04T16:53:51.000Z,comment,,"&lt;div class=""md""&gt;&lt;p&gt;So crafty. Love it 😀&lt;/p&gt;
&lt;/div&gt;",t1_ncej38f,,,,,,,,,,,0.0,,t3_1n3rwjr,,ncej38f,t3_1n3rwjr,2026-05-05T00:48:12.418Z,,,,5,https://www.reddit.com/r/traderjoes/comments/1n3rwjr/apple_shortbread_box_gift_tags/ncej38f/,t2_ytbb9ov,mspineappleinthesea,
,Did you look with your special eyes?,walmart,r/walmart,2025-06-25T04:48:21.000Z,comment,,"&lt;div class=""md""&gt;&lt;p&gt;Did you look with your special eyes?&lt;/p&gt;
&lt;/div&gt;",t1_mzn7z02,,,,,,,,,,,2.0,,t1_mzlxev6,,mzn7z02,t3_1ljq57a,2026-05-05T00:48:12.483Z,,,,90,https://www.reddit.com/r/walmart/comments/1ljq57a/no_bitch/mzn7z02/,,[deleted],
,SHEEEEEEEEILAAAAAA NOOOOOOOOO!!!,walmart,r/walmart,2025-08-24T09:58:16.000Z,comment,,"&lt;div class=""md""&gt;&lt;p&gt;SHEEEEEEEEILAAAAAA NOOOOOOOOO!!!&lt;/p&gt;
&lt;/div&gt;",t1_nae0lnu,,,,,,,,,,,1.0,,t1_na6rheq,,nae0lnu,t3_1mxn57i,2026-05-05T00:48:12.416Z,,,,4,https://www.reddit.com/r/walmart/comments/1mxn57i/you_cant_make_this_up/nae0lnu/,t2_945c1587,Spirited-Delivery-20,
,"Walmart issuing phones varies from store-to-store and when you do get a phone, it's only your so you don't have to worry about if someone took it into the employee bathroom and left it on the floor on the last shift, but you need 3x the phones. 


The thing about Targets Zebras was always I'm talking on the computer I need to look up the answer your question, so you end up putting people on hold or on speaker.  Neither of which is great. ",walmart,r/walmart,2025-06-05T16:00:58.000Z,comment,,"&lt;div class=""md""&gt;&lt;p&gt;Walmart issuing phones varies from store-to-store and when you do get a phone, it&amp;#39;s only your so you don&amp;#39;t have to worry about if someone took it into the employee bathroom and left it on the floor on the last shift, but you need 3x the phones. &lt;/p&gt;

&lt;p&gt;The thing about Targets Zebras was always I&amp;#39;m talking on the computer I need to look up the answer your question, so you end up putting people on hold or on speaker.  Neither of which is great. &lt;/p&gt;
&lt;/div&gt;",t1_mw5lxie,,,,,,,,,,,2.0,,t1_mw5ioon,,mw5lxie,t3_1l3tza7,2026-05-05T00:48:12.384Z,,,,19,https://www.reddit.com/r/walmart/comments/1l3tza7/what_in_the_walmart_crap_is_this/mw5lxie/,t2_48z0g,ILikeLenexa,
,Beautiful cat! 🥰🥰🥰,traderjoes,r/traderjoes,2025-10-30T20:00:13.000Z,comment,,"&lt;div class=""md""&gt;&lt;p&gt;Beautiful cat! 🥰🥰🥰&lt;/p&gt;
&lt;/div&gt;",t1_nm91x3s,,,,,,,,,,,0.0,,t3_1of20aw,,nm91x3s,t3_1of20aw,2026-05-05T00:48:12.387Z,,,,5,https://www.reddit.com/r/traderjoes/comments/1of20aw/please_enjoy_maple_our_trader_joes_kitty/nm91x3s/,t2_ulzp64qb,Jasperlikethestone66,
,"Agree with previous commenter that these look like Coral Charm, Coral Sunset, Pink Hawaiian Coral (these bud redder than a lot of corals) or Coral &amp; Gold. If you’re on the upper west coast, they’ve peaked early this year (last week, May 10th or so), but not sure about other climates. Corals are usually early season for bloom…a beautiful variety!",traderjoes,r/traderjoes,2025-05-18T23:59:56.000Z,comment,,"&lt;div class=""md""&gt;&lt;p&gt;Agree with previous commenter that these look like Coral Charm, Coral Sunset, Pink Hawaiian Coral (these bud redder than a lot of corals) or Coral &amp;amp; Gold. If you’re on the upper west coast, they’ve peaked early this year (last week, May 10th or so), but not sure about other climates. Corals are usually early season for bloom…a beautiful variety!&lt;/p&gt;
&lt;/div&gt;",t1_mt1gcjd,,,,,,,,,,,1.0,,t1_mswfgxt,,mt1gcjd,t3_1kodvhl,2026-05-05T00:48:10.282Z,,,,3,https://www.reddit.com/r/traderjoes/comments/1kodvhl/trader_joe_peonies_will_always_be_my_favorite/mt1gcjd/,t2_2smpwf9e,synescheesia,
,Great idea! How were the cookies?,traderjoes,r/traderjoes,2025-09-03T00:16:33.000Z,comment,,"&lt;div class=""md""&gt;&lt;p&gt;Great idea! How were the cookies?&lt;/p&gt;
&lt;/div&gt;",t1_nc3wrmg,,,,,,,,,,,0.0,,t3_1n3rwjr,,nc3wrmg,t3_1n3rwjr,2026-05-05T00:48:12.418Z,,,,2,https://www.reddit.com/r/traderjoes/comments/1n3rwjr/apple_shortbread_box_gift_tags/nc3wrmg/,t2_6zaw9js9,This-Friend-902,
,Sheila! Sheila! Wait.. who’s Sheila?,walmart,r/walmart,2025-08-24T14:59:55.000Z,comment,,"&lt;div class=""md""&gt;&lt;p&gt;Sheila! Sheila! Wait.. who’s Sheila?&lt;/p&gt;
&lt;/div&gt;",t1_naf7vdv,,,,,,,,,,,2.0,,t1_nae0lnu,,naf7vdv,t3_1mxn57i,2026-05-05T00:48:12.416Z,,,,3,https://www.reddit.com/r/walmart/comments/1mxn57i/you_cant_make_this_up/naf7vdv/,t2_8dwwu9q0,CaramelFeline,
,My brand!,walmart,r/walmart,2025-06-25T04:53:45.000Z,comment,,"&lt;div class=""md""&gt;&lt;p&gt;My brand!&lt;/p&gt;
&lt;/div&gt;",t1_mzn8o6x,,,,,,,,,,,0.0,,t1_mzn7z02,,mzn8o6x,t3_1ljq57a,2026-05-05T00:48:12.483Z,,,,57,https://www.reddit.com/r/walmart/comments/1ljq57a/no_bitch/mzn8o6x/,t2_4kun36v6,Dangitchelsi2,
,"Ew target used their zebras as phones too? I worked at Kohl's and they had the zebra system too, I would have quit the second they tried to make me use one as a phone. Those things were disgusting.

I'm also someone that takes my case off and cleans my phone every day so I guess take it as you will.",walmart,r/walmart,2025-06-07T23:22:33.000Z,comment,,"&lt;div class=""md""&gt;&lt;p&gt;Ew target used their zebras as phones too? I worked at Kohl&amp;#39;s and they had the zebra system too, I would have quit the second they tried to make me use one as a phone. Those things were disgusting.&lt;/p&gt;

&lt;p&gt;I&amp;#39;m also someone that takes my case off and cleans my phone every day so I guess take it as you will.&lt;/p&gt;
&lt;/div&gt;",t1_mwkj7oo,,,,,,,,,,,1.0,,t1_mw5lxie,,mwkj7oo,t3_1l3tza7,2026-05-05T00:48:12.384Z,,,,2,https://www.reddit.com/r/walmart/comments/1l3tza7/what_in_the_walmart_crap_is_this/mwkj7oo/,t2_4zo2focz,GMOiscool,
,"I love these cookies -are they back? Also, great hack. The box is a work of art!",traderjoes,r/traderjoes,2025-09-02T04:14:30.000Z,comment,,"&lt;div class=""md""&gt;&lt;p&gt;I love these cookies -are they back? Also, great hack. The box is a work of art!&lt;/p&gt;
&lt;/div&gt;",t1_nbyjbur,,,,,,,,,,,1.0,,t3_1n3rwjr,,nbyjbur,t3_1n3rwjr,2026-05-05T00:48:12.418Z,,,,2,https://www.reddit.com/r/traderjoes/comments/1n3rwjr/apple_shortbread_box_gift_tags/nbyjbur/,t2_3vbai9l6,Sea_Ad_3136,
,How beautiful!,traderjoes,r/traderjoes,2025-10-29T06:40:13.000Z,comment,,"&lt;div class=""md""&gt;&lt;p&gt;How beautiful!&lt;/p&gt;
&lt;/div&gt;",t1_nlyt02d,,,,,,,,,,,0.0,,t3_1of20aw,,nlyt02d,t3_1of20aw,2026-05-05T00:48:12.387Z,,,,2,https://www.reddit.com/r/traderjoes/comments/1of20aw/please_enjoy_maple_our_trader_joes_kitty/nlyt02d/,t2_4f0mqc8y,SuperHoneyBunny,
,"In my state it's illegal to use your personal phone even if you want to. When I worked there, they gave everybody Samsung XCovers or whatever they're called. I threw one under the freezers, then broke one and they went back to letting me use the OG scanners (the ones that actually work to scan things, the phones can't read plastic/not perfectly flat and matte finish barcodes)",walmart,r/walmart,2025-06-05T20:40:34.000Z,comment,,"&lt;div class=""md""&gt;&lt;p&gt;In my state it&amp;#39;s illegal to use your personal phone even if you want to. When I worked there, they gave everybody Samsung XCovers or whatever they&amp;#39;re called. I threw one under the freezers, then broke one and they went back to letting me use the OG scanners (the ones that actually work to scan things, the phones can&amp;#39;t read plastic/not perfectly flat and matte finish barcodes)&lt;/p&gt;
&lt;/div&gt;",t1_mw79cxn,,,,,,,,,,,1.0,,t1_mw5ioon,,mw79cxn,t3_1l3tza7,2026-05-05T00:48:12.384Z,,,,13,https://www.reddit.com/r/walmart/comments/1l3tza7/what_in_the_walmart_crap_is_this/mw79cxn/,t2_1ifza2yt76,takenalreadythename,
New York,They will be soon :)),traderjoes,r/traderjoes,2025-09-03T04:01:29.000Z,comment,,"&lt;div class=""md""&gt;&lt;p&gt;They will be soon :))&lt;/p&gt;
&lt;/div&gt;",t1_nc4wx4o,,,,,,,,,,,0.0,,t1_nbyjbur,,nc4wx4o,t3_1n3rwjr,2026-05-05T00:48:12.418Z,,,,3,https://www.reddit.com/r/traderjoes/comments/1n3rwjr/apple_shortbread_box_gift_tags/nc4wx4o/,t2_4p3sb,aswewaltz,
,"this is a vocal stim for me and all of my coworkers are too young to get it, I almost felt crazy for remembering the commercial 😆 I love you for this

Also, exception shopping is the bane of my existence.",walmart,r/walmart,2025-06-25T08:24:52.000Z,comment,,"&lt;div class=""md""&gt;&lt;p&gt;this is a vocal stim for me and all of my coworkers are too young to get it, I almost felt crazy for remembering the commercial 😆 I love you for this&lt;/p&gt;

&lt;p&gt;Also, exception shopping is the bane of my existence.&lt;/p&gt;
&lt;/div&gt;",t1_mznw26g,,,,,,,,,,,2.0,,t1_mzn7z02,,mznw26g,t3_1ljq57a,2026-05-05T00:48:12.483Z,,,,19,https://www.reddit.com/r/walmart/comments/1ljq57a/no_bitch/mznw26g/,t2_17pxw0h0ej,SunuvaGlitch,
,Is this a new or returning fall item?,traderjoes,r/traderjoes,2025-10-28T00:18:26.000Z,comment,,"&lt;div class=""md""&gt;&lt;p&gt;Is this a new or returning fall item?&lt;/p&gt;
&lt;/div&gt;",t1_nlqqrup,,,,,,,,,,,0.0,,t3_1of20aw,,nlqqrup,t3_1of20aw,2026-05-05T00:48:12.387Z,,,,14,https://www.reddit.com/r/traderjoes/comments/1of20aw/please_enjoy_maple_our_trader_joes_kitty/nlqqrup/,t2_sc2bd6u,infjnyc,
,"Pro tip here from someone who prints packaging. 
Light interferes with bar code reading, sometimes holding a shadow with your hand over it will allow a better reading.",walmart,r/walmart,2025-06-06T04:10:15.000Z,comment,,"&lt;div class=""md""&gt;&lt;p&gt;Pro tip here from someone who prints packaging. 
Light interferes with bar code reading, sometimes holding a shadow with your hand over it will allow a better reading.&lt;/p&gt;
&lt;/div&gt;",t1_mw9ebtr,,,,,,,,,,,1.0,,t1_mw79cxn,,mw9ebtr,t3_1l3tza7,2026-05-05T00:48:12.384Z,,,,4,https://www.reddit.com/r/walmart/comments/1l3tza7/what_in_the_walmart_crap_is_this/mw9ebtr/,t2_5bd8kjji,master_perturbator,
,Genius… idea stolen.,traderjoes,r/traderjoes,2025-09-02T03:29:28.000Z,comment,,"&lt;div class=""md""&gt;&lt;p&gt;Genius… idea stolen.&lt;/p&gt;
&lt;/div&gt;",t1_nbyd5e5,,,,,,,,,,,0.0,,t3_1n3rwjr,,nbyd5e5,t3_1n3rwjr,2026-05-05T00:48:12.418Z,,,,8,https://www.reddit.com/r/traderjoes/comments/1n3rwjr/apple_shortbread_box_gift_tags/nbyd5e5/,t2_ur7c0xvzh,julesil2010,
,That’s almost as bad as not knowing what to do with an annuity and you need cash now,walmart,r/walmart,2025-06-25T12:46:39.000Z,comment,,"&lt;div class=""md""&gt;&lt;p&gt;That’s almost as bad as not knowing what to do with an annuity and you need cash now&lt;/p&gt;
&lt;/div&gt;",t1_mzosdwl,,,,,,,,,,,3.0,,t1_mznw26g,,mzosdwl,t3_1ljq57a,2026-05-05T00:48:12.483Z,,,,14,https://www.reddit.com/r/walmart/comments/1ljq57a/no_bitch/mzosdwl/,,[deleted],
,Awwww my cat loves the Trader Joe’s bags too!!,traderjoes,r/traderjoes,2025-10-27T19:55:41.000Z,comment,,"&lt;div class=""md""&gt;&lt;p&gt;Awwww my cat loves the Trader Joe’s bags too!!&lt;/p&gt;
&lt;/div&gt;",t1_nlpe2fz,,,,,,,,,,,0.0,,t3_1of20aw,,nlpe2fz,t3_1of20aw,2026-05-05T00:48:12.387Z,,,,6,https://www.reddit.com/r/traderjoes/comments/1of20aw/please_enjoy_maple_our_trader_joes_kitty/nlpe2fz/,t2_kg41pov6,Fun-Tumbleweed3964,
,"It worked sometimes, but a lot of the frozen stuff wouldn't ever scan, a lot of dairy had issues too if I remember correctly. The lasers just worked better, idek know how they read some of the ones they did",walmart,r/walmart,2025-06-06T04:32:59.000Z,comment,,"&lt;div class=""md""&gt;&lt;p&gt;It worked sometimes, but a lot of the frozen stuff wouldn&amp;#39;t ever scan, a lot of dairy had issues too if I remember correctly. The lasers just worked better, idek know how they read some of the ones they did&lt;/p&gt;
&lt;/div&gt;",t1_mw9hdut,,,,,,,,,,,0.0,,t1_mw9ebtr,,mw9hdut,t3_1l3tza7,2026-05-05T00:48:12.384Z,,,,2,https://www.reddit.com/r/walmart/comments/1l3tza7/what_in_the_walmart_crap_is_this/mw9hdut/,t2_1ifza2yt76,takenalreadythename,
,LOVE these,traderjoes,r/traderjoes,2025-08-31T23:50:48.000Z,comment,,"&lt;div class=""md""&gt;&lt;p&gt;LOVE these&lt;/p&gt;
&lt;/div&gt;",t1_nbr1hf1,,,,,,,,,,,0.0,,t3_1n3rwjr,,nbr1hf1,t3_1n3rwjr,2026-05-05T00:48:12.418Z,,,,11,https://www.reddit.com/r/traderjoes/comments/1n3rwjr/apple_shortbread_box_gift_tags/nbr1hf1/,t2_usu0huzi9,Agitated_Bet650,
Associate,"CALL J.G. WENTWORTH!
877-CASH-NOW!",walmart,r/walmart,2025-06-25T14:19:06.000Z,comment,,"&lt;div class=""md""&gt;&lt;p&gt;CALL J.G. WENTWORTH!
877-CASH-NOW!&lt;/p&gt;
&lt;/div&gt;",t1_mzp9ky7,,,,,,,,,,,0.0,,t1_mzosdwl,,mzp9ky7,t3_1ljq57a,2026-05-05T00:48:12.483Z,,,,10,https://www.reddit.com/r/walmart/comments/1ljq57a/no_bitch/mzp9ky7/,t2_ktjsi2,KitsuneJimmy,
,A tank,walmart,r/walmart,2025-08-24T18:13:01.000Z,comment,,"&lt;div class=""md""&gt;&lt;p&gt;A tank&lt;/p&gt;
&lt;/div&gt;",t1_nag9yzd,,,,,,,,,,,0.0,,t1_naf7vdv,,nag9yzd,t3_1mxn57i,2026-05-05T00:48:12.416Z,,,,3,https://www.reddit.com/r/walmart/comments/1mxn57i/you_cant_make_this_up/nag9yzd/,t2_visnkq2pc,Randyaccredit,
,She was my friend...,walmart,r/walmart,2025-08-24T18:42:48.000Z,comment,,"&lt;div class=""md""&gt;&lt;p&gt;She was my friend...&lt;/p&gt;
&lt;/div&gt;",t1_nagfp8y,,,,,,,,,,,0.0,,t1_naf7vdv,,nagfp8y,t3_1mxn57i,2026-05-05T00:48:12.416Z,,,,2,https://www.reddit.com/r/walmart/comments/1mxn57i/you_cant_make_this_up/nagfp8y/,t2_945c1587,Spirited-Delivery-20,
,She is adorable!!!,traderjoes,r/traderjoes,2025-10-27T01:05:42.000Z,comment,,"&lt;div class=""md""&gt;&lt;p&gt;She is adorable!!!&lt;/p&gt;
&lt;/div&gt;",t1_nlkq0dk,,,,,,,,,,,1.0,,t3_1of20aw,,nlkq0dk,t3_1of20aw,2026-05-05T00:48:12.387Z,,,,6,https://www.reddit.com/r/traderjoes/comments/1of20aw/please_enjoy_maple_our_trader_joes_kitty/nlkq0dk/,t2_6ghc0b81,jaide66,
"Former Elect, Photo, Wireless Plebe","As someone who helped set up a new Target store, can confirm. Everything is super complex.",walmart,r/walmart,2025-06-05T20:22:19.000Z,comment,,"&lt;div class=""md""&gt;&lt;p&gt;As someone who helped set up a new Target store, can confirm. Everything is super complex.&lt;/p&gt;
&lt;/div&gt;",t1_mw75hcy,,,,,,,,,,,0.0,,t1_mw48d2m,,mw75hcy,t3_1l3tza7,2026-05-05T00:48:12.384Z,,,,8,https://www.reddit.com/r/walmart/comments/1l3tza7/what_in_the_walmart_crap_is_this/mw75hcy/,t2_iejxi,strykazoid,
,r/zerowaste,traderjoes,r/traderjoes,2025-08-31T14:16:38.000Z,comment,,"&lt;div class=""md""&gt;&lt;p&gt;&lt;a href=""/r/zerowaste""&gt;r/zerowaste&lt;/a&gt;&lt;/p&gt;
&lt;/div&gt;",t1_nbnzl9s,,,,,,,,,,,0.0,,t3_1n3rwjr,,nbnzl9s,t3_1n3rwjr,2026-05-05T00:48:12.418Z,,,,47,https://www.reddit.com/r/traderjoes/comments/1n3rwjr/apple_shortbread_box_gift_tags/nbnzl9s/,t2_4cqlyryz,ittollsforthee1231,
,What about a structured settlement?,walmart,r/walmart,2025-06-25T14:38:58.000Z,comment,,"&lt;div class=""md""&gt;&lt;p&gt;What about a structured settlement?&lt;/p&gt;
&lt;/div&gt;",t1_mzpdp8r,,,,,,,,,,,0.0,,t1_mzosdwl,,mzpdp8r,t3_1ljq57a,2026-05-05T00:48:12.483Z,,,,7,https://www.reddit.com/r/walmart/comments/1ljq57a/no_bitch/mzpdp8r/,t2_wcaxt,autosear,
,Omg this is brilliant ♻️,traderjoes,r/traderjoes,2025-08-31T06:54:37.000Z,comment,,"&lt;div class=""md""&gt;&lt;p&gt;Omg this is brilliant ♻️&lt;/p&gt;
&lt;/div&gt;",t1_nbmgenb,,,,,,,,,,,0.0,,t3_1n3rwjr,,nbmgenb,t3_1n3rwjr,2026-05-05T00:48:12.418Z,,,,33,https://www.reddit.com/r/traderjoes/comments/1n3rwjr/apple_shortbread_box_gift_tags/nbmgenb/,t2_dhpck,OrangeClyde,
Cashier,"It’s your money, use it when you need it",walmart,r/walmart,2025-06-26T04:08:26.000Z,comment,,"&lt;div class=""md""&gt;&lt;p&gt;It’s your money, use it when you need it&lt;/p&gt;
&lt;/div&gt;",t1_mztqrdd,,,,,,,,,,,0.0,,t1_mzosdwl,,mztqrdd,t3_1ljq57a,2026-05-05T00:48:12.483Z,,,,5,https://www.reddit.com/r/walmart/comments/1ljq57a/no_bitch/mztqrdd/,t2_4n5uckkb,Escalade1414,
,What aisle did you find her in?,traderjoes,r/traderjoes,2025-10-27T11:26:11.000Z,comment,,"&lt;div class=""md""&gt;&lt;p&gt;What aisle did you find her in?&lt;/p&gt;
&lt;/div&gt;",t1_nlmqr2y,,,,,,,,,,,0.0,,t1_nlkq0dk,,nlmqr2y,t3_1of20aw,2026-05-05T00:48:12.387Z,,,,6,https://www.reddit.com/r/traderjoes/comments/1of20aw/please_enjoy_maple_our_trader_joes_kitty/nlmqr2y/,t2_w2ko9zhhp,Salty_Interview_5311,
,eek are these back?!,traderjoes,r/traderjoes,2025-08-31T06:42:03.000Z,comment,,"&lt;div class=""md""&gt;&lt;p&gt;eek are these back?!&lt;/p&gt;
&lt;/div&gt;",t1_nbmf1z2,,,,,,,,,,,0.0,,t3_1n3rwjr,,nbmf1z2,t3_1n3rwjr,2026-05-05T00:48:12.418Z,,,,18,https://www.reddit.com/r/traderjoes/comments/1n3rwjr/apple_shortbread_box_gift_tags/nbmf1z2/,t2_2zs637v1,highitsg,
,Ya a lot of retailers are moving towards that. My old job at best buy just straight up stopped taking calls all together everything routes through the 1800 number now even if you call the local number on Google.,walmart,r/walmart,2025-06-05T19:27:41.000Z,comment,,"&lt;div class=""md""&gt;&lt;p&gt;Ya a lot of retailers are moving towards that. My old job at best buy just straight up stopped taking calls all together everything routes through the 1800 number now even if you call the local number on Google.&lt;/p&gt;
&lt;/div&gt;",t1_mw6tqr2,,,,,,,,,,,0.0,,t1_mw48d2m,,mw6tqr2,t3_1l3tza7,2026-05-05T00:48:12.384Z,,,,4,https://www.reddit.com/r/walmart/comments/1l3tza7/what_in_the_walmart_crap_is_this/mw6tqr2/,t2_7jdszl8f,edck12687,
,I'm now extremely happy that associates get Walmart + for free,walmart,r/walmart,2025-08-23T01:09:58.000Z,comment,,"&lt;div class=""md""&gt;&lt;p&gt;I&amp;#39;m now extremely happy that associates get Walmart + for free&lt;/p&gt;
&lt;/div&gt;",t1_na69w7g,,,,,,,,,,,3.0,,t3_1mxn57i,,na69w7g,t3_1mxn57i,2026-05-05T00:48:12.416Z,,,,246,https://www.reddit.com/r/walmart/comments/1mxn57i/you_cant_make_this_up/na69w7g/,t2_odx7zd1r,Ao4z3,
,What aisle are these on?? 😻,traderjoes,r/traderjoes,2025-10-26T20:08:21.000Z,comment,,"&lt;div class=""md""&gt;&lt;p&gt;What aisle are these on?? 😻&lt;/p&gt;
&lt;/div&gt;",t1_nlj87x5,,,,,,,,,,,0.0,,t3_1of20aw,,nlj87x5,t3_1of20aw,2026-05-05T00:48:12.387Z,,,,9,https://www.reddit.com/r/traderjoes/comments/1of20aw/please_enjoy_maple_our_trader_joes_kitty/nlj87x5/,t2_gzvuwyhbg,PaperFlower14765,
,My wife didn’t get it either when I said it. Had to show her the OG video and then the Mass Effect one.,walmart,r/walmart,2025-06-25T10:23:30.000Z,comment,,"&lt;div class=""md""&gt;&lt;p&gt;My wife didn’t get it either when I said it. Had to show her the OG video and then the Mass Effect one.&lt;/p&gt;
&lt;/div&gt;",t1_mzo8e63,,,,,,,,,,,0.0,,t1_mznw26g,,mzo8e63,t3_1ljq57a,2026-05-05T00:48:12.483Z,,,,7,https://www.reddit.com/r/walmart/comments/1ljq57a/no_bitch/mzo8e63/,t2_1gxepn0yn4,BigBoyYuyuh,
,This is fantastic! Thank you for sharing!,traderjoes,r/traderjoes,2025-08-31T04:43:36.000Z,comment,,"&lt;div class=""md""&gt;&lt;p&gt;This is fantastic! Thank you for sharing!&lt;/p&gt;
&lt;/div&gt;",t1_nbm1lzj,,,,,,,,,,,0.0,,t3_1n3rwjr,,nbm1lzj,t3_1n3rwjr,2026-05-05T00:48:12.418Z,,,,11,https://www.reddit.com/r/traderjoes/comments/1n3rwjr/apple_shortbread_box_gift_tags/nbm1lzj/,t2_tsw917m0x,PomegranateBoring826,
,Beautiful void 😻,traderjoes,r/traderjoes,2025-10-26T13:23:17.000Z,comment,,"&lt;div class=""md""&gt;&lt;p&gt;Beautiful void 😻&lt;/p&gt;
&lt;/div&gt;",t1_nlh0upl,,,,,,,,,,,0.0,,t3_1of20aw,,nlh0upl,t3_1of20aw,2026-05-05T00:48:12.387Z,,,,8,https://www.reddit.com/r/traderjoes/comments/1of20aw/please_enjoy_maple_our_trader_joes_kitty/nlh0upl/,t2_fyomq81lt,EntrepreneurCool3314,
,"Wait, do you have to use your personal cell phone for routine work?",walmart,r/walmart,2025-06-07T19:40:14.000Z,comment,,"&lt;div class=""md""&gt;&lt;p&gt;Wait, do you have to use your personal cell phone for routine work?&lt;/p&gt;
&lt;/div&gt;",t1_mwjg61n,,,,,,,,,,,1.0,,t1_mw48d2m,,mwjg61n,t3_1l3tza7,2026-05-05T00:48:12.384Z,,,,3,https://www.reddit.com/r/walmart/comments/1l3tza7/what_in_the_walmart_crap_is_this/mwjg61n/,t2_12t4qm,SilverBRADo,
,Stop spending your money at a company that underpants and treats you poorly. Go to aldis,walmart,r/walmart,2025-08-23T09:54:13.000Z,comment,,"&lt;div class=""md""&gt;&lt;p&gt;Stop spending your money at a company that underpants and treats you poorly. Go to aldis&lt;/p&gt;
&lt;/div&gt;",t1_na80xyx,,,,,,,,,,,7.0,,t1_na69w7g,,na80xyx,t3_1mxn57i,2026-05-05T00:48:12.416Z,,,,70,https://www.reddit.com/r/walmart/comments/1mxn57i/you_cant_make_this_up/na80xyx/,t2_8f97vhkn,DragonflyOne7593,
,The people who post on Reddit are not the same people this is directed at. I've seen people nil pick things there were sitting in the shelf plugged one item over or one item was plugged in front of it. People need to pay more attention.,walmart,r/walmart,2025-06-25T02:21:26.000Z,comment,,"&lt;div class=""md""&gt;&lt;p&gt;The people who post on Reddit are not the same people this is directed at. I&amp;#39;ve seen people nil pick things there were sitting in the shelf plugged one item over or one item was plugged in front of it. People need to pay more attention.&lt;/p&gt;
&lt;/div&gt;",t1_mzmlrfs,,,,,,,,,,,2.0,,t1_mzlpyq8,,mzmlrfs,t3_1ljq57a,2026-05-05T00:48:12.483Z,,,,53,https://www.reddit.com/r/walmart/comments/1ljq57a/no_bitch/mzmlrfs/,t2_13v42l,mellifleur5869,
,This is such a cleaver sustainability hack!,traderjoes,r/traderjoes,2025-08-31T02:52:22.000Z,comment,,"&lt;div class=""md""&gt;&lt;p&gt;This is such a cleaver sustainability hack!&lt;/p&gt;
&lt;/div&gt;",t1_nblmmfv,,,,,,,,,,,0.0,,t3_1n3rwjr,,nblmmfv,t3_1n3rwjr,2026-05-05T00:48:12.418Z,,,,29,https://www.reddit.com/r/traderjoes/comments/1n3rwjr/apple_shortbread_box_gift_tags/nblmmfv/,t2_lmemwg0,BaylieB44,
,This is the point so ppl will just hang up,walmart,r/walmart,2025-06-05T18:05:05.000Z,comment,,"&lt;div class=""md""&gt;&lt;p&gt;This is the point so ppl will just hang up&lt;/p&gt;
&lt;/div&gt;",t1_mw6cgcj,,,,,,,,,,,1.0,,t1_mw3pwsk,,mw6cgcj,t3_1l3tza7,2026-05-05T00:48:12.384Z,,,,11,https://www.reddit.com/r/walmart/comments/1l3tza7/what_in_the_walmart_crap_is_this/mw6cgcj/,t2_9qnjw1p9,Safe-Ad9602,
,"Oh gosh, that's just too cute!",traderjoes,r/traderjoes,2025-10-26T08:43:37.000Z,comment,,"&lt;div class=""md""&gt;&lt;p&gt;Oh gosh, that&amp;#39;s just too cute!&lt;/p&gt;
&lt;/div&gt;",t1_nlg48d4,,,,,,,,,,,0.0,,t3_1of20aw,,nlg48d4,t3_1of20aw,2026-05-05T00:48:12.387Z,,,,3,https://www.reddit.com/r/traderjoes/comments/1of20aw/please_enjoy_maple_our_trader_joes_kitty/nlg48d4/,t2_tsw917m0x,PomegranateBoring826,
,"I've seen them nil pick items that were in the correct location, and there was plenty of them.",walmart,r/walmart,2025-06-25T03:50:40.000Z,comment,,"&lt;div class=""md""&gt;&lt;p&gt;I&amp;#39;ve seen them nil pick items that were in the correct location, and there was plenty of them.&lt;/p&gt;
&lt;/div&gt;",t1_mzmzzh8,,,,,,,,,,,1.0,,t1_mzmlrfs,,mzmzzh8,t3_1ljq57a,2026-05-05T00:48:12.483Z,,,,31,https://www.reddit.com/r/walmart/comments/1ljq57a/no_bitch/mzmzzh8/,t2_cl3b8,EsotericAllusions,
,Can confirm. It was funny this sub was recommended to me because Reddit said I subbed to Target lol,walmart,r/walmart,2025-06-05T23:24:55.000Z,comment,,"&lt;div class=""md""&gt;&lt;p&gt;Can confirm. It was funny this sub was recommended to me because Reddit said I subbed to Target lol&lt;/p&gt;
&lt;/div&gt;",t1_mw84ete,,,,,,,,,,,0.0,,t1_mw3pwsk,,mw84ete,t3_1l3tza7,2026-05-05T00:48:12.384Z,,,,2,https://www.reddit.com/r/walmart/comments/1l3tza7/what_in_the_walmart_crap_is_this/mw84ete/,t2_nxo7l3sq,Eikuld,
,Those watercolor boxes are beautiful,traderjoes,r/traderjoes,2025-08-31T00:47:20.000Z,comment,,"&lt;div class=""md""&gt;&lt;p&gt;Those watercolor boxes are beautiful&lt;/p&gt;
&lt;/div&gt;",t1_nbl2mvn,,,,,,,,,,,0.0,,t3_1n3rwjr,,nbl2mvn,t3_1n3rwjr,2026-05-05T00:48:12.418Z,,,,25,https://www.reddit.com/r/traderjoes/comments/1n3rwjr/apple_shortbread_box_gift_tags/nbl2mvn/,t2_lknfilkch,nicoleqconvento,
,I hate being underpantsed,walmart,r/walmart,2025-08-23T10:40:45.000Z,comment,,"&lt;div class=""md""&gt;&lt;p&gt;I hate being underpantsed&lt;/p&gt;
&lt;/div&gt;",t1_na85sxc,,,,,,,,,,,5.0,,t1_na80xyx,,na85sxc,t3_1mxn57i,2026-05-05T00:48:12.416Z,,,,184,https://www.reddit.com/r/walmart/comments/1mxn57i/you_cant_make_this_up/na85sxc/,,[deleted],
,The void is leaking out of the bag,traderjoes,r/traderjoes,2025-10-26T08:32:05.000Z,comment,,"&lt;div class=""md""&gt;&lt;p&gt;The void is leaking out of the bag&lt;/p&gt;
&lt;/div&gt;",t1_nlg347w,,,,,,,,,,,0.0,,t3_1of20aw,,nlg347w,t3_1of20aw,2026-05-05T00:48:12.387Z,,,,6,https://www.reddit.com/r/traderjoes/comments/1of20aw/please_enjoy_maple_our_trader_joes_kitty/nlg347w/,t2_wnnyv,meanpantscaitie,
,But if you wanna move up....,walmart,r/walmart,2025-08-23T17:49:57.000Z,comment,,"&lt;div class=""md""&gt;&lt;p&gt;But if you wanna move up....&lt;/p&gt;
&lt;/div&gt;",t1_naa5jj0,,,,,,,,,,,0.0,,t1_na85sxc,,naa5jj0,t3_1mxn57i,2026-05-05T00:48:12.416Z,,,,18,https://www.reddit.com/r/walmart/comments/1mxn57i/you_cant_make_this_up/naa5jj0/,t2_153t8xorwg,Walmartian24,
,I genuinely believe the ogp don’t get things if they’re across the store. Sometimes I’ll order a random fishing or hardware item and it never ever is in the bag or reported as that I’m not getting it ,walmart,r/walmart,2025-06-25T06:05:20.000Z,comment,,"&lt;div class=""md""&gt;&lt;p&gt;I genuinely believe the ogp don’t get things if they’re across the store. Sometimes I’ll order a random fishing or hardware item and it never ever is in the bag or reported as that I’m not getting it &lt;/p&gt;
&lt;/div&gt;",t1_mznhctx,,,,,,,,,,,0.0,,t1_mzmzzh8,,mznhctx,t3_1ljq57a,2026-05-05T00:48:12.483Z,,,,15,https://www.reddit.com/r/walmart/comments/1ljq57a/no_bitch/mznhctx/,,[deleted],
,[removed],walmart,r/walmart,2025-06-05T08:43:46.000Z,comment,,"&lt;div class=""md""&gt;&lt;p&gt;[removed]&lt;/p&gt;
&lt;/div&gt;",t1_mw3p6kr,,,,,,,,,,,7.0,,t3_1l3tza7,,mw3p6kr,t3_1l3tza7,2026-05-05T00:48:12.384Z,,,,473,https://www.reddit.com/r/walmart/comments/1l3tza7/what_in_the_walmart_crap_is_this/mw3p6kr/,,[deleted],
,So happy to see these cookies back! I really enjoyed the apricot ones they released during summer.,traderjoes,r/traderjoes,2025-08-30T23:10:32.000Z,comment,,"&lt;div class=""md""&gt;&lt;p&gt;So happy to see these cookies back! I really enjoyed the apricot ones they released during summer.&lt;/p&gt;
&lt;/div&gt;",t1_nbknafo,,,,,,,,,,,0.0,,t3_1n3rwjr,,nbknafo,t3_1n3rwjr,2026-05-05T00:48:12.418Z,,,,13,https://www.reddit.com/r/traderjoes/comments/1n3rwjr/apple_shortbread_box_gift_tags/nbknafo/,t2_ni44aiaa,taylorgolub,
,Oh yeah? You kinky?,walmart,r/walmart,2025-08-23T17:40:29.000Z,comment,,"&lt;div class=""md""&gt;&lt;p&gt;Oh yeah? You kinky?&lt;/p&gt;
&lt;/div&gt;",t1_naa3m7p,,,,,,,,,,,2.0,,t1_na85sxc,,naa3m7p,t3_1mxn57i,2026-05-05T00:48:12.416Z,,,,11,https://www.reddit.com/r/walmart/comments/1mxn57i/you_cant_make_this_up/naa3m7p/,t2_czda4,gielbondhu,
,"https://preview.redd.it/i6w4pigddexf1.jpeg?width=3024&amp;format=pjpg&amp;auto=webp&amp;s=e24b9afb5acf7968cfee90f568a9d21c9b1fc759

Oliver loves TJ bags!!",traderjoes,r/traderjoes,2025-10-26T06:06:56.000Z,comment,,"&lt;div class=""md""&gt;&lt;p&gt;&lt;a href=""https://preview.redd.it/i6w4pigddexf1.jpeg?width=3024&amp;amp;format=pjpg&amp;amp;auto=webp&amp;amp;s=e24b9afb5acf7968cfee90f568a9d21c9b1fc759""&gt;https://preview.redd.it/i6w4pigddexf1.jpeg?width=3024&amp;amp;format=pjpg&amp;amp;auto=webp&amp;amp;s=e24b9afb5acf7968cfee90f568a9d21c9b1fc759&lt;/a&gt;&lt;/p&gt;

&lt;p&gt;Oliver loves TJ bags!!&lt;/p&gt;
&lt;/div&gt;",t1_nlfoucl,,,,,,,,,,,0.0,,t3_1of20aw,,nlfoucl,t3_1of20aw,2026-05-05T00:48:12.387Z,,,,17,https://www.reddit.com/r/traderjoes/comments/1of20aw/please_enjoy_maple_our_trader_joes_kitty/nlfoucl/,t2_b04kxvrb,yogirl_j,
,"Target has a similar system that rings every phone in the department.  

Literally everyone pushes ""decline"" on the calls and it just rings forever for the caller.  

It's probably cheaper than having a Front-end person to answer the phone, but it's more expensive and basically equivalent to just not having a phone.

My first week there, my TL made it pretty clear answering it was frowned upon and I was being annoying asking for help for people's weird problems on the line.  ~~Customers~~ ""Guests"" also all know this and just dial random departments until a person answers and ask someone in electronics a question about a drive up return issue or something similar.  There's no KPI for answering the phone (or subsequently solving a guest's issue); there's tons of KPI for getting freight the hell out of the backroom.",walmart,r/walmart,2025-06-05T11:15:05.000Z,comment,,"&lt;div class=""md""&gt;&lt;p&gt;Target has a similar system that rings every phone in the department.  &lt;/p&gt;

&lt;p&gt;Literally everyone pushes &amp;quot;decline&amp;quot; on the calls and it just rings forever for the caller.  &lt;/p&gt;

&lt;p&gt;It&amp;#39;s probably cheaper than having a Front-end person to answer the phone, but it&amp;#39;s more expensive and basically equivalent to just not having a phone.&lt;/p&gt;

&lt;p&gt;My first week there, my TL made it pretty clear answering it was frowned upon and I was being annoying asking for help for people&amp;#39;s weird problems on the line.  &lt;del&gt;Customers&lt;/del&gt; &amp;quot;Guests&amp;quot; also all know this and just dial random departments until a person answers and ask someone in electronics a question about a drive up return issue or something similar.  There&amp;#39;s no KPI for answering the phone (or subsequently solving a guest&amp;#39;s issue); there&amp;#39;s tons of KPI for getting freight the hell out of the backroom.&lt;/p&gt;
&lt;/div&gt;",t1_mw45yqw,,,,,,,,,,,7.0,,t1_mw3p6kr,,mw45yqw,t3_1l3tza7,2026-05-05T00:48:12.384Z,,,,241,https://www.reddit.com/r/walmart/comments/1l3tza7/what_in_the_walmart_crap_is_this/mw45yqw/,t2_48z0g,ILikeLenexa,
,"I had to cancel an order for an AC, and send it in again a day or two ago, because who ever was doing picking for first order was being lazy. I seen it sitting on the shelf when in store after it was cancelled, but it was 20$ cheaper when ordering online.

2nd time I sent as a delivery order though, cause I wasn't about to drive back out for it in this heat when my car doesn't have AC.",walmart,r/walmart,2025-06-25T07:06:02.000Z,comment,,"&lt;div class=""md""&gt;&lt;p&gt;I had to cancel an order for an AC, and send it in again a day or two ago, because who ever was doing picking for first order was being lazy. I seen it sitting on the shelf when in store after it was cancelled, but it was 20$ cheaper when ordering online.&lt;/p&gt;

&lt;p&gt;2nd time I sent as a delivery order though, cause I wasn&amp;#39;t about to drive back out for it in this heat when my car doesn&amp;#39;t have AC.&lt;/p&gt;
&lt;/div&gt;",t1_mzno1p9,,,,,,,,,,,1.0,,t1_mzmlrfs,,mzno1p9,t3_1ljq57a,2026-05-05T00:48:12.483Z,,,,5,https://www.reddit.com/r/walmart/comments/1ljq57a/no_bitch/mzno1p9/,t2_g0g4v,V3Ethereal,
,i giggled at this 😭,walmart,r/walmart,2025-08-24T18:52:27.000Z,comment,,"&lt;div class=""md""&gt;&lt;p&gt;i giggled at this 😭&lt;/p&gt;
&lt;/div&gt;",t1_naghixa,,,,,,,,,,,0.0,,t1_naa3m7p,,naghixa,t3_1mxn57i,2026-05-05T00:48:12.416Z,,,,2,https://www.reddit.com/r/walmart/comments/1mxn57i/you_cant_make_this_up/naghixa/,t2_oj6pxk1g,Terrible-Dish1090,
,Excuse me it seems your syrup is burnt,traderjoes,r/traderjoes,2025-10-26T03:31:00.000Z,comment,,"&lt;div class=""md""&gt;&lt;p&gt;Excuse me it seems your syrup is burnt&lt;/p&gt;
&lt;/div&gt;",t1_nlf6xq4,,,,,,,,,,,0.0,,t3_1of20aw,,nlf6xq4,t3_1of20aw,2026-05-05T00:48:12.387Z,,,,3,https://www.reddit.com/r/traderjoes/comments/1of20aw/please_enjoy_maple_our_trader_joes_kitty/nlf6xq4/,t2_aenqmpc8f,PurpleSwizzleBerry,
,LMFAO THATS WILD,walmart,r/walmart,2025-08-30T16:36:49.000Z,comment,,"&lt;div class=""md""&gt;&lt;p&gt;LMFAO THATS WILD&lt;/p&gt;
&lt;/div&gt;",t1_nbilb8w,,,,,,,,,,,0.0,,t1_naa3m7p,,nbilb8w,t3_1mxn57i,2026-05-05T00:48:12.416Z,,,,1,https://www.reddit.com/r/walmart/comments/1mxn57i/you_cant_make_this_up/nbilb8w/,t2_s37wrl0em,erinthegato99,
,"My cat's favorite game when he was much smaller was to be picked up in the Trader Joe's bag and carried around the apartment.  We called it baguette time, because he looked like a little orange bread stick peeking out of the top!",traderjoes,r/traderjoes,2025-10-26T01:21:52.000Z,comment,,"&lt;div class=""md""&gt;&lt;p&gt;My cat&amp;#39;s favorite game when he was much smaller was to be picked up in the Trader Joe&amp;#39;s bag and carried around the apartment.  We called it baguette time, because he looked like a little orange bread stick peeking out of the top!&lt;/p&gt;
&lt;/div&gt;",t1_nlenhqy,,,,,,,,,,,0.0,,t3_1of20aw,,nlenhqy,t3_1of20aw,2026-05-05T00:48:12.387Z,,,,10,https://www.reddit.com/r/traderjoes/comments/1of20aw/please_enjoy_maple_our_trader_joes_kitty/nlenhqy/,t2_191dmh68,starlet25,
,"Eh.

ACs in summer can sell extremely fast on hot days. I've seen entire pallets go in a few hours. Often management will have someone will stock them the second they are off the truck instead of waiting for overnights.",walmart,r/walmart,2025-06-25T21:36:47.000Z,comment,,"&lt;div class=""md""&gt;&lt;p&gt;Eh.&lt;/p&gt;

&lt;p&gt;ACs in summer can sell extremely fast on hot days. I&amp;#39;ve seen entire pallets go in a few hours. Often management will have someone will stock them the second they are off the truck instead of waiting for overnights.&lt;/p&gt;
&lt;/div&gt;",t1_mzruqj1,,,,,,,,,,,0.0,,t1_mzno1p9,,mzruqj1,t3_1ljq57a,2026-05-05T00:48:12.483Z,,,,1,https://www.reddit.com/r/walmart/comments/1ljq57a/no_bitch/mzruqj1/,t2_jwet998,Dezbats,
,BEST comment ever!,walmart,r/walmart,2025-08-23T14:11:39.000Z,comment,,"&lt;div class=""md""&gt;&lt;p&gt;BEST comment ever!&lt;/p&gt;
&lt;/div&gt;",t1_na90fjc,,,,,,,,,,,0.0,,t1_na85sxc,,na90fjc,t3_1mxn57i,2026-05-05T00:48:12.416Z,,,,19,https://www.reddit.com/r/walmart/comments/1mxn57i/you_cant_make_this_up/na90fjc/,t2_179q1gdpvl,Radiant-Life7178,
NYC,"As the title states, fresh lychees at TJ and thr prove is good. I bought 2 boxes and I hope they are good. Has anyone had them?",,r/traderjoes,2025-06-13T23:21:31.000Z,post,,"&lt;!-- SC_OFF --&gt;&lt;div class=""md""&gt;&lt;p&gt;As the title states, fresh lychees at TJ and thr prove is good. I bought 2 boxes and I hope they are good. Has anyone had them?&lt;/p&gt;
&lt;/div&gt;&lt;!-- SC_ON --&gt;",t3_1lau6g7,https://external-i.redd.it/sDaPMmxd1790e-7QoIs1_5glo10ejlhPbS0N21A_7bs.jpeg,https://i.redd.it/ssmiwr1u2s6f1.jpg,https://i.redd.it/04lljo1u2s6f1.jpg,,,,False,False,https://www.reddit.com/gallery/1lau6g7,243.0,,False,,traderjoes,1lau6g7,,2026-05-05T00:48:16.485Z,"https://external-preview.redd.it/sDaPMmxd1790e-7QoIs1_5glo10ejlhPbS0N21A_7bs.jpeg?width=140&amp;height=140&amp;crop=140:140,smart&amp;auto=webp&amp;s=4f658d32e5e9517dca75d434ea9c75acd16fb81e",I couldn’t believe my eyes - Fresh lychees at Trader Joe’s,0.97,3661,https://www.reddit.com/r/traderjoes/comments/1lau6g7/i_couldnt_believe_my_eyes_fresh_lychees_at_trader/,t2_kia49,RhapsodyTravelr,
,"Posts that don't follow r/traderjoes subreddit rules may be subject to removal. 

**Friendly reminder: No vague or non-descriptive post titles, this includes questions.**


Choosing descriptive post titles with product names, descriptions and/or exact question mentioned is preferred as not everybody is able to view image captions, it also yields better subreddit search results and helps blind and visually impaired Redditors who use Screen Reader Software or Text-to-Speech apps. to access Reddit. Thank you.

IF THIS MESSAGE DOES NOT APPLY TO YOUR POST, PLEASE IGNORE.


*I am a bot, and this action was performed automatically. Please [contact the moderators of this subreddit](/message/compose/?to=/r/traderjoes) if you have any questions or concerns.*",traderjoes,r/traderjoes,2025-06-13T23:21:32.000Z,comment,,"&lt;div class=""md""&gt;&lt;p&gt;Posts that don&amp;#39;t follow &lt;a href=""/r/traderjoes""&gt;r/traderjoes&lt;/a&gt; subreddit rules may be subject to removal. &lt;/p&gt;

&lt;p&gt;&lt;strong&gt;Friendly reminder: No vague or non-descriptive post titles, this includes questions.&lt;/strong&gt;&lt;/p&gt;

&lt;p&gt;Choosing descriptive post titles with product names, descriptions and/or exact question mentioned is preferred as not everybody is able to view image captions, it also yields better subreddit search results and helps blind and visually impaired Redditors who use Screen Reader Software or Text-to-Speech apps. to access Reddit. Thank you.&lt;/p&gt;

&lt;p&gt;IF THIS MESSAGE DOES NOT APPLY TO YOUR POST, PLEASE IGNORE.&lt;/p&gt;

&lt;p&gt;&lt;em&gt;I am a bot, and this action was performed automatically. Please &lt;a href=""/message/compose/?to=/r/traderjoes""&gt;contact the moderators of this subreddit&lt;/a&gt; if you have any questions or concerns.&lt;/em&gt;&lt;/p&gt;
&lt;/div&gt;",t1_mxngvqp,,,,,,,,,,,0.0,,t3_1lau6g7,,mxngvqp,t3_1lau6g7,2026-05-05T00:48:16.528Z,,,,1,https://www.reddit.com/r/traderjoes/comments/1lau6g7/i_couldnt_believe_my_eyes_fresh_lychees_at_trader/mxngvqp/,t2_6l4z3,AutoModerator,
,Amazing!  haven't seen these in a while in ATL,traderjoes,r/traderjoes,2025-07-13T00:09:44.000Z,comment,,"&lt;div class=""md""&gt;&lt;p&gt;Amazing!  haven&amp;#39;t seen these in a while in ATL&lt;/p&gt;
&lt;/div&gt;",t1_n2tdqf3,,,,,,,,,,,0.0,,t3_1lau6g7,,n2tdqf3,t3_1lau6g7,2026-05-05T00:48:16.528Z,,,,1,https://www.reddit.com/r/traderjoes/comments/1lau6g7/i_couldnt_believe_my_eyes_fresh_lychees_at_trader/n2tdqf3/,,[deleted],
,We get them every year,traderjoes,r/traderjoes,2025-06-20T22:24:28.000Z,comment,,"&lt;div class=""md""&gt;&lt;p&gt;We get them every year&lt;/p&gt;
&lt;/div&gt;",t1_myw43g9,,,,,,,,,,,0.0,,t3_1lau6g7,,myw43g9,t3_1lau6g7,2026-05-05T00:48:16.528Z,,,,5,https://www.reddit.com/r/traderjoes/comments/1lau6g7/i_couldnt_believe_my_eyes_fresh_lychees_at_trader/myw43g9/,t2_8jm8q77d,Fluid_Explanation716,
,That's obscurely cheap! Are they ripe?,traderjoes,r/traderjoes,2025-06-18T05:06:41.000Z,comment,,"&lt;div class=""md""&gt;&lt;p&gt;That&amp;#39;s obscurely cheap! Are they ripe?&lt;/p&gt;
&lt;/div&gt;",t1_myebv93,,,,,,,,,,,1.0,,t3_1lau6g7,,myebv93,t3_1lau6g7,2026-05-05T00:48:16.528Z,,,,8,https://www.reddit.com/r/traderjoes/comments/1lau6g7/i_couldnt_believe_my_eyes_fresh_lychees_at_trader/myebv93/,t2_l3gi79np,cawfytawk,
NYC,They are ripe and taste very good.,traderjoes,r/traderjoes,2025-06-18T12:01:07.000Z,comment,,"&lt;div class=""md""&gt;&lt;p&gt;They are ripe and taste very good.&lt;/p&gt;
&lt;/div&gt;",t1_myfmv7b,,,,,,,,,,,0.0,,t1_myebv93,,myfmv7b,t3_1lau6g7,2026-05-05T00:48:16.528Z,,,,5,https://www.reddit.com/r/traderjoes/comments/1lau6g7/i_couldnt_believe_my_eyes_fresh_lychees_at_trader/myfmv7b/,t2_kia49,RhapsodyTravelr,
,"I guess it has been a few years, but we had them on demo.The other day.They're pretty good.The pits taste a lot like the center of an acorn though",traderjoes,r/traderjoes,2025-06-17T20:22:39.000Z,comment,,"&lt;div class=""md""&gt;&lt;p&gt;I guess it has been a few years, but we had them on demo.The other day.They&amp;#39;re pretty good.The pits taste a lot like the center of an acorn though&lt;/p&gt;
&lt;/div&gt;",t1_mybsqvt,,,,,,,,,,,1.0,,t3_1lau6g7,,mybsqvt,t3_1lau6g7,2026-05-05T00:48:16.528Z,,,,3,https://www.reddit.com/r/traderjoes/comments/1lau6g7/i_couldnt_believe_my_eyes_fresh_lychees_at_trader/mybsqvt/,t2_1kltsozuga,SignatureLower1639,
,I don’t think you’re supposed to eat the pits…,traderjoes,r/traderjoes,2025-06-24T15:05:31.000Z,comment,,"&lt;div class=""md""&gt;&lt;p&gt;I don’t think you’re supposed to eat the pits…&lt;/p&gt;
&lt;/div&gt;",t1_mzivxe2,,,,,,,,,,,1.0,,t1_mybsqvt,,mzivxe2,t3_1lau6g7,2026-05-05T00:48:16.528Z,,,,6,https://www.reddit.com/r/traderjoes/comments/1lau6g7/i_couldnt_believe_my_eyes_fresh_lychees_at_trader/mzivxe2/,t2_5q7yl3rx,CheesecakeLost6975,
,😆 truuuuuuue,traderjoes,r/traderjoes,2025-06-24T21:14:52.000Z,comment,,"&lt;div class=""md""&gt;&lt;p&gt;😆 truuuuuuue&lt;/p&gt;
&lt;/div&gt;",t1_mzl1ups,,,,,,,,,,,0.0,,t1_mzivxe2,,mzl1ups,t3_1lau6g7,2026-05-05T00:48:16.528Z,,,,1,https://www.reddit.com/r/traderjoes/comments/1lau6g7/i_couldnt_believe_my_eyes_fresh_lychees_at_trader/mzl1ups/,t2_1kltsozuga,SignatureLower1639,
Northern California,"I always get them at Asian markets, but I like that TJ's has them as well. Less trips for me.",traderjoes,r/traderjoes,2025-06-16T18:35:28.000Z,comment,,"&lt;div class=""md""&gt;&lt;p&gt;I always get them at Asian markets, but I like that TJ&amp;#39;s has them as well. Less trips for me.&lt;/p&gt;
&lt;/div&gt;",t1_my4jnim,,,,,,,,,,,0.0,,t3_1lau6g7,,my4jnim,t3_1lau6g7,2026-05-05T00:48:16.528Z,,,,3,https://www.reddit.com/r/traderjoes/comments/1lau6g7/i_couldnt_believe_my_eyes_fresh_lychees_at_trader/my4jnim/,t2_928ex,kelela,
,These were soo good!! My bf and I killed the whole pack,traderjoes,r/traderjoes,2025-06-15T21:54:32.000Z,comment,,"&lt;div class=""md""&gt;&lt;p&gt;These were soo good!! My bf and I killed the whole pack&lt;/p&gt;
&lt;/div&gt;",t1_mxza7cq,,,,,,,,,,,0.0,,t3_1lau6g7,,mxza7cq,t3_1lau6g7,2026-05-05T00:48:16.528Z,,,,7,https://www.reddit.com/r/traderjoes/comments/1lau6g7/i_couldnt_believe_my_eyes_fresh_lychees_at_trader/mxza7cq/,t2_gnojn3t,Mynxyang,
,We get ours at Costco,traderjoes,r/traderjoes,2025-06-15T18:28:12.000Z,comment,,"&lt;div class=""md""&gt;&lt;p&gt;We get ours at Costco&lt;/p&gt;
&lt;/div&gt;",t1_mxy6uko,,,,,,,,,,,0.0,,t3_1lau6g7,,mxy6uko,t3_1lau6g7,2026-05-05T00:48:16.528Z,,,,3,https://www.reddit.com/r/traderjoes/comments/1lau6g7/i_couldnt_believe_my_eyes_fresh_lychees_at_trader/mxy6uko/,t2_8z7tj,mia8788,
,[removed],traderjoes,r/traderjoes,2025-06-15T17:59:11.000Z,comment,,"&lt;div class=""md""&gt;&lt;p&gt;[removed]&lt;/p&gt;
&lt;/div&gt;",t1_mxy17c1,,,,,,,,,,,1.0,,t3_1lau6g7,,mxy17c1,t3_1lau6g7,2026-05-05T00:48:16.528Z,,,,4,https://www.reddit.com/r/traderjoes/comments/1lau6g7/i_couldnt_believe_my_eyes_fresh_lychees_at_trader/mxy17c1/,,[deleted],
NYC,NYC,traderjoes,r/traderjoes,2025-06-15T20:46:56.000Z,comment,,"&lt;div class=""md""&gt;&lt;p&gt;NYC&lt;/p&gt;
&lt;/div&gt;",t1_mxyxp38,,,,,,,,,,,0.0,,t1_mxy17c1,,mxyxp38,t3_1lau6g7,2026-05-05T00:48:16.528Z,,,,3,https://www.reddit.com/r/traderjoes/comments/1lau6g7/i_couldnt_believe_my_eyes_fresh_lychees_at_trader/mxyxp38/,t2_kia49,RhapsodyTravelr,
,"Good lookin’! 
I knew I was gonna have to go to TJ’s this morning!
Happy Father’s Day!",traderjoes,r/traderjoes,2025-06-15T14:52:40.000Z,comment,,"&lt;div class=""md""&gt;&lt;p&gt;Good lookin’! 
I knew I was gonna have to go to TJ’s this morning!
Happy Father’s Day!&lt;/p&gt;
&lt;/div&gt;",t1_mxx0zmh,,,,,,,,,,,0.0,,t3_1lau6g7,,mxx0zmh,t3_1lau6g7,2026-05-05T00:48:16.528Z,,,,7,https://www.reddit.com/r/traderjoes/comments/1lau6g7/i_couldnt_believe_my_eyes_fresh_lychees_at_trader/mxx0zmh/,t2_4wiqkh1k,LocaFly,
,Oh wow. I've only ever had fresh from HMart. I love lychee 💗,traderjoes,r/traderjoes,2025-06-15T07:58:18.000Z,comment,,"&lt;div class=""md""&gt;&lt;p&gt;Oh wow. I&amp;#39;ve only ever had fresh from HMart. I love lychee 💗&lt;/p&gt;
&lt;/div&gt;",t1_mxvk7wa,,,,,,,,,,,0.0,,t3_1lau6g7,,mxvk7wa,t3_1lau6g7,2026-05-05T00:48:16.528Z,,,,6,https://www.reddit.com/r/traderjoes/comments/1lau6g7/i_couldnt_believe_my_eyes_fresh_lychees_at_trader/mxvk7wa/,t2_5655k0ef,jsmalltri,
,"First, since a ton of people keep asking, no I don't have HIV. I get tested regularly and of course I got retested Incase he was trying to tell me he gave me something. I am negative for everything and will keep getting tested regularly. 


I talked to the two coaches again and they still say they can't ban/trespass my ex unless I was to bring them some sort of proof. I have a letter he wrote and left on m car with his signature but this doesn't help. The police say they can't do anything about the graffiti still also. My coaches said the store manager said they can't trespass him unless he was trying to talk to me in the store with my temporary protection order. I really don't think there is anything else I can do that won't get me fired.

I have my next court date on September 12th for going forward with the protection order. Hopefully they can actually find and serve him before then this time. I will keep reporting each new instance of graffiti but I know it won't do much. 

Some people asked this also, I am 20 and my ex is 46. I have what was previously called Asperger's or high-functioning autism. I live independently but I do still struggle with things like self advocacy and doing new things and going new places. When people are saying things like ""sue him,"" I know they probably mean well but those words mean like nothing to me because what are even the steps. Also, I don't have money?? I work a lot a Walmart and support myself lol.

I had to go get graffiti removed from a convenience store yesterday morning after I got out of work because I got another text from some guy looking for a prostitute. He at least told me where the graffiti was instead of being rude when I told him I'm not a prostitute, I'm just being harassed by my ex. 

Thank you to everyone who tried to help. Sorry the situation and I are doomed lol.",,r/walmart,2025-08-12T05:43:28.000Z,post,,"&lt;!-- SC_OFF --&gt;&lt;div class=""md""&gt;&lt;p&gt;First, since a ton of people keep asking, no I don&amp;#39;t have HIV. I get tested regularly and of course I got retested Incase he was trying to tell me he gave me something. I am negative for everything and will keep getting tested regularly. &lt;/p&gt;

&lt;p&gt;I talked to the two coaches again and they still say they can&amp;#39;t ban/trespass my ex unless I was to bring them some sort of proof. I have a letter he wrote and left on m car with his signature but this doesn&amp;#39;t help. The police say they can&amp;#39;t do anything about the graffiti still also. My coaches said the store manager said they can&amp;#39;t trespass him unless he was trying to talk to me in the store with my temporary protection order. I really don&amp;#39;t think there is anything else I can do that won&amp;#39;t get me fired.&lt;/p&gt;

&lt;p&gt;I have my next court date on September 12th for going forward with the protection order. Hopefully they can actually find and serve him before then this time. I will keep reporting each new instance of graffiti but I know it won&amp;#39;t do much. &lt;/p&gt;

&lt;p&gt;Some people asked this also, I am 20 and my ex is 46. I have what was previously called Asperger&amp;#39;s or high-functioning autism. I live independently but I do still struggle with things like self advocacy and doing new things and going new places. When people are saying things like &amp;quot;sue him,&amp;quot; I know they probably mean well but those words mean like nothing to me because what are even the steps. Also, I don&amp;#39;t have money?? I work a lot a Walmart and support myself lol.&lt;/p&gt;

&lt;p&gt;I had to go get graffiti removed from a convenience store yesterday morning after I got out of work because I got another text from some guy looking for a prostitute. He at least told me where the graffiti was instead of being rude when I told him I&amp;#39;m not a prostitute, I&amp;#39;m just being harassed by my ex. &lt;/p&gt;

&lt;p&gt;Thank you to everyone who tried to help. Sorry the situation and I are doomed lol.&lt;/p&gt;
&lt;/div&gt;&lt;!-- SC_ON --&gt;",t3_1mo0hr6,https://i.redd.it/70yfyo6v0jif1.jpeg,,,,,,False,False,https://i.redd.it/70yfyo6v0jif1.jpeg,464.0,,False,,walmart,1mo0hr6,,2026-05-05T00:48:19.510Z,https://b.thumbs.redditmedia.com/xSdQG8CbZ_DZmIMPVpl4yuYeUQIBv8XvC6kj0XkKf_U.jpg,UPDATE on my ex writing things in the bathroom at my store,0.97,3068,https://www.reddit.com/r/walmart/comments/1mo0hr6/update_on_my_ex_writing_things_in_the_bathroom_at/,t2_ooukpb6n,BrydTheBooba,
,46 year old acting like a kid…,walmart,r/walmart,2025-08-12T06:08:51.000Z,comment,,"&lt;div class=""md""&gt;&lt;p&gt;46 year old acting like a kid…&lt;/p&gt;
&lt;/div&gt;",t1_n88t4ju,,,,,,,,,,,2.0,,t3_1mo0hr6,,n88t4ju,t3_1mo0hr6,2026-05-05T00:48:19.882Z,,,,614,https://www.reddit.com/r/walmart/comments/1mo0hr6/update_on_my_ex_writing_things_in_the_bathroom_at/n88t4ju/,t2_mvfp0f230,sidiculouz,
,A psychotic one.,walmart,r/walmart,2025-08-12T07:36:25.000Z,comment,,"&lt;div class=""md""&gt;&lt;p&gt;A psychotic one.&lt;/p&gt;
&lt;/div&gt;",t1_n892bdk,,,,,,,,,,,1.0,,t1_n88t4ju,,n892bdk,t3_1mo0hr6,2026-05-05T00:48:19.882Z,,,,175,https://www.reddit.com/r/walmart/comments/1mo0hr6/update_on_my_ex_writing_things_in_the_bathroom_at/n892bdk/,t2_czcl6us7e,Kale_Brecht,
,My dad is almost 60 and he still acts this way as well.,walmart,r/walmart,2025-08-12T16:00:56.000Z,comment,,"&lt;div class=""md""&gt;&lt;p&gt;My dad is almost 60 and he still acts this way as well.&lt;/p&gt;
&lt;/div&gt;",t1_n8b4boi,,,,,,,,,,,1.0,,t1_n892bdk,,n8b4boi,t3_1mo0hr6,2026-05-05T00:48:19.882Z,,,,74,https://www.reddit.com/r/walmart/comments/1mo0hr6/update_on_my_ex_writing_things_in_the_bathroom_at/n8b4boi/,,[deleted],
,Dude is old enough to be the dad and immature enough to be the son 💀,walmart,r/walmart,2025-08-12T11:00:23.000Z,comment,,"&lt;div class=""md""&gt;&lt;p&gt;Dude is old enough to be the dad and immature enough to be the son 💀&lt;/p&gt;
&lt;/div&gt;",t1_n89nyal,,,,,,,,,,,2.0,,t3_1mo0hr6,,n89nyal,t3_1mo0hr6,2026-05-05T00:48:19.882Z,,,,230,https://www.reddit.com/r/walmart/comments/1mo0hr6/update_on_my_ex_writing_things_in_the_bathroom_at/n89nyal/,t2_wxbu0,LunarWingCloud,
,Im 21 and my dad is 44 so this makes me feel very much creeped out 😭,walmart,r/walmart,2025-08-12T18:11:35.000Z,comment,,"&lt;div class=""md""&gt;&lt;p&gt;Im 21 and my dad is 44 so this makes me feel very much creeped out 😭&lt;/p&gt;
&lt;/div&gt;",t1_n8bv2gn,,,,,,,,,,,1.0,,t1_n89nyal,,n8bv2gn,t3_1mo0hr6,2026-05-05T00:48:19.882Z,,,,82,https://www.reddit.com/r/walmart/comments/1mo0hr6/update_on_my_ex_writing_things_in_the_bathroom_at/n8bv2gn/,t2_gdqh4l9z,Bubbly_Substance_738,
,I do not miss my 46 year old unemployed toddler lmao,walmart,r/walmart,2025-08-12T12:27:00.000Z,comment,,"&lt;div class=""md""&gt;&lt;p&gt;I do not miss my 46 year old unemployed toddler lmao&lt;/p&gt;
&lt;/div&gt;",t1_n8a08il,,,,,,,,,,,2.0,,t1_n89nyal,,n8a08il,t3_1mo0hr6,2026-05-05T00:48:19.882Z,,,,101,https://www.reddit.com/r/walmart/comments/1mo0hr6/update_on_my_ex_writing_things_in_the_bathroom_at/n8a08il/,t2_ooukpb6n,BrydTheBooba,
,"Very much a beginner cake decorator… the cinnamon cookies saved me from having to pipe lettering. I think it turned out pretty cute! 
",,r/traderjoes,2025-11-01T18:58:39.000Z,post,Product Discussion,"&lt;!-- SC_OFF --&gt;&lt;div class=""md""&gt;&lt;p&gt;Very much a beginner cake decorator… the cinnamon cookies saved me from having to pipe lettering. I think it turned out pretty cute! &lt;/p&gt;
&lt;/div&gt;&lt;!-- SC_ON --&gt;",t3_1olvxeq,https://i.redd.it/0n2ag9hk0pyf1.jpeg,,,,,,False,False,https://i.redd.it/0n2ag9hk0pyf1.jpeg,54.0,,False,,traderjoes,1olvxeq,,2026-05-05T00:48:20.986Z,https://b.thumbs.redditmedia.com/bRFz6A5ZK1l34DaC9_UezT8bysuT7Tq5BlPSmO4hTtA.jpg,Thank you schoolhouse cookies for saving me from having to pipe letters!,0.99,3164,https://www.reddit.com/r/traderjoes/comments/1olvxeq/thank_you_schoolhouse_cookies_for_saving_me_from/,t2_3cgl7zy5,culle085,
,Were you financially helping him? I am so sorry. Absolutely stand up for yourself and advocate repeatedly until you get the help you need. Ask for resources from the police officer also that you might be interested in for your diagnosis.,walmart,r/walmart,2025-08-12T13:45:11.000Z,comment,,"&lt;div class=""md""&gt;&lt;p&gt;Were you financially helping him? I am so sorry. Absolutely stand up for yourself and advocate repeatedly until you get the help you need. Ask for resources from the police officer also that you might be interested in for your diagnosis.&lt;/p&gt;
&lt;/div&gt;",t1_n8adp1i,,,,,,,,,,,1.0,,t1_n8a08il,,n8adp1i,t3_1mo0hr6,2026-05-05T00:48:19.882Z,,,,24,https://www.reddit.com/r/walmart/comments/1mo0hr6/update_on_my_ex_writing_things_in_the_bathroom_at/n8adp1i/,t2_1m12964axi,ReddBooty3000,
,He moved in with me even though I didn't want him do an repeatedly told him I didn't want him to. He was homeless so he would guilt me when I tried to kick him out.,walmart,r/walmart,2025-08-12T14:27:55.000Z,comment,,"&lt;div class=""md""&gt;&lt;p&gt;He moved in with me even though I didn&amp;#39;t want him do an repeatedly told him I didn&amp;#39;t want him to. He was homeless so he would guilt me when I tried to kick him out.&lt;/p&gt;
&lt;/div&gt;",t1_n8alntk,,,,,,,,,,,3.0,,t1_n8adp1i,,n8alntk,t3_1mo0hr6,2026-05-05T00:48:19.882Z,,,,42,https://www.reddit.com/r/walmart/comments/1mo0hr6/update_on_my_ex_writing_things_in_the_bathroom_at/n8alntk/,t2_ooukpb6n,BrydTheBooba,
,"Posts that don't follow r/traderjoes subreddit rules may be subject to removal. 

**Friendly reminder: No vague or non-descriptive post titles, this includes questions.**


Choosing descriptive post titles with product names, descriptions and/or exact question mentioned is preferred as not everybody is able to view image captions, it also yields better subreddit search results and helps blind and visually impaired Redditors who use Screen Reader Software or Text-to-Speech apps. to access Reddit. Thank you.

IF THIS MESSAGE DOES NOT APPLY TO YOUR POST, PLEASE IGNORE.


*I am a bot, and this action was performed automatically. Please [contact the moderators of this subreddit](/message/compose/?to=/r/traderjoes) if you have any questions or concerns.*",traderjoes,r/traderjoes,2025-11-01T18:58:45.000Z,comment,,"&lt;div class=""md""&gt;&lt;p&gt;Posts that don&amp;#39;t follow &lt;a href=""/r/traderjoes""&gt;r/traderjoes&lt;/a&gt; subreddit rules may be subject to removal. &lt;/p&gt;

&lt;p&gt;&lt;strong&gt;Friendly reminder: No vague or non-descriptive post titles, this includes questions.&lt;/strong&gt;&lt;/p&gt;

&lt;p&gt;Choosing descriptive post titles with product names, descriptions and/or exact question mentioned is preferred as not everybody is able to view image captions, it also yields better subreddit search results and helps blind and visually impaired Redditors who use Screen Reader Software or Text-to-Speech apps. to access Reddit. Thank you.&lt;/p&gt;

&lt;p&gt;IF THIS MESSAGE DOES NOT APPLY TO YOUR POST, PLEASE IGNORE.&lt;/p&gt;

&lt;p&gt;&lt;em&gt;I am a bot, and this action was performed automatically. Please &lt;a href=""/message/compose/?to=/r/traderjoes""&gt;contact the moderators of this subreddit&lt;/a&gt; if you have any questions or concerns.&lt;/em&gt;&lt;/p&gt;
&lt;/div&gt;",t1_nmktelz,,,,,,,,,,,0.0,,t3_1olvxeq,,nmktelz,t3_1olvxeq,2026-05-05T00:48:21.283Z,,,,1,https://www.reddit.com/r/traderjoes/comments/1olvxeq/thank_you_schoolhouse_cookies_for_saving_me_from/nmktelz/,t2_6l4z3,AutoModerator,
,genius! I love it,traderjoes,r/traderjoes,2025-11-25T03:03:32.000Z,comment,,"&lt;div class=""md""&gt;&lt;p&gt;genius! I love it&lt;/p&gt;
&lt;/div&gt;",t1_nqn5tni,,,,,,,,,,,0.0,,t3_1olvxeq,,nqn5tni,t3_1olvxeq,2026-05-05T00:48:21.283Z,,,,3,https://www.reddit.com/r/traderjoes/comments/1olvxeq/thank_you_schoolhouse_cookies_for_saving_me_from/nqn5tni/,t2_ieg19usa,261989,
,"If this ever happens again, you call the police immediately and tell them a person is refusing to leave your home! Whether it’s your ex or someone new. Never let anyone take advantage of your good heart ever again! Sick and desperate people see our kindness as weakness and target us specifically because they think it will be easy to manipulate us into doing what they want and sucking the life out of us! My ex kept saying he would kill himself if I left. So glad we both found the strength to leave! Be good to yourself and start making you your priority. Prayers for you!",walmart,r/walmart,2025-08-12T14:57:41.000Z,comment,,"&lt;div class=""md""&gt;&lt;p&gt;If this ever happens again, you call the police immediately and tell them a person is refusing to leave your home! Whether it’s your ex or someone new. Never let anyone take advantage of your good heart ever again! Sick and desperate people see our kindness as weakness and target us specifically because they think it will be easy to manipulate us into doing what they want and sucking the life out of us! My ex kept saying he would kill himself if I left. So glad we both found the strength to leave! Be good to yourself and start making you your priority. Prayers for you!&lt;/p&gt;
&lt;/div&gt;",t1_n8arjxv,,,,,,,,,,,1.0,,t1_n8alntk,,n8arjxv,t3_1mo0hr6,2026-05-05T00:48:19.882Z,,,,51,https://www.reddit.com/r/walmart/comments/1mo0hr6/update_on_my_ex_writing_things_in_the_bathroom_at/n8arjxv/,t2_1m12964axi,ReddBooty3000,
California,Found a couple weeks ago in the Oakland-Rockridge Trader Joe’s. My whole family loves the video and repeats it every time we see corn. Glad to see my local TJs get in on the humor!,,r/traderjoes,2025-09-29T23:26:47.000Z,post,Sign Art,"&lt;!-- SC_OFF --&gt;&lt;div class=""md""&gt;&lt;p&gt;Found a couple weeks ago in the Oakland-Rockridge Trader Joe’s. My whole family loves the video and repeats it every time we see corn. Glad to see my local TJs get in on the humor!&lt;/p&gt;
&lt;/div&gt;&lt;!-- SC_ON --&gt;",t3_1ntxhcn,https://i.redd.it/6awbtbtbu6sf1.jpeg,,,,,,False,False,https://i.redd.it/6awbtbtbu6sf1.jpeg,75.0,,False,,traderjoes,1ntxhcn,,2026-05-05T00:48:21.583Z,https://b.thumbs.redditmedia.com/iiJxkZFaVLvxBb89GNFU-QaZywtpSpDqBuBniv9Iw5w.jpg,The sign for Fresh Corn referencing the “It’s corn!” meme video made me laugh in the store,0.98,3425,https://www.reddit.com/r/traderjoes/comments/1ntxhcn/the_sign_for_fresh_corn_referencing_the_its_corn/,t2_5yfig,wootblarg,
,Brilliant!,traderjoes,r/traderjoes,2025-11-07T12:51:06.000Z,comment,,"&lt;div class=""md""&gt;&lt;p&gt;Brilliant!&lt;/p&gt;
&lt;/div&gt;",t1_nnl68l6,,,,,,,,,,,0.0,,t3_1olvxeq,,nnl68l6,t3_1olvxeq,2026-05-05T00:48:21.283Z,,,,7,https://www.reddit.com/r/traderjoes/comments/1olvxeq/thank_you_schoolhouse_cookies_for_saving_me_from/nnl68l6/,t2_7bjoz,Starfleetmom,
,"So the other day at our Wally World, the power went out at 7:30pm and store then ran on a generator and then the generator went out at 10:30 and all of the frozen and chilled foods sat for over 5 hours. When a second generator was used, the store ran on it until someone could come in and fix the power but until then, we stayed closed from customers (except the pharmacy) and all orders from OPD were canceled along with the automotive department (except emergencies such as a nail in the tire, so I’ve heard). Nevertheless, it was all hands on deck to get everything out. From ice cream, chicken, all the meats, everything in the freezer in the deli and bakery, live bait, and the chilled dog food. We opened the store at 3 when the marketing director came in and said that we had to open the store, cause we were initially gonna stay closed the whole day. Wild",,r/walmart,2025-06-20T15:51:50.000Z,post,,"&lt;!-- SC_OFF --&gt;&lt;div class=""md""&gt;&lt;p&gt;So the other day at our Wally World, the power went out at 7:30pm and store then ran on a generator and then the generator went out at 10:30 and all of the frozen and chilled foods sat for over 5 hours. When a second generator was used, the store ran on it until someone could come in and fix the power but until then, we stayed closed from customers (except the pharmacy) and all orders from OPD were canceled along with the automotive department (except emergencies such as a nail in the tire, so I’ve heard). Nevertheless, it was all hands on deck to get everything out. From ice cream, chicken, all the meats, everything in the freezer in the deli and bakery, live bait, and the chilled dog food. We opened the store at 3 when the marketing director came in and said that we had to open the store, cause we were initially gonna stay closed the whole day. Wild&lt;/p&gt;
&lt;/div&gt;&lt;!-- SC_ON --&gt;",t3_1lg7fxp,https://external-i.redd.it/dTV37Ut9Lz3LITsPFyjdA1bsF7iGN9iqZH2r85SdAtM.jpeg,https://i.redd.it/jby2l2x2t38f1.jpg,https://i.redd.it/6mpz9pw2t38f1.jpg,https://i.redd.it/ud3ftpw2t38f1.jpg,https://i.redd.it/nh92p4x2t38f1.jpg,https://i.redd.it/f5wft4x2t38f1.jpg,False,False,https://www.reddit.com/gallery/1lg7fxp,531.0,,False,,walmart,1lg7fxp,,2026-05-05T00:48:21.691Z,"https://external-preview.redd.it/dTV37Ut9Lz3LITsPFyjdA1bsF7iGN9iqZH2r85SdAtM.jpeg?width=140&amp;height=105&amp;crop=140:105,smart&amp;auto=webp&amp;s=03f4eb29c54aa7492c07079ee36fdbd8180b7153",Power went out. Over 300k dollars worth of food thrown away,0.99,3017,https://www.reddit.com/r/walmart/comments/1lg7fxp/power_went_out_over_300k_dollars_worth_of_food/,t2_8d2ztit,poopface123111,
,"Want to second this and reinforce that you are NEVER responsible for other people's actions or threats of harm to themselves or others. You can always call a help line if you suspect potential harm and have the emotional bandwidth to call, but beyond that, focusing on keeping yourself safe (in every way it can apply) should always be your first and foremost priority 💜",walmart,r/walmart,2025-08-13T17:39:31.000Z,comment,,"&lt;div class=""md""&gt;&lt;p&gt;Want to second this and reinforce that you are NEVER responsible for other people&amp;#39;s actions or threats of harm to themselves or others. You can always call a help line if you suspect potential harm and have the emotional bandwidth to call, but beyond that, focusing on keeping yourself safe (in every way it can apply) should always be your first and foremost priority 💜&lt;/p&gt;
&lt;/div&gt;",t1_n8i63zl,,,,,,,,,,,0.0,,t1_n8arjxv,,n8i63zl,t3_1mo0hr6,2026-05-05T00:48:19.882Z,,,,7,https://www.reddit.com/r/walmart/comments/1mo0hr6/update_on_my_ex_writing_things_in_the_bathroom_at/n8i63zl/,t2_5dpa5xw0,SystemSpare7425,
Associate,"Images:
	https://preview.redd.it/p00txqs61cbg1.png?auto=webp&amp;s=f4e85a367804671e2a4d1be958fd20e91cc8114a
",,r/walmart,2026-01-04T13:13:58.000Z,post,,"Images:
	https://preview.redd.it/p00txqs61cbg1.png?auto=webp&amp;s=f4e85a367804671e2a4d1be958fd20e91cc8114a
",t3_1q3pnii,https://i.redd.it/p00txqs61cbg1.png,,,,,,False,False,https://i.redd.it/p00txqs61cbg1.png,285.0,,False,,walmart,1q3pnii,,2026-05-05T00:48:21.683Z,https://a.thumbs.redditmedia.com/aTZAj02cIkFx0XEGZ6Z2D6Rw3L4j8cTQke_4bKPepp8.jpg,Homeless but just got a job (meat/produce) wish me luck I just wanna be inside an house soon,1.0,3063,https://www.reddit.com/r/walmart/comments/1q3pnii/homeless_but_just_got_a_job_meatproduce_wish_me/,t2_258vwk5cyh,Other_Channel8039,
,"Posts that don't follow r/traderjoes subreddit rules may be subject to removal. 

**Friendly reminder: No vague or non-descriptive post titles, this includes questions.**


Choosing descriptive post titles with product names, descriptions and/or exact question mentioned is preferred as not everybody is able to view image captions, it also yields better subreddit search results and helps blind and visually impaired Redditors who use Screen Reader Software or Text-to-Speech apps. to access Reddit. Thank you.

IF THIS MESSAGE DOES NOT APPLY TO YOUR POST, PLEASE IGNORE.


*I am a bot, and this action was performed automatically. Please [contact the moderators of this subreddit](/message/compose/?to=/r/traderjoes) if you have any questions or concerns.*",traderjoes,r/traderjoes,2025-09-29T23:26:50.000Z,comment,,"&lt;div class=""md""&gt;&lt;p&gt;Posts that don&amp;#39;t follow &lt;a href=""/r/traderjoes""&gt;r/traderjoes&lt;/a&gt; subreddit rules may be subject to removal. &lt;/p&gt;

&lt;p&gt;&lt;strong&gt;Friendly reminder: No vague or non-descriptive post titles, this includes questions.&lt;/strong&gt;&lt;/p&gt;

&lt;p&gt;Choosing descriptive post titles with product names, descriptions and/or exact question mentioned is preferred as not everybody is able to view image captions, it also yields better subreddit search results and helps blind and visually impaired Redditors who use Screen Reader Software or Text-to-Speech apps. to access Reddit. Thank you.&lt;/p&gt;

&lt;p&gt;IF THIS MESSAGE DOES NOT APPLY TO YOUR POST, PLEASE IGNORE.&lt;/p&gt;

&lt;p&gt;&lt;em&gt;I am a bot, and this action was performed automatically. Please &lt;a href=""/message/compose/?to=/r/traderjoes""&gt;contact the moderators of this subreddit&lt;/a&gt; if you have any questions or concerns.&lt;/em&gt;&lt;/p&gt;
&lt;/div&gt;",t1_ngx0pys,,,,,,,,,,,0.0,,t3_1ntxhcn,,ngx0pys,t3_1ntxhcn,2026-05-05T00:48:21.709Z,,,,1,https://www.reddit.com/r/traderjoes/comments/1ntxhcn/the_sign_for_fresh_corn_referencing_the_its_corn/ngx0pys/,t2_6l4z3,AutoModerator,
New York,Love it!!,traderjoes,r/traderjoes,2025-11-05T14:40:27.000Z,comment,,"&lt;div class=""md""&gt;&lt;p&gt;Love it!!&lt;/p&gt;
&lt;/div&gt;",t1_nn8swba,,,,,,,,,,,0.0,,t3_1olvxeq,,nn8swba,t3_1olvxeq,2026-05-05T00:48:21.283Z,,,,1,https://www.reddit.com/r/traderjoes/comments/1olvxeq/thank_you_schoolhouse_cookies_for_saving_me_from/nn8swba/,t2_4p3sb,aswewaltz,
,"When the power went out, why didn’t your management get refrigerated trailers ordered? That’s what I used to do lol",walmart,r/walmart,2025-06-20T15:55:44.000Z,comment,,"&lt;div class=""md""&gt;&lt;p&gt;When the power went out, why didn’t your management get refrigerated trailers ordered? That’s what I used to do lol&lt;/p&gt;
&lt;/div&gt;",t1_myty15f,,,,,,,,,,,3.0,,t3_1lg7fxp,,myty15f,t3_1lg7fxp,2026-05-05T00:48:21.782Z,,,,1094,https://www.reddit.com/r/walmart/comments/1lg7fxp/power_went_out_over_300k_dollars_worth_of_food/myty15f/,,[deleted],
,"Sorry, you said you’re 20 and he’s 46? How old were you when you met him? It almost sounds like he started dating you while you were still underage? Yikes!

Either way, this whole situation is awful, he’s clearly a predator, and you should definitely get any evidence you can. Some lawyers will also take cases with the understanding that they only get paid if they win, so I recommend looking into that. They might not sue him, but they can use any evidence you have to argue for a better order of protection. 

I recommend transferring to another store as well. If your managers are making excuses not to ban him for violating a temporary protection order, I doubt they’ll be willing to ban him when/if he violates the permanent protection order.

Also, you should look up domestic violence survivor resources in your area. They should be able to help you, and they’ll also be able to offer more specific advice for your situation. Remember, you deserve to feel safe in your own home, and it’s not selfish to be your own first priority.",walmart,r/walmart,2025-08-16T16:13:26.000Z,comment,,"&lt;div class=""md""&gt;&lt;p&gt;Sorry, you said you’re 20 and he’s 46? How old were you when you met him? It almost sounds like he started dating you while you were still underage? Yikes!&lt;/p&gt;

&lt;p&gt;Either way, this whole situation is awful, he’s clearly a predator, and you should definitely get any evidence you can. Some lawyers will also take cases with the understanding that they only get paid if they win, so I recommend looking into that. They might not sue him, but they can use any evidence you have to argue for a better order of protection. &lt;/p&gt;

&lt;p&gt;I recommend transferring to another store as well. If your managers are making excuses not to ban him for violating a temporary protection order, I doubt they’ll be willing to ban him when/if he violates the permanent protection order.&lt;/p&gt;

&lt;p&gt;Also, you should look up domestic violence survivor resources in your area. They should be able to help you, and they’ll also be able to offer more specific advice for your situation. Remember, you deserve to feel safe in your own home, and it’s not selfish to be your own first priority.&lt;/p&gt;
&lt;/div&gt;",t1_n91239p,,,,,,,,,,,1.0,,t1_n8alntk,,n91239p,t3_1mo0hr6,2026-05-05T00:48:19.882Z,,,,3,https://www.reddit.com/r/walmart/comments/1mo0hr6/update_on_my_ex_writing_things_in_the_bathroom_at/n91239p/,t2_5fokyaxk,_Keahilele_,
,I would have died laughing if I saw this. Makes me love TJ's even more now. :),traderjoes,r/traderjoes,2025-10-24T17:02:16.000Z,comment,,"&lt;div class=""md""&gt;&lt;p&gt;I would have died laughing if I saw this. Makes me love TJ&amp;#39;s even more now. :)&lt;/p&gt;
&lt;/div&gt;",t1_nl60kq6,,,,,,,,,,,0.0,,t3_1ntxhcn,,nl60kq6,t3_1ntxhcn,2026-05-05T00:48:21.709Z,,,,3,https://www.reddit.com/r/traderjoes/comments/1ntxhcn/the_sign_for_fresh_corn_referencing_the_its_corn/nl60kq6/,t2_4s5e2v4ty,AWholeNewCreation,
,Good luck to you and congrats. I hope you thrive 🌺🌺💜💜,walmart,r/walmart,2026-01-04T13:17:04.000Z,comment,,"&lt;div class=""md""&gt;&lt;p&gt;Good luck to you and congrats. I hope you thrive 🌺🌺💜💜&lt;/p&gt;
&lt;/div&gt;",t1_nxmc93t,,,,,,,,,,,1.0,,t3_1q3pnii,,nxmc93t,t3_1q3pnii,2026-05-05T00:48:21.809Z,,,,467,https://www.reddit.com/r/walmart/comments/1q3pnii/homeless_but_just_got_a_job_meatproduce_wish_me/nxmc93t/,t2_e6f81co3,Rock_Creek_Snark,
,This is adorable….,traderjoes,r/traderjoes,2025-11-03T20:37:42.000Z,comment,,"&lt;div class=""md""&gt;&lt;p&gt;This is adorable….&lt;/p&gt;
&lt;/div&gt;",t1_nmxxxsi,,,,,,,,,,,0.0,,t3_1olvxeq,,nmxxxsi,t3_1olvxeq,2026-05-05T00:48:21.283Z,,,,6,https://www.reddit.com/r/traderjoes/comments/1olvxeq/thank_you_schoolhouse_cookies_for_saving_me_from/nmxxxsi/,t2_mcamgyyl,YouMUSTvote,
Former Store Lead,I've done that and just not gotten assistance getting them in a timely manner far too many times.,walmart,r/walmart,2025-06-20T16:06:20.000Z,comment,,"&lt;div class=""md""&gt;&lt;p&gt;I&amp;#39;ve done that and just not gotten assistance getting them in a timely manner far too many times.&lt;/p&gt;
&lt;/div&gt;",t1_myu07hr,,,,,,,,,,,2.0,,t1_myty15f,,myu07hr,t3_1lg7fxp,2026-05-05T00:48:21.782Z,,,,455,https://www.reddit.com/r/walmart/comments/1lg7fxp/power_went_out_over_300k_dollars_worth_of_food/myu07hr/,t2_8ra9s,BurntRussian,
,Ugh this was such a stim for me lol,traderjoes,r/traderjoes,2025-10-23T10:50:03.000Z,comment,,"&lt;div class=""md""&gt;&lt;p&gt;Ugh this was such a stim for me lol&lt;/p&gt;
&lt;/div&gt;",t1_nkxofd9,,,,,,,,,,,0.0,,t3_1ntxhcn,,nkxofd9,t3_1ntxhcn,2026-05-05T00:48:21.709Z,,,,1,https://www.reddit.com/r/traderjoes/comments/1ntxhcn/the_sign_for_fresh_corn_referencing_the_its_corn/nkxofd9/,t2_r34mpm1r,Illustrious_Pool_321,
,"I want to add do NOT EVER let someone in that situation use your address to receive mail. They can then use that as evidence why they can't be kicked out. No mail. At all. Then if it comes down to needing to remove them, the cops can actually remove them. If they get mail there, they can't.",walmart,r/walmart,2025-08-17T01:27:02.000Z,comment,,"&lt;div class=""md""&gt;&lt;p&gt;I want to add do NOT EVER let someone in that situation use your address to receive mail. They can then use that as evidence why they can&amp;#39;t be kicked out. No mail. At all. Then if it comes down to needing to remove them, the cops can actually remove them. If they get mail there, they can&amp;#39;t.&lt;/p&gt;
&lt;/div&gt;",t1_n93s12y,,,,,,,,,,,0.0,,t1_n8alntk,,n93s12y,t3_1mo0hr6,2026-05-05T00:48:19.882Z,,,,3,https://www.reddit.com/r/walmart/comments/1mo0hr6/update_on_my_ex_writing_things_in_the_bathroom_at/n93s12y/,t2_3xgw82dp,that-0ne-kidd,
,"That is such a great idea! It looks adorable. My son is almost 15. He has always loved the ""letter cookies."" 😊",traderjoes,r/traderjoes,2025-11-02T16:45:14.000Z,comment,,"&lt;div class=""md""&gt;&lt;p&gt;That is such a great idea! It looks adorable. My son is almost 15. He has always loved the &amp;quot;letter cookies.&amp;quot; 😊&lt;/p&gt;
&lt;/div&gt;",t1_nmq8ggi,,,,,,,,,,,1.0,,t3_1olvxeq,,nmq8ggi,t3_1olvxeq,2026-05-05T00:48:21.283Z,,,,85,https://www.reddit.com/r/traderjoes/comments/1olvxeq/thank_you_schoolhouse_cookies_for_saving_me_from/nmq8ggi/,t2_4yafjkx99,STLt71,
Associate,Thank you,walmart,r/walmart,2026-01-04T13:24:19.000Z,comment,,"&lt;div class=""md""&gt;&lt;p&gt;Thank you&lt;/p&gt;
&lt;/div&gt;",t1_nxmdd68,,,,,,,,,,,2.0,,t1_nxmc93t,,nxmdd68,t3_1q3pnii,2026-05-05T00:48:21.809Z,,,,132,https://www.reddit.com/r/walmart/comments/1q3pnii/homeless_but_just_got_a_job_meatproduce_wish_me/nxmdd68/,t2_258vwk5cyh,Other_Channel8039,
,"It’s better if you can get them to outsource it, might cost more but it’s cheaper than losing 300k",walmart,r/walmart,2025-06-20T16:11:20.000Z,comment,,"&lt;div class=""md""&gt;&lt;p&gt;It’s better if you can get them to outsource it, might cost more but it’s cheaper than losing 300k&lt;/p&gt;
&lt;/div&gt;",t1_myu18d7,,,,,,,,,,,3.0,,t1_myu07hr,,myu18d7,t3_1lg7fxp,2026-05-05T00:48:21.782Z,,,,242,https://www.reddit.com/r/walmart/comments/1lg7fxp/power_went_out_over_300k_dollars_worth_of_food/myu18d7/,,[deleted],
,I can hear it now,traderjoes,r/traderjoes,2025-10-20T13:07:24.000Z,comment,,"&lt;div class=""md""&gt;&lt;p&gt;I can hear it now&lt;/p&gt;
&lt;/div&gt;",t1_nkgtedu,,,,,,,,,,,0.0,,t3_1ntxhcn,,nkgtedu,t3_1ntxhcn,2026-05-05T00:48:21.709Z,,,,1,https://www.reddit.com/r/traderjoes/comments/1ntxhcn/the_sign_for_fresh_corn_referencing_the_its_corn/nkgtedu/,,[deleted],
,"If it's any consolation, I was homeless when I got a job at Walmart.  That was nine years ago.  I have been in management 7 1/2 years of my nine years there.  You can do it!",walmart,r/walmart,2026-01-04T21:35:13.000Z,comment,,"&lt;div class=""md""&gt;&lt;p&gt;If it&amp;#39;s any consolation, I was homeless when I got a job at Walmart.  That was nine years ago.  I have been in management 7 1/2 years of my nine years there.  You can do it!&lt;/p&gt;
&lt;/div&gt;",t1_nxp7lw8,,,,,,,,,,,1.0,,t1_nxmdd68,,nxp7lw8,t3_1q3pnii,2026-05-05T00:48:21.809Z,,,,148,https://www.reddit.com/r/walmart/comments/1q3pnii/homeless_but_just_got_a_job_meatproduce_wish_me/nxp7lw8/,t2_36ykf76c,ottensma,
,The birthday girl calls them “leller cookies” and I hope she never outgrows that 🥰,traderjoes,r/traderjoes,2025-11-02T17:16:49.000Z,comment,,"&lt;div class=""md""&gt;&lt;p&gt;The birthday girl calls them “leller cookies” and I hope she never outgrows that 🥰&lt;/p&gt;
&lt;/div&gt;",t1_nmqevzv,,,,,,,,,,,1.0,,t1_nmq8ggi,,nmqevzv,t3_1olvxeq,2026-05-05T00:48:21.283Z,,,,31,https://www.reddit.com/r/traderjoes/comments/1olvxeq/thank_you_schoolhouse_cookies_for_saving_me_from/nmqevzv/,t2_3cgl7zy5,culle085,
,"Yikes I’m so sorry he took advantage of you. Please don’t ever date a man that much older than you ever again. Don’t even go for 30s. You’re not even a full year into adulthood and guys much older who can relate to people way younger always have something wrong with them. 

Read this book before you date again, it helped me a lot: https://ia801407.us.archive.org/6/items/LundyWhyDoesHeDoThat/Lundy_Why-does-he-do-that.pdf",walmart,r/walmart,2025-08-16T06:58:48.000Z,comment,,"&lt;div class=""md""&gt;&lt;p&gt;Yikes I’m so sorry he took advantage of you. Please don’t ever date a man that much older than you ever again. Don’t even go for 30s. You’re not even a full year into adulthood and guys much older who can relate to people way younger always have something wrong with them. &lt;/p&gt;

&lt;p&gt;Read this book before you date again, it helped me a lot: &lt;a href=""https://ia801407.us.archive.org/6/items/LundyWhyDoesHeDoThat/Lundy_Why-does-he-do-that.pdf""&gt;https://ia801407.us.archive.org/6/items/LundyWhyDoesHeDoThat/Lundy_Why-does-he-do-that.pdf&lt;/a&gt;&lt;/p&gt;
&lt;/div&gt;",t1_n8yx6mc,,,,,,,,,,,0.0,,t1_n8a08il,,n8yx6mc,t3_1mo0hr6,2026-05-05T00:48:19.882Z,,,,2,https://www.reddit.com/r/walmart/comments/1mo0hr6/update_on_my_ex_writing_things_in_the_bathroom_at/n8yx6mc/,t2_4exxwpfe,Ok_Introduction9466,
Associate,"Hey, yo' That's amazing 👏!!! Congrats on that huge accomplishment. Keep going. 🎉",walmart,r/walmart,2026-01-05T01:48:32.000Z,comment,,"&lt;div class=""md""&gt;&lt;p&gt;Hey, yo&amp;#39; That&amp;#39;s amazing 👏!!! Congrats on that huge accomplishment. Keep going. 🎉&lt;/p&gt;
&lt;/div&gt;",t1_nxqmrku,,,,,,,,,,,0.0,,t1_nxp7lw8,,nxqmrku,t3_1q3pnii,2026-05-05T00:48:21.809Z,,,,42,https://www.reddit.com/r/walmart/comments/1q3pnii/homeless_but_just_got_a_job_meatproduce_wish_me/nxqmrku/,t2_1tjnclpf,wafflelover77,
,"For Walmart it isn't. 

They'll just file an insurance claim. When I busted a fire sprinkler in one of our freezers, our *goal* was to hit the magic $50K damages number so that we could file a claim and it wouldn't impact our Sam$hare yearly bonus. 

If it's under $50K in damages, Walmart self insures and eats it out of our bonus. 

Luckily no drugs in my system then (not like it would of mattered) and since I was well liked, no write up either. Just a 30 day forklift ban and retrain.",walmart,r/walmart,2025-06-20T16:37:04.000Z,comment,,"&lt;div class=""md""&gt;&lt;p&gt;For Walmart it isn&amp;#39;t. &lt;/p&gt;

&lt;p&gt;They&amp;#39;ll just file an insurance claim. When I busted a fire sprinkler in one of our freezers, our &lt;em&gt;goal&lt;/em&gt; was to hit the magic $50K damages number so that we could file a claim and it wouldn&amp;#39;t impact our Sam$hare yearly bonus. &lt;/p&gt;

&lt;p&gt;If it&amp;#39;s under $50K in damages, Walmart self insures and eats it out of our bonus. &lt;/p&gt;

&lt;p&gt;Luckily no drugs in my system then (not like it would of mattered) and since I was well liked, no write up either. Just a 30 day forklift ban and retrain.&lt;/p&gt;
&lt;/div&gt;",t1_myu6i9a,,,,,,,,,,,4.0,,t1_myu18d7,,myu6i9a,t3_1lg7fxp,2026-05-05T00:48:21.782Z,,,,236,https://www.reddit.com/r/walmart/comments/1lg7fxp/power_went_out_over_300k_dollars_worth_of_food/myu6i9a/,t2_j6uzmid,Reynolds1029,
,Gluten Free!,traderjoes,r/traderjoes,2025-10-03T16:55:20.000Z,comment,,"&lt;div class=""md""&gt;&lt;p&gt;Gluten Free!&lt;/p&gt;
&lt;/div&gt;",t1_nhkq17u,,,,,,,,,,,0.0,,t3_1ntxhcn,,nhkq17u,t3_1ntxhcn,2026-05-05T00:48:21.709Z,,,,3,https://www.reddit.com/r/traderjoes/comments/1ntxhcn/the_sign_for_fresh_corn_referencing_the_its_corn/nhkq17u/,t2_dqnembg7,Confident_Eye4129,
,Aw that's adorable. 😍,traderjoes,r/traderjoes,2025-11-02T17:29:45.000Z,comment,,"&lt;div class=""md""&gt;&lt;p&gt;Aw that&amp;#39;s adorable. 😍&lt;/p&gt;
&lt;/div&gt;",t1_nmqhhxv,,,,,,,,,,,0.0,,t1_nmqevzv,,nmqhhxv,t3_1olvxeq,2026-05-05T00:48:21.283Z,,,,2,https://www.reddit.com/r/traderjoes/comments/1olvxeq/thank_you_schoolhouse_cookies_for_saving_me_from/nmqhhxv/,t2_4yafjkx99,STLt71,
,20 and 46 💀,walmart,r/walmart,2025-08-12T05:45:17.000Z,comment,,"&lt;div class=""md""&gt;&lt;p&gt;20 and 46 💀&lt;/p&gt;
&lt;/div&gt;",t1_n88qhxe,,,,,,,,,,,11.0,,t3_1mo0hr6,,n88qhxe,t3_1mo0hr6,2026-05-05T00:48:19.882Z,,,,979,https://www.reddit.com/r/walmart/comments/1mo0hr6/update_on_my_ex_writing_things_in_the_bathroom_at/n88qhxe/,t2_4iote5d1,AtreusFamilyRecipe,
,"Much luck and love to you, you've got this!",walmart,r/walmart,2026-01-05T17:45:34.000Z,comment,,"&lt;div class=""md""&gt;&lt;p&gt;Much luck and love to you, you&amp;#39;ve got this!&lt;/p&gt;
&lt;/div&gt;",t1_nxuqhb4,,,,,,,,,,,0.0,,t1_nxmdd68,,nxuqhb4,t3_1q3pnii,2026-05-05T00:48:21.809Z,,,,7,https://www.reddit.com/r/walmart/comments/1q3pnii/homeless_but_just_got_a_job_meatproduce_wish_me/nxuqhb4/,t2_1zagcp2mg5,Exquisite-Bliss1986,
,Forklift in the freezer?,walmart,r/walmart,2025-06-20T17:00:49.000Z,comment,,"&lt;div class=""md""&gt;&lt;p&gt;Forklift in the freezer?&lt;/p&gt;
&lt;/div&gt;",t1_myubh8p,,,,,,,,,,,5.0,,t1_myu6i9a,,myubh8p,t3_1lg7fxp,2026-05-05T00:48:21.782Z,,,,85,https://www.reddit.com/r/walmart/comments/1lg7fxp/power_went_out_over_300k_dollars_worth_of_food/myubh8p/,t2_kun2l,SenatorShockwave,
,This is ADORABLE 🩷,traderjoes,r/traderjoes,2025-11-02T15:09:58.000Z,comment,,"&lt;div class=""md""&gt;&lt;p&gt;This is ADORABLE 🩷&lt;/p&gt;
&lt;/div&gt;",t1_nmppraz,,,,,,,,,,,0.0,,t3_1olvxeq,,nmppraz,t3_1olvxeq,2026-05-05T00:48:21.283Z,,,,10,https://www.reddit.com/r/traderjoes/comments/1olvxeq/thank_you_schoolhouse_cookies_for_saving_me_from/nmppraz/,t2_uc7xtx5pc,SalsaChica75,
,Talk to your coach about applying for the ACNT program. Associate critical need trust. They can pay you up to $1500 if you are facing a hardship like homelessness.,walmart,r/walmart,2026-01-04T13:32:46.000Z,comment,,"&lt;div class=""md""&gt;&lt;p&gt;Talk to your coach about applying for the ACNT program. Associate critical need trust. They can pay you up to $1500 if you are facing a hardship like homelessness.&lt;/p&gt;
&lt;/div&gt;",t1_nxmeot2,,,,,,,,,,,3.0,,t3_1q3pnii,,nxmeot2,t3_1q3pnii,2026-05-05T00:48:21.809Z,,,,364,https://www.reddit.com/r/walmart/comments/1q3pnii/homeless_but_just_got_a_job_meatproduce_wish_me/nxmeot2/,t2_1fyspfi08q,lcj888,
,"Yes. 

If you ever been in a Costco, Sam's Club or other warehouse clubs, their freezers are large rooms with doors around the parameter for members to shop products placed on steel like you'd see on the salesfloor but we load pallets for frozen food storage (ideally) on top of the member area. I'd guess the ceilings are about 20-30ft high.

In reality it's a mix of shit on the floor not wrapped or half passed wrapped that needs to be moved at closing to restock and access anything which is easier with a lift. And the pallet you always need in the steel is buried from all the shit on the floor in the way.",walmart,r/walmart,2025-06-20T17:11:37.000Z,comment,,"&lt;div class=""md""&gt;&lt;p&gt;Yes. &lt;/p&gt;

&lt;p&gt;If you ever been in a Costco, Sam&amp;#39;s Club or other warehouse clubs, their freezers are large rooms with doors around the parameter for members to shop products placed on steel like you&amp;#39;d see on the salesfloor but we load pallets for frozen food storage (ideally) on top of the member area. I&amp;#39;d guess the ceilings are about 20-30ft high.&lt;/p&gt;

&lt;p&gt;In reality it&amp;#39;s a mix of shit on the floor not wrapped or half passed wrapped that needs to be moved at closing to restock and access anything which is easier with a lift. And the pallet you always need in the steel is buried from all the shit on the floor in the way.&lt;/p&gt;
&lt;/div&gt;",t1_myuds4x,,,,,,,,,,,2.0,,t1_myubh8p,,myuds4x,t3_1lg7fxp,2026-05-05T00:48:21.782Z,,,,78,https://www.reddit.com/r/walmart/comments/1lg7fxp/power_went_out_over_300k_dollars_worth_of_food/myuds4x/,t2_j6uzmid,Reynolds1029,
,No fr. A 46 yo man is fr acting like a high schooler leaving notes in the bathroom. What a joke of a human.,walmart,r/walmart,2025-08-12T05:47:25.000Z,comment,,"&lt;div class=""md""&gt;&lt;p&gt;No fr. A 46 yo man is fr acting like a high schooler leaving notes in the bathroom. What a joke of a human.&lt;/p&gt;
&lt;/div&gt;",t1_n88qqi5,,,,,,,,,,,3.0,,t1_n88qhxe,,n88qqi5,t3_1mo0hr6,2026-05-05T00:48:19.882Z,,,,772,https://www.reddit.com/r/walmart/comments/1mo0hr6/update_on_my_ex_writing_things_in_the_bathroom_at/n88qqi5/,t2_e71fqhw1,Plenty-Mall1484,
Associate,You have to wait 90 days right ? Or are there any exceptions,walmart,r/walmart,2026-01-04T13:34:13.000Z,comment,,"&lt;div class=""md""&gt;&lt;p&gt;You have to wait 90 days right ? Or are there any exceptions&lt;/p&gt;
&lt;/div&gt;",t1_nxmex1q,,,,,,,,,,,1.0,,t1_nxmeot2,,nxmex1q,t3_1q3pnii,2026-05-05T00:48:21.809Z,,,,130,https://www.reddit.com/r/walmart/comments/1q3pnii/homeless_but_just_got_a_job_meatproduce_wish_me/nxmex1q/,t2_258vwk5cyh,Other_Channel8039,
,"Unsure if it hit the minimum claim, but a guy I worked with at Sam's hit a sprinkler head over all the TVs and laptops on display.  That was a thing.",walmart,r/walmart,2025-06-21T16:32:51.000Z,comment,,"&lt;div class=""md""&gt;&lt;p&gt;Unsure if it hit the minimum claim, but a guy I worked with at Sam&amp;#39;s hit a sprinkler head over all the TVs and laptops on display.  That was a thing.&lt;/p&gt;
&lt;/div&gt;",t1_mz0c0sk,,,,,,,,,,,1.0,,t1_myuds4x,,mz0c0sk,t3_1lg7fxp,2026-05-05T00:48:21.782Z,,,,9,https://www.reddit.com/r/walmart/comments/1lg7fxp/power_went_out_over_300k_dollars_worth_of_food/mz0c0sk/,t2_2uhyyz01,bdgod13,
,Awww… my Sophie will be 22 soon.  It goes by fast…,traderjoes,r/traderjoes,2025-11-02T03:58:28.000Z,comment,,"&lt;div class=""md""&gt;&lt;p&gt;Awww… my Sophie will be 22 soon.  It goes by fast…&lt;/p&gt;
&lt;/div&gt;",t1_nmnf5wk,,,,,,,,,,,1.0,,t3_1olvxeq,,nmnf5wk,t3_1olvxeq,2026-05-05T00:48:21.283Z,,,,70,https://www.reddit.com/r/traderjoes/comments/1olvxeq/thank_you_schoolhouse_cookies_for_saving_me_from/nmnf5wk/,t2_1u5rk77env,CypressRootsMe,
,"Even getting the paperwork started, or the pathways shown to you now wont hurt. And who knows, someone might be able to pull some strings",walmart,r/walmart,2026-01-04T14:36:45.000Z,comment,,"&lt;div class=""md""&gt;&lt;p&gt;Even getting the paperwork started, or the pathways shown to you now wont hurt. And who knows, someone might be able to pull some strings&lt;/p&gt;
&lt;/div&gt;",t1_nxmpi2d,,,,,,,,,,,3.0,,t1_nxmex1q,,nxmpi2d,t3_1q3pnii,2026-05-05T00:48:21.809Z,,,,151,https://www.reddit.com/r/walmart/comments/1q3pnii/homeless_but_just_got_a_job_meatproduce_wish_me/nxmpi2d/,t2_7iup09z,Atomic_Carrot,
,Forklifts operate in freezers all the time.  They have racking like any other section of the warehouse.  I've worked in 3 of them.,walmart,r/walmart,2025-06-21T12:55:41.000Z,comment,,"&lt;div class=""md""&gt;&lt;p&gt;Forklifts operate in freezers all the time.  They have racking like any other section of the warehouse.  I&amp;#39;ve worked in 3 of them.&lt;/p&gt;
&lt;/div&gt;",t1_myz9pfo,,,,,,,,,,,0.0,,t1_myubh8p,,myz9pfo,t3_1lg7fxp,2026-05-05T00:48:21.782Z,,,,5,https://www.reddit.com/r/walmart/comments/1lg7fxp/power_went_out_over_300k_dollars_worth_of_food/myz9pfo/,t2_1287bk04st,Alone-Evening7753,
,Wholesome,traderjoes,r/traderjoes,2025-10-03T00:36:18.000Z,comment,,"&lt;div class=""md""&gt;&lt;p&gt;Wholesome&lt;/p&gt;
&lt;/div&gt;",t1_nhgoasc,,,,,,,,,,,0.0,,t3_1ntxhcn,,nhgoasc,t3_1ntxhcn,2026-05-05T00:48:21.709Z,,,,3,https://www.reddit.com/r/traderjoes/comments/1ntxhcn/the_sign_for_fresh_corn_referencing_the_its_corn/nhgoasc/,t2_1ae3sd3by9,Coma942,
,aww!!!,traderjoes,r/traderjoes,2025-11-02T07:10:32.000Z,comment,,"&lt;div class=""md""&gt;&lt;p&gt;aww!!!&lt;/p&gt;
&lt;/div&gt;",t1_nmo1w1e,,,,,,,,,,,0.0,,t1_nmnf5wk,,nmo1w1e,t3_1olvxeq,2026-05-05T00:48:21.283Z,,,,7,https://www.reddit.com/r/traderjoes/comments/1olvxeq/thank_you_schoolhouse_cookies_for_saving_me_from/nmo1w1e/,t2_wyx6d,kjlovesthebay,
,"I’ve worked in a Walmart Grocery warehouse before, why is this a surprise, exactly?

We had order pickers driving pallet trucks to get freight and there would be one Forklift driver assigned to replenish pallets in there for the order pickers.",walmart,r/walmart,2025-06-21T14:00:00.000Z,comment,,"&lt;div class=""md""&gt;&lt;p&gt;I’ve worked in a Walmart Grocery warehouse before, why is this a surprise, exactly?&lt;/p&gt;

&lt;p&gt;We had order pickers driving pallet trucks to get freight and there would be one Forklift driver assigned to replenish pallets in there for the order pickers.&lt;/p&gt;
&lt;/div&gt;",t1_myzjref,,,,,,,,,,,0.0,,t1_myubh8p,,myzjref,t3_1lg7fxp,2026-05-05T00:48:21.782Z,,,,3,https://www.reddit.com/r/walmart/comments/1lg7fxp/power_went_out_over_300k_dollars_worth_of_food/myzjref/,t2_1dj4ncs,ffxivfanboi,
Associate,"This what it says when I try to apply ""You have not been employed at the company long enough.You will be eligible when you have been at the company for 90 days. You have currently been at the company for 3 days. Your available ACNT balance will be above $0 on Wed Apr 01 18:00:00 CDT 2026""",walmart,r/walmart,2026-01-04T14:42:36.000Z,comment,,"&lt;div class=""md""&gt;&lt;p&gt;This what it says when I try to apply &amp;quot;You have not been employed at the company long enough.You will be eligible when you have been at the company for 90 days. You have currently been at the company for 3 days. Your available ACNT balance will be above $0 on Wed Apr 01 18:00:00 CDT 2026&amp;quot;&lt;/p&gt;
&lt;/div&gt;",t1_nxmqjoa,,,,,,,,,,,1.0,,t1_nxmpi2d,,nxmqjoa,t3_1q3pnii,2026-05-05T00:48:21.809Z,,,,77,https://www.reddit.com/r/walmart/comments/1q3pnii/homeless_but_just_got_a_job_meatproduce_wish_me/nxmqjoa/,t2_258vwk5cyh,Other_Channel8039,
,Apparently diesel fuel got mixed in with unleaded fuel around some stations in town. My Costco was affected. So they are offering premium for the price of unleaded for the inconvenience while they clean the unleaded tanks 🙂,,r/Costco,2026-01-09T22:51:57.000Z,post,,"&lt;!-- SC_OFF --&gt;&lt;div class=""md""&gt;&lt;p&gt;Apparently diesel fuel got mixed in with unleaded fuel around some stations in town. My Costco was affected. So they are offering premium for the price of unleaded for the inconvenience while they clean the unleaded tanks 🙂&lt;/p&gt;
&lt;/div&gt;&lt;!-- SC_ON --&gt;",t3_1q8n11m,https://i.redd.it/yl730v93lecg1.jpeg,,,,,,False,False,https://i.redd.it/yl730v93lecg1.jpeg,2351.0,,False,,Costco,1q8n11m,,2026-05-05T00:55:51.009Z,https://b.thumbs.redditmedia.com/5-QqpN2c0rYENIsxZjFPNChpfVi8at2BIQNTpSvlv0A.jpg,Sometimes you get lucky at the pump,0.95,64585,https://www.reddit.com/r/Costco/comments/1q8n11m/sometimes_you_get_lucky_at_the_pump/,t2_a0aodti5,CONative976,
,"Posts that do not follow r/Costco subreddit rules **MAY** be subject to removal. 

**Reminder: No vague non-descriptive post titles or availability questions.**

When applicable, please make sure that you're using a descriptive post title with product name(s) and/or exact question mentioned as it yields better subreddit search results. 

**Including item number, price, and approximate location or region where found is also helpful since product availability can vary.**


*I am a bot, and this action was performed automatically. Please [contact the moderators of this subreddit](/message/compose/?to=/r/Costco) if you have any questions or concerns.*",Costco,r/Costco,2026-01-09T22:51:59.000Z,comment,,"&lt;div class=""md""&gt;&lt;p&gt;Posts that do not follow &lt;a href=""/r/Costco""&gt;r/Costco&lt;/a&gt; subreddit rules &lt;strong&gt;MAY&lt;/strong&gt; be subject to removal. &lt;/p&gt;

&lt;p&gt;&lt;strong&gt;Reminder: No vague non-descriptive post titles or availability questions.&lt;/strong&gt;&lt;/p&gt;

&lt;p&gt;When applicable, please make sure that you&amp;#39;re using a descriptive post title with product name(s) and/or exact question mentioned as it yields better subreddit search results. &lt;/p&gt;

&lt;p&gt;&lt;strong&gt;Including item number, price, and approximate location or region where found is also helpful since product availability can vary.&lt;/strong&gt;&lt;/p&gt;

&lt;p&gt;&lt;em&gt;I am a bot, and this action was performed automatically. Please &lt;a href=""/message/compose/?to=/r/Costco""&gt;contact the moderators of this subreddit&lt;/a&gt; if you have any questions or concerns.&lt;/em&gt;&lt;/p&gt;
&lt;/div&gt;",t1_nyoozan,,,,,,,,,,,0.0,,t3_1q8n11m,,nyoozan,t3_1q8n11m,2026-05-05T00:55:51.096Z,,,,1,https://www.reddit.com/r/Costco/comments/1q8n11m/sometimes_you_get_lucky_at_the_pump/nyoozan/,t2_6l4z3,AutoModerator,
,This is happening to us in the Denver metro area. It's because Costco was delivered diesel fuel by mistake and they had to shut down the regular fuel lines.,Costco,r/Costco,2026-01-09T23:00:37.000Z,comment,,"&lt;div class=""md""&gt;&lt;p&gt;This is happening to us in the Denver metro area. It&amp;#39;s because Costco was delivered diesel fuel by mistake and they had to shut down the regular fuel lines.&lt;/p&gt;
&lt;/div&gt;",t1_nyoqoh1,,,,,,,,,,,4.0,,t3_1q8n11m,,nyoqoh1,t3_1q8n11m,2026-05-05T00:55:51.096Z,,,,3102,https://www.reddit.com/r/Costco/comments/1q8n11m/sometimes_you_get_lucky_at_the_pump/nyoqoh1/,t2_csy4k,trueblue0989,
,And Murphy’s and King Soopers. A lot of people’s cars are about to be all messed up.,Costco,r/Costco,2026-01-09T23:06:33.000Z,comment,,"&lt;div class=""md""&gt;&lt;p&gt;And Murphy’s and King Soopers. A lot of people’s cars are about to be all messed up.&lt;/p&gt;
&lt;/div&gt;",t1_nyortg2,,,,,,,,,,,3.0,,t1_nyoqoh1,,nyortg2,t3_1q8n11m,2026-05-05T00:55:51.096Z,,,,858,https://www.reddit.com/r/Costco/comments/1q8n11m/sometimes_you_get_lucky_at_the_pump/nyortg2/,t2_282rulq2,anaboogiewoogie,
,"That’s gotta be a free engine rebuild or car from Costco, right?",Costco,r/Costco,2026-01-10T00:41:27.000Z,comment,,"&lt;div class=""md""&gt;&lt;p&gt;That’s gotta be a free engine rebuild or car from Costco, right?&lt;/p&gt;
&lt;/div&gt;",t1_nyp9nbu,,,,,,,,,,,7.0,,t1_nyortg2,,nyp9nbu,t3_1q8n11m,2026-05-05T00:55:51.096Z,,,,284,https://www.reddit.com/r/Costco/comments/1q8n11m/sometimes_you_get_lucky_at_the_pump/nyp9nbu/,t2_1hmf8pk762,Wow_u_sure_r_dumb,
,When I was a tech at the dealer this same exact scenario happened at the Costco near me. We just dropped and cleaned the fuel tanks and sent them on their way. Diesel in a gasser isn't nearly as detrimental as gas in a diesel.,Costco,r/Costco,2026-01-10T00:57:22.000Z,comment,,"&lt;div class=""md""&gt;&lt;p&gt;When I was a tech at the dealer this same exact scenario happened at the Costco near me. We just dropped and cleaned the fuel tanks and sent them on their way. Diesel in a gasser isn&amp;#39;t nearly as detrimental as gas in a diesel.&lt;/p&gt;
&lt;/div&gt;",t1_nypcm9k,,,,,,,,,,,2.0,,t1_nyp9nbu,,nypcm9k,t3_1q8n11m,2026-05-05T00:55:51.096Z,,,,712,https://www.reddit.com/r/Costco/comments/1q8n11m/sometimes_you_get_lucky_at_the_pump/nypcm9k/,t2_1iqraegp,vaXhc,
,"I didn’t know that. Interesting, thanks",Costco,r/Costco,2026-01-10T01:04:22.000Z,comment,,"&lt;div class=""md""&gt;&lt;p&gt;I didn’t know that. Interesting, thanks&lt;/p&gt;
&lt;/div&gt;",t1_nypdvwo,,,,,,,,,,,2.0,,t1_nypcm9k,,nypdvwo,t3_1q8n11m,2026-05-05T00:55:51.096Z,,,,193,https://www.reddit.com/r/Costco/comments/1q8n11m/sometimes_you_get_lucky_at_the_pump/nypdvwo/,t2_1hmf8pk762,Wow_u_sure_r_dumb,
,I have seen people successfully dilute the diesel and just run it through.,Costco,r/Costco,2026-01-10T01:14:06.000Z,comment,,"&lt;div class=""md""&gt;&lt;p&gt;I have seen people successfully dilute the diesel and just run it through.&lt;/p&gt;
&lt;/div&gt;",t1_nypfn3b,,,,,,,,,,,3.0,,t1_nypdvwo,,nypfn3b,t3_1q8n11m,2026-05-05T00:55:51.096Z,,,,106,https://www.reddit.com/r/Costco/comments/1q8n11m/sometimes_you_get_lucky_at_the_pump/nypfn3b/,t2_e1xixs3u,Bitter_Bandicoot8067,
,Lil smoky but fine,Costco,r/Costco,2026-01-10T02:04:07.000Z,comment,,"&lt;div class=""md""&gt;&lt;p&gt;Lil smoky but fine&lt;/p&gt;
&lt;/div&gt;",t1_nypoqzx,,,,,,,,,,,4.0,,t1_nypfn3b,,nypoqzx,t3_1q8n11m,2026-05-05T00:55:51.096Z,,,,61,https://www.reddit.com/r/Costco/comments/1q8n11m/sometimes_you_get_lucky_at_the_pump/nypoqzx/,t2_yudu3,Sogah87,
,Running that E75 lol,Costco,r/Costco,2026-01-10T02:35:49.000Z,comment,,"&lt;div class=""md""&gt;&lt;p&gt;Running that E75 lol&lt;/p&gt;
&lt;/div&gt;",t1_nypuhry,,,,,,,,,,,2.0,,t1_nypoqzx,,nypuhry,t3_1q8n11m,2026-05-05T00:55:51.096Z,,,,65,https://www.reddit.com/r/Costco/comments/1q8n11m/sometimes_you_get_lucky_at_the_pump/nypuhry/,t2_11bcedee6i,No-Apple2252,
US North East Region - NE,hey I mean some cars can run E85 just fine,Costco,r/Costco,2026-01-10T03:42:08.000Z,comment,,"&lt;div class=""md""&gt;&lt;p&gt;hey I mean some cars can run E85 just fine&lt;/p&gt;
&lt;/div&gt;",t1_nyq5uv6,,,,,,,,,,,2.0,,t1_nypuhry,,nyq5uv6,t3_1q8n11m,2026-05-05T00:55:51.096Z,,,,30,https://www.reddit.com/r/Costco/comments/1q8n11m/sometimes_you_get_lucky_at_the_pump/nyq5uv6/,t2_4kvc81hre,MetsFan1324,
,Any car can run on e85.....for a while ,Costco,r/Costco,2026-01-10T03:54:39.000Z,comment,,"&lt;div class=""md""&gt;&lt;p&gt;Any car can run on e85.....for a while &lt;/p&gt;
&lt;/div&gt;",t1_nyq7xxu,,,,,,,,,,,1.0,,t1_nyq5uv6,,nyq7xxu,t3_1q8n11m,2026-05-05T00:55:51.096Z,,,,30,https://www.reddit.com/r/Costco/comments/1q8n11m/sometimes_you_get_lucky_at_the_pump/nyq7xxu/,t2_ccaas,Canis_Familiaris,
,"It's a bit hard on the catalytic converters and will probably throw a code, but a little diesel in gasoline usually won't do any permanent damage.",Costco,r/Costco,2026-01-10T04:13:04.000Z,comment,,"&lt;div class=""md""&gt;&lt;p&gt;It&amp;#39;s a bit hard on the catalytic converters and will probably throw a code, but a little diesel in gasoline usually won&amp;#39;t do any permanent damage.&lt;/p&gt;
&lt;/div&gt;",t1_nyqaurz,,,,,,,,,,,1.0,,t1_nypoqzx,,nyqaurz,t3_1q8n11m,2026-05-05T00:55:51.096Z,,,,15,https://www.reddit.com/r/Costco/comments/1q8n11m/sometimes_you_get_lucky_at_the_pump/nyqaurz/,t2_2zem4xh6,Killentyme55,
,Like mezcal,Costco,r/Costco,2026-01-10T09:19:12.000Z,comment,,"&lt;div class=""md""&gt;&lt;p&gt;Like mezcal&lt;/p&gt;
&lt;/div&gt;",t1_nyrcsqb,,,,,,,,,,,1.0,,t1_nypoqzx,,nyrcsqb,t3_1q8n11m,2026-05-05T00:55:51.097Z,,,,15,https://www.reddit.com/r/Costco/comments/1q8n11m/sometimes_you_get_lucky_at_the_pump/nyrcsqb/,t2_1dx8zg,dumpsterbride,
,"that's right, you don't necessarily NEED to flush the fuel lines. while it's going by the wayside in a lot of new cars, in a lot of cars on the road now, fuel circulates: 
from the pump, up the supply line, to the engine, where a pressure regulator controls fuel pressure by relieving overpressure into a return line which goes back to the tank. 

Accordingly, even if you have filled the fuel system with diesel, you can drain the diesel from the tank, replace it with unleaded, and crank till she splutters to life.",Costco,r/Costco,2026-01-10T02:40:21.000Z,comment,,"&lt;div class=""md""&gt;&lt;p&gt;that&amp;#39;s right, you don&amp;#39;t necessarily NEED to flush the fuel lines. while it&amp;#39;s going by the wayside in a lot of new cars, in a lot of cars on the road now, fuel circulates: 
from the pump, up the supply line, to the engine, where a pressure regulator controls fuel pressure by relieving overpressure into a return line which goes back to the tank. &lt;/p&gt;

&lt;p&gt;Accordingly, even if you have filled the fuel system with diesel, you can drain the diesel from the tank, replace it with unleaded, and crank till she splutters to life.&lt;/p&gt;
&lt;/div&gt;",t1_nypvahy,,,,,,,,,,,2.0,,t1_nypfn3b,,nypvahy,t3_1q8n11m,2026-05-05T00:55:51.097Z,,,,29,https://www.reddit.com/r/Costco/comments/1q8n11m/sometimes_you_get_lucky_at_the_pump/nypvahy/,t2_aidjoc8x9,sprikkot,
,Almost all the vehicles on the road are returnless high pressure systems now.,Costco,r/Costco,2026-01-10T03:48:45.000Z,comment,,"&lt;div class=""md""&gt;&lt;p&gt;Almost all the vehicles on the road are returnless high pressure systems now.&lt;/p&gt;
&lt;/div&gt;",t1_nyq6yoh,,,,,,,,,,,1.0,,t1_nypvahy,,nyq6yoh,t3_1q8n11m,2026-05-05T00:55:51.097Z,,,,16,https://www.reddit.com/r/Costco/comments/1q8n11m/sometimes_you_get_lucky_at_the_pump/nyq6yoh/,t2_9pdgkmme,MrKen2u,
,"Images:
	https://preview.redd.it/e9p1g6nn3alg1.jpeg?auto=webp&amp;s=314d8203df10a00d1905b63297da309152261ced
",,r/Costco,2026-02-23T17:24:19.000Z,post,Wholesome,"Images:
	https://preview.redd.it/e9p1g6nn3alg1.jpeg?auto=webp&amp;s=314d8203df10a00d1905b63297da309152261ced
",t3_1rcnoji,https://i.redd.it/e9p1g6nn3alg1.jpeg,,,,,,False,False,https://i.redd.it/e9p1g6nn3alg1.jpeg,963.0,,False,,Costco,1rcnoji,,2026-05-05T00:55:53.385Z,"https://preview.redd.it/e9p1g6nn3alg1.jpeg?width=140&amp;height=140&amp;crop=1:1,smart&amp;auto=webp&amp;s=77fba6ba387d7940b172414e3f163c9cdb41c05c",The one thing our grandpa wanted for his 100th birthday,0.96,53883,https://www.reddit.com/r/Costco/comments/1rcnoji/the_one_thing_our_grandpa_wanted_for_his_100th/,t2_1i503zwpnb,WinterUnfair9435,
,"Posts that do not follow r/Costco subreddit rules **MAY** be subject to removal. 

**Reminder: No vague non-descriptive post titles or availability questions.**

When applicable, please make sure that you're using a descriptive post title with product name(s) and/or exact question mentioned as it yields better subreddit search results. 

**Including item number, price, and approximate location or region where found is also helpful since product availability can vary.**


*I am a bot, and this action was performed automatically. Please [contact the moderators of this subreddit](/message/compose/?to=/r/Costco) if you have any questions or concerns.*",Costco,r/Costco,2026-02-23T17:24:22.000Z,comment,,"&lt;div class=""md""&gt;&lt;p&gt;Posts that do not follow &lt;a href=""/r/Costco""&gt;r/Costco&lt;/a&gt; subreddit rules &lt;strong&gt;MAY&lt;/strong&gt; be subject to removal. &lt;/p&gt;

&lt;p&gt;&lt;strong&gt;Reminder: No vague non-descriptive post titles or availability questions.&lt;/strong&gt;&lt;/p&gt;

&lt;p&gt;When applicable, please make sure that you&amp;#39;re using a descriptive post title with product name(s) and/or exact question mentioned as it yields better subreddit search results. &lt;/p&gt;

&lt;p&gt;&lt;strong&gt;Including item number, price, and approximate location or region where found is also helpful since product availability can vary.&lt;/strong&gt;&lt;/p&gt;

&lt;p&gt;&lt;em&gt;I am a bot, and this action was performed automatically. Please &lt;a href=""/message/compose/?to=/r/Costco""&gt;contact the moderators of this subreddit&lt;/a&gt; if you have any questions or concerns.&lt;/em&gt;&lt;/p&gt;
&lt;/div&gt;",t1_o6zfvtf,,,,,,,,,,,1.0,,t3_1rcnoji,,o6zfvtf,t3_1rcnoji,2026-05-05T00:55:53.444Z,,,,1,https://www.reddit.com/r/Costco/comments/1rcnoji/the_one_thing_our_grandpa_wanted_for_his_100th/o6zfvtf/,t2_6l4z3,AutoModerator,
,Happy 100th birthday! I hope Costco will be around in 34 years when I celebrate my 100th too!,Costco,r/Costco,2026-02-23T17:32:55.000Z,comment,,"&lt;div class=""md""&gt;&lt;p&gt;Happy 100th birthday! I hope Costco will be around in 34 years when I celebrate my 100th too!&lt;/p&gt;
&lt;/div&gt;",t1_o6zhpa1,,,,,,,,,,,3.0,,t3_1rcnoji,,o6zhpa1,t3_1rcnoji,2026-05-05T00:55:53.444Z,,,,586,https://www.reddit.com/r/Costco/comments/1rcnoji/the_one_thing_our_grandpa_wanted_for_his_100th/o6zhpa1/,t2_ckn2b2eu,Bobbyj59,
,Me too but in 79 years,Costco,r/Costco,2026-02-23T22:08:25.000Z,comment,,"&lt;div class=""md""&gt;&lt;p&gt;Me too but in 79 years&lt;/p&gt;
&lt;/div&gt;",t1_o7142ph,,,,,,,,,,,4.0,,t1_o6zhpa1,,o7142ph,t3_1rcnoji,2026-05-05T00:55:53.444Z,,,,77,https://www.reddit.com/r/Costco/comments/1rcnoji/the_one_thing_our_grandpa_wanted_for_his_100th/o7142ph/,t2_4jh8rgar,KatieTSO,
,"Me too. At 35, feeling like 100. 
Broke …",Costco,r/Costco,2026-02-24T01:14:02.000Z,comment,,"&lt;div class=""md""&gt;&lt;p&gt;Me too. At 35, feeling like 100. 
Broke …&lt;/p&gt;
&lt;/div&gt;",t1_o721yoo,,,,,,,,,,,0.0,,t1_o7142ph,,o721yoo,t3_1rcnoji,2026-05-05T00:55:53.444Z,,,,29,https://www.reddit.com/r/Costco/comments/1rcnoji/the_one_thing_our_grandpa_wanted_for_his_100th/o721yoo/,t2_i0e3zvay,Ordinary_Platypus_25,
,And it'll still be $1.50 with a drink,Costco,r/Costco,2026-02-24T02:06:28.000Z,comment,,"&lt;div class=""md""&gt;&lt;p&gt;And it&amp;#39;ll still be $1.50 with a drink&lt;/p&gt;
&lt;/div&gt;",t1_o72az1v,,,,,,,,,,,1.0,,t1_o7142ph,,o72az1v,t3_1rcnoji,2026-05-05T00:55:53.444Z,,,,24,https://www.reddit.com/r/Costco/comments/1rcnoji/the_one_thing_our_grandpa_wanted_for_his_100th/o72az1v/,t2_9elae,esteflo,
,36 for me. We just got a second Costco. I went in to check it out and it overwhelmed me. I’m getting old.,Costco,r/Costco,2026-02-23T23:46:25.000Z,comment,,"&lt;div class=""md""&gt;&lt;p&gt;36 for me. We just got a second Costco. I went in to check it out and it overwhelmed me. I’m getting old.&lt;/p&gt;
&lt;/div&gt;",t1_o71mcqs,,,,,,,,,,,2.0,,t1_o7142ph,,o71mcqs,t3_1rcnoji,2026-05-05T00:55:53.444Z,,,,8,https://www.reddit.com/r/Costco/comments/1rcnoji/the_one_thing_our_grandpa_wanted_for_his_100th/o71mcqs/,t2_1yzdanb5em,SpunkierthanYou,
,I'm 21 and I'm an executive member,Costco,r/Costco,2026-02-24T00:47:17.000Z,comment,,"&lt;div class=""md""&gt;&lt;p&gt;I&amp;#39;m 21 and I&amp;#39;m an executive member&lt;/p&gt;
&lt;/div&gt;",t1_o71xbtf,,,,,,,,,,,1.0,,t1_o71mcqs,,o71xbtf,t3_1rcnoji,2026-05-05T00:55:53.444Z,,,,14,https://www.reddit.com/r/Costco/comments/1rcnoji/the_one_thing_our_grandpa_wanted_for_his_100th/o71xbtf/,t2_4jh8rgar,KatieTSO,
,"Geez, I don't even hope I'm around for my 100th.",Costco,r/Costco,2026-02-24T08:16:55.000Z,comment,,"&lt;div class=""md""&gt;&lt;p&gt;Geez, I don&amp;#39;t even hope I&amp;#39;m around for my 100th.&lt;/p&gt;
&lt;/div&gt;",t1_o73pnmg,,,,,,,,,,,1.0,,t1_o6zhpa1,,o73pnmg,t3_1rcnoji,2026-05-05T00:55:53.444Z,,,,6,https://www.reddit.com/r/Costco/comments/1rcnoji/the_one_thing_our_grandpa_wanted_for_his_100th/o73pnmg/,t2_af1o4,Lou_C_Fer,
US Southeast Region - SE,Very smart man.  Hope he enjoyed his dog!  HAPPY BIRTHDAY TO YOU!,Costco,r/Costco,2026-02-23T17:27:40.000Z,comment,,"&lt;div class=""md""&gt;&lt;p&gt;Very smart man.  Hope he enjoyed his dog!  HAPPY BIRTHDAY TO YOU!&lt;/p&gt;
&lt;/div&gt;",t1_o6zgl8x,,,,,,,,,,,3.0,,t3_1rcnoji,,o6zgl8x,t3_1rcnoji,2026-05-05T00:55:53.444Z,,,,856,https://www.reddit.com/r/Costco/comments/1rcnoji/the_one_thing_our_grandpa_wanted_for_his_100th/o6zgl8x/,t2_gju7pppy,Luckyforward,
,"At 100 years old, he knows exactly what’s worth celebrating. Truly a legendary move.",Costco,r/Costco,2026-02-23T17:57:00.000Z,comment,,"&lt;div class=""md""&gt;&lt;p&gt;At 100 years old, he knows exactly what’s worth celebrating. Truly a legendary move.&lt;/p&gt;
&lt;/div&gt;",t1_o6zmvsp,,,,,,,,,,,1.0,,t1_o6zgl8x,,o6zmvsp,t3_1rcnoji,2026-05-05T00:55:53.444Z,,,,200,https://www.reddit.com/r/Costco/comments/1rcnoji/the_one_thing_our_grandpa_wanted_for_his_100th/o6zmvsp/,t2_26woxkov0w,CompetitionLankys,
,Hotdog still a nickle after all these years,Costco,r/Costco,2026-02-23T21:48:55.000Z,comment,,"&lt;div class=""md""&gt;&lt;p&gt;Hotdog still a nickle after all these years&lt;/p&gt;
&lt;/div&gt;",t1_o7100j2,,,,,,,,,,,2.0,,t1_o6zmvsp,,o7100j2,t3_1rcnoji,2026-05-05T00:55:53.444Z,,,,29,https://www.reddit.com/r/Costco/comments/1rcnoji/the_one_thing_our_grandpa_wanted_for_his_100th/o7100j2/,t2_dq7t9asg,Aleashed,
,"""I remember when frankfurters only cost a nickel."" ",Costco,r/Costco,2026-02-24T00:56:05.000Z,comment,,"&lt;div class=""md""&gt;&lt;p&gt;&amp;quot;I remember when frankfurters only cost a nickel.&amp;quot; &lt;/p&gt;
&lt;/div&gt;",t1_o71yvpk,,,,,,,,,,,1.0,,t1_o7100j2,,o71yvpk,t3_1rcnoji,2026-05-05T00:55:53.444Z,,,,10,https://www.reddit.com/r/Costco/comments/1rcnoji/the_one_thing_our_grandpa_wanted_for_his_100th/o71yvpk/,t2_a9q44u7l,hifamhowru,
,Enjoy that glizzy,Costco,r/Costco,2026-02-23T22:55:55.000Z,comment,,"&lt;div class=""md""&gt;&lt;p&gt;Enjoy that glizzy&lt;/p&gt;
&lt;/div&gt;",t1_o71damf,,,,,,,,,,,1.0,,t1_o6zgl8x,,o71damf,t3_1rcnoji,2026-05-05T00:55:53.444Z,,,,8,https://www.reddit.com/r/Costco/comments/1rcnoji/the_one_thing_our_grandpa_wanted_for_his_100th/o71damf/,t2_gvwdv,The_Troll_Gull,
,[removed],Costco,r/Costco,2026-02-23T17:31:28.000Z,comment,,"&lt;div class=""md""&gt;&lt;p&gt;[removed]&lt;/p&gt;
&lt;/div&gt;",t1_o6zheez,,,,,,,,,,,9.0,,t3_1rcnoji,,o6zheez,t3_1rcnoji,2026-05-05T00:55:53.444Z,,,,2003,https://www.reddit.com/r/Costco/comments/1rcnoji/the_one_thing_our_grandpa_wanted_for_his_100th/o6zheez/,,[deleted],
,[removed],Costco,r/Costco,2026-02-23T17:32:36.000Z,comment,,"&lt;div class=""md""&gt;&lt;p&gt;[removed]&lt;/p&gt;
&lt;/div&gt;",t1_o6zhmxe,,,,,,,,,,,10.0,,t1_o6zheez,,o6zhmxe,t3_1rcnoji,2026-05-05T00:55:53.444Z,,,,771,https://www.reddit.com/r/Costco/comments/1rcnoji/the_one_thing_our_grandpa_wanted_for_his_100th/o6zhmxe/,,[deleted],
,"Images:
	https://preview.redd.it/v43jxe08evyf1.jpeg?auto=webp&amp;s=686a4284d202a45833ea6cb8631941b61ba6fb62
",,r/Costco,2025-11-02T16:25:51.000Z,post,Halloween Costumes,"Images:
	https://preview.redd.it/v43jxe08evyf1.jpeg?auto=webp&amp;s=686a4284d202a45833ea6cb8631941b61ba6fb62
",t3_1omlpar,https://i.redd.it/v43jxe08evyf1.jpeg,,,,,,False,False,https://i.redd.it/v43jxe08evyf1.jpeg,1074.0,,False,,Costco,1omlpar,,2026-05-05T00:55:55.576Z,https://b.thumbs.redditmedia.com/4D6OIc6oxl_rLGpIebLCYxSnxb4YUS-MRGcxRH2Uq9U.jpg,"I was a Costco butcher for Halloween, handing out “ground werewolf” rice crispy treats to the kids.",0.95,49105,https://www.reddit.com/r/Costco/comments/1omlpar/i_was_a_costco_butcher_for_halloween_handing_out/,t2_dib8t,Marissachan,
Worst Person on this Sub and Always Has Been,"It’s beyond me how any of you could report this post to try to get Reddit’s overly sensitive Automod to pull it. Shame on you. 

We got you, OP.

Edit: Sending Reddit Cares after me is priceless.",Costco,r/Costco,2025-11-02T21:05:49.000Z,comment,,"&lt;div class=""md""&gt;&lt;p&gt;It’s beyond me how any of you could report this post to try to get Reddit’s overly sensitive Automod to pull it. Shame on you. &lt;/p&gt;

&lt;p&gt;We got you, OP.&lt;/p&gt;

&lt;p&gt;Edit: Sending Reddit Cares after me is priceless.&lt;/p&gt;
&lt;/div&gt;",t1_nmrqyao,,,,,,,,,,,1.0,,t3_1omlpar,,nmrqyao,t3_1omlpar,2026-05-05T00:55:55.686Z,,,,1,https://www.reddit.com/r/Costco/comments/1omlpar/i_was_a_costco_butcher_for_halloween_handing_out/nmrqyao/,t2_lbbhl,MistahNative,
,I like the attention to detail. Including the font used for the price/description sheet.,Costco,r/Costco,2025-11-02T17:36:11.000Z,comment,,"&lt;div class=""md""&gt;&lt;p&gt;I like the attention to detail. Including the font used for the price/description sheet.&lt;/p&gt;
&lt;/div&gt;",t1_nmqish9,,,,,,,,,,,2.0,,t3_1omlpar,,nmqish9,t3_1omlpar,2026-05-05T00:55:55.686Z,,,,3534,https://www.reddit.com/r/Costco/comments/1omlpar/i_was_a_costco_butcher_for_halloween_handing_out/nmqish9/,t2_5se0zgh0,Stunning_Bed23,
,"&gt; Including the font used

This website can identify fonts for you:

https://www.myfonts.com/pages/whatthefont",Costco,r/Costco,2025-11-02T17:57:00.000Z,comment,,"&lt;div class=""md""&gt;&lt;blockquote&gt;
&lt;p&gt;Including the font used&lt;/p&gt;
&lt;/blockquote&gt;

&lt;p&gt;This website can identify fonts for you:&lt;/p&gt;

&lt;p&gt;&lt;a href=""https://www.myfonts.com/pages/whatthefont""&gt;https://www.myfonts.com/pages/whatthefont&lt;/a&gt;&lt;/p&gt;
&lt;/div&gt;",t1_nmqn24a,,,,,,,,,,,2.0,,t1_nmqish9,,nmqn24a,t3_1omlpar,2026-05-05T00:55:55.686Z,,,,840,https://www.reddit.com/r/Costco/comments/1omlpar/i_was_a_costco_butcher_for_halloween_handing_out/nmqn24a/,t2_5145n,ComputerSavvy,
,"This is so helpful, thank you!! I just emailed this to myself at work, along with a couple co-workers.",Costco,r/Costco,2025-11-02T18:59:53.000Z,comment,,"&lt;div class=""md""&gt;&lt;p&gt;This is so helpful, thank you!! I just emailed this to myself at work, along with a couple co-workers.&lt;/p&gt;
&lt;/div&gt;",t1_nmr0byb,,,,,,,,,,,2.0,,t1_nmqn24a,,nmr0byb,t3_1omlpar,2026-05-05T00:55:55.686Z,,,,189,https://www.reddit.com/r/Costco/comments/1omlpar/i_was_a_costco_butcher_for_halloween_handing_out/nmr0byb/,t2_5655k0ef,jsmalltri,
,Matcherator and adobe fonts might also be helpful for you!,Costco,r/Costco,2025-11-02T23:03:42.000Z,comment,,"&lt;div class=""md""&gt;&lt;p&gt;Matcherator and adobe fonts might also be helpful for you!&lt;/p&gt;
&lt;/div&gt;",t1_nmsdgj7,,,,,,,,,,,0.0,,t1_nmr0byb,,nmsdgj7,t3_1omlpar,2026-05-05T00:55:55.686Z,,,,40,https://www.reddit.com/r/Costco/comments/1omlpar/i_was_a_costco_butcher_for_halloween_handing_out/nmsdgj7/,t2_1zh9ndcv,darksplit,
,I must see a close up of your rice crispy treats!,Costco,r/Costco,2025-11-02T17:37:24.000Z,comment,,"&lt;div class=""md""&gt;&lt;p&gt;I must see a close up of your rice crispy treats!&lt;/p&gt;
&lt;/div&gt;",t1_nmqj1d8,,,,,,,,,,,5.0,,t3_1omlpar,,nmqj1d8,t3_1omlpar,2026-05-05T00:55:55.686Z,,,,1999,https://www.reddit.com/r/Costco/comments/1omlpar/i_was_a_costco_butcher_for_halloween_handing_out/nmqj1d8/,t2_50lvs,amandaplzz,
,https://preview.redd.it/lybgexmhuvyf1.jpeg?width=1320&amp;format=pjpg&amp;auto=webp&amp;s=a67b5b4d7b5584aa3195129da659e357ec69a8eb,Costco,r/Costco,2025-11-02T17:57:03.000Z,comment,,"&lt;div class=""md""&gt;&lt;p&gt;&lt;a href=""https://preview.redd.it/lybgexmhuvyf1.jpeg?width=1320&amp;amp;format=pjpg&amp;amp;auto=webp&amp;amp;s=a67b5b4d7b5584aa3195129da659e357ec69a8eb""&gt;https://preview.redd.it/lybgexmhuvyf1.jpeg?width=1320&amp;amp;format=pjpg&amp;amp;auto=webp&amp;amp;s=a67b5b4d7b5584aa3195129da659e357ec69a8eb&lt;/a&gt;&lt;/p&gt;
&lt;/div&gt;",t1_nmqn2iw,,,,,,,,,,,17.0,,t1_nmqj1d8,,nmqn2iw,t3_1omlpar,2026-05-05T00:55:55.686Z,,,,4399,https://www.reddit.com/r/Costco/comments/1omlpar/i_was_a_costco_butcher_for_halloween_handing_out/nmqn2iw/,t2_dib8t,Marissachan,
,"This is precisely the kind of detail oriented Halloween setup I love! Great job on everything! I know if I was a kid, I’d definitely be afraid of eating these 😭",Costco,r/Costco,2025-11-02T18:28:58.000Z,comment,,"&lt;div class=""md""&gt;&lt;p&gt;This is precisely the kind of detail oriented Halloween setup I love! Great job on everything! I know if I was a kid, I’d definitely be afraid of eating these 😭&lt;/p&gt;
&lt;/div&gt;",t1_nmqtpts,,,,,,,,,,,0.0,,t1_nmqn2iw,,nmqtpts,t3_1omlpar,2026-05-05T00:55:55.686Z,,,,338,https://www.reddit.com/r/Costco/comments/1omlpar/i_was_a_costco_butcher_for_halloween_handing_out/nmqtpts/,t2_bo465ggb,Gnome_Researcher,
,[video of my set up](https://www.instagram.com/reel/DQfmxsCjVpc/?igsh=dzllc201YzFvb2dj),Costco,r/Costco,2025-11-02T18:01:52.000Z,comment,,"&lt;div class=""md""&gt;&lt;p&gt;&lt;a href=""https://www.instagram.com/reel/DQfmxsCjVpc/?igsh=dzllc201YzFvb2dj""&gt;video of my set up&lt;/a&gt;&lt;/p&gt;
&lt;/div&gt;",t1_nmqo1qt,,,,,,,,,,,3.0,,t1_nmqn2iw,,nmqo1qt,t3_1omlpar,2026-05-05T00:55:55.686Z,,,,885,https://www.reddit.com/r/Costco/comments/1omlpar/i_was_a_costco_butcher_for_halloween_handing_out/nmqo1qt/,t2_dib8t,Marissachan,
,Wish i could do something like this... but there are just too many kids that show up.,Costco,r/Costco,2025-11-02T20:02:17.000Z,comment,,"&lt;div class=""md""&gt;&lt;p&gt;Wish i could do something like this... but there are just too many kids that show up.&lt;/p&gt;
&lt;/div&gt;",t1_nmrdcg2,,,,,,,,,,,3.0,,t1_nmqo1qt,,nmrdcg2,t3_1omlpar,2026-05-05T00:55:55.686Z,,,,398,https://www.reddit.com/r/Costco/comments/1omlpar/i_was_a_costco_butcher_for_halloween_handing_out/nmrdcg2/,t2_7zap9at0,Reputation-Final,
,I get about 140,Costco,r/Costco,2025-11-02T20:33:56.000Z,comment,,"&lt;div class=""md""&gt;&lt;p&gt;I get about 140&lt;/p&gt;
&lt;/div&gt;",t1_nmrk4xz,,,,,,,,,,,2.0,,t1_nmrdcg2,,nmrk4xz,t3_1omlpar,2026-05-05T00:55:55.686Z,,,,368,https://www.reddit.com/r/Costco/comments/1omlpar/i_was_a_costco_butcher_for_halloween_handing_out/nmrk4xz/,t2_dib8t,Marissachan,
,"Over 700 here. 5 bags of costco candy, all gone. Constant stream of kids from 5-9 or until we run out.",Costco,r/Costco,2025-11-02T20:37:04.000Z,comment,,"&lt;div class=""md""&gt;&lt;p&gt;Over 700 here. 5 bags of costco candy, all gone. Constant stream of kids from 5-9 or until we run out.&lt;/p&gt;
&lt;/div&gt;",t1_nmrkswf,,,,,,,,,,,4.0,,t1_nmrk4xz,,nmrkswf,t3_1omlpar,2026-05-05T00:55:55.686Z,,,,343,https://www.reddit.com/r/Costco/comments/1omlpar/i_was_a_costco_butcher_for_halloween_handing_out/nmrkswf/,t2_7zap9at0,Reputation-Final,
,"Damn, that actually sounds exhausting! If you don’t mind me asking, how much money do you usually spend on candy/treats for halloween?",Costco,r/Costco,2025-11-02T20:46:30.000Z,comment,,"&lt;div class=""md""&gt;&lt;p&gt;Damn, that actually sounds exhausting! If you don’t mind me asking, how much money do you usually spend on candy/treats for halloween?&lt;/p&gt;
&lt;/div&gt;",t1_nmrmsqt,,,,,,,,,,,2.0,,t1_nmrkswf,,nmrmsqt,t3_1omlpar,2026-05-05T00:55:55.686Z,,,,155,https://www.reddit.com/r/Costco/comments/1omlpar/i_was_a_costco_butcher_for_halloween_handing_out/nmrmsqt/,t2_vmzj56c,WholesomeWhores,
,"I get the bags from costco. So 100 bucks now.

Not that long ago it was half the price.",Costco,r/Costco,2025-11-02T21:00:24.000Z,comment,,"&lt;div class=""md""&gt;&lt;p&gt;I get the bags from costco. So 100 bucks now.&lt;/p&gt;

&lt;p&gt;Not that long ago it was half the price.&lt;/p&gt;
&lt;/div&gt;",t1_nmrprqy,,,,,,,,,,,3.0,,t1_nmrmsqt,,nmrprqy,t3_1omlpar,2026-05-05T00:55:55.686Z,,,,170,https://www.reddit.com/r/Costco/comments/1omlpar/i_was_a_costco_butcher_for_halloween_handing_out/nmrprqy/,t2_7zap9at0,Reputation-Final,
,So were most things friend.,Costco,r/Costco,2025-11-02T21:45:21.000Z,comment,,"&lt;div class=""md""&gt;&lt;p&gt;So were most things friend.&lt;/p&gt;
&lt;/div&gt;",t1_nmrz1ff,,,,,,,,,,,0.0,,t1_nmrprqy,,nmrz1ff,t3_1omlpar,2026-05-05T00:55:55.686Z,,,,136,https://www.reddit.com/r/Costco/comments/1omlpar/i_was_a_costco_butcher_for_halloween_handing_out/nmrz1ff/,t2_b5q72,Chris275,
,I was halfway through the project when they switched the soda choices on me but the blue is lovely anyways. No AI was used in the making of this piece at any stage! ,,r/Costco,2025-10-05T21:12:39.000Z,post,[Mildly Interesting],"&lt;!-- SC_OFF --&gt;&lt;div class=""md""&gt;&lt;p&gt;I was halfway through the project when they switched the soda choices on me but the blue is lovely anyways. No AI was used in the making of this piece at any stage! &lt;/p&gt;
&lt;/div&gt;&lt;!-- SC_ON --&gt;",t3_1nz0ap3,https://i.redd.it/h8y4p88vzctf1.jpeg,,,,,,False,False,https://i.redd.it/h8y4p88vzctf1.jpeg,505.0,,False,,Costco,1nz0ap3,,2026-05-05T00:55:58.273Z,https://b.thumbs.redditmedia.com/Xu1ynVoq2_UAaOXOQn9GUdKZucE5PIH9z6Ar0eKu8bY.jpg,My ode to the unbeatable $1.50 Hot Dog Deal in stained glass,0.96,39844,https://www.reddit.com/r/Costco/comments/1nz0ap3/my_ode_to_the_unbeatable_150_hot_dog_deal_in/,t2_32s6j4io,cheezedragon25,
,This is great! Nicely done!,Costco,r/Costco,2025-10-05T21:27:41.000Z,comment,,"&lt;div class=""md""&gt;&lt;p&gt;This is great! Nicely done!&lt;/p&gt;
&lt;/div&gt;",t1_nhyov8e,,,,,,,,,,,1.0,,t3_1nz0ap3,,nhyov8e,t3_1nz0ap3,2026-05-05T00:55:58.342Z,,,,1010,https://www.reddit.com/r/Costco/comments/1nz0ap3/my_ode_to_the_unbeatable_150_hot_dog_deal_in/nhyov8e/,t2_ey1zp,Daeval,
,Beautiful! Did you take a class or just watch some tutorials online?,Costco,r/Costco,2025-10-05T21:50:16.000Z,comment,,"&lt;div class=""md""&gt;&lt;p&gt;Beautiful! Did you take a class or just watch some tutorials online?&lt;/p&gt;
&lt;/div&gt;",t1_nhyt8nw,,,,,,,,,,,1.0,,t1_nhyov8e,,nhyt8nw,t3_1nz0ap3,2026-05-05T00:55:58.342Z,,,,193,https://www.reddit.com/r/Costco/comments/1nz0ap3/my_ode_to_the_unbeatable_150_hot_dog_deal_in/nhyt8nw/,t2_7sjbs,lastofthevegas,
,I took a class from my local studio in July and got hooked. Ended up buying some equipment off of a guy closing his stained glass shop locally and then entirely too much glass from my local craft store. It definitely has a price tag to get in it but feels well worth it when a project is completed.,Costco,r/Costco,2025-10-05T21:56:13.000Z,comment,,"&lt;div class=""md""&gt;&lt;p&gt;I took a class from my local studio in July and got hooked. Ended up buying some equipment off of a guy closing his stained glass shop locally and then entirely too much glass from my local craft store. It definitely has a price tag to get in it but feels well worth it when a project is completed.&lt;/p&gt;
&lt;/div&gt;",t1_nhyucjw,,,,,,,,,,,2.0,,t1_nhyt8nw,,nhyucjw,t3_1nz0ap3,2026-05-05T00:55:58.342Z,,,,484,https://www.reddit.com/r/Costco/comments/1nz0ap3/my_ode_to_the_unbeatable_150_hot_dog_deal_in/nhyucjw/,t2_32s6j4io,cheezedragon25,
,"Did you have no experience prior to July? That's super cool for a newly picked up skill, I might have to give stained glass a go! It looks great",Costco,r/Costco,2025-10-06T00:37:40.000Z,comment,,"&lt;div class=""md""&gt;&lt;p&gt;Did you have no experience prior to July? That&amp;#39;s super cool for a newly picked up skill, I might have to give stained glass a go! It looks great&lt;/p&gt;
&lt;/div&gt;",t1_nhzm6d0,,,,,,,,,,,1.0,,t1_nhyucjw,,nhzm6d0,t3_1nz0ap3,2026-05-05T00:55:58.342Z,,,,83,https://www.reddit.com/r/Costco/comments/1nz0ap3/my_ode_to_the_unbeatable_150_hot_dog_deal_in/nhzm6d0/,t2_38a5m,arcoare,
,I did not actually! Always been creative but never “touched glass” until July. It was easier than I thought but it’s also slower than I thought. Takes a lot of time to trace then cut then grind then foil then solder then patina but it’s also incredibly therapeutic. I really hit my stride when I broke my ankle in August and spent a ton of time sitting. Definitely try a class and I couldn’t recommend it higher!!,Costco,r/Costco,2025-10-06T00:47:26.000Z,comment,,"&lt;div class=""md""&gt;&lt;p&gt;I did not actually! Always been creative but never “touched glass” until July. It was easier than I thought but it’s also slower than I thought. Takes a lot of time to trace then cut then grind then foil then solder then patina but it’s also incredibly therapeutic. I really hit my stride when I broke my ankle in August and spent a ton of time sitting. Definitely try a class and I couldn’t recommend it higher!!&lt;/p&gt;
&lt;/div&gt;",t1_nhznty5,,,,,,,,,,,5.0,,t1_nhzm6d0,,nhznty5,t3_1nz0ap3,2026-05-05T00:55:58.342Z,,,,178,https://www.reddit.com/r/Costco/comments/1nz0ap3/my_ode_to_the_unbeatable_150_hot_dog_deal_in/nhznty5/,t2_32s6j4io,cheezedragon25,
,"lmfao, ""touch glass""

thanks for the winter hobby inspo!",Costco,r/Costco,2025-10-06T00:50:42.000Z,comment,,"&lt;div class=""md""&gt;&lt;p&gt;lmfao, &amp;quot;touch glass&amp;quot;&lt;/p&gt;

&lt;p&gt;thanks for the winter hobby inspo!&lt;/p&gt;
&lt;/div&gt;",t1_nhzode8,,,,,,,,,,,0.0,,t1_nhznty5,,nhzode8,t3_1nz0ap3,2026-05-05T00:55:58.342Z,,,,107,https://www.reddit.com/r/Costco/comments/1nz0ap3/my_ode_to_the_unbeatable_150_hot_dog_deal_in/nhzode8/,t2_c5vbh,HandsOfCobalt,
,"&gt;hit my stride when I broke my ankle

Ok.  If that wasn’t intentional then I’m doubly impressed. lol",Costco,r/Costco,2025-10-06T05:07:00.000Z,comment,,"&lt;div class=""md""&gt;&lt;blockquote&gt;
&lt;p&gt;hit my stride when I broke my ankle&lt;/p&gt;
&lt;/blockquote&gt;

&lt;p&gt;Ok.  If that wasn’t intentional then I’m doubly impressed. lol&lt;/p&gt;
&lt;/div&gt;",t1_ni0puxr,,,,,,,,,,,0.0,,t1_nhznty5,,ni0puxr,t3_1nz0ap3,2026-05-05T00:55:58.342Z,,,,13,https://www.reddit.com/r/Costco/comments/1nz0ap3/my_ode_to_the_unbeatable_150_hot_dog_deal_in/ni0puxr/,t2_3acyyjm2,LoadsDroppin,
,"Please tell me you want to make another one and sell it to me,",Costco,r/Costco,2025-10-06T01:49:59.000Z,comment,,"&lt;div class=""md""&gt;&lt;p&gt;Please tell me you want to make another one and sell it to me,&lt;/p&gt;
&lt;/div&gt;",t1_nhzy2a1,,,,,,,,,,,1.0,,t1_nhznty5,,nhzy2a1,t3_1nz0ap3,2026-05-05T00:55:58.342Z,,,,34,https://www.reddit.com/r/Costco/comments/1nz0ap3/my_ode_to_the_unbeatable_150_hot_dog_deal_in/nhzy2a1/,t2_2fs5ld85,poppyseed1981,
,"Don't go there, the Costco Sign Police will be a'knockin',  babbling about Copyright infringement, with a Cease &amp; Desist order...",Costco,r/Costco,2025-10-06T02:43:27.000Z,comment,,"&lt;div class=""md""&gt;&lt;p&gt;Don&amp;#39;t go there, the Costco Sign Police will be a&amp;#39;knockin&amp;#39;,  babbling about Copyright infringement, with a Cease &amp;amp; Desist order...&lt;/p&gt;
&lt;/div&gt;",t1_ni06gqz,,,,,,,,,,,2.0,,t1_nhzy2a1,,ni06gqz,t3_1nz0ap3,2026-05-05T00:55:58.342Z,,,,15,https://www.reddit.com/r/Costco/comments/1nz0ap3/my_ode_to_the_unbeatable_150_hot_dog_deal_in/ni06gqz/,t2_16esz81d0t,FlanCharacter3878,
,"Change the next one to say ""Korkland"" and they'll never notice!",Costco,r/Costco,2025-10-06T03:21:05.000Z,comment,,"&lt;div class=""md""&gt;&lt;p&gt;Change the next one to say &amp;quot;Korkland&amp;quot; and they&amp;#39;ll never notice!&lt;/p&gt;
&lt;/div&gt;",t1_ni0c4zu,,,,,,,,,,,2.0,,t1_ni06gqz,,ni0c4zu,t3_1nz0ap3,2026-05-05T00:55:58.342Z,,,,20,https://www.reddit.com/r/Costco/comments/1nz0ap3/my_ode_to_the_unbeatable_150_hot_dog_deal_in/ni0c4zu/,t2_47euar6t,Sunshine030209,
,Problem solved  Awesome !,Costco,r/Costco,2025-10-06T03:25:09.000Z,comment,,"&lt;div class=""md""&gt;&lt;p&gt;Problem solved  Awesome !&lt;/p&gt;
&lt;/div&gt;",t1_ni0cpon,,,,,,,,,,,0.0,,t1_ni0c4zu,,ni0cpon,t3_1nz0ap3,2026-05-05T00:55:58.342Z,,,,5,https://www.reddit.com/r/Costco/comments/1nz0ap3/my_ode_to_the_unbeatable_150_hot_dog_deal_in/ni0cpon/,t2_16esz81d0t,FlanCharacter3878,
,This is so cool! Makes me want to give it a shot. When I was a kid my elderly aunt had a stained glass studio in her basement. I remember being so fascinated by the fractals and patterns and colors whenever we’d make the long road trip to visit every couple years. Ive always regretted that we lived so far and I wasn’t able to really get into it with her before she passed because I was so young. Thanks for sharing how you got started!,Costco,r/Costco,2025-10-07T17:06:13.000Z,comment,,"&lt;div class=""md""&gt;&lt;p&gt;This is so cool! Makes me want to give it a shot. When I was a kid my elderly aunt had a stained glass studio in her basement. I remember being so fascinated by the fractals and patterns and colors whenever we’d make the long road trip to visit every couple years. Ive always regretted that we lived so far and I wasn’t able to really get into it with her before she passed because I was so young. Thanks for sharing how you got started!&lt;/p&gt;
&lt;/div&gt;",t1_ni9z0jh,,,,,,,,,,,0.0,,t1_nhznty5,,ni9z0jh,t3_1nz0ap3,2026-05-05T00:55:58.342Z,,,,5,https://www.reddit.com/r/Costco/comments/1nz0ap3/my_ode_to_the_unbeatable_150_hot_dog_deal_in/ni9z0jh/,,[deleted],
,"I broke my ankle end of July and nothing to show for it!
Good job using your down time wisely",Costco,r/Costco,2025-10-08T01:38:17.000Z,comment,,"&lt;div class=""md""&gt;&lt;p&gt;I broke my ankle end of July and nothing to show for it!
Good job using your down time wisely&lt;/p&gt;
&lt;/div&gt;",t1_nicn2gm,,,,,,,,,,,0.0,,t1_nhznty5,,nicn2gm,t3_1nz0ap3,2026-05-05T00:55:58.342Z,,,,2,https://www.reddit.com/r/Costco/comments/1nz0ap3/my_ode_to_the_unbeatable_150_hot_dog_deal_in/nicn2gm/,t2_5tconp0c,wheeziem,
,I think this should end up in the Costco magazine- you should reach out to them! ,Costco,r/Costco,2025-10-05T21:52:53.000Z,comment,,"&lt;div class=""md""&gt;&lt;p&gt;I think this should end up in the Costco magazine- you should reach out to them! &lt;/p&gt;
&lt;/div&gt;",t1_nhytq5n,,,,,,,,,,,3.0,,t3_1nz0ap3,,nhytq5n,t3_1nz0ap3,2026-05-05T00:55:58.342Z,,,,561,https://www.reddit.com/r/Costco/comments/1nz0ap3/my_ode_to_the_unbeatable_150_hot_dog_deal_in/nhytq5n/,t2_1hj69ow4ei,Immediate_Falcon8808,
,I’d love if it made its way there! Didn’t know they had a magazine so cool!!,Costco,r/Costco,2025-10-05T21:59:27.000Z,comment,,"&lt;div class=""md""&gt;&lt;p&gt;I’d love if it made its way there! Didn’t know they had a magazine so cool!!&lt;/p&gt;
&lt;/div&gt;",t1_nhyuxqa,,,,,,,,,,,5.0,,t1_nhytq5n,,nhyuxqa,t3_1nz0ap3,2026-05-05T00:55:58.342Z,,,,218,https://www.reddit.com/r/Costco/comments/1nz0ap3/my_ode_to_the_unbeatable_150_hot_dog_deal_in/nhyuxqa/,t2_32s6j4io,cheezedragon25,
,"My 79 year old dad had a massive stroke in the Winston-Salem, NC, Costco on Tuesday, July 22nd. He had stopped for a watermelon and some grill stuff and then bought a hot dog and soda as he was leaving. 

He went to grab the soda cup and his right foot tripped over his left leg as it was paralyzed. A manager saw his face was drooping and yelled for a wheelchair and called a trauma team and an ambulance. They kept him calm until the ambulance got there. 

The doctor said only 2 out of 10 people survive this kind of stroke and that it would be a different outcome had the store not acted so quickly. Now my dad is home with no stroke side effects and he made some galbi on the grill last night. The well-trained Costco manager saved my dad's life 😭

UPDATE: Costco responded to the email and had also seen this post. They are going to recognize the employees and share my email with them. My dad has been too tired to leave the house, but we're going to try and get to Costco tomorrow for his watermelon and to thank them in person. ",,r/Costco,2025-07-27T23:52:14.000Z,post,Wholesome,"&lt;!-- SC_OFF --&gt;&lt;div class=""md""&gt;&lt;p&gt;My 79 year old dad had a massive stroke in the Winston-Salem, NC, Costco on Tuesday, July 22nd. He had stopped for a watermelon and some grill stuff and then bought a hot dog and soda as he was leaving. &lt;/p&gt;

&lt;p&gt;He went to grab the soda cup and his right foot tripped over his left leg as it was paralyzed. A manager saw his face was drooping and yelled for a wheelchair and called a trauma team and an ambulance. They kept him calm until the ambulance got there. &lt;/p&gt;

&lt;p&gt;The doctor said only 2 out of 10 people survive this kind of stroke and that it would be a different outcome had the store not acted so quickly. Now my dad is home with no stroke side effects and he made some galbi on the grill last night. The well-trained Costco manager saved my dad&amp;#39;s life 😭&lt;/p&gt;

&lt;p&gt;UPDATE: Costco responded to the email and had also seen this post. They are going to recognize the employees and share my email with them. My dad has been too tired to leave the house, but we&amp;#39;re going to try and get to Costco tomorrow for his watermelon and to thank them in person. &lt;/p&gt;
&lt;/div&gt;&lt;!-- SC_ON --&gt;",t3_1mb1cy3,,,,,,,False,False,https://www.reddit.com/r/Costco/comments/1mb1cy3/costco_manager_saved_my_dads_life/,679.0,,False,,Costco,1mb1cy3,,2026-05-05T00:56:00.272Z,self,Costco manager saved my dad's life,0.96,43470,https://www.reddit.com/r/Costco/comments/1mb1cy3/costco_manager_saved_my_dads_life/,t2_769x9i5i,Snoo_53440,
,"Posts that do not follow r/Costco subreddit rules **MAY** be subject to removal. 

**Reminder: No vague non-descriptive post titles or availability questions.**

When applicable, please make sure that you're using a descriptive post title with product name(s) and/or exact question mentioned as it yields better subreddit search results. 

**Including item number, price, and approximate location or region where found is also helpful since product availability can vary.**


*I am a bot, and this action was performed automatically. Please [contact the moderators of this subreddit](/message/compose/?to=/r/Costco) if you have any questions or concerns.*",Costco,r/Costco,2025-07-27T23:52:14.000Z,comment,,"&lt;div class=""md""&gt;&lt;p&gt;Posts that do not follow &lt;a href=""/r/Costco""&gt;r/Costco&lt;/a&gt; subreddit rules &lt;strong&gt;MAY&lt;/strong&gt; be subject to removal. &lt;/p&gt;

&lt;p&gt;&lt;strong&gt;Reminder: No vague non-descriptive post titles or availability questions.&lt;/strong&gt;&lt;/p&gt;

&lt;p&gt;When applicable, please make sure that you&amp;#39;re using a descriptive post title with product name(s) and/or exact question mentioned as it yields better subreddit search results. &lt;/p&gt;

&lt;p&gt;&lt;strong&gt;Including item number, price, and approximate location or region where found is also helpful since product availability can vary.&lt;/strong&gt;&lt;/p&gt;

&lt;p&gt;&lt;em&gt;I am a bot, and this action was performed automatically. Please &lt;a href=""/message/compose/?to=/r/Costco""&gt;contact the moderators of this subreddit&lt;/a&gt; if you have any questions or concerns.&lt;/em&gt;&lt;/p&gt;
&lt;/div&gt;",t1_n5it9bz,,,,,,,,,,,0.0,,t3_1mb1cy3,,n5it9bz,t3_1mb1cy3,2026-05-05T00:56:00.335Z,,,,1,https://www.reddit.com/r/Costco/comments/1mb1cy3/costco_manager_saved_my_dads_life/n5it9bz/,t2_6l4z3,AutoModerator,
,"please share with corporate,  they have a special recognition for employees! its the president's award.  very prestigious and hard to get recognized.  usually its from saving a life!  please speak up so the manager and employees involved get recognition!   email corporate,  they can also review camera feed to help identify employees, if you dont have their names!",Costco,r/Costco,2025-07-28T00:08:05.000Z,comment,,"&lt;div class=""md""&gt;&lt;p&gt;please share with corporate,  they have a special recognition for employees! its the president&amp;#39;s award.  very prestigious and hard to get recognized.  usually its from saving a life!  please speak up so the manager and employees involved get recognition!   email corporate,  they can also review camera feed to help identify employees, if you dont have their names!&lt;/p&gt;
&lt;/div&gt;",t1_n5ivvl6,,,,,,,,,,,4.0,,t3_1mb1cy3,,n5ivvl6,t3_1mb1cy3,2026-05-05T00:56:00.335Z,,,,4246,https://www.reddit.com/r/Costco/comments/1mb1cy3/costco_manager_saved_my_dads_life/n5ivvl6/,t2_6ir1x,evendree72,
,That's awesome. One more reason to like Costco,Costco,r/Costco,2025-07-28T02:32:27.000Z,comment,,"&lt;div class=""md""&gt;&lt;p&gt;That&amp;#39;s awesome. One more reason to like Costco&lt;/p&gt;
&lt;/div&gt;",t1_n5jiwjl,,,,,,,,,,,2.0,,t1_n5ivvl6,,n5jiwjl,t3_1mb1cy3,2026-05-05T00:56:00.335Z,,,,813,https://www.reddit.com/r/Costco/comments/1mb1cy3/costco_manager_saved_my_dads_life/n5jiwjl/,t2_9qco2,hotinmyigloo,
,I wish they had a Costco hospital where the Costco doctor could treat their Costco patients as recommended by the Costco manager while shopping at the Costco store.,Costco,r/Costco,2025-07-28T13:49:20.000Z,comment,,"&lt;div class=""md""&gt;&lt;p&gt;I wish they had a Costco hospital where the Costco doctor could treat their Costco patients as recommended by the Costco manager while shopping at the Costco store.&lt;/p&gt;
&lt;/div&gt;",t1_n5lwpsm,,,,,,,,,,,10.0,,t1_n5jiwjl,,n5lwpsm,t3_1mb1cy3,2026-05-05T00:56:00.335Z,,,,571,https://www.reddit.com/r/Costco/comments/1mb1cy3/costco_manager_saved_my_dads_life/n5lwpsm/,t2_4kizy9fk,LieutenantButthole,
,Welcome to Costco. I love you.,Costco,r/Costco,2025-07-28T14:59:46.000Z,comment,,"&lt;div class=""md""&gt;&lt;p&gt;Welcome to Costco. I love you.&lt;/p&gt;
&lt;/div&gt;",t1_n5mav36,,,,,,,,,,,2.0,,t1_n5lwpsm,,n5mav36,t3_1mb1cy3,2026-05-05T00:56:00.335Z,,,,252,https://www.reddit.com/r/Costco/comments/1mb1cy3/costco_manager_saved_my_dads_life/n5mav36/,t2_29etenl,flaks117,
,"""Yah I know this place pretty good, I went to law school here.""",Costco,r/Costco,2025-07-28T15:04:02.000Z,comment,,"&lt;div class=""md""&gt;&lt;p&gt;&amp;quot;Yah I know this place pretty good, I went to law school here.&amp;quot;&lt;/p&gt;
&lt;/div&gt;",t1_n5mbqok,,,,,,,,,,,1.0,,t1_n5mav36,,n5mbqok,t3_1mb1cy3,2026-05-05T00:56:00.335Z,,,,137,https://www.reddit.com/r/Costco/comments/1mb1cy3/costco_manager_saved_my_dads_life/n5mbqok/,t2_9ljw0,ReeferCheefer,
,“It’s a 2 day walk from here”,Costco,r/Costco,2025-07-28T17:18:00.000Z,comment,,"&lt;div class=""md""&gt;&lt;p&gt;“It’s a 2 day walk from here”&lt;/p&gt;
&lt;/div&gt;",t1_n5n4dqx,,,,,,,,,,,1.0,,t1_n5mbqok,,n5n4dqx,t3_1mb1cy3,2026-05-05T00:56:00.335Z,,,,24,https://www.reddit.com/r/Costco/comments/1mb1cy3/costco_manager_saved_my_dads_life/n5n4dqx/,t2_fmaeg,Book_talker_abouter,
,Buy ten X-Rays and save,Costco,r/Costco,2025-07-28T16:33:44.000Z,comment,,"&lt;div class=""md""&gt;&lt;p&gt;Buy ten X-Rays and save&lt;/p&gt;
&lt;/div&gt;",t1_n5mupyd,,,,,,,,,,,0.0,,t1_n5lwpsm,,n5mupyd,t3_1mb1cy3,2026-05-05T00:56:00.335Z,,,,52,https://www.reddit.com/r/Costco/comments/1mb1cy3/costco_manager_saved_my_dads_life/n5mupyd/,t2_a1gmqgjh,Ok_Cycle_185,
,Can’t say no to affordable healthcare!,Costco,r/Costco,2025-07-28T14:37:50.000Z,comment,,"&lt;div class=""md""&gt;&lt;p&gt;Can’t say no to affordable healthcare!&lt;/p&gt;
&lt;/div&gt;",t1_n5m6bhg,,,,,,,,,,,1.0,,t1_n5lwpsm,,n5m6bhg,t3_1mb1cy3,2026-05-05T00:56:00.335Z,,,,43,https://www.reddit.com/r/Costco/comments/1mb1cy3/costco_manager_saved_my_dads_life/n5m6bhg/,t2_9921oas4,Unlikely_Ear7684,
,Honestly: their pharmacy is excellent.,Costco,r/Costco,2025-07-28T18:03:57.000Z,comment,,"&lt;div class=""md""&gt;&lt;p&gt;Honestly: their pharmacy is excellent.&lt;/p&gt;
&lt;/div&gt;",t1_n5neiqo,,,,,,,,,,,1.0,,t1_n5m6bhg,,n5neiqo,t3_1mb1cy3,2026-05-05T00:56:00.335Z,,,,42,https://www.reddit.com/r/Costco/comments/1mb1cy3/costco_manager_saved_my_dads_life/n5neiqo/,t2_pwz1ph8,CautionarySnail,
,"I know we are currently living in a dystopia, but that sounds like the actual setting of a cyberpunk novel.",Costco,r/Costco,2025-07-28T15:08:22.000Z,comment,,"&lt;div class=""md""&gt;&lt;p&gt;I know we are currently living in a dystopia, but that sounds like the actual setting of a cyberpunk novel.&lt;/p&gt;
&lt;/div&gt;",t1_n5mcn60,,,,,,,,,,,1.0,,t1_n5lwpsm,,n5mcn60,t3_1mb1cy3,2026-05-05T00:56:00.335Z,,,,30,https://www.reddit.com/r/Costco/comments/1mb1cy3/costco_manager_saved_my_dads_life/n5mcn60/,t2_2vcoo7tf,inbigtreble30,
,Pretty sure that’s the actual setting of *Idiocracy*.,Costco,r/Costco,2025-07-28T19:13:57.000Z,comment,,"&lt;div class=""md""&gt;&lt;p&gt;Pretty sure that’s the actual setting of &lt;em&gt;Idiocracy&lt;/em&gt;.&lt;/p&gt;
&lt;/div&gt;",t1_n5nt7qw,,,,,,,,,,,1.0,,t1_n5mcn60,,n5nt7qw,t3_1mb1cy3,2026-05-05T00:56:00.335Z,,,,18,https://www.reddit.com/r/Costco/comments/1mb1cy3/costco_manager_saved_my_dads_life/n5nt7qw/,t2_1axhny36,spaceforcerecruit,
,With their Costco pharmaceuticals,Costco,r/Costco,2025-07-28T16:51:20.000Z,comment,,"&lt;div class=""md""&gt;&lt;p&gt;With their Costco pharmaceuticals&lt;/p&gt;
&lt;/div&gt;",t1_n5mygp6,,,,,,,,,,,0.0,,t1_n5lwpsm,,n5mygp6,t3_1mb1cy3,2026-05-05T00:56:00.335Z,,,,9,https://www.reddit.com/r/Costco/comments/1mb1cy3/costco_manager_saved_my_dads_life/n5mygp6/,t2_3vfp5jz8,beefandvodka,
,LieutenantButthole is right once again!,Costco,r/Costco,2025-07-28T16:13:45.000Z,comment,,"&lt;div class=""md""&gt;&lt;p&gt;LieutenantButthole is right once again!&lt;/p&gt;
&lt;/div&gt;",t1_n5mqjp6,,,,,,,,,,,0.0,,t1_n5lwpsm,,n5mqjp6,t3_1mb1cy3,2026-05-05T00:56:00.335Z,,,,7,https://www.reddit.com/r/Costco/comments/1mb1cy3/costco_manager_saved_my_dads_life/n5mqjp6/,t2_4dcx5iho,COOL42ALEX,
,"Oh, you mean a Costpital?",Costco,r/Costco,2025-07-28T17:44:47.000Z,comment,,"&lt;div class=""md""&gt;&lt;p&gt;Oh, you mean a Costpital?&lt;/p&gt;
&lt;/div&gt;",t1_n5naaz7,,,,,,,,,,,0.0,,t1_n5lwpsm,,n5naaz7,t3_1mb1cy3,2026-05-05T00:56:00.335Z,,,,7,https://www.reddit.com/r/Costco/comments/1mb1cy3/costco_manager_saved_my_dads_life/n5naaz7/,t2_59il0f7s,beerthdaycake,
Newbie,"Images:
	https://preview.redd.it/dun2js4131ug1.jpeg?auto=webp&amp;s=550837962219d9a1c54b6328761429c5b42989dd
",,r/publix,2026-04-08T20:41:58.000Z,post,CUSTOMERS,"Images:
	https://preview.redd.it/dun2js4131ug1.jpeg?auto=webp&amp;s=550837962219d9a1c54b6328761429c5b42989dd
",t3_1sg4wao,https://i.redd.it/dun2js4131ug1.jpeg,,,,,,False,False,https://i.redd.it/dun2js4131ug1.jpeg,429.0,,False,,publix,1sg4wao,,2026-05-05T00:56:02.173Z,"https://preview.redd.it/dun2js4131ug1.jpeg?width=140&amp;height=140&amp;crop=1:1,smart&amp;auto=webp&amp;s=59b0086a3c2279e909dc364a536c7e9cba1a8d33",Pub Sub in Japan,0.98,7388,https://www.reddit.com/r/publix/comments/1sg4wao/pub_sub_in_japan/,t2_1mh9hsicr5,Putrid_Interaction31,
Newbie,Does not compute,publix,r/publix,2026-04-08T20:49:43.000Z,comment,,"&lt;div class=""md""&gt;&lt;p&gt;Does not compute&lt;/p&gt;
&lt;/div&gt;",t1_of2fhe9,,,,,,,,,,,3.0,,t3_1sg4wao,,of2fhe9,t3_1sg4wao,2026-05-05T00:56:02.404Z,,,,424,https://www.reddit.com/r/publix/comments/1sg4wao/pub_sub_in_japan/of2fhe9/,t2_siro1hlc,InhibitedExistence,
Newbie,"Bro I literally did this meme when I saw the post:

![gif](giphy|RILsqUte1MME7TzQJ9)",publix,r/publix,2026-04-09T05:56:51.000Z,comment,,"&lt;div class=""md""&gt;&lt;p&gt;Bro I literally did this meme when I saw the post:&lt;/p&gt;

&lt;p&gt;&lt;a href=""https://giphy.com/gifs/RILsqUte1MME7TzQJ9"" target=""_blank""&gt;https://giphy.com/gifs/RILsqUte1MME7TzQJ9&lt;/a&gt;&lt;/p&gt;
&lt;/div&gt;",t1_of4zjxi,,,,,,,,,,,0.0,,t1_of2fhe9,,of4zjxi,t3_1sg4wao,2026-05-05T00:56:02.404Z,,,,87,https://www.reddit.com/r/publix/comments/1sg4wao/pub_sub_in_japan/of4zjxi/,t2_7atw702o,camcamfc,
Newbie,Me too! Lol.,publix,r/publix,2026-04-09T15:19:20.000Z,comment,,"&lt;div class=""md""&gt;&lt;p&gt;Me too! Lol.&lt;/p&gt;
&lt;/div&gt;",t1_of7c9w7,,,,,,,,,,,0.0,,t1_of2fhe9,,of7c9w7,t3_1sg4wao,2026-05-05T00:56:02.404Z,,,,6,https://www.reddit.com/r/publix/comments/1sg4wao/pub_sub_in_japan/of7c9w7/,t2_9qxb6le3,AdPuzzleheaded5076,
Newbie,But….why,publix,r/publix,2026-04-08T20:53:20.000Z,comment,,"&lt;div class=""md""&gt;&lt;p&gt;But….why&lt;/p&gt;
&lt;/div&gt;",t1_of2gakh,,,,,,,,,,,6.0,,t3_1sg4wao,,of2gakh,t3_1sg4wao,2026-05-05T00:56:02.404Z,,,,310,https://www.reddit.com/r/publix/comments/1sg4wao/pub_sub_in_japan/of2gakh/,t2_1kffi6jmyw,Blanky_Blank_,
Newbie,Mental illness,publix,r/publix,2026-04-08T21:06:27.000Z,comment,,"&lt;div class=""md""&gt;&lt;p&gt;Mental illness&lt;/p&gt;
&lt;/div&gt;",t1_of2j7n1,,,,,,,,,,,1.0,,t1_of2gakh,,of2j7n1,t3_1sg4wao,2026-05-05T00:56:02.404Z,,,,202,https://www.reddit.com/r/publix/comments/1sg4wao/pub_sub_in_japan/of2j7n1/,t2_s974n,MouseRat_AD,
Newbie,https://preview.redd.it/xei5nov481ug1.jpeg?width=552&amp;format=pjpg&amp;auto=webp&amp;s=a32f227b5bb49d1e20b4b2baa57a96157c922e5c,publix,r/publix,2026-04-08T21:10:37.000Z,comment,,"&lt;div class=""md""&gt;&lt;p&gt;&lt;a href=""https://preview.redd.it/xei5nov481ug1.jpeg?width=552&amp;amp;format=pjpg&amp;amp;auto=webp&amp;amp;s=a32f227b5bb49d1e20b4b2baa57a96157c922e5c""&gt;https://preview.redd.it/xei5nov481ug1.jpeg?width=552&amp;amp;format=pjpg&amp;amp;auto=webp&amp;amp;s=a32f227b5bb49d1e20b4b2baa57a96157c922e5c&lt;/a&gt;&lt;/p&gt;
&lt;/div&gt;",t1_of2k3hg,,,,,,,,,,,1.0,,t1_of2j7n1,,of2k3hg,t3_1sg4wao,2026-05-05T00:56:02.404Z,,,,127,https://www.reddit.com/r/publix/comments/1sg4wao/pub_sub_in_japan/of2k3hg/,t2_22zt8bonre,FieryTitmouse55,
Newbie,I imagine if you’re there for long enough and crave a staple meal from back home… this would fit the bill ,publix,r/publix,2026-04-09T00:51:27.000Z,comment,,"&lt;div class=""md""&gt;&lt;p&gt;I imagine if you’re there for long enough and crave a staple meal from back home… this would fit the bill &lt;/p&gt;
&lt;/div&gt;",t1_of3p7ac,,,,,,,,,,,1.0,,t1_of2gakh,,of3p7ac,t3_1sg4wao,2026-05-05T00:56:02.404Z,,,,20,https://www.reddit.com/r/publix/comments/1sg4wao/pub_sub_in_japan/of3p7ac/,t2_5djfr,AlchemyAlice,
Newbie,"My brother-in-law brought one on a cruise and ate it a few days in. Naturally he got really sick because it had just been sitting in his suitcase for the first 2 days. 

It was HILARIOUS!",publix,r/publix,2026-04-10T20:36:11.000Z,comment,,"&lt;div class=""md""&gt;&lt;p&gt;My brother-in-law brought one on a cruise and ate it a few days in. Naturally he got really sick because it had just been sitting in his suitcase for the first 2 days. &lt;/p&gt;

&lt;p&gt;It was HILARIOUS!&lt;/p&gt;
&lt;/div&gt;",t1_ofg8kq8,,,,,,,,,,,2.0,,t1_of3p7ac,,ofg8kq8,t3_1sg4wao,2026-05-05T00:56:02.404Z,,,,10,https://www.reddit.com/r/publix/comments/1sg4wao/pub_sub_in_japan/ofg8kq8/,t2_9mwmpefh,ArtisticAd7455,
Newbie,Yeah for you. But not for his butthole ,publix,r/publix,2026-04-10T22:54:08.000Z,comment,,"&lt;div class=""md""&gt;&lt;p&gt;Yeah for you. But not for his butthole &lt;/p&gt;
&lt;/div&gt;",t1_ofgzjlf,,,,,,,,,,,0.0,,t1_ofg8kq8,,ofgzjlf,t3_1sg4wao,2026-05-05T00:56:02.404Z,,,,5,https://www.reddit.com/r/publix/comments/1sg4wao/pub_sub_in_japan/ofgzjlf/,t2_5djfr,AlchemyAlice,
Newbie,So basically not the hot Cuban that you want on a cruise but the one you deserve,publix,r/publix,2026-04-11T23:38:30.000Z,comment,,"&lt;div class=""md""&gt;&lt;p&gt;So basically not the hot Cuban that you want on a cruise but the one you deserve&lt;/p&gt;
&lt;/div&gt;",t1_ofnqwhw,,,,,,,,,,,0.0,,t1_ofg8kq8,,ofnqwhw,t3_1sg4wao,2026-05-05T00:56:02.404Z,,,,3,https://www.reddit.com/r/publix/comments/1sg4wao/pub_sub_in_japan/ofnqwhw/,t2_h6g2z4hk,twistedbrewmejunk,
Newbie,"Imagine doing all this and realizing you added ""mayo both sides"" and now you cant eat it lol ",publix,r/publix,2026-04-10T02:51:27.000Z,comment,,"&lt;div class=""md""&gt;&lt;p&gt;Imagine doing all this and realizing you added &amp;quot;mayo both sides&amp;quot; and now you cant eat it lol &lt;/p&gt;
&lt;/div&gt;",t1_ofb8asl,,,,,,,,,,,1.0,,t1_of2gakh,,ofb8asl,t3_1sg4wao,2026-05-05T00:56:02.404Z,,,,9,https://www.reddit.com/r/publix/comments/1sg4wao/pub_sub_in_japan/ofb8asl/,t2_ekjxmo9jh,ImissRIF97,
Cashier,To bring Publix to Japan! ,publix,r/publix,2026-04-10T07:23:03.000Z,comment,,"&lt;div class=""md""&gt;&lt;p&gt;To bring Publix to Japan! &lt;/p&gt;
&lt;/div&gt;",t1_ofc84i1,,,,,,,,,,,0.0,,t1_of2gakh,,ofc84i1,t3_1sg4wao,2026-05-05T00:56:02.404Z,,,,3,https://www.reddit.com/r/publix/comments/1sg4wao/pub_sub_in_japan/ofc84i1/,t2_o12lw,RangoTheMerc,
Newbie,What! Question would be why not?,publix,r/publix,2026-04-09T00:47:12.000Z,comment,,"&lt;div class=""md""&gt;&lt;p&gt;What! Question would be why not?&lt;/p&gt;
&lt;/div&gt;",t1_of3oghq,,,,,,,,,,,1.0,,t1_of2gakh,,of3oghq,t3_1sg4wao,2026-05-05T00:56:02.404Z,,,,5,https://www.reddit.com/r/publix/comments/1sg4wao/pub_sub_in_japan/of3oghq/,t2_s5jx1v0,ednanog631,
Retired,How Is that thing even still edible at this point?,publix,r/publix,2026-04-08T21:01:34.000Z,comment,,"&lt;div class=""md""&gt;&lt;p&gt;How Is that thing even still edible at this point?&lt;/p&gt;
&lt;/div&gt;",t1_of2i572,,,,,,,,,,,3.0,,t3_1sg4wao,,of2i572,t3_1sg4wao,2026-05-05T00:56:02.404Z,,,,177,https://www.reddit.com/r/publix/comments/1sg4wao/pub_sub_in_japan/of2i572/,t2_nnzu9vy,VegasGuy1223,
Newbie,"It’s not, it’s like six months old

That said there’s a company near me in South Florida called Russo’s subs that will overnight subs worldwide. They started doing it to send subs to service members during desert shield/desert storm and they’ve kept doing it ever since.",publix,r/publix,2026-04-08T21:49:08.000Z,comment,,"&lt;div class=""md""&gt;&lt;p&gt;It’s not, it’s like six months old&lt;/p&gt;

&lt;p&gt;That said there’s a company near me in South Florida called Russo’s subs that will overnight subs worldwide. They started doing it to send subs to service members during desert shield/desert storm and they’ve kept doing it ever since.&lt;/p&gt;
&lt;/div&gt;",t1_of2s09h,,,,,,,,,,,5.0,,t1_of2i572,,of2s09h,t3_1sg4wao,2026-05-05T00:56:02.404Z,,,,185,https://www.reddit.com/r/publix/comments/1sg4wao/pub_sub_in_japan/of2s09h/,t2_1ebtd9g4pw,Legitimate-Lab9077,
,Recently had the pleasure of meeting Guillermo Rodriguez! Comedian and cohost of Jimmy’s Kimmel’s show and he was super nice! He was demoing his salsa brand at my location the other day. I said hi and told him I didn’t want to bother him but that my girlfriend and I were huge fans. He asked if I wanted a picture and I was ecstatic. The salsa was really good and tasted fresh and will definitely be a buy this upcoming weekend. Dreams do come true,,r/Costco,2026-02-05T02:16:50.000Z,post,[Mildly Interesting],"&lt;!-- SC_OFF --&gt;&lt;div class=""md""&gt;&lt;p&gt;Recently had the pleasure of meeting Guillermo Rodriguez! Comedian and cohost of Jimmy’s Kimmel’s show and he was super nice! He was demoing his salsa brand at my location the other day. I said hi and told him I didn’t want to bother him but that my girlfriend and I were huge fans. He asked if I wanted a picture and I was ecstatic. The salsa was really good and tasted fresh and will definitely be a buy this upcoming weekend. Dreams do come true&lt;/p&gt;
&lt;/div&gt;&lt;!-- SC_ON --&gt;",t3_1qw8mlu,https://i.redd.it/2syi2n1c5lhg1.jpeg,,,,,,False,False,https://i.redd.it/2syi2n1c5lhg1.jpeg,279.0,,False,,Costco,1qw8mlu,,2026-05-05T00:56:05.787Z,https://b.thumbs.redditmedia.com/hfrEpRDWyzCCSLJzGCg6VhEM6JlVp3LWPMcePR-hSTA.jpg,Guillermo from Jimmy Kimmel visited my location to demo and promote his salsa!,0.96,29393,https://www.reddit.com/r/Costco/comments/1qw8mlu/guillermo_from_jimmy_kimmel_visited_my_location/,t2_4dwtmyfl,NightofSpring,
Newbie,(reposted from NextDoor),,r/publix,2026-03-12T18:00:12.000Z,post,RANT :snoo_tableflip:,"&lt;!-- SC_OFF --&gt;&lt;div class=""md""&gt;&lt;p&gt;(reposted from NextDoor)&lt;/p&gt;
&lt;/div&gt;&lt;!-- SC_ON --&gt;",t3_1rry2js,https://i.redd.it/stxivx5klnog1.jpeg,,,,,,False,False,https://i.redd.it/stxivx5klnog1.jpeg,1151.0,,False,,publix,1rry2js,,2026-05-05T00:56:05.877Z,https://preview.redd.it/stxivx5klnog1.jpeg?width=140&amp;height=140&amp;auto=webp&amp;s=8052937c88edc34f41ffd8f728364fa6183b4979,Publix for the win,0.99,6905,https://www.reddit.com/r/publix/comments/1rry2js/publix_for_the_win/,t2_57bfu3twi,Gulf_Coast_21,
,"Posts that do not follow r/Costco subreddit rules **MAY** be subject to removal. 

**Reminder: No vague non-descriptive post titles or availability questions.**

When applicable, please make sure that you're using a descriptive post title with product name(s) and/or exact question mentioned as it yields better subreddit search results. 

**Including item number, price, and approximate location or region where found is also helpful since product availability can vary.**


*I am a bot, and this action was performed automatically. Please [contact the moderators of this subreddit](/message/compose/?to=/r/Costco) if you have any questions or concerns.*",Costco,r/Costco,2026-02-05T02:16:53.000Z,comment,,"&lt;div class=""md""&gt;&lt;p&gt;Posts that do not follow &lt;a href=""/r/Costco""&gt;r/Costco&lt;/a&gt; subreddit rules &lt;strong&gt;MAY&lt;/strong&gt; be subject to removal. &lt;/p&gt;

&lt;p&gt;&lt;strong&gt;Reminder: No vague non-descriptive post titles or availability questions.&lt;/strong&gt;&lt;/p&gt;

&lt;p&gt;When applicable, please make sure that you&amp;#39;re using a descriptive post title with product name(s) and/or exact question mentioned as it yields better subreddit search results. &lt;/p&gt;

&lt;p&gt;&lt;strong&gt;Including item number, price, and approximate location or region where found is also helpful since product availability can vary.&lt;/strong&gt;&lt;/p&gt;

&lt;p&gt;&lt;em&gt;I am a bot, and this action was performed automatically. Please &lt;a href=""/message/compose/?to=/r/Costco""&gt;contact the moderators of this subreddit&lt;/a&gt; if you have any questions or concerns.&lt;/em&gt;&lt;/p&gt;
&lt;/div&gt;",t1_o3n92za,,,,,,,,,,,0.0,,t3_1qw8mlu,,o3n92za,t3_1qw8mlu,2026-05-05T00:56:05.904Z,,,,1,https://www.reddit.com/r/Costco/comments/1qw8mlu/guillermo_from_jimmy_kimmel_visited_my_location/o3n92za/,t2_6l4z3,AutoModerator,
Newbie,Publix is also more expensive than Whole Foods 😂😂😂😂,publix,r/publix,2026-03-12T18:33:37.000Z,comment,,"&lt;div class=""md""&gt;&lt;p&gt;Publix is also more expensive than Whole Foods 😂😂😂😂&lt;/p&gt;
&lt;/div&gt;",t1_oa32v9x,,,,,,,,,,,12.0,,t3_1rry2js,,oa32v9x,t3_1rry2js,2026-05-05T00:56:05.972Z,,,,496,https://www.reddit.com/r/publix/comments/1rry2js/publix_for_the_win/oa32v9x/,t2_c6w4ywwul,Videoplushair,
,Love that dude. And not at all surprised to hear he’s a good guy,Costco,r/Costco,2026-02-05T02:19:47.000Z,comment,,"&lt;div class=""md""&gt;&lt;p&gt;Love that dude. And not at all surprised to hear he’s a good guy&lt;/p&gt;
&lt;/div&gt;",t1_o3n9l8r,,,,,,,,,,,5.0,,t3_1qw8mlu,,o3n9l8r,t3_1qw8mlu,2026-05-05T00:56:05.904Z,,,,1098,https://www.reddit.com/r/Costco/comments/1qw8mlu/guillermo_from_jimmy_kimmel_visited_my_location/o3n9l8r/,t2_5sm1ngcq,H3llm0nt,
,"Every story about him just sounds wholesome, funny, and genuinely kind.",Costco,r/Costco,2026-02-05T03:01:54.000Z,comment,,"&lt;div class=""md""&gt;&lt;p&gt;Every story about him just sounds wholesome, funny, and genuinely kind.&lt;/p&gt;
&lt;/div&gt;",t1_o3nh0u2,,,,,,,,,,,2.0,,t1_o3n9l8r,,o3nh0u2,t3_1qw8mlu,2026-05-05T00:56:05.904Z,,,,262,https://www.reddit.com/r/Costco/comments/1qw8mlu/guillermo_from_jimmy_kimmel_visited_my_location/o3nh0u2/,t2_26rkay0fob,Few-Cheesecake6883,
,"I liked it when Guillermo del Toro was a guest and I think he hugged Guillermo and went ""My brother!""",Costco,r/Costco,2026-02-05T07:51:34.000Z,comment,,"&lt;div class=""md""&gt;&lt;p&gt;I liked it when Guillermo del Toro was a guest and I think he hugged Guillermo and went &amp;quot;My brother!&amp;quot;&lt;/p&gt;
&lt;/div&gt;",t1_o3ok2k8,,,,,,,,,,,0.0,,t1_o3nh0u2,,o3ok2k8,t3_1qw8mlu,2026-05-05T00:56:05.904Z,,,,114,https://www.reddit.com/r/Costco/comments/1qw8mlu/guillermo_from_jimmy_kimmel_visited_my_location/o3ok2k8/,t2_h8oxd,ILoveRegenHealth,
,I swear if ICE fuvks with him....,Costco,r/Costco,2026-02-05T04:55:03.000Z,comment,,"&lt;div class=""md""&gt;&lt;p&gt;I swear if ICE fuvks with him....&lt;/p&gt;
&lt;/div&gt;",t1_o3nypz3,,,,,,,,,,,2.0,,t1_o3nh0u2,,o3nypz3,t3_1qw8mlu,2026-05-05T00:56:05.904Z,,,,54,https://www.reddit.com/r/Costco/comments/1qw8mlu/guillermo_from_jimmy_kimmel_visited_my_location/o3nypz3/,t2_fhi8w0t9q,Ok-Replacement9595,
,They already re haven’t you seen how they are readying his brothers and sisters? We all in this together. Thats what they don’t understand,Costco,r/Costco,2026-02-05T19:07:28.000Z,comment,,"&lt;div class=""md""&gt;&lt;p&gt;They already re haven’t you seen how they are readying his brothers and sisters? We all in this together. Thats what they don’t understand&lt;/p&gt;
&lt;/div&gt;",t1_o3rmnxp,,,,,,,,,,,0.0,,t1_o3nypz3,,o3rmnxp,t3_1qw8mlu,2026-05-05T00:56:05.904Z,,,,11,https://www.reddit.com/r/Costco/comments/1qw8mlu/guillermo_from_jimmy_kimmel_visited_my_location/o3rmnxp/,t2_4dg1u941,Express-Ad4146,
Newbie,"I just said the same thing to my father, we drive 25 minutes to go to whole foods now. ",publix,r/publix,2026-03-12T20:02:46.000Z,comment,,"&lt;div class=""md""&gt;&lt;p&gt;I just said the same thing to my father, we drive 25 minutes to go to whole foods now. &lt;/p&gt;
&lt;/div&gt;",t1_oa3lvqn,,,,,,,,,,,5.0,,t1_oa32v9x,,oa3lvqn,t3_1rry2js,2026-05-05T00:56:05.972Z,,,,114,https://www.reddit.com/r/publix/comments/1rry2js/publix_for_the_win/oa3lvqn/,t2_q73v49ze,Florida_Mannish,
,Guillermo is absolutely as authentic and nice as you can imagine. My wife and I ran into him and his wife a year ago in Hawai’i and they talked to us for like 20 min about what attractions and activities they should check out around the resort. Just incredibly genuine and kind people.,Costco,r/Costco,2026-02-05T19:53:12.000Z,comment,,"&lt;div class=""md""&gt;&lt;p&gt;Guillermo is absolutely as authentic and nice as you can imagine. My wife and I ran into him and his wife a year ago in Hawai’i and they talked to us for like 20 min about what attractions and activities they should check out around the resort. Just incredibly genuine and kind people.&lt;/p&gt;
&lt;/div&gt;",t1_o3rwg2s,,,,,,,,,,,0.0,,t1_o3n9l8r,,o3rwg2s,t3_1qw8mlu,2026-05-05T00:56:05.904Z,,,,35,https://www.reddit.com/r/Costco/comments/1qw8mlu/guillermo_from_jimmy_kimmel_visited_my_location/o3rwg2s/,t2_ekcy4txg,IAmThePunWhoMocks,
,His whole thing is being a good guy.,Costco,r/Costco,2026-02-05T15:28:37.000Z,comment,,"&lt;div class=""md""&gt;&lt;p&gt;His whole thing is being a good guy.&lt;/p&gt;
&lt;/div&gt;",t1_o3qb7r2,,,,,,,,,,,0.0,,t1_o3n9l8r,,o3qb7r2,t3_1qw8mlu,2026-05-05T00:56:05.904Z,,,,11,https://www.reddit.com/r/Costco/comments/1qw8mlu/guillermo_from_jimmy_kimmel_visited_my_location/o3qb7r2/,t2_3v40bho0,Ok-Post6492,
Newbie,I said this in the sub a few months back and got 2k plus downvotes. ,publix,r/publix,2026-03-12T21:07:25.000Z,comment,,"&lt;div class=""md""&gt;&lt;p&gt;I said this in the sub a few months back and got 2k plus downvotes. &lt;/p&gt;
&lt;/div&gt;",t1_oa3zukm,,,,,,,,,,,7.0,,t1_oa3lvqn,,oa3zukm,t3_1rry2js,2026-05-05T00:56:05.972Z,,,,142,https://www.reddit.com/r/publix/comments/1rry2js/publix_for_the_win/oa3zukm/,t2_1hbfp3ywmy,_25xamonth,
,could not agree more!,Costco,r/Costco,2026-02-06T00:00:48.000Z,comment,,"&lt;div class=""md""&gt;&lt;p&gt;could not agree more!&lt;/p&gt;
&lt;/div&gt;",t1_o3t9lv3,,,,,,,,,,,0.0,,t1_o3n9l8r,,o3t9lv3,t3_1qw8mlu,2026-05-05T00:56:05.904Z,,,,1,https://www.reddit.com/r/Costco/comments/1qw8mlu/guillermo_from_jimmy_kimmel_visited_my_location/o3t9lv3/,t2_27iqw93gvn,Fearless_Here579,
,He’s like Jimmy may get canned again I gotta get hustling,Costco,r/Costco,2026-02-05T02:20:30.000Z,comment,,"&lt;div class=""md""&gt;&lt;p&gt;He’s like Jimmy may get canned again I gotta get hustling&lt;/p&gt;
&lt;/div&gt;",t1_o3n9pnb,,,,,,,,,,,3.0,,t3_1qw8mlu,,o3n9pnb,t3_1qw8mlu,2026-05-05T00:56:05.904Z,,,,654,https://www.reddit.com/r/Costco/comments/1qw8mlu/guillermo_from_jimmy_kimmel_visited_my_location/o3n9pnb/,t2_8tncw92k,Jellyfishwonderbread,
Newbie,"![gif](giphy|26DNioenMF55ocuWY)

HES BACK FOR MORE!!! SEIZE HIM!!",publix,r/publix,2026-03-12T21:31:35.000Z,comment,,"&lt;div class=""md""&gt;&lt;p&gt;&lt;a href=""https://giphy.com/gifs/26DNioenMF55ocuWY"" target=""_blank""&gt;https://giphy.com/gifs/26DNioenMF55ocuWY&lt;/a&gt;&lt;/p&gt;

&lt;p&gt;HES BACK FOR MORE!!! SEIZE HIM!!&lt;/p&gt;
&lt;/div&gt;",t1_oa44sn2,,,,,,,,,,,4.0,,t1_oa3zukm,,oa44sn2,t3_1rry2js,2026-05-05T00:56:05.972Z,,,,113,https://www.reddit.com/r/publix/comments/1rry2js/publix_for_the_win/oa44sn2/,t2_gaf2r31w,Alternative-Pride138,
,[removed],Costco,r/Costco,2026-02-05T03:10:17.000Z,comment,,"&lt;div class=""md""&gt;&lt;p&gt;[removed]&lt;/p&gt;
&lt;/div&gt;",t1_o3nigik,,,,,,,,,,,3.0,,t1_o3n9pnb,,o3nigik,t3_1qw8mlu,2026-05-05T00:56:05.904Z,,,,305,https://www.reddit.com/r/Costco/comments/1qw8mlu/guillermo_from_jimmy_kimmel_visited_my_location/o3nigik/,,[deleted],
Customer Service,"https://i.redd.it/0opgn6rc5rog1.gif

/s",publix,r/publix,2026-03-13T05:56:32.000Z,comment,,"&lt;div class=""md""&gt;&lt;p&gt;&lt;a href=""https://i.redd.it/0opgn6rc5rog1.gif""&gt;https://i.redd.it/0opgn6rc5rog1.gif&lt;/a&gt;&lt;/p&gt;

&lt;p&gt;/s&lt;/p&gt;
&lt;/div&gt;",t1_oa6fl9w,,,,,,,,,,,0.0,,t1_oa44sn2,,oa6fl9w,t3_1rry2js,2026-05-05T00:56:05.972Z,,,,41,https://www.reddit.com/r/publix/comments/1rry2js/publix_for_the_win/oa6fl9w/,t2_lisc78em,HavingAnInternalCow,
,[removed],Costco,r/Costco,2026-02-05T05:57:33.000Z,comment,,"&lt;div class=""md""&gt;&lt;p&gt;[removed]&lt;/p&gt;
&lt;/div&gt;",t1_o3o73va,,,,,,,,,,,1.0,,t1_o3nigik,,o3o73va,t3_1qw8mlu,2026-05-05T00:56:05.904Z,,,,31,https://www.reddit.com/r/Costco/comments/1qw8mlu/guillermo_from_jimmy_kimmel_visited_my_location/o3o73va/,,[deleted],
Newbie,![gif](giphy|hrEw3hdISgH1KtYOEJ),publix,r/publix,2026-03-13T13:07:08.000Z,comment,,"&lt;div class=""md""&gt;&lt;p&gt;&lt;a href=""https://giphy.com/gifs/hrEw3hdISgH1KtYOEJ"" target=""_blank""&gt;https://giphy.com/gifs/hrEw3hdISgH1KtYOEJ&lt;/a&gt;&lt;/p&gt;
&lt;/div&gt;",t1_oa7vrx1,,,,,,,,,,,0.0,,t1_oa44sn2,,oa7vrx1,t3_1rry2js,2026-05-05T00:56:05.972Z,,,,13,https://www.reddit.com/r/publix/comments/1rry2js/publix_for_the_win/oa7vrx1/,t2_kmoh90mr,No_Restaurant_774,
,Selena sells salsa down by...la biblioteca?,Costco,r/Costco,2026-02-05T07:13:58.000Z,comment,,"&lt;div class=""md""&gt;&lt;p&gt;Selena sells salsa down by...la biblioteca?&lt;/p&gt;
&lt;/div&gt;",t1_o3og06w,,,,,,,,,,,1.0,,t1_o3o73va,,o3og06w,t3_1qw8mlu,2026-05-05T00:56:05.904Z,,,,15,https://www.reddit.com/r/Costco/comments/1qw8mlu/guillermo_from_jimmy_kimmel_visited_my_location/o3og06w/,t2_5by39q7x,kerokerobronito,
Newbie,😂😂😂😂😂,publix,r/publix,2026-03-13T02:49:47.000Z,comment,,"&lt;div class=""md""&gt;&lt;p&gt;😂😂😂😂😂&lt;/p&gt;
&lt;/div&gt;",t1_oa5qeqy,,,,,,,,,,,0.0,,t1_oa44sn2,,oa5qeqy,t3_1rry2js,2026-05-05T00:56:05.972Z,,,,3,https://www.reddit.com/r/publix/comments/1rry2js/publix_for_the_win/oa5qeqy/,t2_1klgjchqvv,PeaKindly4538,
,"Uno salsa, por fovor",Costco,r/Costco,2026-02-05T11:51:27.000Z,comment,,"&lt;div class=""md""&gt;&lt;p&gt;Uno salsa, por fovor&lt;/p&gt;
&lt;/div&gt;",t1_o3pa1zu,,,,,,,,,,,0.0,,t1_o3og06w,,o3pa1zu,t3_1qw8mlu,2026-05-05T00:56:05.904Z,,,,3,https://www.reddit.com/r/Costco/comments/1qw8mlu/guillermo_from_jimmy_kimmel_visited_my_location/o3pa1zu/,t2_9lciktge8,digital-didgeridoo,
,I won't buy until I see a salsa dancing class with Guillermo on youtube,Costco,r/Costco,2026-02-05T07:14:00.000Z,comment,,"&lt;div class=""md""&gt;&lt;p&gt;I won&amp;#39;t buy until I see a salsa dancing class with Guillermo on youtube&lt;/p&gt;
&lt;/div&gt;",t1_o3og0b9,,,,,,,,,,,0.0,,t1_o3nigik,,o3og0b9,t3_1qw8mlu,2026-05-05T00:56:05.904Z,,,,3,https://www.reddit.com/r/Costco/comments/1qw8mlu/guillermo_from_jimmy_kimmel_visited_my_location/o3og0b9/,t2_u1bpccqh,asspounder-4000,
Newbie,"I’ve done math, publix is 100% more expensive than Whole Foods. Compare 1lb of Salmon between Whole Foods, Trader Joe’s, Aldi, Sprouts, Walmart, etc and Publix will be the highest. ",publix,r/publix,2026-03-12T21:51:26.000Z,comment,,"&lt;div class=""md""&gt;&lt;p&gt;I’ve done math, publix is 100% more expensive than Whole Foods. Compare 1lb of Salmon between Whole Foods, Trader Joe’s, Aldi, Sprouts, Walmart, etc and Publix will be the highest. &lt;/p&gt;
&lt;/div&gt;",t1_oa48r6g,,,,,,,,,,,3.0,,t1_oa3zukm,,oa48r6g,t3_1rry2js,2026-05-05T00:56:05.972Z,,,,38,https://www.reddit.com/r/publix/comments/1rry2js/publix_for_the_win/oa48r6g/,t2_d9rzr,Jakemeister91,
Newbie,"I remember when I realized how expensive Publix is compared to other stores.

The price they charge on produce is insane. ""You want an onion? That'll be $3""

Meanwhile I can go to Aldi or other grocery stores and get 3 times as much for around the same price. 

Publix is a nice place to shop, but damn it's expensive. Especially now.",publix,r/publix,2026-03-13T03:10:34.000Z,comment,,"&lt;div class=""md""&gt;&lt;p&gt;I remember when I realized how expensive Publix is compared to other stores.&lt;/p&gt;

&lt;p&gt;The price they charge on produce is insane. &amp;quot;You want an onion? That&amp;#39;ll be $3&amp;quot;&lt;/p&gt;

&lt;p&gt;Meanwhile I can go to Aldi or other grocery stores and get 3 times as much for around the same price. &lt;/p&gt;

&lt;p&gt;Publix is a nice place to shop, but damn it&amp;#39;s expensive. Especially now.&lt;/p&gt;
&lt;/div&gt;",t1_oa5tq14,,,,,,,,,,,3.0,,t1_oa48r6g,,oa5tq14,t3_1rry2js,2026-05-05T00:56:05.972Z,,,,25,https://www.reddit.com/r/publix/comments/1rry2js/publix_for_the_win/oa5tq14/,t2_ac047yia,ElegantCoach4066,
Newbie,"I go to Publix for 2 main reasons

-Prepared food
-Convenience

And even prepared food I have to be intentional about. Wings, subs, and fried chicken are a better deal than a restaurant, but rotisserie chicken is as much if not more than almost every other grocer. ",publix,r/publix,2026-03-13T09:36:04.000Z,comment,,"&lt;div class=""md""&gt;&lt;p&gt;I go to Publix for 2 main reasons&lt;/p&gt;

&lt;p&gt;-Prepared food
-Convenience&lt;/p&gt;

&lt;p&gt;And even prepared food I have to be intentional about. Wings, subs, and fried chicken are a better deal than a restaurant, but rotisserie chicken is as much if not more than almost every other grocer. &lt;/p&gt;
&lt;/div&gt;",t1_oa72k6v,,,,,,,,,,,7.0,,t1_oa5tq14,,oa72k6v,t3_1rry2js,2026-05-05T00:56:05.972Z,,,,12,https://www.reddit.com/r/publix/comments/1rry2js/publix_for_the_win/oa72k6v/,t2_d9rzr,Jakemeister91,
Newbie,I only go if they got the meat on bogo 🤣everything else too damn expensive. ,publix,r/publix,2026-03-13T17:02:38.000Z,comment,,"&lt;div class=""md""&gt;&lt;p&gt;I only go if they got the meat on bogo 🤣everything else too damn expensive. &lt;/p&gt;
&lt;/div&gt;",t1_oa97i6n,,,,,,,,,,,2.0,,t1_oa72k6v,,oa97i6n,t3_1rry2js,2026-05-05T00:56:05.972Z,,,,11,https://www.reddit.com/r/publix/comments/1rry2js/publix_for_the_win/oa97i6n/,t2_22mmr7l9,GabbyyB,
Newbie,"from what people are describing, its seems like with the bogo you’d be getting the same amount of meat you’d get at the other stores lol. like if its twice as much at normal price at public compared to other grocery stores, your bogo would equal what it’d be to just buy the two neats out right no sale at the other stores right? like if ground beef is $8 a pound at publix and theres a bogo you can get two pounds for $8. but say walmart of whole foods its $4 a pound normal price you can get two lbs without there even being a sale lol (i’ve never been to a publix theres never been one in the states i’ve lived till now) and obviously these numbers are random",publix,r/publix,2026-03-14T06:37:10.000Z,comment,,"&lt;div class=""md""&gt;&lt;p&gt;from what people are describing, its seems like with the bogo you’d be getting the same amount of meat you’d get at the other stores lol. like if its twice as much at normal price at public compared to other grocery stores, your bogo would equal what it’d be to just buy the two neats out right no sale at the other stores right? like if ground beef is $8 a pound at publix and theres a bogo you can get two pounds for $8. but say walmart of whole foods its $4 a pound normal price you can get two lbs without there even being a sale lol (i’ve never been to a publix theres never been one in the states i’ve lived till now) and obviously these numbers are random&lt;/p&gt;
&lt;/div&gt;",t1_oad1syd,,,,,,,,,,,1.0,,t1_oa97i6n,,oad1syd,t3_1rry2js,2026-05-05T00:56:05.972Z,,,,2,https://www.reddit.com/r/publix/comments/1rry2js/publix_for_the_win/oad1syd/,t2_158v2ntyru,Feeling-frees,
Deli,Since I work there and need to pick a few things up I do it. But always regret it each time. 4 items and it might be 30$ or under if i'm lucky.,publix,r/publix,2026-03-14T10:36:33.000Z,comment,,"&lt;div class=""md""&gt;&lt;p&gt;Since I work there and need to pick a few things up I do it. But always regret it each time. 4 items and it might be 30$ or under if i&amp;#39;m lucky.&lt;/p&gt;
&lt;/div&gt;",t1_oadpx9n,,,,,,,,,,,1.0,,t1_oa72k6v,,oadpx9n,t3_1rry2js,2026-05-05T00:56:05.972Z,,,,4,https://www.reddit.com/r/publix/comments/1rry2js/publix_for_the_win/oadpx9n/,t2_l8vl3,DirkDoom,
Newbie,I go for bogos. Very rarely will I buy something if it’s not buy-one-get-one. ,publix,r/publix,2026-03-14T03:31:29.000Z,comment,,"&lt;div class=""md""&gt;&lt;p&gt;I go for bogos. Very rarely will I buy something if it’s not buy-one-get-one. &lt;/p&gt;
&lt;/div&gt;",t1_oacfn6d,,,,,,,,,,,0.0,,t1_oa72k6v,,oacfn6d,t3_1rry2js,2026-05-05T00:56:05.972Z,,,,3,https://www.reddit.com/r/publix/comments/1rry2js/publix_for_the_win/oacfn6d/,t2_5l8qzilc,zinten789,
Newbie,"The prepared food at Whole Foods is on another level. I picked up a family tray that contained 4 big pieces of salmon, string beans, and sweet potatoes. It was $30 and that was my lunch for 4 days! At $7.50 per serving eating grilled salmon with high quality sides man I’m never going back to cooking! ",publix,r/publix,2026-03-14T14:03:50.000Z,comment,,"&lt;div class=""md""&gt;&lt;p&gt;The prepared food at Whole Foods is on another level. I picked up a family tray that contained 4 big pieces of salmon, string beans, and sweet potatoes. It was $30 and that was my lunch for 4 days! At $7.50 per serving eating grilled salmon with high quality sides man I’m never going back to cooking! &lt;/p&gt;
&lt;/div&gt;",t1_oaeinbt,,,,,,,,,,,1.0,,t1_oa72k6v,,oaeinbt,t3_1rry2js,2026-05-05T00:56:05.972Z,,,,3,https://www.reddit.com/r/publix/comments/1rry2js/publix_for_the_win/oaeinbt/,t2_c6w4ywwul,Videoplushair,
Produce,"Images:
	https://preview.redd.it/qfl3g49xmh3f1.jpeg?auto=webp&amp;s=435690f5ab9a6830206d5ba00f5015bd2f86d60c
",,r/publix,2025-05-28T09:01:35.000Z,post,BLEED GREEN,"Images:
	https://preview.redd.it/qfl3g49xmh3f1.jpeg?auto=webp&amp;s=435690f5ab9a6830206d5ba00f5015bd2f86d60c
",t3_1kxccwr,https://i.redd.it/qfl3g49xmh3f1.jpeg,,,,,,False,False,https://i.redd.it/qfl3g49xmh3f1.jpeg,107.0,,False,,publix,1kxccwr,,2026-05-05T00:56:07.574Z,https://b.thumbs.redditmedia.com/C3Em3nxCr_ge-YthriNiTngQMmrhnnYzW7su9JVqROs.jpg,Took this by happen chance. Turned out insanely metal.,1.0,6377,https://www.reddit.com/r/publix/comments/1kxccwr/took_this_by_happen_chance_turned_out_insanely/,t2_15u8z6a7,Azurehue22,
,"*happenstance

And yes, very cool",publix,r/publix,2025-05-28T13:03:05.000Z,comment,,"&lt;div class=""md""&gt;&lt;p&gt;*happenstance&lt;/p&gt;

&lt;p&gt;And yes, very cool&lt;/p&gt;
&lt;/div&gt;",t1_muoyaef,,,,,,,,,,,1.0,,t3_1kxccwr,,muoyaef,t3_1kxccwr,2026-05-05T00:56:07.640Z,,,,110,https://www.reddit.com/r/publix/comments/1kxccwr/took_this_by_happen_chance_turned_out_insanely/muoyaef/,,[deleted],
Produce,Fuck no you right why did I write chance???,publix,r/publix,2025-05-28T13:32:30.000Z,comment,,"&lt;div class=""md""&gt;&lt;p&gt;Fuck no you right why did I write chance???&lt;/p&gt;
&lt;/div&gt;",t1_mup3l26,,,,,,,,,,,2.0,,t1_muoyaef,,mup3l26,t3_1kxccwr,2026-05-05T00:56:07.640Z,,,,42,https://www.reddit.com/r/publix/comments/1kxccwr/took_this_by_happen_chance_turned_out_insanely/mup3l26/,t2_15u8z6a7,Azurehue22,
Newbie,Post it to their X account! Great Pic!,publix,r/publix,2025-05-28T15:28:58.000Z,comment,,"&lt;div class=""md""&gt;&lt;p&gt;Post it to their X account! Great Pic!&lt;/p&gt;
&lt;/div&gt;",t1_muprauw,,,,,,,,,,,1.0,,t1_mup3l26,,muprauw,t3_1kxccwr,2026-05-05T00:56:07.640Z,,,,7,https://www.reddit.com/r/publix/comments/1kxccwr/took_this_by_happen_chance_turned_out_insanely/muprauw/,t2_vedx682m,LojikSupreme,
Produce,I did!,publix,r/publix,2025-05-30T18:34:33.000Z,comment,,"&lt;div class=""md""&gt;&lt;p&gt;I did!&lt;/p&gt;
&lt;/div&gt;",t1_mv44kjw,,,,,,,,,,,0.0,,t1_muprauw,,mv44kjw,t3_1kxccwr,2026-05-05T00:56:07.640Z,,,,2,https://www.reddit.com/r/publix/comments/1kxccwr/took_this_by_happen_chance_turned_out_insanely/mv44kjw/,t2_15u8z6a7,Azurehue22,
,Yours is right too too though.  Words are just sounds that mean ideas.  Your ideas work perfectly here,publix,r/publix,2025-05-29T15:10:50.000Z,comment,,"&lt;div class=""md""&gt;&lt;p&gt;Yours is right too too though.  Words are just sounds that mean ideas.  Your ideas work perfectly here&lt;/p&gt;
&lt;/div&gt;",t1_muw9vds,,,,,,,,,,,0.0,,t1_mup3l26,,muw9vds,t3_1kxccwr,2026-05-05T00:56:07.640Z,,,,-4,https://www.reddit.com/r/publix/comments/1kxccwr/took_this_by_happen_chance_turned_out_insanely/muw9vds/,,[deleted],
Management,This should be one of the images on the training computer's screensaver.,publix,r/publix,2025-05-28T14:57:40.000Z,comment,,"&lt;div class=""md""&gt;&lt;p&gt;This should be one of the images on the training computer&amp;#39;s screensaver.&lt;/p&gt;
&lt;/div&gt;",t1_mupkofe,,,,,,,,,,,0.0,,t3_1kxccwr,,mupkofe,t3_1kxccwr,2026-05-05T00:56:07.640Z,,,,79,https://www.reddit.com/r/publix/comments/1kxccwr/took_this_by_happen_chance_turned_out_insanely/mupkofe/,t2_a1io4,Reidmill,
Bakery,Me when I'm at the Evils Publix,publix,r/publix,2025-05-28T13:20:32.000Z,comment,,"&lt;div class=""md""&gt;&lt;p&gt;Me when I&amp;#39;m at the Evils Publix&lt;/p&gt;
&lt;/div&gt;",t1_mup1ejs,,,,,,,,,,,3.0,,t3_1kxccwr,,mup1ejs,t3_1kxccwr,2026-05-05T00:56:07.640Z,,,,79,https://www.reddit.com/r/publix/comments/1kxccwr/took_this_by_happen_chance_turned_out_insanely/mup1ejs/,t2_12k0cikege,mr_kitty974,
Distribution Center,"Had to do a stop, drop, and roll when I saw this today.

$20 for a tub of coffee. These were less than $8 before covid. The Walmart down the street sells these for 11.98.   

How does Publix justify being almost double the cost of competitors? I worked in the warehouse for 5 years and we definitely did not get treated good enough to justify these prices. ",,r/publix,2025-05-17T22:11:05.000Z,post,RANT :snoo_tableflip:,"&lt;!-- SC_OFF --&gt;&lt;div class=""md""&gt;&lt;p&gt;Had to do a stop, drop, and roll when I saw this today.&lt;/p&gt;

&lt;p&gt;$20 for a tub of coffee. These were less than $8 before covid. The Walmart down the street sells these for 11.98.   &lt;/p&gt;

&lt;p&gt;How does Publix justify being almost double the cost of competitors? I worked in the warehouse for 5 years and we definitely did not get treated good enough to justify these prices. &lt;/p&gt;
&lt;/div&gt;&lt;!-- SC_ON --&gt;",t3_1kp4q14,https://i.redd.it/mrue9j3c1f1f1.jpeg,,,,,,False,False,https://i.redd.it/mrue9j3c1f1f1.jpeg,1678.0,,False,,publix,1kp4q14,,2026-05-05T00:56:08.386Z,https://b.thumbs.redditmedia.com/aHbbI2ROGqtPaaL59T4fIAh7Gb8M96uIkw3xbkBiYfg.jpg,Publix has lost their minds.,0.99,6595,https://www.reddit.com/r/publix/comments/1kp4q14/publix_has_lost_their_minds/,t2_z76j4,Daveit4later,
Newbie,"Evil Publix: Where shopping is a Displeasure 

Buy one get none free

Sub pubs

5 dollar sushi is on Tuesday",publix,r/publix,2025-05-29T17:08:05.000Z,comment,,"&lt;div class=""md""&gt;&lt;p&gt;Evil Publix: Where shopping is a Displeasure &lt;/p&gt;

&lt;p&gt;Buy one get none free&lt;/p&gt;

&lt;p&gt;Sub pubs&lt;/p&gt;

&lt;p&gt;5 dollar sushi is on Tuesday&lt;/p&gt;
&lt;/div&gt;",t1_muwyyh2,,,,,,,,,,,0.0,,t1_mup1ejs,,muwyyh2,t3_1kxccwr,2026-05-05T00:56:07.640Z,,,,15,https://www.reddit.com/r/publix/comments/1kxccwr/took_this_by_happen_chance_turned_out_insanely/muwyyh2/,t2_6y7dpbab,IllustratorFar1883,
Produce,"Because people buy it, simple as that",publix,r/publix,2025-05-17T22:15:21.000Z,comment,,"&lt;div class=""md""&gt;&lt;p&gt;Because people buy it, simple as that&lt;/p&gt;
&lt;/div&gt;",t1_msv39bi,,,,,,,,,,,7.0,,t3_1kp4q14,,msv39bi,t3_1kp4q14,2026-05-05T00:56:08.472Z,,,,640,https://www.reddit.com/r/publix/comments/1kp4q14/publix_has_lost_their_minds/msv39bi/,t2_2qm37nw3,AdeptusGames,
Customer Service,Publix of doom and despair,publix,r/publix,2025-05-28T21:03:43.000Z,comment,,"&lt;div class=""md""&gt;&lt;p&gt;Publix of doom and despair&lt;/p&gt;
&lt;/div&gt;",t1_murpj9h,,,,,,,,,,,1.0,,t1_mup1ejs,,murpj9h,t3_1kxccwr,2026-05-05T00:56:07.640Z,,,,20,https://www.reddit.com/r/publix/comments/1kxccwr/took_this_by_happen_chance_turned_out_insanely/murpj9h/,t2_43q8b3en,Rico_de_mexico,
Newbie,"This is a boomer staple.  Those folks would pay any price because that's their coffee.

edit-  obviously I'm generalizing here.  I've worked in restaurants and grocery stores since the 90s.  I'm not wrong that the age group that drinks this the most is older people.",publix,r/publix,2025-05-17T22:26:54.000Z,comment,,"&lt;div class=""md""&gt;&lt;p&gt;This is a boomer staple.  Those folks would pay any price because that&amp;#39;s their coffee.&lt;/p&gt;

&lt;p&gt;edit-  obviously I&amp;#39;m generalizing here.  I&amp;#39;ve worked in restaurants and grocery stores since the 90s.  I&amp;#39;m not wrong that the age group that drinks this the most is older people.&lt;/p&gt;
&lt;/div&gt;",t1_msv557m,,,,,,,,,,,14.0,,t1_msv39bi,,msv557m,t3_1kp4q14,2026-05-05T00:56:08.472Z,,,,322,https://www.reddit.com/r/publix/comments/1kp4q14/publix_has_lost_their_minds/msv557m/,t2_mc3x5,tossNwashking,
Newbie,Just like the people who pay $10 for something at Starbucks .,publix,r/publix,2025-05-17T22:40:19.000Z,comment,,"&lt;div class=""md""&gt;&lt;p&gt;Just like the people who pay $10 for something at Starbucks .&lt;/p&gt;
&lt;/div&gt;",t1_msv7bid,,,,,,,,,,,2.0,,t1_msv557m,,msv7bid,t3_1kp4q14,2026-05-05T00:56:08.472Z,,,,170,https://www.reddit.com/r/publix/comments/1kp4q14/publix_has_lost_their_minds/msv7bid/,t2_1cmngzf4mj,Carbonbybigd,
Newbie,Abandon hope all ye who enter here,publix,r/publix,2025-05-28T22:25:31.000Z,comment,,"&lt;div class=""md""&gt;&lt;p&gt;Abandon hope all ye who enter here&lt;/p&gt;
&lt;/div&gt;",t1_mus5kh5,,,,,,,,,,,1.0,,t1_murpj9h,,mus5kh5,t3_1kxccwr,2026-05-05T00:56:07.640Z,,,,16,https://www.reddit.com/r/publix/comments/1kxccwr/took_this_by_happen_chance_turned_out_insanely/mus5kh5/,t2_nxy5g,ISortaStudyHistory,
Newbie,"If you think about it, no matter which way you put it, the boomer still smarter since you can make a whole WHOLE lot of coffee cups off of that, vs Gen Z doofuses(I’m Gen Z) are paying 10-15$ for a single cup of coffee that sounds like a football play rather than an actual coffee😂",publix,r/publix,2025-05-17T22:43:45.000Z,comment,,"&lt;div class=""md""&gt;&lt;p&gt;If you think about it, no matter which way you put it, the boomer still smarter since you can make a whole WHOLE lot of coffee cups off of that, vs Gen Z doofuses(I’m Gen Z) are paying 10-15$ for a single cup of coffee that sounds like a football play rather than an actual coffee😂&lt;/p&gt;
&lt;/div&gt;",t1_msv7vcz,,,,,,,,,,,4.0,,t1_msv7bid,,msv7vcz,t3_1kp4q14,2026-05-05T00:56:08.472Z,,,,88,https://www.reddit.com/r/publix/comments/1kp4q14/publix_has_lost_their_minds/msv7vcz/,t2_c3gs6mzu,EzzoBlizzy,
Newbie,👏🏼👏🏼👏🏼👏🏼👏🏼,publix,r/publix,2025-05-31T14:34:24.000Z,comment,,"&lt;div class=""md""&gt;&lt;p&gt;👏🏼👏🏼👏🏼👏🏼👏🏼&lt;/p&gt;
&lt;/div&gt;",t1_mv91eee,,,,,,,,,,,0.0,,t1_mus5kh5,,mv91eee,t3_1kxccwr,2026-05-05T00:56:07.640Z,,,,1,https://www.reddit.com/r/publix/comments/1kxccwr/took_this_by_happen_chance_turned_out_insanely/mv91eee/,t2_pcjkdiast,Maine302,
Newbie,Well it’s $11 at Walmart. So the boomers would still be idiots if they grabbed this from Publix. lol you can’t move the goalpost to justify something so over priced,publix,r/publix,2025-05-18T11:16:29.000Z,comment,,"&lt;div class=""md""&gt;&lt;p&gt;Well it’s $11 at Walmart. So the boomers would still be idiots if they grabbed this from Publix. lol you can’t move the goalpost to justify something so over priced&lt;/p&gt;
&lt;/div&gt;",t1_msxrbze,,,,,,,,,,,3.0,,t1_msv7vcz,,msxrbze,t3_1kp4q14,2026-05-05T00:56:08.472Z,,,,25,https://www.reddit.com/r/publix/comments/1kp4q14/publix_has_lost_their_minds/msxrbze/,t2_12ybor,ZooPoo7,
Newbie,any publix with an island deli,publix,r/publix,2025-05-31T16:46:28.000Z,comment,,"&lt;div class=""md""&gt;&lt;p&gt;any publix with an island deli&lt;/p&gt;
&lt;/div&gt;",t1_mv9qmr6,,,,,,,,,,,1.0,,t1_mup1ejs,,mv9qmr6,t3_1kxccwr,2026-05-05T00:56:07.640Z,,,,3,https://www.reddit.com/r/publix/comments/1kxccwr/took_this_by_happen_chance_turned_out_insanely/mv9qmr6/,t2_1ad5041o31,Pterolykus,
Newbie,"My time is worth more than going to Walmart. I don’t drink coffee, but if I did it would be worth $10 not to be at Walmart.",publix,r/publix,2025-05-18T19:03:01.000Z,comment,,"&lt;div class=""md""&gt;&lt;p&gt;My time is worth more than going to Walmart. I don’t drink coffee, but if I did it would be worth $10 not to be at Walmart.&lt;/p&gt;
&lt;/div&gt;",t1_mszzie0,,,,,,,,,,,7.0,,t1_msxrbze,,mszzie0,t3_1kp4q14,2026-05-05T00:56:08.472Z,,,,23,https://www.reddit.com/r/publix/comments/1kp4q14/publix_has_lost_their_minds/mszzie0/,t2_7jkjcdk8,cappotto-marrone,
Newbie,"I agree with this logic; sometimes I’ll break if im doing a big order I could just order from Walmart and pickup to go but when its the one or 2 items and im paying $5-$10 more… yeah I prefer Publix. 

I also feel like you pay for the peace of mind of Publix (usually).",publix,r/publix,2025-05-18T20:21:30.000Z,comment,,"&lt;div class=""md""&gt;&lt;p&gt;I agree with this logic; sometimes I’ll break if im doing a big order I could just order from Walmart and pickup to go but when its the one or 2 items and im paying $5-$10 more… yeah I prefer Publix. &lt;/p&gt;

&lt;p&gt;I also feel like you pay for the peace of mind of Publix (usually).&lt;/p&gt;
&lt;/div&gt;",t1_mt0e1y9,,,,,,,,,,,1.0,,t1_mszzie0,,mt0e1y9,t3_1kp4q14,2026-05-05T00:56:08.472Z,,,,10,https://www.reddit.com/r/publix/comments/1kp4q14/publix_has_lost_their_minds/mt0e1y9/,t2_myjk8,ImportunerDJ,
Bakery,i gasps! 🙀,publix,r/publix,2025-05-31T16:49:32.000Z,comment,,"&lt;div class=""md""&gt;&lt;p&gt;i gasps! 🙀&lt;/p&gt;
&lt;/div&gt;",t1_mv9r7ty,,,,,,,,,,,0.0,,t1_mv9qmr6,,mv9r7ty,t3_1kxccwr,2026-05-05T00:56:07.640Z,,,,1,https://www.reddit.com/r/publix/comments/1kxccwr/took_this_by_happen_chance_turned_out_insanely/mv9r7ty/,t2_12k0cikege,mr_kitty974,
Newbie,Post this to the Google images for your store,publix,r/publix,2025-05-28T14:11:10.000Z,comment,,"&lt;div class=""md""&gt;&lt;p&gt;Post this to the Google images for your store&lt;/p&gt;
&lt;/div&gt;",t1_mupb08g,,,,,,,,,,,0.0,,t3_1kxccwr,,mupb08g,t3_1kxccwr,2026-05-05T00:56:07.640Z,,,,16,https://www.reddit.com/r/publix/comments/1kxccwr/took_this_by_happen_chance_turned_out_insanely/mupb08g/,t2_11vssaa71o,Tiny-Try8890,
Newbie,"This is actually the reason behind publix prices. When I worked there, I was told in training that people are “paying for the experience” because they know they’ll always be shopping at a clean, well stocked, well maintained store with kind and helpful associates. 

Take that as you all please",publix,r/publix,2025-05-18T20:17:19.000Z,comment,,"&lt;div class=""md""&gt;&lt;p&gt;This is actually the reason behind publix prices. When I worked there, I was told in training that people are “paying for the experience” because they know they’ll always be shopping at a clean, well stocked, well maintained store with kind and helpful associates. &lt;/p&gt;

&lt;p&gt;Take that as you all please&lt;/p&gt;
&lt;/div&gt;",t1_mt0da0p,,,,,,,,,,,8.0,,t1_mszzie0,,mt0da0p,t3_1kp4q14,2026-05-05T00:56:08.472Z,,,,6,https://www.reddit.com/r/publix/comments/1kp4q14/publix_has_lost_their_minds/mt0da0p/,t2_9vxez1y5,CSI_KSmore,
Newbie,Master of Publix is pulling your strinnnnngs,publix,r/publix,2025-05-28T16:08:46.000Z,comment,,"&lt;div class=""md""&gt;&lt;p&gt;Master of Publix is pulling your strinnnnngs&lt;/p&gt;
&lt;/div&gt;",t1_mupzqq7,,,,,,,,,,,1.0,,t3_1kxccwr,,mupzqq7,t3_1kxccwr,2026-05-05T00:56:07.640Z,,,,12,https://www.reddit.com/r/publix/comments/1kxccwr/took_this_by_happen_chance_turned_out_insanely/mupzqq7/,t2_wa9gt,Aberration1246,
,Yea but I like to see the critters of wal mart every now and then. U see some amazing sites.,publix,r/publix,2025-05-20T11:53:35.000Z,comment,,"&lt;div class=""md""&gt;&lt;p&gt;Yea but I like to see the critters of wal mart every now and then. U see some amazing sites.&lt;/p&gt;
&lt;/div&gt;",t1_mta4eok,,,,,,,,,,,0.0,,t1_mt0da0p,,mta4eok,t3_1kp4q14,2026-05-05T00:56:08.472Z,,,,6,https://www.reddit.com/r/publix/comments/1kp4q14/publix_has_lost_their_minds/mta4eok/,,[deleted],
Newbie,"Unrelated: There are always pretty women shopping at Publix. I shop at Publix for food (hot, deli) because it’s closest to my house. Walmart I use for cleaning supplies, toiletries, laundry detergent because the prices are cheaper. That’s just me.",publix,r/publix,2025-05-20T16:54:58.000Z,comment,,"&lt;div class=""md""&gt;&lt;p&gt;Unrelated: There are always pretty women shopping at Publix. I shop at Publix for food (hot, deli) because it’s closest to my house. Walmart I use for cleaning supplies, toiletries, laundry detergent because the prices are cheaper. That’s just me.&lt;/p&gt;
&lt;/div&gt;",t1_mtbojzc,,,,,,,,,,,1.0,,t1_mt0da0p,,mtbojzc,t3_1kp4q14,2026-05-05T00:56:08.472Z,,,,6,https://www.reddit.com/r/publix/comments/1kp4q14/publix_has_lost_their_minds/mtbojzc/,t2_tskj9dao0,Magneto-Mark-1,
Newbie,I’ll do you one better… get the cvs app and clip the coupons. Also take advantage of the extra bucks.  I pay damn near nothing for those type of products and they pay you to shop there essentially.,publix,r/publix,2025-05-22T01:35:32.000Z,comment,,"&lt;div class=""md""&gt;&lt;p&gt;I’ll do you one better… get the cvs app and clip the coupons. Also take advantage of the extra bucks.  I pay damn near nothing for those type of products and they pay you to shop there essentially.&lt;/p&gt;
&lt;/div&gt;",t1_mtkxeb0,,,,,,,,,,,1.0,,t1_mtbojzc,,mtkxeb0,t3_1kp4q14,2026-05-05T00:56:08.472Z,,,,2,https://www.reddit.com/r/publix/comments/1kp4q14/publix_has_lost_their_minds/mtkxeb0/,t2_7prz349b,coughebeann,
Newbie,"One of my first jobs was at a Harris Teeter, and that is exactly why their prices are higher. We were constantly cleaning and straightening aisles, as well as making sure we were prepared to help people find things quickly. People 100% pay for the experience, and for feeling they are buying quality products.",publix,r/publix,2025-05-20T01:38:02.000Z,comment,,"&lt;div class=""md""&gt;&lt;p&gt;One of my first jobs was at a Harris Teeter, and that is exactly why their prices are higher. We were constantly cleaning and straightening aisles, as well as making sure we were prepared to help people find things quickly. People 100% pay for the experience, and for feeling they are buying quality products.&lt;/p&gt;
&lt;/div&gt;",t1_mt849cw,,,,,,,,,,,2.0,,t1_mt0da0p,,mt849cw,t3_1kp4q14,2026-05-05T00:56:08.472Z,,,,3,https://www.reddit.com/r/publix/comments/1kp4q14/publix_has_lost_their_minds/mt849cw/,t2_5j9icg5kb,diverdown-k8,
Newbie,"Sometimes their prices are up, sometimes they are down.

It’s a Harris Teeter-totter.



I’ll see myself out.",publix,r/publix,2025-05-20T21:28:57.000Z,comment,,"&lt;div class=""md""&gt;&lt;p&gt;Sometimes their prices are up, sometimes they are down.&lt;/p&gt;

&lt;p&gt;It’s a Harris Teeter-totter.&lt;/p&gt;

&lt;p&gt;I’ll see myself out.&lt;/p&gt;
&lt;/div&gt;",t1_mtd8kv6,,,,,,,,,,,0.0,,t1_mt849cw,,mtd8kv6,t3_1kp4q14,2026-05-05T00:56:08.472Z,,,,2,https://www.reddit.com/r/publix/comments/1kp4q14/publix_has_lost_their_minds/mtd8kv6/,t2_c7bej231,IllustratorPuzzled93,
Newbie,"In my area, the Publix locations all have decent to good produce, while (10+ years ago) the two Walmart locations routinely have produce that is rotting on the shelf or is bad within a day or two. Publix does tend to have higher prices overall than grocery stores like Kroger. But I usually go there for produce and then take advantage of some of the BOGO deals.

Again, I haven't been inside a local Walmart in over 10 years. And as I understand it, Publix employees are treated significantly better.",publix,r/publix,2025-05-20T21:04:03.000Z,comment,,"&lt;div class=""md""&gt;&lt;p&gt;In my area, the Publix locations all have decent to good produce, while (10+ years ago) the two Walmart locations routinely have produce that is rotting on the shelf or is bad within a day or two. Publix does tend to have higher prices overall than grocery stores like Kroger. But I usually go there for produce and then take advantage of some of the BOGO deals.&lt;/p&gt;

&lt;p&gt;Again, I haven&amp;#39;t been inside a local Walmart in over 10 years. And as I understand it, Publix employees are treated significantly better.&lt;/p&gt;
&lt;/div&gt;",t1_mtd3ql4,,,,,,,,,,,1.0,,t1_mt0da0p,,mtd3ql4,t3_1kp4q14,2026-05-05T00:56:08.472Z,,,,2,https://www.reddit.com/r/publix/comments/1kp4q14/publix_has_lost_their_minds/mtd3ql4/,t2_3tx9kjk28,AdMountain6203,
Newbie,"It's almost like those are the basic requirements for having a business to begin with......so paying extra for ""peice of mind"" is just as stupid and another excuse to over charge someone ...... It's quite literally the bare minimum of their job to have their store stocked cleaned maintained and respectfully staffed... Stop letting people sell yall dirt just because it came from the beach 😂",publix,r/publix,2025-05-20T21:26:37.000Z,comment,,"&lt;div class=""md""&gt;&lt;p&gt;It&amp;#39;s almost like those are the basic requirements for having a business to begin with......so paying extra for &amp;quot;peice of mind&amp;quot; is just as stupid and another excuse to over charge someone ...... It&amp;#39;s quite literally the bare minimum of their job to have their store stocked cleaned maintained and respectfully staffed... Stop letting people sell yall dirt just because it came from the beach 😂&lt;/p&gt;
&lt;/div&gt;",t1_mtd84k4,,,,,,,,,,,0.0,,t1_mt0da0p,,mtd84k4,t3_1kp4q14,2026-05-05T00:56:08.472Z,,,,2,https://www.reddit.com/r/publix/comments/1kp4q14/publix_has_lost_their_minds/mtd84k4/,t2_az3spy9l,Specialist_Coyote602,
Newbie,"Images:
	https://preview.redd.it/hi485ir41sze1.jpeg?auto=webp&amp;s=ae79a5a7daf3bfc97fe2bd237bab7e896faa8313
",,r/publix,2025-05-09T15:42:26.000Z,post,DISCUSSION,"Images:
	https://preview.redd.it/hi485ir41sze1.jpeg?auto=webp&amp;s=ae79a5a7daf3bfc97fe2bd237bab7e896faa8313
",t3_1kilmui,https://i.redd.it/hi485ir41sze1.jpeg,,,,,,False,False,https://i.redd.it/hi485ir41sze1.jpeg,321.0,,False,,publix,1kilmui,,2026-05-05T00:56:39.377Z,"https://external-preview.redd.it/0tIGGMdYjsYqWQxUDRocE7_dI10z7YnyJS0dXTCs1-4.jpeg?width=140&amp;height=93&amp;crop=140:93,smart&amp;auto=webp&amp;s=57fbb75c24739379611e4146d1336b56cdc425e9",Publix employees in the 80's,1.0,5543,https://www.reddit.com/r/publix/comments/1kilmui/publix_employees_in_the_80s/,t2_7g01papd,Amazing-Figure9802,
CSS,"I thought this was her arm and I had questions.

https://preview.redd.it/gs8hdiajfsze1.jpeg?width=1179&amp;format=pjpg&amp;auto=webp&amp;s=0c7c0dc8dd7ceed3b85f60f7b53dfa48889331e6",publix,r/publix,2025-05-09T17:03:16.000Z,comment,,"&lt;div class=""md""&gt;&lt;p&gt;I thought this was her arm and I had questions.&lt;/p&gt;

&lt;p&gt;&lt;a href=""https://preview.redd.it/gs8hdiajfsze1.jpeg?width=1179&amp;amp;format=pjpg&amp;amp;auto=webp&amp;amp;s=0c7c0dc8dd7ceed3b85f60f7b53dfa48889331e6""&gt;https://preview.redd.it/gs8hdiajfsze1.jpeg?width=1179&amp;amp;format=pjpg&amp;amp;auto=webp&amp;amp;s=0c7c0dc8dd7ceed3b85f60f7b53dfa48889331e6&lt;/a&gt;&lt;/p&gt;
&lt;/div&gt;",t1_mrg5fty,,,,,,,,,,,5.0,,t3_1kilmui,,mrg5fty,t3_1kilmui,2026-05-05T00:56:39.488Z,,,,88,https://www.reddit.com/r/publix/comments/1kilmui/publix_employees_in_the_80s/mrg5fty/,t2_ggh2pm5v,Lissypooh628,
Newbie,Miss those green stamps. Mom would take us to the store and pick out stuff when she had enough books.,publix,r/publix,2025-05-09T17:20:18.000Z,comment,,"&lt;div class=""md""&gt;&lt;p&gt;Miss those green stamps. Mom would take us to the store and pick out stuff when she had enough books.&lt;/p&gt;
&lt;/div&gt;",t1_mrg8tf3,,,,,,,,,,,2.0,,t1_mrg5fty,,mrg8tf3,t3_1kilmui,2026-05-05T00:56:39.488Z,,,,34,https://www.reddit.com/r/publix/comments/1kilmui/publix_employees_in_the_80s/mrg8tf3/,t2_4dbktywn,ruskijim,
,"Why do people do this, if you don’t want it put it back and not just throw it anywhere else it doesn’t belong. I mean sure it’s more “justified” if it’s non perishable but come on…this just irks me ",,r/Costco,2026-01-10T21:06:32.000Z,post,Mildly Infuriating,"&lt;!-- SC_OFF --&gt;&lt;div class=""md""&gt;&lt;p&gt;Why do people do this, if you don’t want it put it back and not just throw it anywhere else it doesn’t belong. I mean sure it’s more “justified” if it’s non perishable but come on…this just irks me &lt;/p&gt;
&lt;/div&gt;&lt;!-- SC_ON --&gt;",t3_1q9fo1u,https://i.redd.it/2ve2gs417lcg1.jpeg,,,,,,False,False,https://i.redd.it/2ve2gs417lcg1.jpeg,884.0,,False,,Costco,1q9fo1u,,2026-05-05T00:56:39.788Z,https://b.thumbs.redditmedia.com/DhdFObtMRJlLACYXcqF4FxJKgYHDJ-MorslMolJW1kM.jpg,I hate lazy ass Mfer who leaves perishables behind.,0.97,24916,https://www.reddit.com/r/Costco/comments/1q9fo1u/i_hate_lazy_ass_mfer_who_leaves_perishables_behind/,t2_amttlgp0,Thnxredball,
Newbie,I hadn't thought about those things in ages. I remember them laying around the house.,publix,r/publix,2025-05-09T21:51:16.000Z,comment,,"&lt;div class=""md""&gt;&lt;p&gt;I hadn&amp;#39;t thought about those things in ages. I remember them laying around the house.&lt;/p&gt;
&lt;/div&gt;",t1_mrhp8yr,,,,,,,,,,,0.0,,t1_mrg8tf3,,mrhp8yr,t3_1kilmui,2026-05-05T00:56:39.488Z,,,,8,https://www.reddit.com/r/publix/comments/1kilmui/publix_employees_in_the_80s/mrhp8yr/,t2_gpkj58fp,RaygunMarksman,
,"Posts that do not follow r/Costco subreddit rules **MAY** be subject to removal. 

**Reminder: No vague non-descriptive post titles or availability questions.**

When applicable, please make sure that you're using a descriptive post title with product name(s) and/or exact question mentioned as it yields better subreddit search results. 

**Including item number, price, and approximate location or region where found is also helpful since product availability can vary.**


*I am a bot, and this action was performed automatically. Please [contact the moderators of this subreddit](/message/compose/?to=/r/Costco) if you have any questions or concerns.*",Costco,r/Costco,2026-01-10T21:06:36.000Z,comment,,"&lt;div class=""md""&gt;&lt;p&gt;Posts that do not follow &lt;a href=""/r/Costco""&gt;r/Costco&lt;/a&gt; subreddit rules &lt;strong&gt;MAY&lt;/strong&gt; be subject to removal. &lt;/p&gt;

&lt;p&gt;&lt;strong&gt;Reminder: No vague non-descriptive post titles or availability questions.&lt;/strong&gt;&lt;/p&gt;

&lt;p&gt;When applicable, please make sure that you&amp;#39;re using a descriptive post title with product name(s) and/or exact question mentioned as it yields better subreddit search results. &lt;/p&gt;

&lt;p&gt;&lt;strong&gt;Including item number, price, and approximate location or region where found is also helpful since product availability can vary.&lt;/strong&gt;&lt;/p&gt;

&lt;p&gt;&lt;em&gt;I am a bot, and this action was performed automatically. Please &lt;a href=""/message/compose/?to=/r/Costco""&gt;contact the moderators of this subreddit&lt;/a&gt; if you have any questions or concerns.&lt;/em&gt;&lt;/p&gt;
&lt;/div&gt;",t1_nyuq4dz,,,,,,,,,,,0.0,,t3_1q9fo1u,,nyuq4dz,t3_1q9fo1u,2026-05-05T00:56:40.071Z,,,,1,https://www.reddit.com/r/Costco/comments/1q9fo1u/i_hate_lazy_ass_mfer_who_leaves_perishables_behind/nyuq4dz/,t2_6l4z3,AutoModerator,
Newbie,That's Rhondatron. She's a machine.,publix,r/publix,2025-05-10T05:24:02.000Z,comment,,"&lt;div class=""md""&gt;&lt;p&gt;That&amp;#39;s Rhondatron. She&amp;#39;s a machine.&lt;/p&gt;
&lt;/div&gt;",t1_mrjlcp9,,,,,,,,,,,1.0,,t1_mrg5fty,,mrjlcp9,t3_1kilmui,2026-05-05T00:56:39.488Z,,,,9,https://www.reddit.com/r/publix/comments/1kilmui/publix_employees_in_the_80s/mrjlcp9/,t2_3ecdo,Rasalom,
,I don't go to Costco to get a king-sized hatred of mankind but I usually leave with one.,Costco,r/Costco,2026-01-10T21:09:48.000Z,comment,,"&lt;div class=""md""&gt;&lt;p&gt;I don&amp;#39;t go to Costco to get a king-sized hatred of mankind but I usually leave with one.&lt;/p&gt;
&lt;/div&gt;",t1_nyuqrfw,,,,,,,,,,,10.0,,t3_1q9fo1u,,nyuqrfw,t3_1q9fo1u,2026-05-05T00:56:40.071Z,,,,2046,https://www.reddit.com/r/Costco/comments/1q9fo1u/i_hate_lazy_ass_mfer_who_leaves_perishables_behind/nyuqrfw/,,[deleted],
Newbie,Those 80s shoulder pads. 😂,publix,r/publix,2025-05-13T20:32:08.000Z,comment,,"&lt;div class=""md""&gt;&lt;p&gt;Those 80s shoulder pads. 😂&lt;/p&gt;
&lt;/div&gt;",t1_ms5l48c,,,,,,,,,,,0.0,,t1_mrg5fty,,ms5l48c,t3_1kilmui,2026-05-05T00:56:39.488Z,,,,3,https://www.reddit.com/r/publix/comments/1kilmui/publix_employees_in_the_80s/ms5l48c/,t2_f8fde,Chupo,
,Lemme park my shopping cart perpendicularly here while I take 10 minutes picking through every bunch of bananas,Costco,r/Costco,2026-01-10T21:16:57.000Z,comment,,"&lt;div class=""md""&gt;&lt;p&gt;Lemme park my shopping cart perpendicularly here while I take 10 minutes picking through every bunch of bananas&lt;/p&gt;
&lt;/div&gt;",t1_nyus6uw,,,,,,,,,,,8.0,,t1_nyuqrfw,,nyus6uw,t3_1q9fo1u,2026-05-05T00:56:40.071Z,,,,535,https://www.reddit.com/r/Costco/comments/1q9fo1u/i_hate_lazy_ass_mfer_who_leaves_perishables_behind/nyus6uw/,t2_1s9p8qd89k,Exciting_Door_5125,
Newbie,Same,publix,r/publix,2025-05-09T22:48:20.000Z,comment,,"&lt;div class=""md""&gt;&lt;p&gt;Same&lt;/p&gt;
&lt;/div&gt;",t1_mrhyztq,,,,,,,,,,,0.0,,t1_mrg5fty,,mrhyztq,t3_1kilmui,2026-05-05T00:56:39.488Z,,,,2,https://www.reddit.com/r/publix/comments/1kilmui/publix_employees_in_the_80s/mrhyztq/,t2_2afqp12s,_fuzzy_owl_,
,"Let’s walk my entire extended family down the aisle, shoulder to shoulder, at the slowest pace possible while completely ignoring all of our surroundings",Costco,r/Costco,2026-01-10T21:41:21.000Z,comment,,"&lt;div class=""md""&gt;&lt;p&gt;Let’s walk my entire extended family down the aisle, shoulder to shoulder, at the slowest pace possible while completely ignoring all of our surroundings&lt;/p&gt;
&lt;/div&gt;",t1_nyux419,,,,,,,,,,,4.0,,t1_nyus6uw,,nyux419,t3_1q9fo1u,2026-05-05T00:56:40.071Z,,,,424,https://www.reddit.com/r/Costco/comments/1q9fo1u/i_hate_lazy_ass_mfer_who_leaves_perishables_behind/nyux419/,t2_21y9yv6ptj,Syzyjyzygy,
,Let's stop 3 carts blocking the entire aisle to wait for the sample lady.,Costco,r/Costco,2026-01-10T23:08:35.000Z,comment,,"&lt;div class=""md""&gt;&lt;p&gt;Let&amp;#39;s stop 3 carts blocking the entire aisle to wait for the sample lady.&lt;/p&gt;
&lt;/div&gt;",t1_nyveh34,,,,,,,,,,,2.0,,t1_nyux419,,nyveh34,t3_1q9fo1u,2026-05-05T00:56:40.071Z,,,,169,https://www.reddit.com/r/Costco/comments/1q9fo1u/i_hate_lazy_ass_mfer_who_leaves_perishables_behind/nyveh34/,t2_bpcvxr79,So_Many_Words,
Newbie,Lmao,publix,r/publix,2025-05-14T06:28:28.000Z,comment,,"&lt;div class=""md""&gt;&lt;p&gt;Lmao&lt;/p&gt;
&lt;/div&gt;",t1_ms88a46,,,,,,,,,,,0.0,,t1_mrg5fty,,ms88a46,t3_1kilmui,2026-05-05T00:56:39.488Z,,,,2,https://www.reddit.com/r/publix/comments/1kilmui/publix_employees_in_the_80s/ms88a46/,t2_b2nibuso,PeachySunshine64,
Newbie,"Back when you could support a family of 4 on just a full time, non management wage. I was born a few decades too early lol",publix,r/publix,2025-05-09T17:36:30.000Z,comment,,"&lt;div class=""md""&gt;&lt;p&gt;Back when you could support a family of 4 on just a full time, non management wage. I was born a few decades too early lol&lt;/p&gt;
&lt;/div&gt;",t1_mrgc1vf,,,,,,,,,,,4.0,,t3_1kilmui,,mrgc1vf,t3_1kilmui,2026-05-05T00:56:39.488Z,,,,87,https://www.reddit.com/r/publix/comments/1kilmui/publix_employees_in_the_80s/mrgc1vf/,t2_frsjt0km,ty123416,
,"You know where I should have a conversation with this acquaintance I just ran into? How about at the end of the aisle, completely blocking anyone from getting in, or out.",Costco,r/Costco,2026-01-10T23:24:16.000Z,comment,,"&lt;div class=""md""&gt;&lt;p&gt;You know where I should have a conversation with this acquaintance I just ran into? How about at the end of the aisle, completely blocking anyone from getting in, or out.&lt;/p&gt;
&lt;/div&gt;",t1_nyvhew3,,,,,,,,,,,1.0,,t1_nyveh34,,nyvhew3,t3_1q9fo1u,2026-05-05T00:56:40.071Z,,,,98,https://www.reddit.com/r/Costco/comments/1q9fo1u/i_hate_lazy_ass_mfer_who_leaves_perishables_behind/nyvhew3/,t2_6fs9f35x,SuperDizz,
,"You guys crack me up. You could probably scrape by supporting a family of four back then MAYBE on a meat cutter’s wage. Not a cashier or clerk of any kind. Seriously, what do you think the cashiers and clerks were making back then?",publix,r/publix,2025-05-09T17:50:58.000Z,comment,,"&lt;div class=""md""&gt;&lt;p&gt;You guys crack me up. You could probably scrape by supporting a family of four back then MAYBE on a meat cutter’s wage. Not a cashier or clerk of any kind. Seriously, what do you think the cashiers and clerks were making back then?&lt;/p&gt;
&lt;/div&gt;",t1_mrgez0b,,,,,,,,,,,2.0,,t1_mrgc1vf,,mrgez0b,t3_1kilmui,2026-05-05T00:56:39.488Z,,,,25,https://www.reddit.com/r/publix/comments/1kilmui/publix_employees_in_the_80s/mrgez0b/,,[deleted],
,"Let me commandeer the entire rotisserie chicken area as I repeatedly pick up chicken bag after chicken bag, weigh them in my hands, turn them around to scrutinize them from all angles, decide they are not adequate, put them back on the shelf, and pick up another.",Costco,r/Costco,2026-01-10T23:57:11.000Z,comment,,"&lt;div class=""md""&gt;&lt;p&gt;Let me commandeer the entire rotisserie chicken area as I repeatedly pick up chicken bag after chicken bag, weigh them in my hands, turn them around to scrutinize them from all angles, decide they are not adequate, put them back on the shelf, and pick up another.&lt;/p&gt;
&lt;/div&gt;",t1_nyvnk3g,,,,,,,,,,,2.0,,t1_nyvhew3,,nyvnk3g,t3_1q9fo1u,2026-05-05T00:56:40.071Z,,,,80,https://www.reddit.com/r/Costco/comments/1q9fo1u/i_hate_lazy_ass_mfer_who_leaves_perishables_behind/nyvnk3g/,t2_3kfu4e7z,petitespantoufles,
Newbie,"It’s not so much how much they made, as to how much they made in comparison to how much things cost then. An entry level house today is in the high 300’s where I’m at. Rent starts at $2k.",publix,r/publix,2025-05-09T18:04:44.000Z,comment,,"&lt;div class=""md""&gt;&lt;p&gt;It’s not so much how much they made, as to how much they made in comparison to how much things cost then. An entry level house today is in the high 300’s where I’m at. Rent starts at $2k.&lt;/p&gt;
&lt;/div&gt;",t1_mrghquu,,,,,,,,,,,2.0,,t1_mrgez0b,,mrghquu,t3_1kilmui,2026-05-05T00:56:39.488Z,,,,51,https://www.reddit.com/r/publix/comments/1kilmui/publix_employees_in_the_80s/mrghquu/,t2_12zs2i,at-woork,
,"I'm just going to bump your Achilles tendons with my overloaded cart. Oops, so sorry!",Costco,r/Costco,2026-01-11T13:28:25.000Z,comment,,"&lt;div class=""md""&gt;&lt;p&gt;I&amp;#39;m just going to bump your Achilles tendons with my overloaded cart. Oops, so sorry!&lt;/p&gt;
&lt;/div&gt;",t1_nyyv04c,,,,,,,,,,,1.0,,t1_nyvnk3g,,nyyv04c,t3_1q9fo1u,2026-05-05T00:56:40.071Z,,,,48,https://www.reddit.com/r/Costco/comments/1q9fo1u/i_hate_lazy_ass_mfer_who_leaves_perishables_behind/nyyv04c/,t2_83975ek,doubleuponthatdip,
Newbie,Explain tariffs to them next!,publix,r/publix,2025-05-10T05:14:43.000Z,comment,,"&lt;div class=""md""&gt;&lt;p&gt;Explain tariffs to them next!&lt;/p&gt;
&lt;/div&gt;",t1_mrjka8x,,,,,,,,,,,0.0,,t1_mrghquu,,mrjka8x,t3_1kilmui,2026-05-05T00:56:39.488Z,,,,14,https://www.reddit.com/r/publix/comments/1kilmui/publix_employees_in_the_80s/mrjka8x/,t2_6xxkio85,jacksonbarley,
,It really is Costco’s and Sam’s Club’s fault. It isn’t designed for anyone to hang out anywhere for long. You’re always in someone else’s way.,Costco,r/Costco,2026-01-11T17:43:43.000Z,comment,,"&lt;div class=""md""&gt;&lt;p&gt;It really is Costco’s and Sam’s Club’s fault. It isn’t designed for anyone to hang out anywhere for long. You’re always in someone else’s way.&lt;/p&gt;
&lt;/div&gt;",t1_nz08ui1,,,,,,,,,,,1.0,,t1_nyveh34,,nz08ui1,t3_1q9fo1u,2026-05-05T00:56:40.071Z,,,,15,https://www.reddit.com/r/Costco/comments/1q9fo1u/i_hate_lazy_ass_mfer_who_leaves_perishables_behind/nz08ui1/,t2_6g5bk0ud,Momotheone92,
Newbie,"Nope.  And they severely limited the number of full timers.  Out of like 150 employees at a store, 25 made a living wage.  I worked part-time through college and topped out at $5.50 an hour.  They were a crappy place unless you were male and the manager liked you.  Meat department did best because they were union.",publix,r/publix,2025-05-10T20:34:17.000Z,comment,,"&lt;div class=""md""&gt;&lt;p&gt;Nope.  And they severely limited the number of full timers.  Out of like 150 employees at a store, 25 made a living wage.  I worked part-time through college and topped out at $5.50 an hour.  They were a crappy place unless you were male and the manager liked you.  Meat department did best because they were union.&lt;/p&gt;
&lt;/div&gt;",t1_mrn7i6i,,,,,,,,,,,0.0,,t1_mrgc1vf,,mrn7i6i,t3_1kilmui,2026-05-05T00:56:39.488Z,,,,3,https://www.reddit.com/r/publix/comments/1kilmui/publix_employees_in_the_80s/mrn7i6i/,t2_kzaol44y,crsmiami99,
,"It may be an instigator, but ultimately people are responsible for their own actions. Parking your cart in the middle of 2 others completely blocking the way so you can wait on a sample while there's a line of people trying to get through is a choice, and not the stores.


There are other places to park your cart.",Costco,r/Costco,2026-01-11T17:50:53.000Z,comment,,"&lt;div class=""md""&gt;&lt;p&gt;It may be an instigator, but ultimately people are responsible for their own actions. Parking your cart in the middle of 2 others completely blocking the way so you can wait on a sample while there&amp;#39;s a line of people trying to get through is a choice, and not the stores.&lt;/p&gt;

&lt;p&gt;There are other places to park your cart.&lt;/p&gt;
&lt;/div&gt;",t1_nz0ads1,,,,,,,,,,,0.0,,t1_nz08ui1,,nz0ads1,t3_1q9fo1u,2026-05-05T00:56:40.071Z,,,,11,https://www.reddit.com/r/Costco/comments/1q9fo1u/i_hate_lazy_ass_mfer_who_leaves_perishables_behind/nz0ads1/,t2_bpcvxr79,So_Many_Words,
Newbie,Yeah but we had fewer billionaires and that makes conservatives sad.,publix,r/publix,2025-05-10T16:28:29.000Z,comment,,"&lt;div class=""md""&gt;&lt;p&gt;Yeah but we had fewer billionaires and that makes conservatives sad.&lt;/p&gt;
&lt;/div&gt;",t1_mrlzhq0,,,,,,,,,,,0.0,,t1_mrgc1vf,,mrlzhq0,t3_1kilmui,2026-05-05T00:56:39.488Z,,,,2,https://www.reddit.com/r/publix/comments/1kilmui/publix_employees_in_the_80s/mrlzhq0/,t2_6bfiv3zp,user_bits,
GRS,i know they had the hottest break room tea,publix,r/publix,2025-05-09T17:04:52.000Z,comment,,"&lt;div class=""md""&gt;&lt;p&gt;i know they had the hottest break room tea&lt;/p&gt;
&lt;/div&gt;",t1_mrg5r6v,,,,,,,,,,,1.0,,t3_1kilmui,,mrg5r6v,t3_1kilmui,2026-05-05T00:56:39.488Z,,,,82,https://www.reddit.com/r/publix/comments/1kilmui/publix_employees_in_the_80s/mrg5r6v/,t2_itl13rqyo,regulatedslime,
,"Honestly the most aggravating situation in my experience is when two sample carts decide to park across the same isle. It NEVER goes well and they still do it every time. Get like nine people and somehow twelve carts piled up around the nastiest looking food samples 

The one near me consistently does this in the frozen section. Making it a total deadlock consistently.",Costco,r/Costco,2026-01-10T23:31:55.000Z,comment,,"&lt;div class=""md""&gt;&lt;p&gt;Honestly the most aggravating situation in my experience is when two sample carts decide to park across the same isle. It NEVER goes well and they still do it every time. Get like nine people and somehow twelve carts piled up around the nastiest looking food samples &lt;/p&gt;

&lt;p&gt;The one near me consistently does this in the frozen section. Making it a total deadlock consistently.&lt;/p&gt;
&lt;/div&gt;",t1_nyvit60,,,,,,,,,,,1.0,,t1_nyux419,,nyvit60,t3_1q9fo1u,2026-05-05T00:56:40.071Z,,,,24,https://www.reddit.com/r/Costco/comments/1q9fo1u/i_hate_lazy_ass_mfer_who_leaves_perishables_behind/nyvit60/,t2_vfkx1n1r,hanks_panky_emporium,
Newbie,And cigarettes!,publix,r/publix,2025-05-09T17:50:42.000Z,comment,,"&lt;div class=""md""&gt;&lt;p&gt;And cigarettes!&lt;/p&gt;
&lt;/div&gt;",t1_mrgex2e,,,,,,,,,,,1.0,,t1_mrg5r6v,,mrgex2e,t3_1kilmui,2026-05-05T00:56:39.488Z,,,,28,https://www.reddit.com/r/publix/comments/1kilmui/publix_employees_in_the_80s/mrgex2e/,t2_15ne0d534w,Icy-Role2321,
,The Costco near us has employees do sweeps to tell people to keep aisles clear. Some people have been kicked out because they get all aggressive over having to leave a path for other people.,Costco,r/Costco,2026-01-11T01:20:29.000Z,comment,,"&lt;div class=""md""&gt;&lt;p&gt;The Costco near us has employees do sweeps to tell people to keep aisles clear. Some people have been kicked out because they get all aggressive over having to leave a path for other people.&lt;/p&gt;
&lt;/div&gt;",t1_nyw3gdx,,,,,,,,,,,1.0,,t1_nyvit60,,nyw3gdx,t3_1q9fo1u,2026-05-05T00:56:40.071Z,,,,57,https://www.reddit.com/r/Costco/comments/1q9fo1u/i_hate_lazy_ass_mfer_who_leaves_perishables_behind/nyw3gdx/,t2_fi9dwa8,BrisingrAerowing,
,👏🏽👏🏽 that is fantastic and I wish to Costco near me had the gumption to do that.,Costco,r/Costco,2026-01-11T02:54:29.000Z,comment,,"&lt;div class=""md""&gt;&lt;p&gt;👏🏽👏🏽 that is fantastic and I wish to Costco near me had the gumption to do that.&lt;/p&gt;
&lt;/div&gt;",t1_nywkswz,,,,,,,,,,,0.0,,t1_nyw3gdx,,nywkswz,t3_1q9fo1u,2026-05-05T00:56:40.071Z,,,,26,https://www.reddit.com/r/Costco/comments/1q9fo1u/i_hate_lazy_ass_mfer_who_leaves_perishables_behind/nywkswz/,t2_172nzoso,5cactiplz,
,My newest hate has been people who shop together. Usually older women with two carts side by side. ,Costco,r/Costco,2026-01-11T16:18:17.000Z,comment,,"&lt;div class=""md""&gt;&lt;p&gt;My newest hate has been people who shop together. Usually older women with two carts side by side. &lt;/p&gt;
&lt;/div&gt;",t1_nyzqu7f,,,,,,,,,,,1.0,,t1_nyux419,,nyzqu7f,t3_1q9fo1u,2026-05-05T00:56:40.071Z,,,,3,https://www.reddit.com/r/Costco/comments/1q9fo1u/i_hate_lazy_ass_mfer_who_leaves_perishables_behind/nyzqu7f/,t2_21u83ho7k7,Unfair_Web_8275,
,I took my 84 year old friend there last week and we ended up in a fight. He grabbed the hotdogs and then got a phonecall on the way to the soda fountain and just stopped dead in his tracks. The guy behind him had to stop short so I kept trying to get him to move since he was blocking everyone and he refused. I ended up yelling at him to GTFO of everyone's way. I won't be bringing him back.,Costco,r/Costco,2026-01-10T21:33:07.000Z,comment,,"&lt;div class=""md""&gt;&lt;p&gt;I took my 84 year old friend there last week and we ended up in a fight. He grabbed the hotdogs and then got a phonecall on the way to the soda fountain and just stopped dead in his tracks. The guy behind him had to stop short so I kept trying to get him to move since he was blocking everyone and he refused. I ended up yelling at him to GTFO of everyone&amp;#39;s way. I won&amp;#39;t be bringing him back.&lt;/p&gt;
&lt;/div&gt;",t1_nyuvfq5,,,,,,,,,,,1.0,,t1_nyus6uw,,nyuvfq5,t3_1q9fo1u,2026-05-05T00:56:40.071Z,,,,101,https://www.reddit.com/r/Costco/comments/1q9fo1u/i_hate_lazy_ass_mfer_who_leaves_perishables_behind/nyuvfq5/,t2_1huhyhzs6u,CeeUNTy,
,From Costco's Instagram,,r/Costco,2026-03-19T15:31:47.000Z,post,[Social Media],"&lt;!-- SC_OFF --&gt;&lt;div class=""md""&gt;&lt;p&gt;From Costco&amp;#39;s Instagram&lt;/p&gt;
&lt;/div&gt;&lt;!-- SC_ON --&gt;",t3_1ry3ltp,https://external-i.redd.it/ZzNpcWltbTR0MHFnMfs8uQqXMKvLhIBTAjJ1gsjKgJzk8oWO_ah--SBGnsSp.png,,,,,,False,True,https://v.redd.it/6h09iem4t0qg1,1605.0,,False,,Costco,1ry3ltp,,2026-05-05T00:56:44.871Z,"https://external-preview.redd.it/ZzNpcWltbTR0MHFnMfs8uQqXMKvLhIBTAjJ1gsjKgJzk8oWO_ah--SBGnsSp.png?width=140&amp;height=140&amp;crop=1:1,smart&amp;format=jpg&amp;auto=webp&amp;s=de55e90e4ec22e1f87acf6ad2c7f727c1f9f5033",Costco CEO Ron Vachris eats a hotdog,0.94,21944,https://www.reddit.com/r/Costco/comments/1ry3ltp/costco_ceo_ron_vachris_eats_a_hotdog/,t2_9a8pl,Tassadarr,https://v.redd.it/6h09iem4t0qg1/CMAF_720.mp4?source=fallback
,"It’s very clear he’s wearing clothing purchased exclusively at Costco, too.",Costco,r/Costco,2026-03-19T16:29:16.000Z,comment,,"&lt;div class=""md""&gt;&lt;p&gt;It’s very clear he’s wearing clothing purchased exclusively at Costco, too.&lt;/p&gt;
&lt;/div&gt;",t1_obbv1ps,,,,,,,,,,,4.0,,t3_1ry3ltp,,obbv1ps,t3_1ry3ltp,2026-05-05T00:56:45.271Z,,,,5215,https://www.reddit.com/r/Costco/comments/1ry3ltp/costco_ceo_ron_vachris_eats_a_hotdog/obbv1ps/,t2_7i6f9,KSMO,
"US North West (Alaska, Washington, Oregon, Utah, Idaho, Montana)",He’s Costco through and through. he started out at Costco as a forklift operator.,Costco,r/Costco,2026-03-19T16:37:50.000Z,comment,,"&lt;div class=""md""&gt;&lt;p&gt;He’s Costco through and through. he started out at Costco as a forklift operator.&lt;/p&gt;
&lt;/div&gt;",t1_obbwukd,,,,,,,,,,,8.0,,t1_obbv1ps,,obbwukd,t3_1ry3ltp,2026-05-05T00:56:45.271Z,,,,3701,https://www.reddit.com/r/Costco/comments/1ry3ltp/costco_ceo_ron_vachris_eats_a_hotdog/obbwukd/,t2_4wjjq,drprofessional,
,"Guessing most everything in his house, including the food he eats, furniture and car he drives are through Costco as well.  That's part of what makes Costco so successful.  Not only are they true believers in the products and services being offered, but many of the folks in management (operational) positions started off entry level and worked their way up, so they also understand the employee perspective as well. ",Costco,r/Costco,2026-03-19T16:55:59.000Z,comment,,"&lt;div class=""md""&gt;&lt;p&gt;Guessing most everything in his house, including the food he eats, furniture and car he drives are through Costco as well.  That&amp;#39;s part of what makes Costco so successful.  Not only are they true believers in the products and services being offered, but many of the folks in management (operational) positions started off entry level and worked their way up, so they also understand the employee perspective as well. &lt;/p&gt;
&lt;/div&gt;",t1_obc0rjz,,,,,,,,,,,5.0,,t1_obbwukd,,obc0rjz,t3_1ry3ltp,2026-05-05T00:56:45.271Z,,,,1417,https://www.reddit.com/r/Costco/comments/1ry3ltp/costco_ceo_ron_vachris_eats_a_hotdog/obc0rjz/,t2_4b6kpze5,sain197,
,"One of the reasons I love em too. 

Look, capitalism is fucked but costco at least kinda does it with some ethics. 

Wild that just treating your employees and customers like human beings is all it takes these days but thats where we're at I guess. ",Costco,r/Costco,2026-03-19T16:58:14.000Z,comment,,"&lt;div class=""md""&gt;&lt;p&gt;One of the reasons I love em too. &lt;/p&gt;

&lt;p&gt;Look, capitalism is fucked but costco at least kinda does it with some ethics. &lt;/p&gt;

&lt;p&gt;Wild that just treating your employees and customers like human beings is all it takes these days but thats where we&amp;#39;re at I guess. &lt;/p&gt;
&lt;/div&gt;",t1_obc19by,,,,,,,,,,,5.0,,t1_obc0rjz,,obc19by,t3_1ry3ltp,2026-05-05T00:56:45.271Z,,,,1032,https://www.reddit.com/r/Costco/comments/1ry3ltp/costco_ceo_ron_vachris_eats_a_hotdog/obc19by/,t2_691s550g,TheUlty05,
,"Welcome to Costco, I love you! ",Costco,r/Costco,2026-03-19T17:43:27.000Z,comment,,"&lt;div class=""md""&gt;&lt;p&gt;Welcome to Costco, I love you! &lt;/p&gt;
&lt;/div&gt;",t1_obcawca,,,,,,,,,,,2.0,,t1_obc19by,,obcawca,t3_1ry3ltp,2026-05-05T00:56:45.271Z,,,,374,https://www.reddit.com/r/Costco/comments/1ry3ltp/costco_ceo_ron_vachris_eats_a_hotdog/obcawca/,t2_hgidhqyx9,RogerPenroseSmiles,
,Yah I know this place pretty good. I went to law school here. ,Costco,r/Costco,2026-03-19T17:58:24.000Z,comment,,"&lt;div class=""md""&gt;&lt;p&gt;Yah I know this place pretty good. I went to law school here. &lt;/p&gt;
&lt;/div&gt;",t1_obce4lu,,,,,,,,,,,1.0,,t1_obcawca,,obce4lu,t3_1ry3ltp,2026-05-05T00:56:45.271Z,,,,149,https://www.reddit.com/r/Costco/comments/1ry3ltp/costco_ceo_ron_vachris_eats_a_hotdog/obce4lu/,t2_2ypbv8bd,taxilicious,
,Do you know if the brawndo is still past the Starbucks?  ,Costco,r/Costco,2026-03-19T18:44:52.000Z,comment,,"&lt;div class=""md""&gt;&lt;p&gt;Do you know if the brawndo is still past the Starbucks?  &lt;/p&gt;
&lt;/div&gt;",t1_obco36u,,,,,,,,,,,3.0,,t1_obce4lu,,obco36u,t3_1ry3ltp,2026-05-05T00:56:45.271Z,,,,58,https://www.reddit.com/r/Costco/comments/1ry3ltp/costco_ceo_ron_vachris_eats_a_hotdog/obco36u/,t2_kclxv,TheFisGoingOn,
,Sure is! Just watch out for Upgrayedd; you do NOT want to run into him!,Costco,r/Costco,2026-03-19T19:04:16.000Z,comment,,"&lt;div class=""md""&gt;&lt;p&gt;Sure is! Just watch out for Upgrayedd; you do NOT want to run into him!&lt;/p&gt;
&lt;/div&gt;",t1_obcs91c,,,,,,,,,,,1.0,,t1_obco36u,,obcs91c,t3_1ry3ltp,2026-05-05T00:56:45.271Z,,,,24,https://www.reddit.com/r/Costco/comments/1ry3ltp/costco_ceo_ron_vachris_eats_a_hotdog/obcs91c/,t2_2ypbv8bd,taxilicious,
,With 2 Ds for a double dose of his pimpin’,Costco,r/Costco,2026-03-19T21:45:14.000Z,comment,,"&lt;div class=""md""&gt;&lt;p&gt;With 2 Ds for a double dose of his pimpin’&lt;/p&gt;
&lt;/div&gt;",t1_obdmoi8,,,,,,,,,,,1.0,,t1_obcs91c,,obdmoi8,t3_1ry3ltp,2026-05-05T00:56:45.271Z,,,,17,https://www.reddit.com/r/Costco/comments/1ry3ltp/costco_ceo_ron_vachris_eats_a_hotdog/obdmoi8/,t2_8uybai0l,methinfiniti,
,I don’t know if we have time for a hand job. ,Costco,r/Costco,2026-03-19T20:29:57.000Z,comment,,"&lt;div class=""md""&gt;&lt;p&gt;I don’t know if we have time for a hand job. &lt;/p&gt;
&lt;/div&gt;",t1_obd7d0x,,,,,,,,,,,1.0,,t1_obco36u,,obd7d0x,t3_1ry3ltp,2026-05-05T00:56:45.271Z,,,,36,https://www.reddit.com/r/Costco/comments/1ry3ltp/costco_ceo_ron_vachris_eats_a_hotdog/obd7d0x/,t2_4go38,digitalrenaissance,
,There’s always time for a hand job. ,Costco,r/Costco,2026-03-19T21:04:29.000Z,comment,,"&lt;div class=""md""&gt;&lt;p&gt;There’s always time for a hand job. &lt;/p&gt;
&lt;/div&gt;",t1_obdeggq,,,,,,,,,,,0.0,,t1_obd7d0x,,obdeggq,t3_1ry3ltp,2026-05-05T00:56:45.271Z,,,,19,https://www.reddit.com/r/Costco/comments/1ry3ltp/costco_ceo_ron_vachris_eats_a_hotdog/obdeggq/,t2_2ypbv8bd,taxilicious,
,"I think what most C\*O executive leaders miss is that broad loyalty to your employees will bring out the best in people, crop up problems on the floor that can lead to efficiency or capabilities and low turnover provides an intangible stability at that level.

I guess my point is is that looking at other metrics other than profit and stock price can more accurately measure success over the long term (and not just quarterly earnings) which provides value to all even stockholders.

So, I'd argue that there's a capitalistic incentive to treating your employees with more respect. It's just that we're not measuring the right things (beyond profits/stock toward employee satisfaction, brand loyalty, etc. instead) at the right time (beyond quarters of a year to quarters of centuries instead).",Costco,r/Costco,2026-03-19T19:03:52.000Z,comment,,"&lt;div class=""md""&gt;&lt;p&gt;I think what most C*O executive leaders miss is that broad loyalty to your employees will bring out the best in people, crop up problems on the floor that can lead to efficiency or capabilities and low turnover provides an intangible stability at that level.&lt;/p&gt;

&lt;p&gt;I guess my point is is that looking at other metrics other than profit and stock price can more accurately measure success over the long term (and not just quarterly earnings) which provides value to all even stockholders.&lt;/p&gt;

&lt;p&gt;So, I&amp;#39;d argue that there&amp;#39;s a capitalistic incentive to treating your employees with more respect. It&amp;#39;s just that we&amp;#39;re not measuring the right things (beyond profits/stock toward employee satisfaction, brand loyalty, etc. instead) at the right time (beyond quarters of a year to quarters of centuries instead).&lt;/p&gt;
&lt;/div&gt;",t1_obcs5yh,,,,,,,,,,,1.0,,t1_obc19by,,obcs5yh,t3_1ry3ltp,2026-05-05T00:56:45.271Z,,,,69,https://www.reddit.com/r/Costco/comments/1ry3ltp/costco_ceo_ron_vachris_eats_a_hotdog/obcs5yh/,t2_334v5,jclin,
,Costco is American Capitalism gone right,Costco,r/Costco,2026-03-19T18:35:44.000Z,comment,,"&lt;div class=""md""&gt;&lt;p&gt;Costco is American Capitalism gone right&lt;/p&gt;
&lt;/div&gt;",t1_obcm4un,,,,,,,,,,,1.0,,t1_obc19by,,obcm4un,t3_1ry3ltp,2026-05-05T00:56:45.271Z,,,,93,https://www.reddit.com/r/Costco/comments/1ry3ltp/costco_ceo_ron_vachris_eats_a_hotdog/obcm4un/,t2_rqtlsos,JayPeeAyyy,
US Midwest Region - MW,"Ask the employees. We must maintain our culture. Rewarding shareholders is #5 in line of the code of ethics, however, lately it’s been seeming to be #1. Ahead of members, employees and vendors. ",Costco,r/Costco,2026-03-19T19:24:24.000Z,comment,,"&lt;div class=""md""&gt;&lt;p&gt;Ask the employees. We must maintain our culture. Rewarding shareholders is #5 in line of the code of ethics, however, lately it’s been seeming to be #1. Ahead of members, employees and vendors. &lt;/p&gt;
&lt;/div&gt;",t1_obcun5i,,,,,,,,,,,2.0,,t1_obc19by,,obcun5i,t3_1ry3ltp,2026-05-05T00:56:45.271Z,,,,30,https://www.reddit.com/r/Costco/comments/1ry3ltp/costco_ceo_ron_vachris_eats_a_hotdog/obcun5i/,t2_9fvszli1,Minimum_Gur_4413,
,"100%.

The pay is definitely better than similar retail, but everything else has been getting worse quickly.",Costco,r/Costco,2026-03-19T19:41:38.000Z,comment,,"&lt;div class=""md""&gt;&lt;p&gt;100%.&lt;/p&gt;

&lt;p&gt;The pay is definitely better than similar retail, but everything else has been getting worse quickly.&lt;/p&gt;
&lt;/div&gt;",t1_obcxgtd,,,,,,,,,,,1.0,,t1_obcun5i,,obcxgtd,t3_1ry3ltp,2026-05-05T00:56:45.271Z,,,,22,https://www.reddit.com/r/Costco/comments/1ry3ltp/costco_ceo_ron_vachris_eats_a_hotdog/obcxgtd/,t2_6hzuu53,-mythologized-,
,"If you’re going to bring your *e n t i r e* family to Costco, can you guys PLEASE stop walking side by side shoulder to shoulder making it impossible for others to get by? And while we’re at it, can you also stop leaving your cart in middle of the aisle while you run off to grab something?  Please just have some spatial awareness and be considerate of other shoppers in one of the busiest retail environments known to man. Thank you! Rant over. 

**TLDR  If you’re rolling with a crew, let people through!**",,r/Costco,2025-07-11T17:44:13.000Z,post,[Rant],"&lt;!-- SC_OFF --&gt;&lt;div class=""md""&gt;&lt;p&gt;If you’re going to bring your &lt;em&gt;e n t i r e&lt;/em&gt; family to Costco, can you guys PLEASE stop walking side by side shoulder to shoulder making it impossible for others to get by? And while we’re at it, can you also stop leaving your cart in middle of the aisle while you run off to grab something?  Please just have some spatial awareness and be considerate of other shoppers in one of the busiest retail environments known to man. Thank you! Rant over. &lt;/p&gt;

&lt;p&gt;&lt;strong&gt;TLDR  If you’re rolling with a crew, let people through!&lt;/strong&gt;&lt;/p&gt;
&lt;/div&gt;&lt;!-- SC_ON --&gt;",t3_1lxdcr1,,,,,,,False,False,https://www.reddit.com/r/Costco/comments/1lxdcr1/im_begging_you_move_out_of_the_way/,1636.0,,False,,Costco,1lxdcr1,,2026-05-05T00:56:48.980Z,self,"I’m begging you, move out of the way! 😩",0.94,17307,https://www.reddit.com/r/Costco/comments/1lxdcr1/im_begging_you_move_out_of_the_way/,t2_22oveutg,CarterWorthy,
Newbie,"Images:
	https://preview.redd.it/2sp0gmuza01f1.jpeg?auto=webp&amp;s=37504d697de0f3739f9548d70a289ccefe92847e
",,r/publix,2025-05-15T20:36:07.000Z,post,MEME,"Images:
	https://preview.redd.it/2sp0gmuza01f1.jpeg?auto=webp&amp;s=37504d697de0f3739f9548d70a289ccefe92847e
",t3_1knio1e,https://i.redd.it/2sp0gmuza01f1.jpeg,,,,,,False,False,https://i.redd.it/2sp0gmuza01f1.jpeg,342.0,,False,,publix,1knio1e,,2026-05-05T00:56:49.174Z,https://a.thumbs.redditmedia.com/l8goikQ3g0qtiCtjtODndTePVQr85I7d65YeYWEjdC0.jpg,Saint Pete Beach Publix burns down… comments are ruthless,0.99,5398,https://www.reddit.com/r/publix/comments/1knio1e/saint_pete_beach_publix_burns_down_comments_are/,t2_4yu11ojf,totallynotlawyer,
,"Posts that do not follow r/Costco subreddit rules **MAY** be subject to removal. 

**Reminder: No vague non-descriptive post titles or availability questions.**

When applicable, please make sure that you're using a descriptive post title with product name(s) and/or exact question mentioned as it yields better subreddit search results. 

**Including item number, price, and approximate location or region where found is also helpful since product availability can vary.**


*I am a bot, and this action was performed automatically. Please [contact the moderators of this subreddit](/message/compose/?to=/r/Costco) if you have any questions or concerns.*",Costco,r/Costco,2025-07-18T03:29:08.000Z,comment,,"&lt;div class=""md""&gt;&lt;p&gt;Posts that do not follow &lt;a href=""/r/Costco""&gt;r/Costco&lt;/a&gt; subreddit rules &lt;strong&gt;MAY&lt;/strong&gt; be subject to removal. &lt;/p&gt;

&lt;p&gt;&lt;strong&gt;Reminder: No vague non-descriptive post titles or availability questions.&lt;/strong&gt;&lt;/p&gt;

&lt;p&gt;When applicable, please make sure that you&amp;#39;re using a descriptive post title with product name(s) and/or exact question mentioned as it yields better subreddit search results. &lt;/p&gt;

&lt;p&gt;&lt;strong&gt;Including item number, price, and approximate location or region where found is also helpful since product availability can vary.&lt;/strong&gt;&lt;/p&gt;

&lt;p&gt;&lt;em&gt;I am a bot, and this action was performed automatically. Please &lt;a href=""/message/compose/?to=/r/Costco""&gt;contact the moderators of this subreddit&lt;/a&gt; if you have any questions or concerns.&lt;/em&gt;&lt;/p&gt;
&lt;/div&gt;",t1_n3r5yqq,,,,,,,,,,,0.0,,t3_1lxdcr1,,n3r5yqq,t3_1lxdcr1,2026-05-05T00:56:49.220Z,,,,1,https://www.reddit.com/r/Costco/comments/1lxdcr1/im_begging_you_move_out_of_the_way/n3r5yqq/,t2_6l4z3,AutoModerator,
Newbie,Black smoke…. A new store manager was not chosen…,publix,r/publix,2025-05-16T00:05:24.000Z,comment,,"&lt;div class=""md""&gt;&lt;p&gt;Black smoke…. A new store manager was not chosen…&lt;/p&gt;
&lt;/div&gt;",t1_msjit2e,,,,,,,,,,,6.0,,t3_1knio1e,,msjit2e,t3_1knio1e,2026-05-05T00:56:49.387Z,,,,635,https://www.reddit.com/r/publix/comments/1knio1e/saint_pete_beach_publix_burns_down_comments_are/msjit2e/,t2_yv4ai,Melikinskitty,
,Now do the people who arrange themselves like seagulls around the sample stations.,Costco,r/Costco,2025-07-11T17:45:58.000Z,comment,,"&lt;div class=""md""&gt;&lt;p&gt;Now do the people who arrange themselves like seagulls around the sample stations.&lt;/p&gt;
&lt;/div&gt;",t1_n2l6jdj,,,,,,,,,,,14.0,,t3_1lxdcr1,,n2l6jdj,t3_1lxdcr1,2026-05-05T00:56:49.220Z,,,,4216,https://www.reddit.com/r/Costco/comments/1lxdcr1/im_begging_you_move_out_of_the_way/n2l6jdj/,t2_axisa,Mr-Duck1,
Newbie,Hahaha,publix,r/publix,2025-05-16T01:24:13.000Z,comment,,"&lt;div class=""md""&gt;&lt;p&gt;Hahaha&lt;/p&gt;
&lt;/div&gt;",t1_msjvczb,,,,,,,,,,,0.0,,t1_msjit2e,,msjvczb,t3_1knio1e,2026-05-05T00:56:49.387Z,,,,50,https://www.reddit.com/r/publix/comments/1knio1e/saint_pete_beach_publix_burns_down_comments_are/msjvczb/,t2_s32umzaz2,alyx_is_haunted,
,“MINE! MINE! MINE! MINE!”,Costco,r/Costco,2025-07-11T17:54:27.000Z,comment,,"&lt;div class=""md""&gt;&lt;p&gt;“MINE! MINE! MINE! MINE!”&lt;/p&gt;
&lt;/div&gt;",t1_n2l8dw4,,,,,,,,,,,5.0,,t1_n2l6jdj,,n2l8dw4,t3_1lxdcr1,2026-05-05T00:56:49.220Z,,,,1815,https://www.reddit.com/r/Costco/comments/1lxdcr1/im_begging_you_move_out_of_the_way/n2l8dw4/,t2_22oveutg,CarterWorthy,
,"Also, what’s everyone’s best method for reheating ? My toaster over gets it too crispy. ",,r/Costco,2026-03-02T22:33:23.000Z,post,[Food Court],"&lt;!-- SC_OFF --&gt;&lt;div class=""md""&gt;&lt;p&gt;Also, what’s everyone’s best method for reheating ? My toaster over gets it too crispy. &lt;/p&gt;
&lt;/div&gt;&lt;!-- SC_ON --&gt;",t3_1rj7jaa,https://i.redd.it/9saj0f36lpmg1.jpeg,,,,,,False,False,https://i.redd.it/9saj0f36lpmg1.jpeg,1225.0,,False,,Costco,1rj7jaa,,2026-05-05T00:56:49.880Z,"https://preview.redd.it/9saj0f36lpmg1.jpeg?width=140&amp;height=140&amp;crop=1:1,smart&amp;auto=webp&amp;s=85a38b84d9923e5464a744d323235679d67ea1d5",Surely I can’t be the only one who does the extra ride home slice. No one is ever the wiser.,0.94,17033,https://www.reddit.com/r/Costco/comments/1rj7jaa/surely_i_cant_be_the_only_one_who_does_the_extra/,t2_39qzhcyu,theonewhoisknown,
"US San Diego Region + Arizona, Colorado &amp; New Mexico - SD",These people act like they’ve never had food before.,Costco,r/Costco,2025-07-11T19:19:53.000Z,comment,,"&lt;div class=""md""&gt;&lt;p&gt;These people act like they’ve never had food before.&lt;/p&gt;
&lt;/div&gt;",t1_n2lq1qc,,,,,,,,,,,5.0,,t1_n2l8dw4,,n2lq1qc,t3_1lxdcr1,2026-05-05T00:56:49.220Z,,,,334,https://www.reddit.com/r/Costco/comments/1lxdcr1/im_begging_you_move_out_of_the_way/n2lq1qc/,t2_z2rjx,addictedtofit,
Meat,![gif](giphy|f8lDluiWJ7yQTtdS3L),publix,r/publix,2025-05-16T01:54:13.000Z,comment,,"&lt;div class=""md""&gt;&lt;p&gt;&lt;a href=""https://giphy.com/gifs/f8lDluiWJ7yQTtdS3L"" target=""_blank""&gt;&lt;img src=""https://external-preview.redd.it/_t9TqMOxuZ4ipFYbHteVNm5dCVf9TtEQuWPtk2q5i6g.gif?width=356&amp;height=200&amp;s=e7d368c452da3a14009453a4b5894d67a7dd5beb"" width=""356"" height=""200""&gt;&lt;/a&gt;&lt;/p&gt;
&lt;/div&gt;",t1_msk09vv,,,,,,,,,,,0.0,,t1_msjit2e,,msk09vv,t3_1knio1e,2026-05-05T00:56:49.387Z,,,,44,https://www.reddit.com/r/publix/comments/1knio1e/saint_pete_beach_publix_burns_down_comments_are/msk09vv/,t2_57fzabw3,WonderfulJacket8,
,Done by [instagram.com/jillans.ink](http://instagram.com/jillans.ink),,r/Costco,2025-05-17T04:23:56.000Z,post,,"&lt;!-- SC_OFF --&gt;&lt;div class=""md""&gt;&lt;p&gt;Done by &lt;a href=""http://instagram.com/jillans.ink""&gt;instagram.com/jillans.ink&lt;/a&gt;&lt;/p&gt;
&lt;/div&gt;&lt;!-- SC_ON --&gt;",t3_1kokgfa,https://i.redd.it/1km7rydbr91f1.jpeg,,,,,,False,False,https://i.redd.it/1km7rydbr91f1.jpeg,420.0,,False,,Costco,1kokgfa,,2026-05-05T00:56:49.993Z,https://b.thumbs.redditmedia.com/OX3peHozfWrV7q_fBnQgpiiStkA1XlbF3Rto0Q15UuI.jpg,My Buddy Got An Insane Costco Tattoo...,0.95,17143,https://www.reddit.com/r/Costco/comments/1kokgfa/my_buddy_got_an_insane_costco_tattoo/,t2_8ssicrr1,wavyboisilv,
,"Posts that do not follow r/Costco subreddit rules **MAY** be subject to removal. 

**Reminder: No vague non-descriptive post titles or availability questions.**

When applicable, please make sure that you're using a descriptive post title with product name(s) and/or exact question mentioned as it yields better subreddit search results. 

**Including item number, price, and approximate location or region where found is also helpful since product availability can vary.**


*I am a bot, and this action was performed automatically. Please [contact the moderators of this subreddit](/message/compose/?to=/r/Costco) if you have any questions or concerns.*",Costco,r/Costco,2026-03-02T22:33:25.000Z,comment,,"&lt;div class=""md""&gt;&lt;p&gt;Posts that do not follow &lt;a href=""/r/Costco""&gt;r/Costco&lt;/a&gt; subreddit rules &lt;strong&gt;MAY&lt;/strong&gt; be subject to removal. &lt;/p&gt;

&lt;p&gt;&lt;strong&gt;Reminder: No vague non-descriptive post titles or availability questions.&lt;/strong&gt;&lt;/p&gt;

&lt;p&gt;When applicable, please make sure that you&amp;#39;re using a descriptive post title with product name(s) and/or exact question mentioned as it yields better subreddit search results. &lt;/p&gt;

&lt;p&gt;&lt;strong&gt;Including item number, price, and approximate location or region where found is also helpful since product availability can vary.&lt;/strong&gt;&lt;/p&gt;

&lt;p&gt;&lt;em&gt;I am a bot, and this action was performed automatically. Please &lt;a href=""/message/compose/?to=/r/Costco""&gt;contact the moderators of this subreddit&lt;/a&gt; if you have any questions or concerns.&lt;/em&gt;&lt;/p&gt;
&lt;/div&gt;",t1_o8b749k,,,,,,,,,,,0.0,,t3_1rj7jaa,,o8b749k,t3_1rj7jaa,2026-05-05T00:56:50.073Z,,,,1,https://www.reddit.com/r/Costco/comments/1rj7jaa/surely_i_cant_be_the_only_one_who_does_the_extra/o8b749k/,t2_6l4z3,AutoModerator,
Newbie,"No, it means The Others are coming.",publix,r/publix,2025-05-17T04:49:19.000Z,comment,,"&lt;div class=""md""&gt;&lt;p&gt;No, it means The Others are coming.&lt;/p&gt;
&lt;/div&gt;",t1_msqw4qq,,,,,,,,,,,0.0,,t1_msjit2e,,msqw4qq,t3_1knio1e,2026-05-05T00:56:49.387Z,,,,6,https://www.reddit.com/r/publix/comments/1knio1e/saint_pete_beach_publix_burns_down_comments_are/msqw4qq/,t2_bua6i,reddittle,
,"My favorite is they then feel like they need to give feedback to the person serving it or others also blocking the way eating it.  Like its some picnic food tasting event.  ""That sauce is delicious and the mouthfeel is on point""... Like, dude...  its a hotpocket ffs get out of the way..",Costco,r/Costco,2025-07-11T20:27:44.000Z,comment,,"&lt;div class=""md""&gt;&lt;p&gt;My favorite is they then feel like they need to give feedback to the person serving it or others also blocking the way eating it.  Like its some picnic food tasting event.  &amp;quot;That sauce is delicious and the mouthfeel is on point&amp;quot;... Like, dude...  its a hotpocket ffs get out of the way..&lt;/p&gt;
&lt;/div&gt;",t1_n2m3o4a,,,,,,,,,,,5.0,,t1_n2lq1qc,,n2m3o4a,t3_1lxdcr1,2026-05-05T00:56:49.220Z,,,,328,https://www.reddit.com/r/Costco/comments/1lxdcr1/im_begging_you_move_out_of_the_way/n2m3o4a/,t2_zrzcf,BarbequedYeti,
Newbie,"Publix is not the company people think it is anymore.
My mother has worked at Publix for over 20 years. After two decades of loyalty, experience, and reliability, she makes $23 and change an hour—and her annual raise is a laughable 15–25 cents.
Publix used to do evaluations every 6 months. Now it’s once a year, and they claim (yes, this is a direct quote) that employees “actually make more money this way.”
Anyone with basic math skills knows that’s complete nonsense.
They also say she’s “maxed out” on pay. Apparently, 20+ years of service has a ceiling—and it’s low.
What really makes my blood boil:
If she works even an hour or two of overtime, management will force her to leave early another day just to avoid paying time-and-a-half. Imagine treating long-term employees like a liability instead of an asset.
I’ve worked at Publix myself. Don’t do it.
This company is not what it used to be.
Back when George Jenkins ran Publix, the philosophy was simple: take care of your employees and customers, and everything else follows. And it worked. Publix earned its reputation.
Then his son took over—and greed took the wheel.
Now:
Stores are chronically understaffed
Employees are doing 2–3x the workload for the same pay
Management claims they “don’t have the hours”
(Reminder: Publix is a billion-dollar company)
The worst part? Customers suffer too. Shelves aren’t stocked, lines are longer, departments are stretched thin—but corporate still pats itself on the back.
And let’s talk prices.
Shopping at Publix is basically volunteering to get ripped off. Almost everything they sell can be found for dollars less at other grocery stores. I genuinely don’t understand how people fill entire carts and don’t notice the markup.
Meat quality has gone down, prices have gone up, and the experience keeps getting worse.
I could list hundreds more reasons why Publix is slowly killing itself, but honestly? I’d rather watch it crash and burn than pretend this is still a “great place to work.”
And before anyone says I’m just being emotional or defending my mom—
She’s been there since I was a kid. Now she’s stuck. Her retirement and healthcare are tied to this company, so walking away isn’t an option.
Publix didn’t just change.
It abandoned the very people who built it.",,r/publix,2025-12-26T18:31:18.000Z,post,RANT :snoo_tableflip:,"&lt;!-- SC_OFF --&gt;&lt;div class=""md""&gt;&lt;p&gt;Publix is not the company people think it is anymore.
My mother has worked at Publix for over 20 years. After two decades of loyalty, experience, and reliability, she makes $23 and change an hour—and her annual raise is a laughable 15–25 cents.
Publix used to do evaluations every 6 months. Now it’s once a year, and they claim (yes, this is a direct quote) that employees “actually make more money this way.”
Anyone with basic math skills knows that’s complete nonsense.
They also say she’s “maxed out” on pay. Apparently, 20+ years of service has a ceiling—and it’s low.
What really makes my blood boil:
If she works even an hour or two of overtime, management will force her to leave early another day just to avoid paying time-and-a-half. Imagine treating long-term employees like a liability instead of an asset.
I’ve worked at Publix myself. Don’t do it.
This company is not what it used to be.
Back when George Jenkins ran Publix, the philosophy was simple: take care of your employees and customers, and everything else follows. And it worked. Publix earned its reputation.
Then his son took over—and greed took the wheel.
Now:
Stores are chronically understaffed
Employees are doing 2–3x the workload for the same pay
Management claims they “don’t have the hours”
(Reminder: Publix is a billion-dollar company)
The worst part? Customers suffer too. Shelves aren’t stocked, lines are longer, departments are stretched thin—but corporate still pats itself on the back.
And let’s talk prices.
Shopping at Publix is basically volunteering to get ripped off. Almost everything they sell can be found for dollars less at other grocery stores. I genuinely don’t understand how people fill entire carts and don’t notice the markup.
Meat quality has gone down, prices have gone up, and the experience keeps getting worse.
I could list hundreds more reasons why Publix is slowly killing itself, but honestly? I’d rather watch it crash and burn than pretend this is still a “great place to work.”
And before anyone says I’m just being emotional or defending my mom—
She’s been there since I was a kid. Now she’s stuck. Her retirement and healthcare are tied to this company, so walking away isn’t an option.
Publix didn’t just change.
It abandoned the very people who built it.&lt;/p&gt;
&lt;/div&gt;&lt;!-- SC_ON --&gt;",t3_1pwbajk,,,,,,,False,False,https://www.reddit.com/r/publix/comments/1pwbajk/publix_is_living_off_a_reputation_it_no_longer/,1163.0,,False,,publix,1pwbajk,,2026-05-05T00:56:50.095Z,self,Publix Is Living Off a Reputation It No Longer Deserves,0.96,5260,https://www.reddit.com/r/publix/comments/1pwbajk/publix_is_living_off_a_reputation_it_no_longer/,t2_1wclekqnsb,ProbablyStonedR,
,You are a true scholar,Costco,r/Costco,2026-03-02T22:35:13.000Z,comment,,"&lt;div class=""md""&gt;&lt;p&gt;You are a true scholar&lt;/p&gt;
&lt;/div&gt;",t1_o8b7ggl,,,,,,,,,,,4.0,,t3_1rj7jaa,,o8b7ggl,t3_1rj7jaa,2026-05-05T00:56:50.073Z,,,,3152,https://www.reddit.com/r/Costco/comments/1rj7jaa/surely_i_cant_be_the_only_one_who_does_the_extra/o8b7ggl/,t2_3yp8xnhu,Entientt,
,"Posts that do not follow r/Costco subreddit rules **MAY** be subject to removal. 

**Reminder: No vague or non-descriptive post titles or availability questions.**

When applicable, please make sure that you're using a descriptive post title with product name(s) and/or exact question mentioned as it yields better subreddit search results. 

**Including item number, price, and approximate location or region where found is also helpful since product availability can vary.**


*I am a bot, and this action was performed automatically. Please [contact the moderators of this subreddit](/message/compose/?to=/r/Costco) if you have any questions or concerns.*",Costco,r/Costco,2025-05-17T04:23:58.000Z,comment,,"&lt;div class=""md""&gt;&lt;p&gt;Posts that do not follow &lt;a href=""/r/Costco""&gt;r/Costco&lt;/a&gt; subreddit rules &lt;strong&gt;MAY&lt;/strong&gt; be subject to removal. &lt;/p&gt;

&lt;p&gt;&lt;strong&gt;Reminder: No vague or non-descriptive post titles or availability questions.&lt;/strong&gt;&lt;/p&gt;

&lt;p&gt;When applicable, please make sure that you&amp;#39;re using a descriptive post title with product name(s) and/or exact question mentioned as it yields better subreddit search results. &lt;/p&gt;

&lt;p&gt;&lt;strong&gt;Including item number, price, and approximate location or region where found is also helpful since product availability can vary.&lt;/strong&gt;&lt;/p&gt;

&lt;p&gt;&lt;em&gt;I am a bot, and this action was performed automatically. Please &lt;a href=""/message/compose/?to=/r/Costco""&gt;contact the moderators of this subreddit&lt;/a&gt; if you have any questions or concerns.&lt;/em&gt;&lt;/p&gt;
&lt;/div&gt;",t1_msqt3wo,,,,,,,,,,,0.0,,t3_1kokgfa,,msqt3wo,t3_1kokgfa,2026-05-05T00:56:50.215Z,,,,1,https://www.reddit.com/r/Costco/comments/1kokgfa/my_buddy_got_an_insane_costco_tattoo/msqt3wo/,t2_6l4z3,AutoModerator,
,"I'm actually conflicted with this, as I have always thought the same. I always thought the workers were only taking the work that they could get.....and needed the work. So, I just let them be, in order to give them some hassle-free time.

But, as I've worked with aging adults. I've learned that they need the human interactions, to feel valued, and actually talk to people. It's the same for everyone. Otherwise, you become depressed. And that is very easy to do when you feel invisible, unvalued, and never get a chance to talk to anyone.",Costco,r/Costco,2025-07-12T01:43:02.000Z,comment,,"&lt;div class=""md""&gt;&lt;p&gt;I&amp;#39;m actually conflicted with this, as I have always thought the same. I always thought the workers were only taking the work that they could get.....and needed the work. So, I just let them be, in order to give them some hassle-free time.&lt;/p&gt;

&lt;p&gt;But, as I&amp;#39;ve worked with aging adults. I&amp;#39;ve learned that they need the human interactions, to feel valued, and actually talk to people. It&amp;#39;s the same for everyone. Otherwise, you become depressed. And that is very easy to do when you feel invisible, unvalued, and never get a chance to talk to anyone.&lt;/p&gt;
&lt;/div&gt;",t1_n2nnv4q,,,,,,,,,,,3.0,,t1_n2m3o4a,,n2nnv4q,t3_1lxdcr1,2026-05-05T00:56:49.220Z,,,,106,https://www.reddit.com/r/Costco/comments/1lxdcr1/im_begging_you_move_out_of_the_way/n2nnv4q/,t2_4t0lpba0,CosmoKing2,
Newbie,"Wicked, I love that one….",publix,r/publix,2025-05-16T08:39:36.000Z,comment,,"&lt;div class=""md""&gt;&lt;p&gt;Wicked, I love that one….&lt;/p&gt;
&lt;/div&gt;",t1_msld9kd,,,,,,,,,,,0.0,,t1_msjit2e,,msld9kd,t3_1knio1e,2026-05-05T00:56:49.387Z,,,,7,https://www.reddit.com/r/publix/comments/1knio1e/saint_pete_beach_publix_burns_down_comments_are/msld9kd/,t2_74c3o3k7,TYdays,
Newbie,"Taking care of your employees used to be a philosophy for a lot of companies but everyone is just profit motivated now. employees are not valued, which is exactly why I feel zero loyalty to any of my employers. I have quit more jobs in the last four years than I have in my 50 years of working because I realize that they’re all about profit and what’s their bottom line. so I’m all about my bottom line. if I find something better I leave. sometimes I give notice and sometimes I don’t.",publix,r/publix,2025-12-26T18:37:30.000Z,comment,,"&lt;div class=""md""&gt;&lt;p&gt;Taking care of your employees used to be a philosophy for a lot of companies but everyone is just profit motivated now. employees are not valued, which is exactly why I feel zero loyalty to any of my employers. I have quit more jobs in the last four years than I have in my 50 years of working because I realize that they’re all about profit and what’s their bottom line. so I’m all about my bottom line. if I find something better I leave. sometimes I give notice and sometimes I don’t.&lt;/p&gt;
&lt;/div&gt;",t1_nw2a0l6,,,,,,,,,,,6.0,,t3_1pwbajk,,nw2a0l6,t3_1pwbajk,2026-05-05T00:56:50.271Z,,,,564,https://www.reddit.com/r/publix/comments/1pwbajk/publix_is_living_off_a_reputation_it_no_longer/nw2a0l6/,t2_1obsoou47u,Candid-Seaweed1474,
Newbie,Everyone at work now thinks I'm crazy for laughing by myself. You earned my upvote.,publix,r/publix,2025-05-16T19:39:32.000Z,comment,,"&lt;div class=""md""&gt;&lt;p&gt;Everyone at work now thinks I&amp;#39;m crazy for laughing by myself. You earned my upvote.&lt;/p&gt;
&lt;/div&gt;",t1_msoh0cx,,,,,,,,,,,1.0,,t1_msjit2e,,msoh0cx,t3_1knio1e,2026-05-05T00:56:49.387Z,,,,3,https://www.reddit.com/r/publix/comments/1knio1e/saint_pete_beach_publix_burns_down_comments_are/msoh0cx/,t2_8qnfsl89,Ok-Rock2345,
,Gonna be awkward when they switch to coke products,Costco,r/Costco,2025-05-17T04:26:28.000Z,comment,,"&lt;div class=""md""&gt;&lt;p&gt;Gonna be awkward when they switch to coke products&lt;/p&gt;
&lt;/div&gt;",t1_msqtew5,,,,,,,,,,,8.0,,t3_1kokgfa,,msqtew5,t3_1kokgfa,2026-05-05T00:56:50.215Z,,,,3004,https://www.reddit.com/r/Costco/comments/1kokgfa/my_buddy_got_an_insane_costco_tattoo/msqtew5/,t2_3yao16us,Chicken-cat,
,"I’ve convinced my wife that all pizza places always make pizzas one slice short.

Can’t believe she’s fallen for it for 20 years.",Costco,r/Costco,2026-03-02T22:46:59.000Z,comment,,"&lt;div class=""md""&gt;&lt;p&gt;I’ve convinced my wife that all pizza places always make pizzas one slice short.&lt;/p&gt;

&lt;p&gt;Can’t believe she’s fallen for it for 20 years.&lt;/p&gt;
&lt;/div&gt;",t1_o8b9qez,,,,,,,,,,,8.0,,t1_o8b7ggl,,o8b9qez,t3_1rj7jaa,2026-05-05T00:56:50.073Z,,,,903,https://www.reddit.com/r/Costco/comments/1rj7jaa/surely_i_cant_be_the_only_one_who_does_the_extra/o8b9qez/,t2_416arkh,dunnodudes,
,"I said thank you for a sample one time and the lady just about started crying, late afternoon, I was the first person all day to say thanks to her.",Costco,r/Costco,2025-07-12T23:34:43.000Z,comment,,"&lt;div class=""md""&gt;&lt;p&gt;I said thank you for a sample one time and the lady just about started crying, late afternoon, I was the first person all day to say thanks to her.&lt;/p&gt;
&lt;/div&gt;",t1_n2t7wvc,,,,,,,,,,,2.0,,t1_n2nnv4q,,n2t7wvc,t3_1lxdcr1,2026-05-05T00:56:49.220Z,,,,70,https://www.reddit.com/r/Costco/comments/1lxdcr1/im_begging_you_move_out_of_the_way/n2t7wvc/,t2_a2zsk4i0a,InfrequentFlyerClub,
,"That’ll only make it more valuable, like a rare edition",Costco,r/Costco,2025-05-17T04:30:49.000Z,comment,,"&lt;div class=""md""&gt;&lt;p&gt;That’ll only make it more valuable, like a rare edition&lt;/p&gt;
&lt;/div&gt;",t1_msqtxua,,,,,,,,,,,3.0,,t1_msqtew5,,msqtxua,t3_1kokgfa,2026-05-05T00:56:50.215Z,,,,1018,https://www.reddit.com/r/Costco/comments/1kokgfa/my_buddy_got_an_insane_costco_tattoo/msqtxua/,t2_t90ztoyzv,Certain_Passion1630,
Newbie,That’s not what I meant when I asked for my sub toasted,publix,r/publix,2025-05-15T21:03:20.000Z,comment,,"&lt;div class=""md""&gt;&lt;p&gt;That’s not what I meant when I asked for my sub toasted&lt;/p&gt;
&lt;/div&gt;",t1_msimakp,,,,,,,,,,,2.0,,t3_1knio1e,,msimakp,t3_1knio1e,2026-05-05T00:56:49.387Z,,,,526,https://www.reddit.com/r/publix/comments/1knio1e/saint_pete_beach_publix_burns_down_comments_are/msimakp/,t2_1dy7lzeye6,pirate-minded,
Newbie,Stakeholder vs Shareholder. Corporations were stakeholder focused until the mid/late 80s when they became shareholder focused. Jack Welch at GE had a lot to do with this as well as executive pay shifting to be more stock heavy. In 1993 they changed the tax code in a way where it became much more beneficial to have stock heavy compensation packages than straight salary. Now the C levels have a ton of stocks which makes it more personally beneficial to worry about the stock price at that moment of time versus the stability of the company.,publix,r/publix,2025-12-26T21:00:23.000Z,comment,,"&lt;div class=""md""&gt;&lt;p&gt;Stakeholder vs Shareholder. Corporations were stakeholder focused until the mid/late 80s when they became shareholder focused. Jack Welch at GE had a lot to do with this as well as executive pay shifting to be more stock heavy. In 1993 they changed the tax code in a way where it became much more beneficial to have stock heavy compensation packages than straight salary. Now the C levels have a ton of stocks which makes it more personally beneficial to worry about the stock price at that moment of time versus the stability of the company.&lt;/p&gt;
&lt;/div&gt;",t1_nw30hrj,,,,,,,,,,,4.0,,t1_nw2a0l6,,nw30hrj,t3_1pwbajk,2026-05-05T00:56:50.271Z,,,,60,https://www.reddit.com/r/publix/comments/1pwbajk/publix_is_living_off_a_reputation_it_no_longer/nw30hrj/,t2_ipqj91y,mr_mgs11,
,"We have a mouse that lives in both of our cars, depending on who is doing pickup.  We have named him ""Nibbles"" and we frequently comment on that 'lil stinker' when there is obvious food missing after a pickup.  Though it's mostly an issue with pizza, nobody knows about the car fries.",Costco,r/Costco,2026-03-02T23:11:54.000Z,comment,,"&lt;div class=""md""&gt;&lt;p&gt;We have a mouse that lives in both of our cars, depending on who is doing pickup.  We have named him &amp;quot;Nibbles&amp;quot; and we frequently comment on that &amp;#39;lil stinker&amp;#39; when there is obvious food missing after a pickup.  Though it&amp;#39;s mostly an issue with pizza, nobody knows about the car fries.&lt;/p&gt;
&lt;/div&gt;",t1_o8bedlu,,,,,,,,,,,3.0,,t1_o8b9qez,,o8bedlu,t3_1rj7jaa,2026-05-05T00:56:50.073Z,,,,369,https://www.reddit.com/r/Costco/comments/1rj7jaa/surely_i_cant_be_the_only_one_who_does_the_extra/o8bedlu/,t2_1jqvsyrimw,Newspeak_Linguist,
,I guess you and I are in the minority here.  I always say thank you to the sample folks and it really does make a difference.  But it shocks me how few others don't do this.,Costco,r/Costco,2025-07-13T00:03:10.000Z,comment,,"&lt;div class=""md""&gt;&lt;p&gt;I guess you and I are in the minority here.  I always say thank you to the sample folks and it really does make a difference.  But it shocks me how few others don&amp;#39;t do this.&lt;/p&gt;
&lt;/div&gt;",t1_n2tcnc4,,,,,,,,,,,1.0,,t1_n2t7wvc,,n2tcnc4,t3_1lxdcr1,2026-05-05T00:56:49.220Z,,,,67,https://www.reddit.com/r/Costco/comments/1lxdcr1/im_begging_you_move_out_of_the_way/n2tcnc4/,t2_7697wwxq,art_lipchalk,
,That lardass Costco kid gonna gnaw his arm off like a feral hyena and his dad is gonna try to ebay that arm like a Pokémon card to afford the family’s Crisco habit.,Costco,r/Costco,2025-05-17T04:40:47.000Z,comment,,"&lt;div class=""md""&gt;&lt;p&gt;That lardass Costco kid gonna gnaw his arm off like a feral hyena and his dad is gonna try to ebay that arm like a Pokémon card to afford the family’s Crisco habit.&lt;/p&gt;
&lt;/div&gt;",t1_msqv4ku,,,,,,,,,,,2.0,,t1_msqtxua,,msqv4ku,t3_1kokgfa,2026-05-05T00:56:50.215Z,,,,125,https://www.reddit.com/r/Costco/comments/1kokgfa/my_buddy_got_an_insane_costco_tattoo/msqv4ku/,t2_1fe3t8nk96,Area51_Spurs,
Bakery,I laughed harder than I should've at this comment. Take my upvote.,publix,r/publix,2025-05-15T23:00:18.000Z,comment,,"&lt;div class=""md""&gt;&lt;p&gt;I laughed harder than I should&amp;#39;ve at this comment. Take my upvote.&lt;/p&gt;
&lt;/div&gt;",t1_msj7rtj,,,,,,,,,,,0.0,,t1_msimakp,,msj7rtj,t3_1knio1e,2026-05-05T00:56:49.387Z,,,,63,https://www.reddit.com/r/publix/comments/1knio1e/saint_pete_beach_publix_burns_down_comments_are/msj7rtj/,t2_pzfc8,Aeruhat,
Newbie,Thanks. This greed has been building for a long time. I heard someone say we are in the end stages of capitalism.  Seems about right,publix,r/publix,2025-12-26T23:22:50.000Z,comment,,"&lt;div class=""md""&gt;&lt;p&gt;Thanks. This greed has been building for a long time. I heard someone say we are in the end stages of capitalism.  Seems about right&lt;/p&gt;
&lt;/div&gt;",t1_nw3pydz,,,,,,,,,,,2.0,,t1_nw30hrj,,nw3pydz,t3_1pwbajk,2026-05-05T00:56:50.271Z,,,,25,https://www.reddit.com/r/publix/comments/1pwbajk/publix_is_living_off_a_reputation_it_no_longer/nw3pydz/,t2_ha4imz35,Fat-Armadillo6061,
,"There's nothing wrong with saying hello or commenting on the food but be quick with it because there's someone standing behind you. You can stop to talk to the CDS people. Just step to the side and let other people get to the samples. Don't block the entire table standing there saying, ""MmmmmMMmmmmMm... man.. this is GOOD. What is it Turkey? It kinda has that smoked aristocratic flavor that goes good with a nice chardonay...""",Costco,r/Costco,2025-07-13T00:25:43.000Z,comment,,"&lt;div class=""md""&gt;&lt;p&gt;There&amp;#39;s nothing wrong with saying hello or commenting on the food but be quick with it because there&amp;#39;s someone standing behind you. You can stop to talk to the CDS people. Just step to the side and let other people get to the samples. Don&amp;#39;t block the entire table standing there saying, &amp;quot;MmmmmMMmmmmMm... man.. this is GOOD. What is it Turkey? It kinda has that smoked aristocratic flavor that goes good with a nice chardonay...&amp;quot;&lt;/p&gt;
&lt;/div&gt;",t1_n2tgbd5,,,,,,,,,,,1.0,,t1_n2nnv4q,,n2tgbd5,t3_1lxdcr1,2026-05-05T00:56:49.220Z,,,,25,https://www.reddit.com/r/Costco/comments/1lxdcr1/im_begging_you_move_out_of_the_way/n2tgbd5/,t2_52fxnncf,ted_anderson,
,"There’s actually a tattoo museum in Tokyo, with displays of human skins collected by a pathologist (autopsy doctor) who has tattooed individuals donate their skin when they die.

https://cvltnation.com/dead-skin-living-art-the-museum-of-tattooed-skin/",Costco,r/Costco,2025-05-17T05:54:08.000Z,comment,,"&lt;div class=""md""&gt;&lt;p&gt;There’s actually a tattoo museum in Tokyo, with displays of human skins collected by a pathologist (autopsy doctor) who has tattooed individuals donate their skin when they die.&lt;/p&gt;

&lt;p&gt;&lt;a href=""https://cvltnation.com/dead-skin-living-art-the-museum-of-tattooed-skin/""&gt;https://cvltnation.com/dead-skin-living-art-the-museum-of-tattooed-skin/&lt;/a&gt;&lt;/p&gt;
&lt;/div&gt;",t1_msr3bmy,,,,,,,,,,,4.0,,t1_msqv4ku,,msr3bmy,t3_1kokgfa,2026-05-05T00:56:50.215Z,,,,71,https://www.reddit.com/r/Costco/comments/1kokgfa/my_buddy_got_an_insane_costco_tattoo/msr3bmy/,t2_3ydxq,Yotsubato,
,"&gt;nobody knows about the car fries.

My wife: ""Wow five guys usually gives us way more fries than this""

Me who hit every red light on the way home:

https://preview.redd.it/eu3a20ve4qmg1.jpeg?width=201&amp;format=pjpg&amp;auto=webp&amp;s=97e510eb0c8fbba41806fefbd483c123e812f10c",Costco,r/Costco,2026-03-03T00:20:35.000Z,comment,,"&lt;div class=""md""&gt;&lt;blockquote&gt;
&lt;p&gt;nobody knows about the car fries.&lt;/p&gt;
&lt;/blockquote&gt;

&lt;p&gt;My wife: &amp;quot;Wow five guys usually gives us way more fries than this&amp;quot;&lt;/p&gt;

&lt;p&gt;Me who hit every red light on the way home:&lt;/p&gt;

&lt;p&gt;&lt;a href=""https://preview.redd.it/eu3a20ve4qmg1.jpeg?width=201&amp;amp;format=pjpg&amp;amp;auto=webp&amp;amp;s=97e510eb0c8fbba41806fefbd483c123e812f10c""&gt;https://preview.redd.it/eu3a20ve4qmg1.jpeg?width=201&amp;amp;format=pjpg&amp;amp;auto=webp&amp;amp;s=97e510eb0c8fbba41806fefbd483c123e812f10c&lt;/a&gt;&lt;/p&gt;
&lt;/div&gt;",t1_o8bqcn0,,,,,,,,,,,2.0,,t1_o8bedlu,,o8bqcn0,t3_1rj7jaa,2026-05-05T00:56:50.073Z,,,,423,https://www.reddit.com/r/Costco/comments/1rj7jaa/surely_i_cant_be_the_only_one_who_does_the_extra/o8bqcn0/,t2_ngj6z,Evil_phd,
Newbie,yeah we want our subs…steamed,publix,r/publix,2025-05-15T22:09:16.000Z,comment,,"&lt;div class=""md""&gt;&lt;p&gt;yeah we want our subs…steamed&lt;/p&gt;
&lt;/div&gt;",t1_msiz13x,,,,,,,,,,,1.0,,t1_msimakp,,msiz13x,t3_1knio1e,2026-05-05T00:56:49.387Z,,,,37,https://www.reddit.com/r/publix/comments/1knio1e/saint_pete_beach_publix_burns_down_comments_are/msiz13x/,t2_gno25cji,Federal-Sport-1635,
"US San Diego Region + Arizona, Colorado &amp; New Mexico - SD",Right like it’s a tasting event or a social event. 🤣,Costco,r/Costco,2025-07-11T21:20:10.000Z,comment,,"&lt;div class=""md""&gt;&lt;p&gt;Right like it’s a tasting event or a social event. 🤣&lt;/p&gt;
&lt;/div&gt;",t1_n2me6zm,,,,,,,,,,,1.0,,t1_n2m3o4a,,n2me6zm,t3_1lxdcr1,2026-05-05T00:56:49.220Z,,,,41,https://www.reddit.com/r/Costco/comments/1lxdcr1/im_begging_you_move_out_of_the_way/n2me6zm/,t2_z2rjx,addictedtofit,
,"psychopathologist, maybe.",Costco,r/Costco,2025-05-17T06:24:44.000Z,comment,,"&lt;div class=""md""&gt;&lt;p&gt;psychopathologist, maybe.&lt;/p&gt;
&lt;/div&gt;",t1_msr6hrv,,,,,,,,,,,1.0,,t1_msr3bmy,,msr6hrv,t3_1kokgfa,2026-05-05T00:56:50.215Z,,,,50,https://www.reddit.com/r/Costco/comments/1kokgfa/my_buddy_got_an_insane_costco_tattoo/msr6hrv/,t2_1fxielu9iy,Ok_Search1480,
Newbie,End stages is Foxconn. You’ll live where you work with employer subsidized housing. ,publix,r/publix,2025-12-26T23:47:56.000Z,comment,,"&lt;div class=""md""&gt;&lt;p&gt;End stages is Foxconn. You’ll live where you work with employer subsidized housing. &lt;/p&gt;
&lt;/div&gt;",t1_nw3u2z1,,,,,,,,,,,5.0,,t1_nw3pydz,,nw3u2z1,t3_1pwbajk,2026-05-05T00:56:50.271Z,,,,14,https://www.reddit.com/r/publix/comments/1pwbajk/publix_is_living_off_a_reputation_it_no_longer/nw3u2z1/,t2_1uqqke3mk1,Hot_Storm3252,
,French fry tax,Costco,r/Costco,2026-03-03T02:50:12.000Z,comment,,"&lt;div class=""md""&gt;&lt;p&gt;French fry tax&lt;/p&gt;
&lt;/div&gt;",t1_o8cfxvj,,,,,,,,,,,1.0,,t1_o8bqcn0,,o8cfxvj,t3_1rj7jaa,2026-05-05T00:56:50.073Z,,,,60,https://www.reddit.com/r/Costco/comments/1rj7jaa/surely_i_cant_be_the_only_one_who_does_the_extra/o8cfxvj/,t2_n9x9m8si4,925doorguy,
,*Claaaarice*,Costco,r/Costco,2025-05-17T07:43:44.000Z,comment,,"&lt;div class=""md""&gt;&lt;p&gt;&lt;em&gt;Claaaarice&lt;/em&gt;&lt;/p&gt;
&lt;/div&gt;",t1_msre937,,,,,,,,,,,1.0,,t1_msr6hrv,,msre937,t3_1kokgfa,2026-05-05T00:56:50.215Z,,,,26,https://www.reddit.com/r/Costco/comments/1kokgfa/my_buddy_got_an_insane_costco_tattoo/msre937/,t2_7o1x702t,Ok-Seaworthiness4488,
,going back to company towns,publix,r/publix,2025-12-27T04:40:29.000Z,comment,,"&lt;div class=""md""&gt;&lt;p&gt;going back to company towns&lt;/p&gt;
&lt;/div&gt;",t1_nw53ii7,,,,,,,,,,,2.0,,t1_nw3u2z1,,nw53ii7,t3_1pwbajk,2026-05-05T00:56:50.271Z,,,,10,https://www.reddit.com/r/publix/comments/1pwbajk/publix_is_living_off_a_reputation_it_no_longer/nw53ii7/,,[deleted],
Newbie,"![gif](giphy|9Bpv0NoXnZQ2c)

I thought you said steamed hams",publix,r/publix,2025-05-16T13:28:15.000Z,comment,,"&lt;div class=""md""&gt;&lt;p&gt;&lt;a href=""https://giphy.com/gifs/9Bpv0NoXnZQ2c"" target=""_blank""&gt;&lt;img src=""https://external-preview.redd.it/YmbBkzhXe_Zt_7FvedTZzYD_oL6O_uKq-KqP-R4wSE4.gif?width=266&amp;height=200&amp;s=860c290af432b1782bda4d735860fa8618e47594"" width=""266"" height=""200""&gt;&lt;/a&gt;&lt;/p&gt;

&lt;p&gt;I thought you said steamed hams&lt;/p&gt;
&lt;/div&gt;",t1_msmels1,,,,,,,,,,,4.0,,t1_msiz13x,,msmels1,t3_1knio1e,2026-05-05T00:56:49.387Z,,,,13,https://www.reddit.com/r/publix/comments/1knio1e/saint_pete_beach_publix_burns_down_comments_are/msmels1/,t2_m24l32wjl,YachtRockYeti,
,Carrying charges. ,Costco,r/Costco,2026-03-03T21:52:35.000Z,comment,,"&lt;div class=""md""&gt;&lt;p&gt;Carrying charges. &lt;/p&gt;
&lt;/div&gt;",t1_o8hjiyh,,,,,,,,,,,0.0,,t1_o8cfxvj,,o8hjiyh,t3_1rj7jaa,2026-05-05T00:56:50.073Z,,,,9,https://www.reddit.com/r/Costco/comments/1rj7jaa/surely_i_cant_be_the_only_one_who_does_the_extra/o8hjiyh/,t2_wiseiqt73,OT_fiddler,
,I shouldn’t have clicked that with food in my mouth,Costco,r/Costco,2025-05-17T14:12:11.000Z,comment,,"&lt;div class=""md""&gt;&lt;p&gt;I shouldn’t have clicked that with food in my mouth&lt;/p&gt;
&lt;/div&gt;",t1_mssnse3,,,,,,,,,,,1.0,,t1_msr3bmy,,mssnse3,t3_1kokgfa,2026-05-05T00:56:50.215Z,,,,11,https://www.reddit.com/r/Costco/comments/1kokgfa/my_buddy_got_an_insane_costco_tattoo/mssnse3/,t2_nmsqchqb,AdoreMoi,
,"Hey, it’s my Saturday night at the 'club'.",Costco,r/Costco,2025-07-12T00:14:44.000Z,comment,,"&lt;div class=""md""&gt;&lt;p&gt;Hey, it’s my Saturday night at the &amp;#39;club&amp;#39;.&lt;/p&gt;
&lt;/div&gt;",t1_n2n9ct1,,,,,,,,,,,0.0,,t1_n2me6zm,,n2n9ct1,t3_1lxdcr1,2026-05-05T00:56:49.220Z,,,,29,https://www.reddit.com/r/Costco/comments/1lxdcr1/im_begging_you_move_out_of_the_way/n2n9ct1/,,[deleted],
Newbie,That is actually in the works,publix,r/publix,2025-12-27T10:14:03.000Z,comment,,"&lt;div class=""md""&gt;&lt;p&gt;That is actually in the works&lt;/p&gt;
&lt;/div&gt;",t1_nw64t8f,,,,,,,,,,,1.0,,t1_nw53ii7,,nw64t8f,t3_1pwbajk,2026-05-05T00:56:50.271Z,,,,7,https://www.reddit.com/r/publix/comments/1pwbajk/publix_is_living_off_a_reputation_it_no_longer/nw64t8f/,t2_nkhq0mju,Mega-Pints,
,They feel guilty because they have no intention of actually buying the product they’re sampling… They just wanna pound three or four samples for free.,Costco,r/Costco,2025-07-12T11:36:48.000Z,comment,,"&lt;div class=""md""&gt;&lt;p&gt;They feel guilty because they have no intention of actually buying the product they’re sampling… They just wanna pound three or four samples for free.&lt;/p&gt;
&lt;/div&gt;",t1_n2pnfsm,,,,,,,,,,,0.0,,t1_n2m3o4a,,n2pnfsm,t3_1lxdcr1,2026-05-05T00:56:49.220Z,,,,7,https://www.reddit.com/r/Costco/comments/1lxdcr1/im_begging_you_move_out_of_the_way/n2pnfsm/,t2_9wsef3un,Possible_Raspberry75,
Newbie,Doesn't seem that far off.,publix,r/publix,2025-12-26T23:59:06.000Z,comment,,"&lt;div class=""md""&gt;&lt;p&gt;Doesn&amp;#39;t seem that far off.&lt;/p&gt;
&lt;/div&gt;",t1_nw3vxxo,,,,,,,,,,,0.0,,t1_nw3u2z1,,nw3vxxo,t3_1pwbajk,2026-05-05T00:56:50.271Z,,,,7,https://www.reddit.com/r/publix/comments/1pwbajk/publix_is_living_off_a_reputation_it_no_longer/nw3vxxo/,t2_ha4imz35,Fat-Armadillo6061,
,Or when the sample attendant says where it is and the taster feels the need to make an excuse why they're not gonna buy it at that point.,Costco,r/Costco,2025-07-12T14:38:02.000Z,comment,,"&lt;div class=""md""&gt;&lt;p&gt;Or when the sample attendant says where it is and the taster feels the need to make an excuse why they&amp;#39;re not gonna buy it at that point.&lt;/p&gt;
&lt;/div&gt;",t1_n2qfwce,,,,,,,,,,,0.0,,t1_n2m3o4a,,n2qfwce,t3_1lxdcr1,2026-05-05T00:56:49.220Z,,,,5,https://www.reddit.com/r/Costco/comments/1lxdcr1/im_begging_you_move_out_of_the_way/n2qfwce/,t2_4rgxm,arkaycee,
,I regret it even without food lol,Costco,r/Costco,2025-05-18T03:22:23.000Z,comment,,"&lt;div class=""md""&gt;&lt;p&gt;I regret it even without food lol&lt;/p&gt;
&lt;/div&gt;",t1_mswdt29,,,,,,,,,,,0.0,,t1_mssnse3,,mswdt29,t3_1kokgfa,2026-05-05T00:56:50.215Z,,,,7,https://www.reddit.com/r/Costco/comments/1kokgfa/my_buddy_got_an_insane_costco_tattoo/mswdt29/,,[deleted],
Newbie,"Does anyone remember that old black and white movie about a company town?  Pretty sure it was US based and Hollywood produced, not British.  I watched some of it a long time ago, but it was so dreary and depressing I didn't finish.  I had no idea that there was such a thing and that they existed in the US.  I remember seeing them written about in Victorian literature in the north of England, but somehow don't remember it ever being talked about in any of my history classes in school.",publix,r/publix,2025-12-27T16:08:04.000Z,comment,,"&lt;div class=""md""&gt;&lt;p&gt;Does anyone remember that old black and white movie about a company town?  Pretty sure it was US based and Hollywood produced, not British.  I watched some of it a long time ago, but it was so dreary and depressing I didn&amp;#39;t finish.  I had no idea that there was such a thing and that they existed in the US.  I remember seeing them written about in Victorian literature in the north of England, but somehow don&amp;#39;t remember it ever being talked about in any of my history classes in school.&lt;/p&gt;
&lt;/div&gt;",t1_nw7ik1c,,,,,,,,,,,2.0,,t1_nw3u2z1,,nw7ik1c,t3_1pwbajk,2026-05-05T00:56:50.271Z,,,,3,https://www.reddit.com/r/publix/comments/1pwbajk/publix_is_living_off_a_reputation_it_no_longer/nw7ik1c/,t2_6064gil6,MuramatsuCherry,
,Fries lose half their value when you drive off the lot. Must eat them while they're hot! ,Costco,r/Costco,2026-03-04T03:36:44.000Z,comment,,"&lt;div class=""md""&gt;&lt;p&gt;Fries lose half their value when you drive off the lot. Must eat them while they&amp;#39;re hot! &lt;/p&gt;
&lt;/div&gt;",t1_o8j8cyx,,,,,,,,,,,0.0,,t1_o8bqcn0,,o8j8cyx,t3_1rj7jaa,2026-05-05T00:56:50.073Z,,,,7,https://www.reddit.com/r/Costco/comments/1rj7jaa/surely_i_cant_be_the_only_one_who_does_the_extra/o8j8cyx/,t2_ho376k10,rivenshire,
Newbie,It might have been The Grapes of Wrath.,publix,r/publix,2025-12-27T19:10:58.000Z,comment,,"&lt;div class=""md""&gt;&lt;p&gt;It might have been The Grapes of Wrath.&lt;/p&gt;
&lt;/div&gt;",t1_nw8itf2,,,,,,,,,,,1.0,,t1_nw7ik1c,,nw8itf2,t3_1pwbajk,2026-05-05T00:56:50.271Z,,,,3,https://www.reddit.com/r/publix/comments/1pwbajk/publix_is_living_off_a_reputation_it_no_longer/nw8itf2/,t2_a1fh6uyc,AdmirableCommittee47,
,[removed],Costco,r/Costco,2025-05-17T19:48:22.000Z,comment,,"&lt;div class=""md""&gt;&lt;p&gt;[removed]&lt;/p&gt;
&lt;/div&gt;",t1_msud9d2,,,,,,,,,,,1.0,,t1_msr3bmy,,msud9d2,t3_1kokgfa,2026-05-05T00:56:50.215Z,,,,12,https://www.reddit.com/r/Costco/comments/1kokgfa/my_buddy_got_an_insane_costco_tattoo/msud9d2/,,[deleted],
,Car fries are the best fries,Costco,r/Costco,2026-03-03T01:07:28.000Z,comment,,"&lt;div class=""md""&gt;&lt;p&gt;Car fries are the best fries&lt;/p&gt;
&lt;/div&gt;",t1_o8bynig,,,,,,,,,,,4.0,,t1_o8bedlu,,o8bynig,t3_1rj7jaa,2026-05-05T00:56:50.073Z,,,,78,https://www.reddit.com/r/Costco/comments/1rj7jaa/surely_i_cant_be_the_only_one_who_does_the_extra/o8bynig/,t2_2sktrruw,ThePhatNoodle,
Newbie,Like Amazon employees,publix,r/publix,2025-12-27T04:44:03.000Z,comment,,"&lt;div class=""md""&gt;&lt;p&gt;Like Amazon employees&lt;/p&gt;
&lt;/div&gt;",t1_nw5405y,,,,,,,,,,,0.0,,t1_nw3u2z1,,nw5405y,t3_1pwbajk,2026-05-05T00:56:50.271Z,,,,3,https://www.reddit.com/r/publix/comments/1pwbajk/publix_is_living_off_a_reputation_it_no_longer/nw5405y/,t2_kzfd7nhe,M0useGuy,
,Cooler Bucky origin story,Costco,r/Costco,2025-05-17T13:11:06.000Z,comment,,"&lt;div class=""md""&gt;&lt;p&gt;Cooler Bucky origin story&lt;/p&gt;
&lt;/div&gt;",t1_msse2l5,,,,,,,,,,,0.0,,t1_msqv4ku,,msse2l5,t3_1kokgfa,2026-05-05T00:56:50.215Z,,,,2,https://www.reddit.com/r/Costco/comments/1kokgfa/my_buddy_got_an_insane_costco_tattoo/msse2l5/,t2_1hu6rsly,Speedhabit,
,I know. It’s a snack not a meal. Just take one and move aside.,Costco,r/Costco,2025-07-12T00:52:18.000Z,comment,,"&lt;div class=""md""&gt;&lt;p&gt;I know. It’s a snack not a meal. Just take one and move aside.&lt;/p&gt;
&lt;/div&gt;",t1_n2nfj2i,,,,,,,,,,,1.0,,t1_n2lq1qc,,n2nfj2i,t3_1lxdcr1,2026-05-05T00:56:49.220Z,,,,19,https://www.reddit.com/r/Costco/comments/1lxdcr1/im_begging_you_move_out_of_the_way/n2nfj2i/,t2_8x7rrmb3,FiveUpsideDown,
Newbie,Seymour the Publix is on fire,publix,r/publix,2025-05-16T16:02:10.000Z,comment,,"&lt;div class=""md""&gt;&lt;p&gt;Seymour the Publix is on fire&lt;/p&gt;
&lt;/div&gt;",t1_msn98gc,,,,,,,,,,,3.0,,t1_msmels1,,msn98gc,t3_1knio1e,2026-05-05T00:56:49.387Z,,,,11,https://www.reddit.com/r/publix/comments/1knio1e/saint_pete_beach_publix_burns_down_comments_are/msn98gc/,t2_6oj0nl9n,IceJKING108,
Newbie,Combines with the Regan era union busting and massively failed econmic policy.,publix,r/publix,2025-12-27T00:46:35.000Z,comment,,"&lt;div class=""md""&gt;&lt;p&gt;Combines with the Regan era union busting and massively failed econmic policy.&lt;/p&gt;
&lt;/div&gt;",t1_nw43w3r,,,,,,,,,,,1.0,,t1_nw30hrj,,nw43w3r,t3_1pwbajk,2026-05-05T00:56:50.271Z,,,,6,https://www.reddit.com/r/publix/comments/1pwbajk/publix_is_living_off_a_reputation_it_no_longer/nw43w3r/,t2_3qcm1kd,Kitalahara,
,"https://preview.redd.it/c1aye4tmlqmg1.jpeg?width=1080&amp;format=pjpg&amp;auto=webp&amp;s=baef3f3f08d5e58e1e020ac5901438c1e72d1b6f

hehehe",Costco,r/Costco,2026-03-03T01:57:42.000Z,comment,,"&lt;div class=""md""&gt;&lt;p&gt;&lt;a href=""https://preview.redd.it/c1aye4tmlqmg1.jpeg?width=1080&amp;amp;format=pjpg&amp;amp;auto=webp&amp;amp;s=baef3f3f08d5e58e1e020ac5901438c1e72d1b6f""&gt;https://preview.redd.it/c1aye4tmlqmg1.jpeg?width=1080&amp;amp;format=pjpg&amp;amp;auto=webp&amp;amp;s=baef3f3f08d5e58e1e020ac5901438c1e72d1b6f&lt;/a&gt;&lt;/p&gt;

&lt;p&gt;hehehe&lt;/p&gt;
&lt;/div&gt;",t1_o8c75ow,,,,,,,,,,,2.0,,t1_o8bynig,,o8c75ow,t3_1rj7jaa,2026-05-05T00:56:50.073Z,,,,205,https://www.reddit.com/r/Costco/comments/1rj7jaa/surely_i_cant_be_the_only_one_who_does_the_extra/o8c75ow/,t2_dtj3er3l,evaintheus,
,It's so embarrassing. That's why I don't even stop.,Costco,r/Costco,2025-07-11T20:58:18.000Z,comment,,"&lt;div class=""md""&gt;&lt;p&gt;It&amp;#39;s so embarrassing. That&amp;#39;s why I don&amp;#39;t even stop.&lt;/p&gt;
&lt;/div&gt;",t1_n2m9w84,,,,,,,,,,,0.0,,t1_n2lq1qc,,n2m9w84,t3_1lxdcr1,2026-05-05T00:56:49.220Z,,,,32,https://www.reddit.com/r/Costco/comments/1lxdcr1/im_begging_you_move_out_of_the_way/n2m9w84/,t2_1t4zzlou0c,AmputeeHandModel,
Newbie,Legitimate tears of laughter for having read it in her voice. Take my upvote.,publix,r/publix,2025-05-16T16:07:41.000Z,comment,,"&lt;div class=""md""&gt;&lt;p&gt;Legitimate tears of laughter for having read it in her voice. Take my upvote.&lt;/p&gt;
&lt;/div&gt;",t1_msnacmh,,,,,,,,,,,0.0,,t1_msn98gc,,msnacmh,t3_1knio1e,2026-05-05T00:56:49.387Z,,,,6,https://www.reddit.com/r/publix/comments/1knio1e/saint_pete_beach_publix_burns_down_comments_are/msnacmh/,t2_m24l32wjl,YachtRockYeti,
,"Yeah, until then that patch of flesh would barely be worth harvesting.",Costco,r/Costco,2025-05-17T12:15:39.000Z,comment,,"&lt;div class=""md""&gt;&lt;p&gt;Yeah, until then that patch of flesh would barely be worth harvesting.&lt;/p&gt;
&lt;/div&gt;",t1_mss667a,,,,,,,,,,,0.0,,t1_msqtxua,,mss667a,t3_1kokgfa,2026-05-05T00:56:50.215Z,,,,3,https://www.reddit.com/r/Costco/comments/1kokgfa/my_buddy_got_an_insane_costco_tattoo/mss667a/,,[deleted],
Newbie,Reagan or Clinton...... it never fails everything that's gone wrong always traces back to those two 🤦🏾‍♂️😑😒,publix,r/publix,2025-12-28T04:21:56.000Z,comment,,"&lt;div class=""md""&gt;&lt;p&gt;Reagan or Clinton...... it never fails everything that&amp;#39;s gone wrong always traces back to those two 🤦🏾‍♂️😑😒&lt;/p&gt;
&lt;/div&gt;",t1_nwb7tl0,,,,,,,,,,,0.0,,t1_nw30hrj,,nwb7tl0,t3_1pwbajk,2026-05-05T00:56:50.271Z,,,,2,https://www.reddit.com/r/publix/comments/1pwbajk/publix_is_living_off_a_reputation_it_no_longer/nwb7tl0/,t2_cgi33cfa,Realistic_Knee5692,
Newbie,"THIS!

BOTTOMLINE!  

Can’t blame ANYONE but yourself when it comes to being loyal to those who are not loyal to you.",publix,r/publix,2025-12-26T18:43:13.000Z,comment,,"&lt;div class=""md""&gt;&lt;p&gt;THIS!&lt;/p&gt;

&lt;p&gt;BOTTOMLINE!  &lt;/p&gt;

&lt;p&gt;Can’t blame ANYONE but yourself when it comes to being loyal to those who are not loyal to you.&lt;/p&gt;
&lt;/div&gt;",t1_nw2b4oo,,,,,,,,,,,1.0,,t1_nw2a0l6,,nw2b4oo,t3_1pwbajk,2026-05-05T00:56:50.271Z,,,,155,https://www.reddit.com/r/publix/comments/1pwbajk/publix_is_living_off_a_reputation_it_no_longer/nw2b4oo/,t2_stcs2yap,TheLeoMrs,
,Let's assume he's got 2 arms. Back to the tattoo shop!,Costco,r/Costco,2025-05-17T11:32:21.000Z,comment,,"&lt;div class=""md""&gt;&lt;p&gt;Let&amp;#39;s assume he&amp;#39;s got 2 arms. Back to the tattoo shop!&lt;/p&gt;
&lt;/div&gt;",t1_mss0oqd,,,,,,,,,,,1.0,,t1_msqtew5,,mss0oqd,t3_1kokgfa,2026-05-05T00:56:50.215Z,,,,12,https://www.reddit.com/r/Costco/comments/1kokgfa/my_buddy_got_an_insane_costco_tattoo/mss0oqd/,t2_5cpmh,ButtNuster,
Newbie,"No Mother, that's just the northern lights",publix,r/publix,2025-05-16T21:44:14.000Z,comment,,"&lt;div class=""md""&gt;&lt;p&gt;No Mother, that&amp;#39;s just the northern lights&lt;/p&gt;
&lt;/div&gt;",t1_msp555s,,,,,,,,,,,0.0,,t1_msn98gc,,msp555s,t3_1knio1e,2026-05-05T00:56:49.387Z,,,,5,https://www.reddit.com/r/publix/comments/1knio1e/saint_pete_beach_publix_burns_down_comments_are/msp555s/,t2_e01k0qw4,Feisty_Fall_1575,
,I want to be the car fires just so I can look up at this magnificent bweest before i get chomp,Costco,r/Costco,2026-03-03T03:18:51.000Z,comment,,"&lt;div class=""md""&gt;&lt;p&gt;I want to be the car fires just so I can look up at this magnificent bweest before i get chomp&lt;/p&gt;
&lt;/div&gt;",t1_o8cknbx,,,,,,,,,,,0.0,,t1_o8c75ow,,o8cknbx,t3_1rj7jaa,2026-05-05T00:56:50.073Z,,,,15,https://www.reddit.com/r/Costco/comments/1rj7jaa/surely_i_cant_be_the_only_one_who_does_the_extra/o8cknbx/,t2_nu3hvtcb,Scokan,
Customer,"""I KNOW MOTHER!""",publix,r/publix,2025-05-16T16:11:32.000Z,comment,,"&lt;div class=""md""&gt;&lt;p&gt;&amp;quot;I KNOW MOTHER!&amp;quot;&lt;/p&gt;
&lt;/div&gt;",t1_msnb51v,,,,,,,,,,,0.0,,t1_msn98gc,,msnb51v,t3_1knio1e,2026-05-05T00:56:49.387Z,,,,2,https://www.reddit.com/r/publix/comments/1knio1e/saint_pete_beach_publix_burns_down_comments_are/msnb51v/,t2_dwm50,deadmallsanita,
,[deleted],Costco,r/Costco,2025-05-17T13:55:21.000Z,comment,,"&lt;div class=""md""&gt;&lt;p&gt;[deleted]&lt;/p&gt;
&lt;/div&gt;",t1_msskzb2,,,,,,,,,,,1.0,,t1_mss0oqd,,msskzb2,t3_1kokgfa,2026-05-05T00:56:50.215Z,,,,8,https://www.reddit.com/r/Costco/comments/1kokgfa/my_buddy_got_an_insane_costco_tattoo/msskzb2/,,[deleted],
Newbie,https://preview.redd.it/fbvbdskaz61f1.png?width=1156&amp;format=png&amp;auto=webp&amp;s=a4663fa533a0b1c53db1a7c6e34250be7c4edb95,publix,r/publix,2025-05-16T19:03:05.000Z,comment,,"&lt;div class=""md""&gt;&lt;p&gt;&lt;a href=""https://preview.redd.it/fbvbdskaz61f1.png?width=1156&amp;amp;format=png&amp;amp;auto=webp&amp;amp;s=a4663fa533a0b1c53db1a7c6e34250be7c4edb95""&gt;https://preview.redd.it/fbvbdskaz61f1.png?width=1156&amp;amp;format=png&amp;amp;auto=webp&amp;amp;s=a4663fa533a0b1c53db1a7c6e34250be7c4edb95&lt;/a&gt;&lt;/p&gt;
&lt;/div&gt;",t1_mso9wub,,,,,,,,,,,1.0,,t1_msmels1,,mso9wub,t3_1knio1e,2026-05-05T00:56:49.387Z,,,,4,https://www.reddit.com/r/publix/comments/1knio1e/saint_pete_beach_publix_burns_down_comments_are/mso9wub/,t2_h6tbwgcp7,Moondoobious,
,"Bagglers. Stragglers that fall out into the bottom of the bag. Bagglers are fair game for the driver, if they’re bringing you food they get bagglers for their efforts!!",Costco,r/Costco,2026-03-03T16:13:55.000Z,comment,,"&lt;div class=""md""&gt;&lt;p&gt;Bagglers. Stragglers that fall out into the bottom of the bag. Bagglers are fair game for the driver, if they’re bringing you food they get bagglers for their efforts!!&lt;/p&gt;
&lt;/div&gt;",t1_o8fjok7,,,,,,,,,,,1.0,,t1_o8bynig,,o8fjok7,t3_1rj7jaa,2026-05-05T00:56:50.073Z,,,,9,https://www.reddit.com/r/Costco/comments/1rj7jaa/surely_i_cant_be_the_only_one_who_does_the_extra/o8fjok7/,t2_152pfs,KassieMac,
Newbie,Yeah f the 2wks notice they don't give you notice before they let you go,publix,r/publix,2025-12-26T20:27:05.000Z,comment,,"&lt;div class=""md""&gt;&lt;p&gt;Yeah f the 2wks notice they don&amp;#39;t give you notice before they let you go&lt;/p&gt;
&lt;/div&gt;",t1_nw2ug0o,,,,,,,,,,,0.0,,t1_nw2a0l6,,nw2ug0o,t3_1pwbajk,2026-05-05T00:56:50.271Z,,,,12,https://www.reddit.com/r/publix/comments/1pwbajk/publix_is_living_off_a_reputation_it_no_longer/nw2ug0o/,t2_vcgl0mvb,WideRisk7495,
,Time to shave a butt cheek.,Costco,r/Costco,2025-05-17T14:04:43.000Z,comment,,"&lt;div class=""md""&gt;&lt;p&gt;Time to shave a butt cheek.&lt;/p&gt;
&lt;/div&gt;",t1_mssmidh,,,,,,,,,,,0.0,,t1_msskzb2,,mssmidh,t3_1kokgfa,2026-05-05T00:56:50.215Z,,,,4,https://www.reddit.com/r/Costco/comments/1kokgfa/my_buddy_got_an_insane_costco_tattoo/mssmidh/,t2_5cpmh,ButtNuster,
,"I wish Chick-fil-A fries could make it home, but mine never do.",Costco,r/Costco,2026-03-03T01:43:40.000Z,comment,,"&lt;div class=""md""&gt;&lt;p&gt;I wish Chick-fil-A fries could make it home, but mine never do.&lt;/p&gt;
&lt;/div&gt;",t1_o8c4sah,,,,,,,,,,,0.0,,t1_o8bynig,,o8c4sah,t3_1rj7jaa,2026-05-05T00:56:50.073Z,,,,6,https://www.reddit.com/r/Costco/comments/1rj7jaa/surely_i_cant_be_the_only_one_who_does_the_extra/o8c4sah/,t2_3inawwn5,GmaninMS,
Produce,"&gt;Taking care of your employees used to be a philosophy for a lot of companies

I hate to be a buzzkill but this is romanticizing the past and it's just not true. Companies have always taken advantage of their employees for profit. Only government regulation (minimum wage, safe workspaces, requiring companies to pay in dollars instead of company scrip) prevents companies from killing you for profit.",publix,r/publix,2025-12-26T19:43:50.000Z,comment,,"&lt;div class=""md""&gt;&lt;blockquote&gt;
&lt;p&gt;Taking care of your employees used to be a philosophy for a lot of companies&lt;/p&gt;
&lt;/blockquote&gt;

&lt;p&gt;I hate to be a buzzkill but this is romanticizing the past and it&amp;#39;s just not true. Companies have always taken advantage of their employees for profit. Only government regulation (minimum wage, safe workspaces, requiring companies to pay in dollars instead of company scrip) prevents companies from killing you for profit.&lt;/p&gt;
&lt;/div&gt;",t1_nw2mkc0,,,,,,,,,,,7.0,,t1_nw2a0l6,,nw2mkc0,t3_1pwbajk,2026-05-05T00:56:50.271Z,,,,48,https://www.reddit.com/r/publix/comments/1pwbajk/publix_is_living_off_a_reputation_it_no_longer/nw2mkc0/,t2_5p1ltmws,WouldbeWanderer,
,Its the devil's bakers dozen.,Costco,r/Costco,2026-03-02T23:09:56.000Z,comment,,"&lt;div class=""md""&gt;&lt;p&gt;Its the devil&amp;#39;s bakers dozen.&lt;/p&gt;
&lt;/div&gt;",t1_o8be0rw,,,,,,,,,,,0.0,,t1_o8b9qez,,o8be0rw,t3_1rj7jaa,2026-05-05T00:56:50.073Z,,,,22,https://www.reddit.com/r/Costco/comments/1rj7jaa/surely_i_cant_be_the_only_one_who_does_the_extra/o8be0rw/,t2_ct4rr,Vyce223,
,Expansion gap.,Costco,r/Costco,2026-03-02T22:48:40.000Z,comment,,"&lt;div class=""md""&gt;&lt;p&gt;Expansion gap.&lt;/p&gt;
&lt;/div&gt;",t1_o8ba20l,,,,,,,,,,,2.0,,t1_o8b9qez,,o8ba20l,t3_1rj7jaa,2026-05-05T00:56:50.073Z,,,,21,https://www.reddit.com/r/Costco/comments/1rj7jaa/surely_i_cant_be_the_only_one_who_does_the_extra/o8ba20l/,t2_eey3xfb6,holidayoffools,
Customer,"This would be my last day as a Publix customer, if I saw this. ",,r/publix,2025-11-01T18:06:39.000Z,post,DISCUSSION,"&lt;!-- SC_OFF --&gt;&lt;div class=""md""&gt;&lt;p&gt;This would be my last day as a Publix customer, if I saw this. &lt;/p&gt;
&lt;/div&gt;&lt;!-- SC_ON --&gt;",t3_1olumg9,https://i.redd.it/n47zsqoaroyf1.jpeg,,,,,,False,False,https://i.redd.it/n47zsqoaroyf1.jpeg,241.0,,False,,publix,1olumg9,,2026-05-05T00:56:54.381Z,https://b.thumbs.redditmedia.com/NHIWOclaQRLST4i0Ub7a74W4SiSpC6yhp4oQ288sDdg.jpg,Repost: Location in Florida unknown.,0.93,4124,https://www.reddit.com/r/publix/comments/1olumg9/repost_location_in_florida_unknown/,t2_8u7vs5p,JayGatsby52,
Moderator,"Comments are now locked and will stay that way due to multiple breaks of rule two and for several other comments alluding to committing acts of violence against others with guns, which is not tolerated in this sub.",publix,r/publix,2025-11-01T20:06:39.000Z,comment,,"&lt;div class=""md""&gt;&lt;p&gt;Comments are now locked and will stay that way due to multiple breaks of rule two and for several other comments alluding to committing acts of violence against others with guns, which is not tolerated in this sub.&lt;/p&gt;
&lt;/div&gt;",t1_nml64vk,,,,,,,,,,,0.0,,t3_1olumg9,,nml64vk,t3_1olumg9,2026-05-05T00:56:54.488Z,,,,1,https://www.reddit.com/r/publix/comments/1olumg9/repost_location_in_florida_unknown/nml64vk/,t2_7ho2jo3y,Heckinggoodgirl,
Newbie,"someone like that is just looking for attention, give them none.",publix,r/publix,2025-11-01T18:12:53.000Z,comment,,"&lt;div class=""md""&gt;&lt;p&gt;someone like that is just looking for attention, give them none.&lt;/p&gt;
&lt;/div&gt;",t1_nmkkm3v,,,,,,,,,,,5.0,,t3_1olumg9,,nmkkm3v,t3_1olumg9,2026-05-05T00:56:54.488Z,,,,813,https://www.reddit.com/r/publix/comments/1olumg9/repost_location_in_florida_unknown/nmkkm3v/,t2_1imvnu0y,akabuddy,
Newbie,"He’s definitely the Call of Duty type and drives some ridiculous type of car with nitro and tinted neon.  Born with money and privilege will never see a day of hard work or actual combat in his life.  Possible incel, definitely wants attention and someone to pick a fight with him.   

He’s just looking for an excuse to pull the trigger then claim he’s the victim, hide behind the flag and wait for some right winger with a podcast to swoop up, lawyer up and protect him.",publix,r/publix,2025-11-01T19:08:18.000Z,comment,,"&lt;div class=""md""&gt;&lt;p&gt;He’s definitely the Call of Duty type and drives some ridiculous type of car with nitro and tinted neon.  Born with money and privilege will never see a day of hard work or actual combat in his life.  Possible incel, definitely wants attention and someone to pick a fight with him.   &lt;/p&gt;

&lt;p&gt;He’s just looking for an excuse to pull the trigger then claim he’s the victim, hide behind the flag and wait for some right winger with a podcast to swoop up, lawyer up and protect him.&lt;/p&gt;
&lt;/div&gt;",t1_nmkv96q,,,,,,,,,,,3.0,,t1_nmkkm3v,,nmkv96q,t3_1olumg9,2026-05-05T00:56:54.488Z,,,,245,https://www.reddit.com/r/publix/comments/1olumg9/repost_location_in_florida_unknown/nmkv96q/,t2_duievlpl,ssgkle97,
Newbie,Discord nitro or nitrous oxide im thinking the first one no way he'd have the knowledge to install that safely,publix,r/publix,2025-11-01T19:29:43.000Z,comment,,"&lt;div class=""md""&gt;&lt;p&gt;Discord nitro or nitrous oxide im thinking the first one no way he&amp;#39;d have the knowledge to install that safely&lt;/p&gt;
&lt;/div&gt;",t1_nmkzauc,,,,,,,,,,,0.0,,t1_nmkv96q,,nmkzauc,t3_1olumg9,2026-05-05T00:56:54.488Z,,,,40,https://www.reddit.com/r/publix/comments/1olumg9/repost_location_in_florida_unknown/nmkzauc/,t2_78in1xb7,Active-Device-4507,
Newbie,There has been a picture going around of someone on a bike who looks just like him. I wouldn’t be surprised if it’s the same one.,publix,r/publix,2025-11-01T19:37:31.000Z,comment,,"&lt;div class=""md""&gt;&lt;p&gt;There has been a picture going around of someone on a bike who looks just like him. I wouldn’t be surprised if it’s the same one.&lt;/p&gt;
&lt;/div&gt;",t1_nml0rcn,,,,,,,,,,,1.0,,t1_nmkv96q,,nml0rcn,t3_1olumg9,2026-05-05T00:56:54.488Z,,,,18,https://www.reddit.com/r/publix/comments/1olumg9/repost_location_in_florida_unknown/nml0rcn/,t2_8kwjd9uo,Neat_Cake_894,
Newbie,Forgive my ignorance - bike as in bicycle or motorcycle (Harley v Crotch Rocket).  And thank you.,publix,r/publix,2025-11-01T19:50:39.000Z,comment,,"&lt;div class=""md""&gt;&lt;p&gt;Forgive my ignorance - bike as in bicycle or motorcycle (Harley v Crotch Rocket).  And thank you.&lt;/p&gt;
&lt;/div&gt;",t1_nml36l5,,,,,,,,,,,1.0,,t1_nml0rcn,,nml36l5,t3_1olumg9,2026-05-05T00:56:54.488Z,,,,10,https://www.reddit.com/r/publix/comments/1olumg9/repost_location_in_florida_unknown/nml36l5/,t2_duievlpl,ssgkle97,
Newbie,Motorcycle,publix,r/publix,2025-11-01T19:50:58.000Z,comment,,"&lt;div class=""md""&gt;&lt;p&gt;Motorcycle&lt;/p&gt;
&lt;/div&gt;",t1_nml38nr,,,,,,,,,,,0.0,,t1_nml36l5,,nml38nr,t3_1olumg9,2026-05-05T00:56:54.488Z,,,,9,https://www.reddit.com/r/publix/comments/1olumg9/repost_location_in_florida_unknown/nml38nr/,t2_8kwjd9uo,Neat_Cake_894,
Newbie,And start a go fund me for him.,publix,r/publix,2025-11-01T19:24:33.000Z,comment,,"&lt;div class=""md""&gt;&lt;p&gt;And start a go fund me for him.&lt;/p&gt;
&lt;/div&gt;",t1_nmkybn0,,,,,,,,,,,1.0,,t1_nmkv96q,,nmkybn0,t3_1olumg9,2026-05-05T00:56:54.488Z,,,,3,https://www.reddit.com/r/publix/comments/1olumg9/repost_location_in_florida_unknown/nmkybn0/,t2_11kyo3x6w0,spareloo,
Newbie,He wants to be the next Kyle Rittenhouse.,publix,r/publix,2025-11-01T19:27:58.000Z,comment,,"&lt;div class=""md""&gt;&lt;p&gt;He wants to be the next Kyle Rittenhouse.&lt;/p&gt;
&lt;/div&gt;",t1_nmkyz0i,,,,,,,,,,,1.0,,t1_nmkybn0,,nmkyz0i,t3_1olumg9,2026-05-05T00:56:54.488Z,,,,21,https://www.reddit.com/r/publix/comments/1olumg9/repost_location_in_florida_unknown/nmkyz0i/,t2_duievlpl,ssgkle97,
Newbie,Imagine being so full of fear that you need a gun to go to Publix.,publix,r/publix,2025-11-01T19:40:42.000Z,comment,,"&lt;div class=""md""&gt;&lt;p&gt;Imagine being so full of fear that you need a gun to go to Publix.&lt;/p&gt;
&lt;/div&gt;",t1_nml1cn3,,,,,,,,,,,1.0,,t1_nmkkm3v,,nml1cn3,t3_1olumg9,2026-05-05T00:56:54.488Z,,,,66,https://www.reddit.com/r/publix/comments/1olumg9/repost_location_in_florida_unknown/nml1cn3/,t2_obgkvqud,AncientPCGuy,
Newbie,I doubt that is done in fear. It is attention seeking.,publix,r/publix,2025-11-01T19:53:44.000Z,comment,,"&lt;div class=""md""&gt;&lt;p&gt;I doubt that is done in fear. It is attention seeking.&lt;/p&gt;
&lt;/div&gt;",t1_nml3r17,,,,,,,,,,,0.0,,t1_nml1cn3,,nml3r17,t3_1olumg9,2026-05-05T00:56:54.488Z,,,,68,https://www.reddit.com/r/publix/comments/1olumg9/repost_location_in_florida_unknown/nml3r17/,t2_1imvnu0y,akabuddy,
,[removed],publix,r/publix,2025-11-01T18:28:13.000Z,comment,,"&lt;div class=""md""&gt;&lt;p&gt;[removed]&lt;/p&gt;
&lt;/div&gt;",t1_nmknllh,,,,,,,,,,,7.0,,t1_nmkkm3v,,nmknllh,t3_1olumg9,2026-05-05T00:56:54.488Z,,,,7,https://www.reddit.com/r/publix/comments/1olumg9/repost_location_in_florida_unknown/nmknllh/,,[deleted],
Newbie,He's clearly compensating,publix,r/publix,2025-11-01T19:05:45.000Z,comment,,"&lt;div class=""md""&gt;&lt;p&gt;He&amp;#39;s clearly compensating&lt;/p&gt;
&lt;/div&gt;",t1_nmkurlc,,,,,,,,,,,0.0,,t1_nmknllh,,nmkurlc,t3_1olumg9,2026-05-05T00:56:54.488Z,,,,31,https://www.reddit.com/r/publix/comments/1olumg9/repost_location_in_florida_unknown/nmkurlc/,t2_23l2xqfv,TheTank_34,
,[removed],publix,r/publix,2025-11-01T18:38:41.000Z,comment,,"&lt;div class=""md""&gt;&lt;p&gt;[removed]&lt;/p&gt;
&lt;/div&gt;",t1_nmkpkj2,,,,,,,,,,,0.0,,t1_nmknllh,,nmkpkj2,t3_1olumg9,2026-05-05T00:56:54.488Z,,,,19,https://www.reddit.com/r/publix/comments/1olumg9/repost_location_in_florida_unknown/nmkpkj2/,,[deleted],
Newbie,Keeping things civil is one of this subs rules. It appears you need a little reminder.,publix,r/publix,2025-11-01T19:53:35.000Z,comment,,"&lt;div class=""md""&gt;&lt;p&gt;Keeping things civil is one of this subs rules. It appears you need a little reminder.&lt;/p&gt;
&lt;/div&gt;",t1_nml3q2k,,,,,,,,,,,0.0,,t1_nmknllh,,nml3q2k,t3_1olumg9,2026-05-05T00:56:54.488Z,,,,4,https://www.reddit.com/r/publix/comments/1olumg9/repost_location_in_florida_unknown/nml3q2k/,t2_so4mz0pr,publix-ModTeam,
Customer,"Images:
	https://preview.redd.it/1fx66dmvmkjf1.jpeg?auto=webp&amp;s=232ebdb784809c1708830f6e1b83be7276f9a1b8
",,r/publix,2025-08-17T12:13:13.000Z,post,MEME,"Images:
	https://preview.redd.it/1fx66dmvmkjf1.jpeg?auto=webp&amp;s=232ebdb784809c1708830f6e1b83be7276f9a1b8
",t3_1mspaw9,https://i.redd.it/1fx66dmvmkjf1.jpeg,,,,,,False,False,https://i.redd.it/1fx66dmvmkjf1.jpeg,293.0,,False,,publix,1mspaw9,,2026-05-05T00:56:58.080Z,https://b.thumbs.redditmedia.com/5wAJmLvFv3oLdh9ZxG10i6KwWMDdxlCPBFYmWGY74xI.jpg,True or False?,0.97,3740,https://www.reddit.com/r/publix/comments/1mspaw9/true_or_false/,t2_8z0eh20h,Djxgam1ng,
Retired,I would change the Publix picture to the oldest person possible,publix,r/publix,2025-08-17T12:20:57.000Z,comment,,"&lt;div class=""md""&gt;&lt;p&gt;I would change the Publix picture to the oldest person possible&lt;/p&gt;
&lt;/div&gt;",t1_n95zcbf,,,,,,,,,,,11.0,,t3_1mspaw9,,n95zcbf,t3_1mspaw9,2026-05-05T00:56:58.190Z,,,,486,https://www.reddit.com/r/publix/comments/1mspaw9/true_or_false/n95zcbf/,t2_3coc1mjz,HA1LSANTA666,
Newbie,Same.,publix,r/publix,2025-08-17T12:34:21.000Z,comment,,"&lt;div class=""md""&gt;&lt;p&gt;Same.&lt;/p&gt;
&lt;/div&gt;",t1_n9618wu,,,,,,,,,,,0.0,,t1_n95zcbf,,n9618wu,t3_1mspaw9,2026-05-05T00:56:58.190Z,,,,41,https://www.reddit.com/r/publix/comments/1mspaw9/true_or_false/n9618wu/,t2_13hxkm34,Chopimatics,
Customer Service,Agreed. I would know. I work there 😐,publix,r/publix,2025-08-17T19:51:39.000Z,comment,,"&lt;div class=""md""&gt;&lt;p&gt;Agreed. I would know. I work there 😐&lt;/p&gt;
&lt;/div&gt;",t1_n98c1rz,,,,,,,,,,,0.0,,t1_n95zcbf,,n98c1rz,t3_1mspaw9,2026-05-05T00:56:58.190Z,,,,21,https://www.reddit.com/r/publix/comments/1mspaw9/true_or_false/n98c1rz/,t2_vh0g3y3c,AdSeveral5127,
Newbie,You’re not kidding. I had to pop in for few things during the day on a weekday and I felt like the Flash. I’m pretty sure the elderly person I passed in the bakery was just getting to the Deli by the time I hit checkout.,publix,r/publix,2025-08-18T03:20:23.000Z,comment,,"&lt;div class=""md""&gt;&lt;p&gt;You’re not kidding. I had to pop in for few things during the day on a weekday and I felt like the Flash. I’m pretty sure the elderly person I passed in the bakery was just getting to the Deli by the time I hit checkout.&lt;/p&gt;
&lt;/div&gt;",t1_n9afcb2,,,,,,,,,,,2.0,,t1_n95zcbf,,n9afcb2,t3_1mspaw9,2026-05-05T00:56:58.190Z,,,,15,https://www.reddit.com/r/publix/comments/1mspaw9/true_or_false/n9afcb2/,t2_6hfub,jrm2003,
Retired,"There’s three stores within a couple minutes in my house, I drive past one all the time because it’s one of the smaller stores in the aisles are super tight, it’s impossible to navigate due to all the old people clogging  the aisles. The parking lot it also very cramped and must test fate walking passed all the grand marquis blindly backing out of the handicap spots",publix,r/publix,2025-08-18T11:49:25.000Z,comment,,"&lt;div class=""md""&gt;&lt;p&gt;There’s three stores within a couple minutes in my house, I drive past one all the time because it’s one of the smaller stores in the aisles are super tight, it’s impossible to navigate due to all the old people clogging  the aisles. The parking lot it also very cramped and must test fate walking passed all the grand marquis blindly backing out of the handicap spots&lt;/p&gt;
&lt;/div&gt;",t1_n9c0cp0,,,,,,,,,,,1.0,,t1_n9afcb2,,n9c0cp0,t3_1mspaw9,2026-05-05T00:56:58.190Z,,,,7,https://www.reddit.com/r/publix/comments/1mspaw9/true_or_false/n9c0cp0/,t2_3coc1mjz,HA1LSANTA666,
,Taking five hours at the deli meats “ no I said thin!”,publix,r/publix,2025-08-18T11:37:06.000Z,comment,,"&lt;div class=""md""&gt;&lt;p&gt;Taking five hours at the deli meats “ no I said thin!”&lt;/p&gt;
&lt;/div&gt;",t1_n9bynfv,,,,,,,,,,,2.0,,t1_n95zcbf,,n9bynfv,t3_1mspaw9,2026-05-05T00:56:58.190Z,,,,5,https://www.reddit.com/r/publix/comments/1mspaw9/true_or_false/n9bynfv/,,[deleted],
Retired,"I quit Publix in 2012, but I still have nightmares about slicing ham for crazy old ladies",publix,r/publix,2025-08-18T11:56:58.000Z,comment,,"&lt;div class=""md""&gt;&lt;p&gt;I quit Publix in 2012, but I still have nightmares about slicing ham for crazy old ladies&lt;/p&gt;
&lt;/div&gt;",t1_n9c1g0u,,,,,,,,,,,2.0,,t1_n9bynfv,,n9c1g0u,t3_1mspaw9,2026-05-05T00:56:58.190Z,,,,6,https://www.reddit.com/r/publix/comments/1mspaw9/true_or_false/n9c1g0u/,t2_3coc1mjz,HA1LSANTA666,
Newbie,"Great band name. 

*Sliced Ham and The Crazy Old Ladies*",publix,r/publix,2025-08-19T02:15:12.000Z,comment,,"&lt;div class=""md""&gt;&lt;p&gt;Great band name. &lt;/p&gt;

&lt;p&gt;&lt;em&gt;Sliced Ham and The Crazy Old Ladies&lt;/em&gt;&lt;/p&gt;
&lt;/div&gt;",t1_n9gkyt2,,,,,,,,,,,1.0,,t1_n9c1g0u,,n9gkyt2,t3_1mspaw9,2026-05-05T00:56:58.190Z,,,,5,https://www.reddit.com/r/publix/comments/1mspaw9/true_or_false/n9gkyt2/,t2_w7fm15wq,The_Fed_Is_a_Lie,
Meat,Not true at my store.  The elderly are not majority age. It’s families with children at my store.,publix,r/publix,2025-08-17T14:45:59.000Z,comment,,"&lt;div class=""md""&gt;&lt;p&gt;Not true at my store.  The elderly are not majority age. It’s families with children at my store.&lt;/p&gt;
&lt;/div&gt;",t1_n96nntw,,,,,,,,,,,2.0,,t1_n95zcbf,,n96nntw,t3_1mspaw9,2026-05-05T00:56:58.190Z,,,,12,https://www.reddit.com/r/publix/comments/1mspaw9/true_or_false/n96nntw/,t2_138hfklz,bamagurl06,
Newbie,"It's funny you say that cause in my area it's rare to even see children at Publix in general, let alone whole families. Definitely lots of elders though",publix,r/publix,2025-08-18T05:15:00.000Z,comment,,"&lt;div class=""md""&gt;&lt;p&gt;It&amp;#39;s funny you say that cause in my area it&amp;#39;s rare to even see children at Publix in general, let alone whole families. Definitely lots of elders though&lt;/p&gt;
&lt;/div&gt;",t1_n9atqho,,,,,,,,,,,1.0,,t1_n96nntw,,n9atqho,t3_1mspaw9,2026-05-05T00:56:58.190Z,,,,5,https://www.reddit.com/r/publix/comments/1mspaw9/true_or_false/n9atqho/,t2_i30zrxx5,FairChampionship8625,
Newbie,"You don't see the kids because regardless of the age, they are sitting in the carts with their tablets.  I swear I think there is an epidemic of children who can't walk.

We saw a buggy with a kid sleeping in it, no one around.  We go over to make sure he's ok, his parents were around the next aisle.  The kid was 8 or 9ish.  I'm not talking about toddlers.",publix,r/publix,2025-08-19T15:52:36.000Z,comment,,"&lt;div class=""md""&gt;&lt;p&gt;You don&amp;#39;t see the kids because regardless of the age, they are sitting in the carts with their tablets.  I swear I think there is an epidemic of children who can&amp;#39;t walk.&lt;/p&gt;

&lt;p&gt;We saw a buggy with a kid sleeping in it, no one around.  We go over to make sure he&amp;#39;s ok, his parents were around the next aisle.  The kid was 8 or 9ish.  I&amp;#39;m not talking about toddlers.&lt;/p&gt;
&lt;/div&gt;",t1_n9jrgm3,,,,,,,,,,,0.0,,t1_n9atqho,,n9jrgm3,t3_1mspaw9,2026-05-05T00:56:58.190Z,,,,2,https://www.reddit.com/r/publix/comments/1mspaw9/true_or_false/n9jrgm3/,t2_l225m,SaintMaya,
Newbie,I just realized I don’t remember the last time I saw someone at Publix that wasn’t an elderly person or a young professional.,publix,r/publix,2025-08-17T18:53:14.000Z,comment,,"&lt;div class=""md""&gt;&lt;p&gt;I just realized I don’t remember the last time I saw someone at Publix that wasn’t an elderly person or a young professional.&lt;/p&gt;
&lt;/div&gt;",t1_n980yyl,,,,,,,,,,,0.0,,t1_n96nntw,,n980yyl,t3_1mspaw9,2026-05-05T00:56:58.190Z,,,,8,https://www.reddit.com/r/publix/comments/1mspaw9/true_or_false/n980yyl/,t2_17mpvq8q,TheWalkingDead91,
Newbie,"Mostly in the morning, if you go in the afternoon all the elderly are already asleep at their homes...",publix,r/publix,2025-08-18T16:09:30.000Z,comment,,"&lt;div class=""md""&gt;&lt;p&gt;Mostly in the morning, if you go in the afternoon all the elderly are already asleep at their homes...&lt;/p&gt;
&lt;/div&gt;",t1_n9dc3hw,,,,,,,,,,,0.0,,t1_n95zcbf,,n9dc3hw,t3_1mspaw9,2026-05-05T00:56:58.190Z,,,,2,https://www.reddit.com/r/publix/comments/1mspaw9/true_or_false/n9dc3hw/,t2_2tzclspa,Inevitable_Rabbit_67,
,Depends on location. The one I used to work at was *loaded* with 20 something’s women.,publix,r/publix,2025-08-19T17:40:36.000Z,comment,,"&lt;div class=""md""&gt;&lt;p&gt;Depends on location. The one I used to work at was &lt;em&gt;loaded&lt;/em&gt; with 20 something’s women.&lt;/p&gt;
&lt;/div&gt;",t1_n9keiia,,,,,,,,,,,0.0,,t1_n95zcbf,,n9keiia,t3_1mspaw9,2026-05-05T00:56:58.190Z,,,,1,https://www.reddit.com/r/publix/comments/1mspaw9/true_or_false/n9keiia/,,[deleted],
Newbie,"I dont know if yall got Ingles down there , but Ingles takes the cake for having the oldest mfs possible shop there",publix,r/publix,2025-08-19T17:53:58.000Z,comment,,"&lt;div class=""md""&gt;&lt;p&gt;I dont know if yall got Ingles down there , but Ingles takes the cake for having the oldest mfs possible shop there&lt;/p&gt;
&lt;/div&gt;",t1_n9khdx0,,,,,,,,,,,1.0,,t1_n95zcbf,,n9khdx0,t3_1mspaw9,2026-05-05T00:56:58.190Z,,,,1,https://www.reddit.com/r/publix/comments/1mspaw9/true_or_false/n9khdx0/,t2_2o1c7j5b,SkySquid-,
,"Images:
	https://external-preview.redd.it/E1usiavXOrCyZvItRul9sWh6SewrU5-i6CtS6DicIKQ.jpeg?auto=webp&amp;s=f5d42e21d83f7df8a6836d8a988ff152f2801d8e
",,r/Costco,2026-02-20T15:55:59.000Z,post,[News],"Images:
	https://external-preview.redd.it/E1usiavXOrCyZvItRul9sWh6SewrU5-i6CtS6DicIKQ.jpeg?auto=webp&amp;s=f5d42e21d83f7df8a6836d8a988ff152f2801d8e
",t3_1r9z3b8,https://external-i.redd.it/E1usiavXOrCyZvItRul9sWh6SewrU5-i6CtS6DicIKQ.jpeg,,,,,,False,False,https://www.themirror.com/money/supreme-court-tariff-ruling-costco-1629496,317.0,,False,,Costco,1r9z3b8,,2026-05-05T00:57:01.670Z,https://external-preview.redd.it/E1usiavXOrCyZvItRul9sWh6SewrU5-i6CtS6DicIKQ.jpeg?width=140&amp;height=73&amp;auto=webp&amp;s=8acd9ee9f90a65421d91f6cbd894e96a8e213b64,Costco lands victory with Supreme Court ruling against tarrifs,0.97,15525,https://www.reddit.com/r/Costco/comments/1r9z3b8/costco_lands_victory_with_supreme_court_ruling/,t2_96xwf,Deceptiveideas,
US North East Region - NE,"Artist: Matt Shirley

Source: https://www.instagram.com/p/DKP2h_QS3ao/?igsh=Zzliemg1OXBjando",,r/Costco,2025-05-29T22:02:44.000Z,post,[Social Media],"&lt;!-- SC_OFF --&gt;&lt;div class=""md""&gt;&lt;p&gt;Artist: Matt Shirley&lt;/p&gt;

&lt;p&gt;Source: &lt;a href=""https://www.instagram.com/p/DKP2h_QS3ao/?igsh=Zzliemg1OXBjando""&gt;https://www.instagram.com/p/DKP2h_QS3ao/?igsh=Zzliemg1OXBjando&lt;/a&gt;&lt;/p&gt;
&lt;/div&gt;&lt;!-- SC_ON --&gt;",t3_1kynkum,https://i.redd.it/vrn8pio7ns3f1.jpeg,,,,,,False,False,https://i.redd.it/vrn8pio7ns3f1.jpeg,617.0,,False,,Costco,1kynkum,,2026-05-05T00:57:01.873Z,https://b.thumbs.redditmedia.com/euCdK9_FFsAC9zaEAxtP-BmKuRiZ0Q_gpl8lZpL0HDM.jpg,Every Costco Parking Lot [Meme],0.96,16385,https://www.reddit.com/r/Costco/comments/1kynkum/every_costco_parking_lot_meme/,t2_5e0deh36,ScoYello,
,[removed],Costco,r/Costco,2026-02-20T19:30:20.000Z,comment,,"&lt;div class=""md""&gt;&lt;p&gt;[removed]&lt;/p&gt;
&lt;/div&gt;",t1_o6h6sob,,,,,,,,,,,19.0,,t3_1r9z3b8,,o6h6sob,t3_1r9z3b8,2026-05-05T00:57:02.071Z,,,,6585,https://www.reddit.com/r/Costco/comments/1r9z3b8/costco_lands_victory_with_supreme_court_ruling/o6h6sob/,,[deleted],
,https://preview.redd.it/5qp9nehecpkg1.jpeg?width=3608&amp;format=pjpg&amp;auto=webp&amp;s=d41beeb31f3a58719574b79951a7fc43d1294362,Costco,r/Costco,2026-02-20T19:36:06.000Z,comment,,"&lt;div class=""md""&gt;&lt;p&gt;&lt;a href=""https://preview.redd.it/5qp9nehecpkg1.jpeg?width=3608&amp;amp;format=pjpg&amp;amp;auto=webp&amp;amp;s=d41beeb31f3a58719574b79951a7fc43d1294362""&gt;https://preview.redd.it/5qp9nehecpkg1.jpeg?width=3608&amp;amp;format=pjpg&amp;amp;auto=webp&amp;amp;s=d41beeb31f3a58719574b79951a7fc43d1294362&lt;/a&gt;&lt;/p&gt;
&lt;/div&gt;",t1_o6h7zuj,,,,,,,,,,,1.0,,t1_o6h6sob,,o6h7zuj,t3_1r9z3b8,2026-05-05T00:57:02.071Z,,,,950,https://www.reddit.com/r/Costco/comments/1r9z3b8/costco_lands_victory_with_supreme_court_ruling/o6h7zuj/,t2_megjk,Aznricecooker,
,"Posts that do not follow r/Costco subreddit rules **MAY** be subject to removal. 

**Reminder: No vague or non-descriptive post titles or availability questions.**

When applicable, please make sure that you're using a descriptive post title with product name(s) and/or exact question mentioned as it yields better subreddit search results. 

**Including item number, price, and approximate location or region where found is also helpful since product availability can vary.**


*I am a bot, and this action was performed automatically. Please [contact the moderators of this subreddit](/message/compose/?to=/r/Costco) if you have any questions or concerns.*",Costco,r/Costco,2025-05-29T22:02:45.000Z,comment,,"&lt;div class=""md""&gt;&lt;p&gt;Posts that do not follow &lt;a href=""/r/Costco""&gt;r/Costco&lt;/a&gt; subreddit rules &lt;strong&gt;MAY&lt;/strong&gt; be subject to removal. &lt;/p&gt;

&lt;p&gt;&lt;strong&gt;Reminder: No vague or non-descriptive post titles or availability questions.&lt;/strong&gt;&lt;/p&gt;

&lt;p&gt;When applicable, please make sure that you&amp;#39;re using a descriptive post title with product name(s) and/or exact question mentioned as it yields better subreddit search results. &lt;/p&gt;

&lt;p&gt;&lt;strong&gt;Including item number, price, and approximate location or region where found is also helpful since product availability can vary.&lt;/strong&gt;&lt;/p&gt;

&lt;p&gt;&lt;em&gt;I am a bot, and this action was performed automatically. Please &lt;a href=""/message/compose/?to=/r/Costco""&gt;contact the moderators of this subreddit&lt;/a&gt; if you have any questions or concerns.&lt;/em&gt;&lt;/p&gt;
&lt;/div&gt;",t1_muyoj2x,,,,,,,,,,,0.0,,t3_1kynkum,,muyoj2x,t3_1kynkum,2026-05-05T00:57:02.272Z,,,,1,https://www.reddit.com/r/Costco/comments/1kynkum/every_costco_parking_lot_meme/muyoj2x/,t2_6l4z3,AutoModerator,
,feels like buying those in bulk is a very good investment.  stick em in the linen closet until you need em. ,Costco,r/Costco,2026-02-20T19:32:23.000Z,comment,,"&lt;div class=""md""&gt;&lt;p&gt;feels like buying those in bulk is a very good investment.  stick em in the linen closet until you need em. &lt;/p&gt;
&lt;/div&gt;",t1_o6h77sr,,,,,,,,,,,2.0,,t1_o6h6sob,,o6h77sr,t3_1r9z3b8,2026-05-05T00:57:02.071Z,,,,266,https://www.reddit.com/r/Costco/comments/1r9z3b8/costco_lands_victory_with_supreme_court_ruling/o6h77sr/,t2_68817,kai333,
,I usually just park in the back if possible. Way easier than circling for a spot for 10 minutes,Costco,r/Costco,2025-05-29T22:10:43.000Z,comment,,"&lt;div class=""md""&gt;&lt;p&gt;I usually just park in the back if possible. Way easier than circling for a spot for 10 minutes&lt;/p&gt;
&lt;/div&gt;",t1_muyq15h,,,,,,,,,,,12.0,,t3_1kynkum,,muyq15h,t3_1kynkum,2026-05-05T00:57:02.272Z,,,,1878,https://www.reddit.com/r/Costco/comments/1kynkum/every_costco_parking_lot_meme/muyq15h/,,[deleted],
,"Not with this court, 90% of them are moldy before you open the pack",Costco,r/Costco,2026-02-20T23:30:42.000Z,comment,,"&lt;div class=""md""&gt;&lt;p&gt;Not with this court, 90% of them are moldy before you open the pack&lt;/p&gt;
&lt;/div&gt;",t1_o6ihyi2,,,,,,,,,,,0.0,,t1_o6h77sr,,o6ihyi2,t3_1r9z3b8,2026-05-05T00:57:02.071Z,,,,65,https://www.reddit.com/r/Costco/comments/1r9z3b8/costco_lands_victory_with_supreme_court_ruling/o6ihyi2/,t2_1j2qurnxwj,HelpMoreImHelpless,
Newbie,"Almost $7 for 2 slices of wet bread, one slice of cheese, and 2 slices of roast beef? 

Publix, are you okay?",,r/publix,2025-12-05T14:02:34.000Z,post,RANT :snoo_tableflip:,"&lt;!-- SC_OFF --&gt;&lt;div class=""md""&gt;&lt;p&gt;Almost $7 for 2 slices of wet bread, one slice of cheese, and 2 slices of roast beef? &lt;/p&gt;

&lt;p&gt;Publix, are you okay?&lt;/p&gt;
&lt;/div&gt;&lt;!-- SC_ON --&gt;",t3_1pevun2,https://i.redd.it/o4z1taoq6e5g1.jpeg,,,,,,False,False,https://i.redd.it/o4z1taoq6e5g1.jpeg,1119.0,,False,,publix,1pevun2,,2026-05-05T00:57:02.672Z,https://b.thumbs.redditmedia.com/QDC55KLpUzqYJhvQXEDIp5aj-1Tp1M7_eCCtNbr6xYw.jpg,This is getting out of hand...,0.99,3327,https://www.reddit.com/r/publix/comments/1pevun2/this_is_getting_out_of_hand/,t2_5c3l8,maohaze,
,"Agree. And if the back is full, then I probably don't even want to attempt going inside.",Costco,r/Costco,2025-05-29T22:30:50.000Z,comment,,"&lt;div class=""md""&gt;&lt;p&gt;Agree. And if the back is full, then I probably don&amp;#39;t even want to attempt going inside.&lt;/p&gt;
&lt;/div&gt;",t1_muyts07,,,,,,,,,,,5.0,,t1_muyq15h,,muyts07,t3_1kynkum,2026-05-05T00:57:02.272Z,,,,739,https://www.reddit.com/r/Costco/comments/1kynkum/every_costco_parking_lot_meme/muyts07/,t2_11snp4,luv2lurku,
,"We've got a cabinet of boutism, best I can offer",Costco,r/Costco,2026-02-21T02:36:15.000Z,comment,,"&lt;div class=""md""&gt;&lt;p&gt;We&amp;#39;ve got a cabinet of boutism, best I can offer&lt;/p&gt;
&lt;/div&gt;",t1_o6jcon1,,,,,,,,,,,0.0,,t1_o6h77sr,,o6jcon1,t3_1r9z3b8,2026-05-05T00:57:02.071Z,,,,5,https://www.reddit.com/r/Costco/comments/1r9z3b8/costco_lands_victory_with_supreme_court_ruling/o6jcon1/,t2_4zluw,fattmarrell,
Newbie,I went to Denny’s for the first time in at least 10 years yesterday and a side of toast (2 toasted slices of bread cut in half with butter) was $4.50. Food prices are insane right now.,publix,r/publix,2025-12-05T14:06:38.000Z,comment,,"&lt;div class=""md""&gt;&lt;p&gt;I went to Denny’s for the first time in at least 10 years yesterday and a side of toast (2 toasted slices of bread cut in half with butter) was $4.50. Food prices are insane right now.&lt;/p&gt;
&lt;/div&gt;",t1_nsfc8g9,,,,,,,,,,,6.0,,t3_1pevun2,,nsfc8g9,t3_1pevun2,2026-05-05T00:57:03.071Z,,,,340,https://www.reddit.com/r/publix/comments/1pevun2/this_is_getting_out_of_hand/nsfc8g9/,t2_8rpveavy,Numerous_Substance14,
,"You could probably make a chart that had ""Available Costco parking spots Monday through Friday,"" which would feature a gradient color scheme that lightened the further away you got from the store's entrance. There's no need for a weekend chart because it would be monochromatic.",Costco,r/Costco,2025-05-29T22:43:28.000Z,comment,,"&lt;div class=""md""&gt;&lt;p&gt;You could probably make a chart that had &amp;quot;Available Costco parking spots Monday through Friday,&amp;quot; which would feature a gradient color scheme that lightened the further away you got from the store&amp;#39;s entrance. There&amp;#39;s no need for a weekend chart because it would be monochromatic.&lt;/p&gt;
&lt;/div&gt;",t1_muyw2od,,,,,,,,,,,2.0,,t1_muyts07,,muyw2od,t3_1kynkum,2026-05-05T00:57:02.272Z,,,,177,https://www.reddit.com/r/Costco/comments/1kynkum/every_costco_parking_lot_meme/muyw2od/,t2_r4ymz,KinkyQuesadilla,
,"was told you guys might like this. so here it is! Title is ""Piece of Meat"" ",,r/Costco,2025-09-03T12:43:00.000Z,post,,"&lt;!-- SC_OFF --&gt;&lt;div class=""md""&gt;&lt;p&gt;was told you guys might like this. so here it is! Title is &amp;quot;Piece of Meat&amp;quot; &lt;/p&gt;
&lt;/div&gt;&lt;!-- SC_ON --&gt;",t3_1n7drjs,https://i.redd.it/kwhjab7n3ymf1.png,,,,,,False,False,https://i.redd.it/kwhjab7n3ymf1.png,223.0,,False,,Costco,1n7drjs,,2026-05-05T00:57:03.088Z,https://b.thumbs.redditmedia.com/zOjByFWfmKsVooxLv6lqWvSRi-gcGURbpRJ2LSD7cQk.jpg,I painted one of the Costco guys in watercolor,0.98,16017,https://www.reddit.com/r/Costco/comments/1n7drjs/i_painted_one_of_the_costco_guys_in_watercolor/,t2_dbi2m,onewordpoet,
,And there is always that one flavor that nobody wants.,Costco,r/Costco,2026-02-20T19:38:04.000Z,comment,,"&lt;div class=""md""&gt;&lt;p&gt;And there is always that one flavor that nobody wants.&lt;/p&gt;
&lt;/div&gt;",t1_o6h8elx,,,,,,,,,,,4.0,,t1_o6h6sob,,o6h8elx,t3_1r9z3b8,2026-05-05T00:57:02.071Z,,,,135,https://www.reddit.com/r/Costco/comments/1r9z3b8/costco_lands_victory_with_supreme_court_ruling/o6h8elx/,t2_89cjb,mtglass,
,[deleted],publix,r/publix,2025-12-05T14:50:46.000Z,comment,,"&lt;div class=""md""&gt;&lt;p&gt;[deleted]&lt;/p&gt;
&lt;/div&gt;",t1_nsfk5m8,,,,,,,,,,,5.0,,t1_nsfc8g9,,nsfk5m8,t3_1pevun2,2026-05-05T00:57:03.071Z,,,,170,https://www.reddit.com/r/publix/comments/1pevun2/this_is_getting_out_of_hand/nsfk5m8/,,[deleted],
,Weekends are easy mode. Monday afternoon though? Holyyyyyyy.,Costco,r/Costco,2025-05-30T01:29:22.000Z,comment,,"&lt;div class=""md""&gt;&lt;p&gt;Weekends are easy mode. Monday afternoon though? Holyyyyyyy.&lt;/p&gt;
&lt;/div&gt;",t1_muzph0h,,,,,,,,,,,3.0,,t1_muyw2od,,muzph0h,t3_1kynkum,2026-05-05T00:57:02.272Z,,,,44,https://www.reddit.com/r/Costco/comments/1kynkum/every_costco_parking_lot_meme/muzph0h/,t2_rjzch,KaiPRoberts,
,"Posts that do not follow r/Costco subreddit rules **MAY** be subject to removal. 

**Reminder: No vague non-descriptive post titles or availability questions.**

When applicable, please make sure that you're using a descriptive post title with product name(s) and/or exact question mentioned as it yields better subreddit search results. 

**Including item number, price, and approximate location or region where found is also helpful since product availability can vary.**


*I am a bot, and this action was performed automatically. Please [contact the moderators of this subreddit](/message/compose/?to=/r/Costco) if you have any questions or concerns.*",Costco,r/Costco,2025-09-03T12:43:02.000Z,comment,,"&lt;div class=""md""&gt;&lt;p&gt;Posts that do not follow &lt;a href=""/r/Costco""&gt;r/Costco&lt;/a&gt; subreddit rules &lt;strong&gt;MAY&lt;/strong&gt; be subject to removal. &lt;/p&gt;

&lt;p&gt;&lt;strong&gt;Reminder: No vague non-descriptive post titles or availability questions.&lt;/strong&gt;&lt;/p&gt;

&lt;p&gt;When applicable, please make sure that you&amp;#39;re using a descriptive post title with product name(s) and/or exact question mentioned as it yields better subreddit search results. &lt;/p&gt;

&lt;p&gt;&lt;strong&gt;Including item number, price, and approximate location or region where found is also helpful since product availability can vary.&lt;/strong&gt;&lt;/p&gt;

&lt;p&gt;&lt;em&gt;I am a bot, and this action was performed automatically. Please &lt;a href=""/message/compose/?to=/r/Costco""&gt;contact the moderators of this subreddit&lt;/a&gt; if you have any questions or concerns.&lt;/em&gt;&lt;/p&gt;
&lt;/div&gt;",t1_nc6mjjl,,,,,,,,,,,0.0,,t3_1n7drjs,,nc6mjjl,t3_1n7drjs,2026-05-05T00:57:03.273Z,,,,1,https://www.reddit.com/r/Costco/comments/1n7drjs/i_painted_one_of_the_costco_guys_in_watercolor/nc6mjjl/,t2_6l4z3,AutoModerator,
Newbie,I’d be more partial to Bennys filing dankruptcy,publix,r/publix,2025-12-06T13:47:01.000Z,comment,,"&lt;div class=""md""&gt;&lt;p&gt;I’d be more partial to Bennys filing dankruptcy&lt;/p&gt;
&lt;/div&gt;",t1_nslchgx,,,,,,,,,,,2.0,,t1_nsfk5m8,,nslchgx,t3_1pevun2,2026-05-05T00:57:03.071Z,,,,9,https://www.reddit.com/r/publix/comments/1pevun2/this_is_getting_out_of_hand/nslchgx/,t2_4yhugq22,The-King-of-Cartoons,
,Damn jalapeno watermelon cucumber...,Costco,r/Costco,2026-02-20T20:25:12.000Z,comment,,"&lt;div class=""md""&gt;&lt;p&gt;Damn jalapeno watermelon cucumber...&lt;/p&gt;
&lt;/div&gt;",t1_o6hi2u9,,,,,,,,,,,3.0,,t1_o6h8elx,,o6hi2u9,t3_1r9z3b8,2026-05-05T00:57:02.071Z,,,,82,https://www.reddit.com/r/Costco/comments/1r9z3b8/costco_lands_victory_with_supreme_court_ruling/o6hi2u9/,t2_6qkzq,Eccohawk,
,"I'm sure you took a photo and painted from the photo, but I'd really like to imagine that you rolled up with an easel and parked yourself until he took his lunch break. Don't break my heart and let me live this lie.",Costco,r/Costco,2025-09-03T12:55:02.000Z,comment,,"&lt;div class=""md""&gt;&lt;p&gt;I&amp;#39;m sure you took a photo and painted from the photo, but I&amp;#39;d really like to imagine that you rolled up with an easel and parked yourself until he took his lunch break. Don&amp;#39;t break my heart and let me live this lie.&lt;/p&gt;
&lt;/div&gt;",t1_nc6ol1s,,,,,,,,,,,4.0,,t3_1n7drjs,,nc6ol1s,t3_1n7drjs,2026-05-05T00:57:03.273Z,,,,1149,https://www.reddit.com/r/Costco/comments/1n7drjs/i_painted_one_of_the_costco_guys_in_watercolor/nc6ol1s/,t2_bzeo4qt8,Loose-Acanthaceae823,
Newbie,I’d be dore bartial to Penny’s miling fankruptcy,publix,r/publix,2025-12-07T04:06:19.000Z,comment,,"&lt;div class=""md""&gt;&lt;p&gt;I’d be dore bartial to Penny’s miling fankruptcy&lt;/p&gt;
&lt;/div&gt;",t1_nspi5wa,,,,,,,,,,,1.0,,t1_nslchgx,,nspi5wa,t3_1pevun2,2026-05-05T00:57:03.071Z,,,,6,https://www.reddit.com/r/publix/comments/1pevun2/this_is_getting_out_of_hand/nspi5wa/,t2_ej3gf4rog,Odd_Protection7738,
,"I call Tuesday morning ""hangover Costco"". People who work M-F tend to go on the weekends. People with out M-F jobs (like weekend workers or retirees) tend to have Monday off, so they go then. So Tuesday is like the hangover day where almost no one is waiting at the door before they open. Wednesday would work better being the middle of the week, but lots of the retirement communities bring busses in so the aisles are packed with old people just out for a look.",Costco,r/Costco,2025-05-30T02:19:41.000Z,comment,,"&lt;div class=""md""&gt;&lt;p&gt;I call Tuesday morning &amp;quot;hangover Costco&amp;quot;. People who work M-F tend to go on the weekends. People with out M-F jobs (like weekend workers or retirees) tend to have Monday off, so they go then. So Tuesday is like the hangover day where almost no one is waiting at the door before they open. Wednesday would work better being the middle of the week, but lots of the retirement communities bring busses in so the aisles are packed with old people just out for a look.&lt;/p&gt;
&lt;/div&gt;",t1_muzyc1v,,,,,,,,,,,5.0,,t1_muzph0h,,muzyc1v,t3_1kynkum,2026-05-05T00:57:02.272Z,,,,53,https://www.reddit.com/r/Costco/comments/1kynkum/every_costco_parking_lot_meme/muzyc1v/,t2_dbo5u,TheVermonster,
,That sounds incredibly delicious.,Costco,r/Costco,2026-02-20T20:51:30.000Z,comment,,"&lt;div class=""md""&gt;&lt;p&gt;That sounds incredibly delicious.&lt;/p&gt;
&lt;/div&gt;",t1_o6hnedf,,,,,,,,,,,1.0,,t1_o6hi2u9,,o6hnedf,t3_1r9z3b8,2026-05-05T00:57:02.071Z,,,,39,https://www.reddit.com/r/Costco/comments/1r9z3b8/costco_lands_victory_with_supreme_court_ruling/o6hnedf/,t2_6hn4qx80,LKayRB,
,The idea of painting plein air in a Costco is so unhinged. Theyd definitely escort me out of the building. I do paint outdoors though,Costco,r/Costco,2025-09-03T12:57:08.000Z,comment,,"&lt;div class=""md""&gt;&lt;p&gt;The idea of painting plein air in a Costco is so unhinged. Theyd definitely escort me out of the building. I do paint outdoors though&lt;/p&gt;
&lt;/div&gt;",t1_nc6oy50,,,,,,,,,,,7.0,,t1_nc6ol1s,,nc6oy50,t3_1n7drjs,2026-05-05T00:57:03.273Z,,,,903,https://www.reddit.com/r/Costco/comments/1n7drjs/i_painted_one_of_the_costco_guys_in_watercolor/nc6oy50/,t2_dbi2m,onewordpoet,
,[deleted],Costco,r/Costco,2025-05-30T02:56:49.000Z,comment,,"&lt;div class=""md""&gt;&lt;p&gt;[deleted]&lt;/p&gt;
&lt;/div&gt;",t1_mv04gyq,,,,,,,,,,,1.0,,t1_muzyc1v,,mv04gyq,t3_1kynkum,2026-05-05T00:57:02.272Z,,,,19,https://www.reddit.com/r/Costco/comments/1kynkum/every_costco_parking_lot_meme/mv04gyq/,,[deleted],
,Sounds like a great margarita to me!,Costco,r/Costco,2026-02-23T16:29:56.000Z,comment,,"&lt;div class=""md""&gt;&lt;p&gt;Sounds like a great margarita to me!&lt;/p&gt;
&lt;/div&gt;",t1_o6z47gz,,,,,,,,,,,0.0,,t1_o6hnedf,,o6z47gz,t3_1r9z3b8,2026-05-05T00:57:02.071Z,,,,2,https://www.reddit.com/r/Costco/comments/1r9z3b8/costco_lands_victory_with_supreme_court_ruling/o6z47gz/,t2_snr072f2,MartinisnMurder,
Newbie,"Well just because they filed for bankruptcy doesn't mean they're closing all stores but it is indicative of the potential for that to happen at some point, unless they already announced that's part of the plan.",publix,r/publix,2025-12-06T02:26:01.000Z,comment,,"&lt;div class=""md""&gt;&lt;p&gt;Well just because they filed for bankruptcy doesn&amp;#39;t mean they&amp;#39;re closing all stores but it is indicative of the potential for that to happen at some point, unless they already announced that&amp;#39;s part of the plan.&lt;/p&gt;
&lt;/div&gt;",t1_nsj4mb8,,,,,,,,,,,1.0,,t1_nsfk5m8,,nsj4mb8,t3_1pevun2,2026-05-05T00:57:03.071Z,,,,5,https://www.reddit.com/r/publix/comments/1pevun2/this_is_getting_out_of_hand/nsj4mb8/,t2_122m4w,purefilth666,
,If you ask first I bet they would allow it.,Costco,r/Costco,2025-09-03T14:44:09.000Z,comment,,"&lt;div class=""md""&gt;&lt;p&gt;If you ask first I bet they would allow it.&lt;/p&gt;
&lt;/div&gt;",t1_nc79dqc,,,,,,,,,,,4.0,,t1_nc6oy50,,nc79dqc,t3_1n7drjs,2026-05-05T00:57:03.273Z,,,,181,https://www.reddit.com/r/Costco/comments/1n7drjs/i_painted_one_of_the_costco_guys_in_watercolor/nc79dqc/,t2_16kssshmht,Fineous40,
,"Yeah Tuesday was the ""back to normal"" restock situation. Could also be parents starting their prepping for kids' summer vacations. 

Who am I kidding, though - my Costco is always slammed. It's not just the only store in my state, but also like 1/8 mile away from our much more populated southern neighbor. They have sales tax and we don't. You could probably guess which store is mine just from that info.",Costco,r/Costco,2025-05-30T03:57:09.000Z,comment,,"&lt;div class=""md""&gt;&lt;p&gt;Yeah Tuesday was the &amp;quot;back to normal&amp;quot; restock situation. Could also be parents starting their prepping for kids&amp;#39; summer vacations. &lt;/p&gt;

&lt;p&gt;Who am I kidding, though - my Costco is always slammed. It&amp;#39;s not just the only store in my state, but also like 1/8 mile away from our much more populated southern neighbor. They have sales tax and we don&amp;#39;t. You could probably guess which store is mine just from that info.&lt;/p&gt;
&lt;/div&gt;",t1_mv0de03,,,,,,,,,,,2.0,,t1_mv04gyq,,mv0de03,t3_1kynkum,2026-05-05T00:57:02.272Z,,,,16,https://www.reddit.com/r/Costco/comments/1kynkum/every_costco_parking_lot_meme/mv0de03/,,[deleted],
,I'll take that if you don't want it,Costco,r/Costco,2026-02-20T22:19:57.000Z,comment,,"&lt;div class=""md""&gt;&lt;p&gt;I&amp;#39;ll take that if you don&amp;#39;t want it&lt;/p&gt;
&lt;/div&gt;",t1_o6i50m1,,,,,,,,,,,0.0,,t1_o6hi2u9,,o6i50m1,t3_1r9z3b8,2026-05-05T00:57:02.071Z,,,,11,https://www.reddit.com/r/Costco/comments/1r9z3b8/costco_lands_victory_with_supreme_court_ruling/o6i50m1/,t2_b5p6p,IMassVikings,
,A giant watercolor mural at the meat section would go hard,Costco,r/Costco,2025-09-03T16:39:28.000Z,comment,,"&lt;div class=""md""&gt;&lt;p&gt;A giant watercolor mural at the meat section would go hard&lt;/p&gt;
&lt;/div&gt;",t1_nc7wvsk,,,,,,,,,,,1.0,,t1_nc79dqc,,nc7wvsk,t3_1n7drjs,2026-05-05T00:57:03.273Z,,,,175,https://www.reddit.com/r/Costco/comments/1n7drjs/i_painted_one_of_the_costco_guys_in_watercolor/nc7wvsk/,t2_2frb704g,Muggsy423,
Newbie,"Bad news, so did the Bread company… Amazon selling it under cost, as he gains a bigger monopoly on goods by running other folks out of business … watch out medicine!.. Walgreens cvs local pharmacy’s are the target and once there gone, meds go up in price .. watch",publix,r/publix,2025-12-07T07:17:02.000Z,comment,,"&lt;div class=""md""&gt;&lt;p&gt;Bad news, so did the Bread company… Amazon selling it under cost, as he gains a bigger monopoly on goods by running other folks out of business … watch out medicine!.. Walgreens cvs local pharmacy’s are the target and once there gone, meds go up in price .. watch&lt;/p&gt;
&lt;/div&gt;",t1_nsq6p63,,,,,,,,,,,1.0,,t1_nsfk5m8,,nsq6p63,t3_1pevun2,2026-05-05T00:57:03.072Z,,,,2,https://www.reddit.com/r/publix/comments/1pevun2/this_is_getting_out_of_hand/nsq6p63/,t2_qkg48hmt,nola_Joe32,
,Could work as a margarita,Costco,r/Costco,2026-02-21T16:56:27.000Z,comment,,"&lt;div class=""md""&gt;&lt;p&gt;Could work as a margarita&lt;/p&gt;
&lt;/div&gt;",t1_o6mko7a,,,,,,,,,,,0.0,,t1_o6hi2u9,,o6mko7a,t3_1r9z3b8,2026-05-05T00:57:02.071Z,,,,2,https://www.reddit.com/r/Costco/comments/1r9z3b8/costco_lands_victory_with_supreme_court_ruling/o6mko7a/,t2_sydvo,askingforafakefriend,
,Im submitting that idea to my warehouse,Costco,r/Costco,2025-09-13T03:50:52.000Z,comment,,"&lt;div class=""md""&gt;&lt;p&gt;Im submitting that idea to my warehouse&lt;/p&gt;
&lt;/div&gt;",t1_ndxreex,,,,,,,,,,,0.0,,t1_nc7wvsk,,ndxreex,t3_1n7drjs,2026-05-05T00:57:03.273Z,,,,2,https://www.reddit.com/r/Costco/comments/1n7drjs/i_painted_one_of_the_costco_guys_in_watercolor/ndxreex/,t2_14385g8lsa,thebigcooki,
,"I was going to guess the one Costco in Delaware but it’s not that close to Maryland or Pennsylvania. So I assume based solely on no tax, the only store, and being close to the southern border, it’s NH? 

I also looked up the Costcos in Montana, another no sales tax state and it seems like most are built purposely on the states borders. Curiouser and curiouser.",Costco,r/Costco,2025-05-30T11:37:11.000Z,comment,,"&lt;div class=""md""&gt;&lt;p&gt;I was going to guess the one Costco in Delaware but it’s not that close to Maryland or Pennsylvania. So I assume based solely on no tax, the only store, and being close to the southern border, it’s NH? &lt;/p&gt;

&lt;p&gt;I also looked up the Costcos in Montana, another no sales tax state and it seems like most are built purposely on the states borders. Curiouser and curiouser.&lt;/p&gt;
&lt;/div&gt;",t1_mv1tup7,,,,,,,,,,,1.0,,t1_mv0de03,,mv1tup7,t3_1kynkum,2026-05-05T00:57:02.272Z,,,,3,https://www.reddit.com/r/Costco/comments/1kynkum/every_costco_parking_lot_meme/mv1tup7/,t2_ivpjh,Summoarpleaz,
,"idk. I honestly think they’d allow it if you asked. 

I feel like as long as you 1) pick a time that isn’t too busy 2) don’t take up too much space and set up in a spot that minimizes being in the way of workers and shoppers 3) don’t make a mess
they might be chill with it.

every time I’m at costco I always see multiple clueless shoppers who randomly stop in the middle of a lane of flowing cart traffic and don’t realize like 4 people have to stop or go around them and then each of those 4 people cause the same effect and so on…. and I can imagine a scenario where you’re less disruptive than that. 

I like the painting. is it just for you or would you consider giving it to your meat man muse?",Costco,r/Costco,2025-09-03T21:21:46.000Z,comment,,"&lt;div class=""md""&gt;&lt;p&gt;idk. I honestly think they’d allow it if you asked. &lt;/p&gt;

&lt;p&gt;I feel like as long as you 1) pick a time that isn’t too busy 2) don’t take up too much space and set up in a spot that minimizes being in the way of workers and shoppers 3) don’t make a mess
they might be chill with it.&lt;/p&gt;

&lt;p&gt;every time I’m at costco I always see multiple clueless shoppers who randomly stop in the middle of a lane of flowing cart traffic and don’t realize like 4 people have to stop or go around them and then each of those 4 people cause the same effect and so on…. and I can imagine a scenario where you’re less disruptive than that. &lt;/p&gt;

&lt;p&gt;I like the painting. is it just for you or would you consider giving it to your meat man muse?&lt;/p&gt;
&lt;/div&gt;",t1_nc9jfeb,,,,,,,,,,,2.0,,t1_nc79dqc,,nc9jfeb,t3_1n7drjs,2026-05-05T00:57:03.273Z,,,,46,https://www.reddit.com/r/Costco/comments/1n7drjs/i_painted_one_of_the_costco_guys_in_watercolor/nc9jfeb/,t2_1o0dqgg45p,maxaswell,
Newbie,The end is near if you see waffle house filing bankruptcy.,publix,r/publix,2025-12-07T20:32:18.000Z,comment,,"&lt;div class=""md""&gt;&lt;p&gt;The end is near if you see waffle house filing bankruptcy.&lt;/p&gt;
&lt;/div&gt;",t1_nstk205,,,,,,,,,,,1.0,,t1_nsfk5m8,,nstk205,t3_1pevun2,2026-05-05T00:57:03.072Z,,,,3,https://www.reddit.com/r/publix/comments/1pevun2/this_is_getting_out_of_hand/nstk205/,t2_70lyclmt,flat_cat72,
,Boof that one.,Costco,r/Costco,2026-02-20T23:14:21.000Z,comment,,"&lt;div class=""md""&gt;&lt;p&gt;Boof that one.&lt;/p&gt;
&lt;/div&gt;",t1_o6if4a1,,,,,,,,,,,0.0,,t1_o6h8elx,,o6if4a1,t3_1r9z3b8,2026-05-05T00:57:02.071Z,,,,6,https://www.reddit.com/r/Costco/comments/1r9z3b8/costco_lands_victory_with_supreme_court_ruling/o6if4a1/,t2_1ziqenbevy,ChankiriTreeDaycare,
,Also lots of deals starts on Wednesday.,Costco,r/Costco,2025-05-30T03:35:30.000Z,comment,,"&lt;div class=""md""&gt;&lt;p&gt;Also lots of deals starts on Wednesday.&lt;/p&gt;
&lt;/div&gt;",t1_mv0aaba,,,,,,,,,,,0.0,,t1_muzyc1v,,mv0aaba,t3_1kynkum,2026-05-05T00:57:02.272Z,,,,6,https://www.reddit.com/r/Costco/comments/1kynkum/every_costco_parking_lot_meme/mv0aaba/,t2_mgpkb,foxfai,
,Meat man muse is crazy lol but I dont think I could personally handle being in a grocery store while painting. Its just so much stimulation.,Costco,r/Costco,2025-09-04T02:33:52.000Z,comment,,"&lt;div class=""md""&gt;&lt;p&gt;Meat man muse is crazy lol but I dont think I could personally handle being in a grocery store while painting. Its just so much stimulation.&lt;/p&gt;
&lt;/div&gt;",t1_ncb1wq2,,,,,,,,,,,1.0,,t1_nc9jfeb,,ncb1wq2,t3_1n7drjs,2026-05-05T00:57:03.273Z,,,,28,https://www.reddit.com/r/Costco/comments/1n7drjs/i_painted_one_of_the_costco_guys_in_watercolor/ncb1wq2/,t2_dbi2m,onewordpoet,
Newbie,"Village inn got me that way. They charged me full price for every fountain drink refill, upcharged me $2 for the 3 chocolate chips that were in my “chocolate chip pancakes” and then another $3 for sprinkling cheese and onions slivers on hashbrowns. They also added in automatic gratuity",publix,r/publix,2025-12-05T15:35:25.000Z,comment,,"&lt;div class=""md""&gt;&lt;p&gt;Village inn got me that way. They charged me full price for every fountain drink refill, upcharged me $2 for the 3 chocolate chips that were in my “chocolate chip pancakes” and then another $3 for sprinkling cheese and onions slivers on hashbrowns. They also added in automatic gratuity&lt;/p&gt;
&lt;/div&gt;",t1_nsfsqra,,,,,,,,,,,4.0,,t1_nsfc8g9,,nsfsqra,t3_1pevun2,2026-05-05T00:57:03.072Z,,,,26,https://www.reddit.com/r/publix/comments/1pevun2/this_is_getting_out_of_hand/nsfsqra/,t2_1j2nc8glth,Sure_Fly_6904,
,"Monday evening, everyone who has a weekday job but was out of town for the weekend is there resupplying. If Monday was a holiday, shift this to Tuesday evening but moreso.",Costco,r/Costco,2025-05-30T03:33:03.000Z,comment,,"&lt;div class=""md""&gt;&lt;p&gt;Monday evening, everyone who has a weekday job but was out of town for the weekend is there resupplying. If Monday was a holiday, shift this to Tuesday evening but moreso.&lt;/p&gt;
&lt;/div&gt;",t1_mv09xjg,,,,,,,,,,,0.0,,t1_muzyc1v,,mv09xjg,t3_1kynkum,2026-05-05T00:57:02.272Z,,,,5,https://www.reddit.com/r/Costco/comments/1kynkum/every_costco_parking_lot_meme/mv09xjg/,t2_f79q8v9j,VeronicaMarsupial,
,Sounds like a Thomas to me.,Costco,r/Costco,2026-02-21T02:38:00.000Z,comment,,"&lt;div class=""md""&gt;&lt;p&gt;Sounds like a Thomas to me.&lt;/p&gt;
&lt;/div&gt;",t1_o6jcyhu,,,,,,,,,,,0.0,,t1_o6h8elx,,o6jcyhu,t3_1r9z3b8,2026-05-05T00:57:02.071Z,,,,2,https://www.reddit.com/r/Costco/comments/1r9z3b8/costco_lands_victory_with_supreme_court_ruling/o6jcyhu/,t2_2xoeiyf5,goodb1b13,
,Shop like they drive.,Costco,r/Costco,2025-09-03T23:37:10.000Z,comment,,"&lt;div class=""md""&gt;&lt;p&gt;Shop like they drive.&lt;/p&gt;
&lt;/div&gt;",t1_nca84vj,,,,,,,,,,,0.0,,t1_nc9jfeb,,nca84vj,t3_1n7drjs,2026-05-05T00:57:03.273Z,,,,4,https://www.reddit.com/r/Costco/comments/1n7drjs/i_painted_one_of_the_costco_guys_in_watercolor/nca84vj/,t2_1v580pbsay,JamesPage1968,
Newbie,Exactly. You'll walk out breakfast for two 50.00 or more not careful. It's crazy,publix,r/publix,2025-12-05T18:18:43.000Z,comment,,"&lt;div class=""md""&gt;&lt;p&gt;Exactly. You&amp;#39;ll walk out breakfast for two 50.00 or more not careful. It&amp;#39;s crazy&lt;/p&gt;
&lt;/div&gt;",t1_nsgq8o9,,,,,,,,,,,4.0,,t1_nsfsqra,,nsgq8o9,t3_1pevun2,2026-05-05T00:57:03.072Z,,,,18,https://www.reddit.com/r/publix/comments/1pevun2/this_is_getting_out_of_hand/nsgq8o9/,t2_3qri6,Unique9FL,
,"It’s hard to explain how much I enjoy this joke. 

I know you can’t see or hear me, but I’m giving you a standing ovation. 

The people around me are grumbling about the clapping.

At least this time I’m wearing pants.",Costco,r/Costco,2026-02-20T20:04:16.000Z,comment,,"&lt;div class=""md""&gt;&lt;p&gt;It’s hard to explain how much I enjoy this joke. &lt;/p&gt;

&lt;p&gt;I know you can’t see or hear me, but I’m giving you a standing ovation. &lt;/p&gt;

&lt;p&gt;The people around me are grumbling about the clapping.&lt;/p&gt;

&lt;p&gt;At least this time I’m wearing pants.&lt;/p&gt;
&lt;/div&gt;",t1_o6hdt9f,,,,,,,,,,,1.0,,t1_o6h6sob,,o6hdt9f,t3_1r9z3b8,2026-05-05T00:57:02.071Z,,,,131,https://www.reddit.com/r/Costco/comments/1r9z3b8/costco_lands_victory_with_supreme_court_ruling/o6hdt9f/,t2_99p8i,lolexecs,
,"I found the best days were Tuesday and Wednesdays. I'd go to the gym, then hit up Costco and ask my roommates what they needed or they would meet me. My dad is retired and he said the best time is within an hour of open.",Costco,r/Costco,2025-05-30T05:27:21.000Z,comment,,"&lt;div class=""md""&gt;&lt;p&gt;I found the best days were Tuesday and Wednesdays. I&amp;#39;d go to the gym, then hit up Costco and ask my roommates what they needed or they would meet me. My dad is retired and he said the best time is within an hour of open.&lt;/p&gt;
&lt;/div&gt;",t1_mv0ox0f,,,,,,,,,,,1.0,,t1_muzyc1v,,mv0ox0f,t3_1kynkum,2026-05-05T00:57:02.272Z,,,,3,https://www.reddit.com/r/Costco/comments/1kynkum/every_costco_parking_lot_meme/mv0ox0f/,t2_5rmhx,Rocket_hamster,
,I bet they would. I might actually go insane if I had to spend that long in a grocery store though,Costco,r/Costco,2025-09-03T14:45:19.000Z,comment,,"&lt;div class=""md""&gt;&lt;p&gt;I bet they would. I might actually go insane if I had to spend that long in a grocery store though&lt;/p&gt;
&lt;/div&gt;",t1_nc79lzv,,,,,,,,,,,0.0,,t1_nc79dqc,,nc79lzv,t3_1n7drjs,2026-05-05T00:57:03.273Z,,,,4,https://www.reddit.com/r/Costco/comments/1n7drjs/i_painted_one_of_the_costco_guys_in_watercolor/nc79lzv/,t2_dbi2m,onewordpoet,
Newbie,"This is true. I'm a tall guy and can eat. Coffee, hashbrowns with cheese and peppers and onions. Corn beef hash a biscuit gravy side plate with bacon and toast. Now include a tip. Comes out around $25-$30. It's kind of crazy. I remember diners giving a full stack plate of biscuits and gravy with coffee for $4. Whole family ate for $20. It sucks now. I miss the 90's.

Edit: spelling",publix,r/publix,2025-12-07T14:48:45.000Z,comment,,"&lt;div class=""md""&gt;&lt;p&gt;This is true. I&amp;#39;m a tall guy and can eat. Coffee, hashbrowns with cheese and peppers and onions. Corn beef hash a biscuit gravy side plate with bacon and toast. Now include a tip. Comes out around $25-$30. It&amp;#39;s kind of crazy. I remember diners giving a full stack plate of biscuits and gravy with coffee for $4. Whole family ate for $20. It sucks now. I miss the 90&amp;#39;s.&lt;/p&gt;

&lt;p&gt;Edit: spelling&lt;/p&gt;
&lt;/div&gt;",t1_nsrns1o,,,,,,,,,,,1.0,,t1_nsgq8o9,,nsrns1o,t3_1pevun2,2026-05-05T00:57:03.072Z,,,,8,https://www.reddit.com/r/publix/comments/1pevun2/this_is_getting_out_of_hand/nsrns1o/,t2_g67016bey,InevitableExtreme378,
,Friday afternoons here. We're the closest Costco to the majority of the population of Wyoming and it seems like they all decided that Friday afternoons is when they all come down.,Costco,r/Costco,2025-05-30T02:54:19.000Z,comment,,"&lt;div class=""md""&gt;&lt;p&gt;Friday afternoons here. We&amp;#39;re the closest Costco to the majority of the population of Wyoming and it seems like they all decided that Friday afternoons is when they all come down.&lt;/p&gt;
&lt;/div&gt;",t1_mv042hb,,,,,,,,,,,1.0,,t1_muzph0h,,mv042hb,t3_1kynkum,2026-05-05T00:57:02.272Z,,,,4,https://www.reddit.com/r/Costco/comments/1kynkum/every_costco_parking_lot_meme/mv042hb/,t2_36ils,TopRamen713,
,Totally unhinged and that's why my imagination likes it. I looked at some of your other posts and it makes me wanna give watercolor a revisit. Your stuff is amazing!,Costco,r/Costco,2025-09-03T15:45:48.000Z,comment,,"&lt;div class=""md""&gt;&lt;p&gt;Totally unhinged and that&amp;#39;s why my imagination likes it. I looked at some of your other posts and it makes me wanna give watercolor a revisit. Your stuff is amazing!&lt;/p&gt;
&lt;/div&gt;",t1_nc7lw2s,,,,,,,,,,,1.0,,t1_nc6oy50,,nc7lw2s,t3_1n7drjs,2026-05-05T00:57:03.273Z,,,,42,https://www.reddit.com/r/Costco/comments/1n7drjs/i_painted_one_of_the_costco_guys_in_watercolor/nc7lw2s/,t2_bzeo4qt8,Loose-Acanthaceae823,
,Somehow that felt like a haiku,Costco,r/Costco,2026-02-20T22:06:26.000Z,comment,,"&lt;div class=""md""&gt;&lt;p&gt;Somehow that felt like a haiku&lt;/p&gt;
&lt;/div&gt;",t1_o6i2eot,,,,,,,,,,,1.0,,t1_o6hdt9f,,o6i2eot,t3_1r9z3b8,2026-05-05T00:57:02.071Z,,,,14,https://www.reddit.com/r/Costco/comments/1r9z3b8/costco_lands_victory_with_supreme_court_ruling/o6i2eot/,t2_is8sh,rabbitwonker,
Newbie,$65 after their gratuity,publix,r/publix,2025-12-05T20:58:30.000Z,comment,,"&lt;div class=""md""&gt;&lt;p&gt;$65 after their gratuity&lt;/p&gt;
&lt;/div&gt;",t1_nshll0u,,,,,,,,,,,0.0,,t1_nsgq8o9,,nshll0u,t3_1pevun2,2026-05-05T00:57:03.072Z,,,,7,https://www.reddit.com/r/publix/comments/1pevun2/this_is_getting_out_of_hand/nshll0u/,t2_1j2nc8glth,Sure_Fly_6904,
,Payday is usually Friday. I’ve had the best luck Thursdays because a lot of people are broke waiting for Friday,Costco,r/Costco,2025-05-30T18:06:47.000Z,comment,,"&lt;div class=""md""&gt;&lt;p&gt;Payday is usually Friday. I’ve had the best luck Thursdays because a lot of people are broke waiting for Friday&lt;/p&gt;
&lt;/div&gt;",t1_mv3yshv,,,,,,,,,,,1.0,,t1_mv042hb,,mv3yshv,t3_1kynkum,2026-05-05T00:57:02.272Z,,,,5,https://www.reddit.com/r/Costco/comments/1kynkum/every_costco_parking_lot_meme/mv3yshv/,t2_1nz7zx9f,Rawniew54,
Newbie,Naw ill just walk out and never come back lol,publix,r/publix,2025-12-06T02:22:47.000Z,comment,,"&lt;div class=""md""&gt;&lt;p&gt;Naw ill just walk out and never come back lol&lt;/p&gt;
&lt;/div&gt;",t1_nsj44ff,,,,,,,,,,,0.0,,t1_nsgq8o9,,nsj44ff,t3_1pevun2,2026-05-05T00:57:03.072Z,,,,2,https://www.reddit.com/r/publix/comments/1pevun2/this_is_getting_out_of_hand/nsj44ff/,t2_c5k80580,InternationalClub318,
,You should! Watercolor is truly the best,Costco,r/Costco,2025-09-03T16:02:48.000Z,comment,,"&lt;div class=""md""&gt;&lt;p&gt;You should! Watercolor is truly the best&lt;/p&gt;
&lt;/div&gt;",t1_nc7pabs,,,,,,,,,,,0.0,,t1_nc7lw2s,,nc7pabs,t3_1n7drjs,2026-05-05T00:57:03.273Z,,,,18,https://www.reddit.com/r/Costco/comments/1n7drjs/i_painted_one_of_the_costco_guys_in_watercolor/nc7pabs/,t2_dbi2m,onewordpoet,
"US North West (Alaska, Washington, Oregon, Utah, Idaho, Montana)",Am employee. I would walk by without a word and then walk by again in a bit to see what you've got so far. I'd probably ask you to bring it by my department when you're done so I could see the finished product.,Costco,r/Costco,2025-09-03T16:34:17.000Z,comment,,"&lt;div class=""md""&gt;&lt;p&gt;Am employee. I would walk by without a word and then walk by again in a bit to see what you&amp;#39;ve got so far. I&amp;#39;d probably ask you to bring it by my department when you&amp;#39;re done so I could see the finished product.&lt;/p&gt;
&lt;/div&gt;",t1_nc7vt9u,,,,,,,,,,,0.0,,t1_nc6oy50,,nc7vt9u,t3_1n7drjs,2026-05-05T00:57:03.273Z,,,,41,https://www.reddit.com/r/Costco/comments/1n7drjs/i_painted_one_of_the_costco_guys_in_watercolor/nc7vt9u/,t2_1y2fwhzv,thesunIswear,
,"Yup. If the back is full, I'll drive the 15 minutes back home.",Costco,r/Costco,2025-05-30T00:36:26.000Z,comment,,"&lt;div class=""md""&gt;&lt;p&gt;Yup. If the back is full, I&amp;#39;ll drive the 15 minutes back home.&lt;/p&gt;
&lt;/div&gt;",t1_muzgasj,,,,,,,,,,,1.0,,t1_muyts07,,muzgasj,t3_1kynkum,2026-05-05T00:57:02.272Z,,,,26,https://www.reddit.com/r/Costco/comments/1kynkum/every_costco_parking_lot_meme/muzgasj/,t2_a554aaws,JustBadUserNamesLeft,
Loss Prevention,"I used to enjoy Village Inn back in the day, great pies to go.",publix,r/publix,2025-12-05T21:07:12.000Z,comment,,"&lt;div class=""md""&gt;&lt;p&gt;I used to enjoy Village Inn back in the day, great pies to go.&lt;/p&gt;
&lt;/div&gt;",t1_nshn8j2,,,,,,,,,,,5.0,,t1_nsfsqra,,nshn8j2,t3_1pevun2,2026-05-05T00:57:03.072Z,,,,3,https://www.reddit.com/r/publix/comments/1pevun2/this_is_getting_out_of_hand/nshn8j2/,t2_gkrfn1ap,SwanMuch5160,
US Midwest Region - MW,It reminds me of the couple who got married in an ALDI recently...,Costco,r/Costco,2025-09-03T16:25:13.000Z,comment,,"&lt;div class=""md""&gt;&lt;p&gt;It reminds me of the couple who got married in an ALDI recently...&lt;/p&gt;
&lt;/div&gt;",t1_nc7txhc,,,,,,,,,,,3.0,,t1_nc6oy50,,nc7txhc,t3_1n7drjs,2026-05-05T00:57:03.273Z,,,,14,https://www.reddit.com/r/Costco/comments/1n7drjs/i_painted_one_of_the_costco_guys_in_watercolor/nc7txhc/,t2_aravy,Hifihedgehog,
Newbie,Same with Denny’s. They were called Mother Butler’s Pies. Long gone now. Just a faint memory.,publix,r/publix,2025-12-06T05:52:19.000Z,comment,,"&lt;div class=""md""&gt;&lt;p&gt;Same with Denny’s. They were called Mother Butler’s Pies. Long gone now. Just a faint memory.&lt;/p&gt;
&lt;/div&gt;",t1_nsjwvy9,,,,,,,,,,,3.0,,t1_nshn8j2,,nsjwvy9,t3_1pevun2,2026-05-05T00:57:03.072Z,,,,5,https://www.reddit.com/r/publix/comments/1pevun2/this_is_getting_out_of_hand/nsjwvy9/,t2_7wox2jme,Broad_Cable8673,
,I wish the happy couple ALDI best.,Costco,r/Costco,2025-09-03T17:46:30.000Z,comment,,"&lt;div class=""md""&gt;&lt;p&gt;I wish the happy couple ALDI best.&lt;/p&gt;
&lt;/div&gt;",t1_nc8b0w9,,,,,,,,,,,1.0,,t1_nc7txhc,,nc8b0w9,t3_1n7drjs,2026-05-05T00:57:03.273Z,,,,32,https://www.reddit.com/r/Costco/comments/1n7drjs/i_painted_one_of_the_costco_guys_in_watercolor/nc8b0w9/,t2_2831ugik,Ledeyvakova23,
Newbie,"Whoa, memory unlocked. In my 20s, drunk and exhausted after a night at the club (alt, not like …. a pop nightclub). We go to Denny’s and every time I remark on how the sign looks like it reads MOTHER BUTLER DIES. 

It was at that Denny’s that my bestie and I could not remember Madame’s human handler. From across the room: “WAYLAND FLOWERS!!!” and a friendship was born.",publix,r/publix,2025-12-07T05:27:46.000Z,comment,,"&lt;div class=""md""&gt;&lt;p&gt;Whoa, memory unlocked. In my 20s, drunk and exhausted after a night at the club (alt, not like …. a pop nightclub). We go to Denny’s and every time I remark on how the sign looks like it reads MOTHER BUTLER DIES. &lt;/p&gt;

&lt;p&gt;It was at that Denny’s that my bestie and I could not remember Madame’s human handler. From across the room: “WAYLAND FLOWERS!!!” and a friendship was born.&lt;/p&gt;
&lt;/div&gt;",t1_nsptycd,,,,,,,,,,,2.0,,t1_nsjwvy9,,nsptycd,t3_1pevun2,2026-05-05T00:57:03.072Z,,,,2,https://www.reddit.com/r/publix/comments/1pevun2/this_is_getting_out_of_hand/nsptycd/,t2_upep8y728,boyracer93,
Customer Service,"It warms my heart to know that we all work soooo hard to get this man his salary!. 🥰🤗

I know this a lil late since he isn't CEO anymore, but it shows the insane compensation disparity. This is from 2023.

https://www.tampabay.com/news/business/2022/12/14/these-are-tampa-bays-20-highest-paid-ceos/",,r/publix,2025-05-23T15:05:37.000Z,post,BLEED GREEN,"&lt;!-- SC_OFF --&gt;&lt;div class=""md""&gt;&lt;p&gt;It warms my heart to know that we all work soooo hard to get this man his salary!. 🥰🤗&lt;/p&gt;

&lt;p&gt;I know this a lil late since he isn&amp;#39;t CEO anymore, but it shows the insane compensation disparity. This is from 2023.&lt;/p&gt;

&lt;p&gt;&lt;a href=""https://www.tampabay.com/news/business/2022/12/14/these-are-tampa-bays-20-highest-paid-ceos/""&gt;https://www.tampabay.com/news/business/2022/12/14/these-are-tampa-bays-20-highest-paid-ceos/&lt;/a&gt;&lt;/p&gt;
&lt;/div&gt;&lt;!-- SC_ON --&gt;",t3_1ktlv3z,https://i.redd.it/htw52nnbrj2f1.jpeg,,,,,,False,False,https://i.redd.it/htw52nnbrj2f1.jpeg,656.0,,False,,publix,1ktlv3z,,2026-05-05T00:57:08.184Z,https://a.thumbs.redditmedia.com/UIahLB59uJjGoNpFoMqLNOAEz-Z9_Zkn2b0yJZRyhA8.jpg,Just finna leave this here.,0.95,3097,https://www.reddit.com/r/publix/comments/1ktlv3z/just_finna_leave_this_here/,t2_1312rc,GRIMspaceman,
Newbie,"The median salary for full-timers is $45,890? What fantasy world is this?! I’ve been FT grocery since ‘08 &amp; I make $10K less than that - at a busy-ass store.",publix,r/publix,2025-05-23T16:05:06.000Z,comment,,"&lt;div class=""md""&gt;&lt;p&gt;The median salary for full-timers is $45,890? What fantasy world is this?! I’ve been FT grocery since ‘08 &amp;amp; I make $10K less than that - at a busy-ass store.&lt;/p&gt;
&lt;/div&gt;",t1_mtuutzr,,,,,,,,,,,9.0,,t3_1ktlv3z,,mtuutzr,t3_1ktlv3z,2026-05-05T00:57:08.306Z,,,,354,https://www.reddit.com/r/publix/comments/1ktlv3z/just_finna_leave_this_here/mtuutzr/,t2_q8al000u9,Hopeful_Wolverine997,
Customer Service,"They probably factor full-time management into that equation.

Edit: I forgot about warehouse and corporate.",publix,r/publix,2025-05-23T16:11:16.000Z,comment,,"&lt;div class=""md""&gt;&lt;p&gt;They probably factor full-time management into that equation.&lt;/p&gt;

&lt;p&gt;Edit: I forgot about warehouse and corporate.&lt;/p&gt;
&lt;/div&gt;",t1_mtuw4ig,,,,,,,,,,,3.0,,t1_mtuutzr,,mtuw4ig,t3_1ktlv3z,2026-05-05T00:57:08.306Z,,,,184,https://www.reddit.com/r/publix/comments/1ktlv3z/just_finna_leave_this_here/mtuw4ig/,t2_1312rc,GRIMspaceman,
Seafood Hobo,"That's likely what they're doing. That's $22+ an hour, which is more than most position maxes outside meat cutters in general stores",publix,r/publix,2025-05-23T16:23:49.000Z,comment,,"&lt;div class=""md""&gt;&lt;p&gt;That&amp;#39;s likely what they&amp;#39;re doing. That&amp;#39;s $22+ an hour, which is more than most position maxes outside meat cutters in general stores&lt;/p&gt;
&lt;/div&gt;",t1_mtuyqq2,,,,,,,,,,,1.0,,t1_mtuw4ig,,mtuyqq2,t3_1ktlv3z,2026-05-05T00:57:08.306Z,,,,70,https://www.reddit.com/r/publix/comments/1ktlv3z/just_finna_leave_this_here/mtuyqq2/,t2_ta7jl,NanoBuc,
Information Technology ,This plus that inflated total rewards number they’re starting to send every year..,publix,r/publix,2025-05-23T16:47:29.000Z,comment,,"&lt;div class=""md""&gt;&lt;p&gt;This plus that inflated total rewards number they’re starting to send every year..&lt;/p&gt;
&lt;/div&gt;",t1_mtv3orl,,,,,,,,,,,0.0,,t1_mtuyqq2,,mtv3orl,t3_1ktlv3z,2026-05-05T00:57:08.306Z,,,,21,https://www.reddit.com/r/publix/comments/1ktlv3z/just_finna_leave_this_here/mtv3orl/,t2_14m0n1no,Suberv,
Management,They’re factoring every corporate position in this too. Publix isn’t just retail workers we have a whole side of corporate workers as well,publix,r/publix,2025-05-23T17:11:34.000Z,comment,,"&lt;div class=""md""&gt;&lt;p&gt;They’re factoring every corporate position in this too. Publix isn’t just retail workers we have a whole side of corporate workers as well&lt;/p&gt;
&lt;/div&gt;",t1_mtv8tff,,,,,,,,,,,2.0,,t1_mtuw4ig,,mtv8tff,t3_1ktlv3z,2026-05-05T00:57:08.306Z,,,,16,https://www.reddit.com/r/publix/comments/1ktlv3z/just_finna_leave_this_here/mtv8tff/,t2_8jm0l1z6,avocadoboi228,
Customer Service,"I would posit that a majority of employees are on the retail side, and most likely part time.",publix,r/publix,2025-05-23T17:12:36.000Z,comment,,"&lt;div class=""md""&gt;&lt;p&gt;I would posit that a majority of employees are on the retail side, and most likely part time.&lt;/p&gt;
&lt;/div&gt;",t1_mtv91cr,,,,,,,,,,,1.0,,t1_mtv8tff,,mtv91cr,t3_1ktlv3z,2026-05-05T00:57:08.306Z,,,,11,https://www.reddit.com/r/publix/comments/1ktlv3z/just_finna_leave_this_here/mtv91cr/,t2_1312rc,GRIMspaceman,
Newbie,"They’re probably counting things like health insurance and other things like stocks, not just the actual gross pay itself.",publix,r/publix,2025-05-23T18:43:17.000Z,comment,,"&lt;div class=""md""&gt;&lt;p&gt;They’re probably counting things like health insurance and other things like stocks, not just the actual gross pay itself.&lt;/p&gt;
&lt;/div&gt;",t1_mtvryj7,,,,,,,,,,,2.0,,t1_mtuutzr,,mtvryj7,t3_1ktlv3z,2026-05-05T00:57:08.306Z,,,,7,https://www.reddit.com/r/publix/comments/1ktlv3z/just_finna_leave_this_here/mtvryj7/,t2_ak7c30lv,Fkmywifeape,
Newbie,More than likely I’m an assistant bakery manager and they sent me a thing in the mail at the beginning of this year saying I “made 69k with all my stuff combined”. I only make 50k last year,publix,r/publix,2025-05-23T18:48:40.000Z,comment,,"&lt;div class=""md""&gt;&lt;p&gt;More than likely I’m an assistant bakery manager and they sent me a thing in the mail at the beginning of this year saying I “made 69k with all my stuff combined”. I only make 50k last year&lt;/p&gt;
&lt;/div&gt;",t1_mtvt0zf,,,,,,,,,,,1.0,,t1_mtvryj7,,mtvt0zf,t3_1ktlv3z,2026-05-05T00:57:08.306Z,,,,7,https://www.reddit.com/r/publix/comments/1ktlv3z/just_finna_leave_this_here/mtvt0zf/,t2_8b3bb211,Itssewy,
Newbie,Assistant only 50k? Wow I thought you guys made more. Publix execs are really siphoning all profit upward,publix,r/publix,2025-05-23T18:51:58.000Z,comment,,"&lt;div class=""md""&gt;&lt;p&gt;Assistant only 50k? Wow I thought you guys made more. Publix execs are really siphoning all profit upward&lt;/p&gt;
&lt;/div&gt;",t1_mtvtok8,,,,,,,,,,,1.0,,t1_mtvt0zf,,mtvtok8,t3_1ktlv3z,2026-05-05T00:57:08.306Z,,,,2,https://www.reddit.com/r/publix/comments/1ktlv3z/just_finna_leave_this_here/mtvtok8/,t2_ak7c30lv,Fkmywifeape,
Newbie,Brother how? I was full time deli last year and made a little over 40k for the year. $18.10 per hour. I know grocery isn't far off from deli pay scale so this is impossible. You should be maxed out if you started in 2009. You're getting screwed hard at your store or you're lying.,publix,r/publix,2025-05-23T18:46:00.000Z,comment,,"&lt;div class=""md""&gt;&lt;p&gt;Brother how? I was full time deli last year and made a little over 40k for the year. $18.10 per hour. I know grocery isn&amp;#39;t far off from deli pay scale so this is impossible. You should be maxed out if you started in 2009. You&amp;#39;re getting screwed hard at your store or you&amp;#39;re lying.&lt;/p&gt;
&lt;/div&gt;",t1_mtvshvr,,,,,,,,,,,2.0,,t1_mtuutzr,,mtvshvr,t3_1ktlv3z,2026-05-05T00:57:08.306Z,,,,18,https://www.reddit.com/r/publix/comments/1ktlv3z/just_finna_leave_this_here/mtvshvr/,t2_103hxqqkgw,cadmium-fertilizer,
Newbie,that’s what i’m saying. 35k a year in 2025 is absolutely nefarious,publix,r/publix,2025-05-24T04:42:36.000Z,comment,,"&lt;div class=""md""&gt;&lt;p&gt;that’s what i’m saying. 35k a year in 2025 is absolutely nefarious&lt;/p&gt;
&lt;/div&gt;",t1_mtyk6m7,,,,,,,,,,,1.0,,t1_mtvshvr,,mtyk6m7,t3_1ktlv3z,2026-05-05T00:57:08.306Z,,,,11,https://www.reddit.com/r/publix/comments/1ktlv3z/just_finna_leave_this_here/mtyk6m7/,t2_k4i12yay,classic_liberalism95,
Newbie,"It probably accounts for corporate positions, as well as management. So if that's the median, exactly half the associates make more and the other half make less.",publix,r/publix,2025-05-23T19:27:40.000Z,comment,,"&lt;div class=""md""&gt;&lt;p&gt;It probably accounts for corporate positions, as well as management. So if that&amp;#39;s the median, exactly half the associates make more and the other half make less.&lt;/p&gt;
&lt;/div&gt;",t1_mtw0q50,,,,,,,,,,,0.0,,t1_mtuutzr,,mtw0q50,t3_1ktlv3z,2026-05-05T00:57:08.306Z,,,,3,https://www.reddit.com/r/publix/comments/1ktlv3z/just_finna_leave_this_here/mtw0q50/,t2_7h2ia7f8,Groundbreaking_Web29,
Newbie,Since '09? Only making $35K? Why are you still there?,publix,r/publix,2025-05-23T19:02:18.000Z,comment,,"&lt;div class=""md""&gt;&lt;p&gt;Since &amp;#39;09? Only making $35K? Why are you still there?&lt;/p&gt;
&lt;/div&gt;",t1_mtvvq14,,,,,,,,,,,1.0,,t1_mtuutzr,,mtvvq14,t3_1ktlv3z,2026-05-05T00:57:08.306Z,,,,5,https://www.reddit.com/r/publix/comments/1ktlv3z/just_finna_leave_this_here/mtvvq14/,t2_1c7s7jopws,NoNameFudge,
GRS,"You guys don’t make near 46k with stocks and OT?

![gif](giphy|XCmFwjt9wPotobw1xn|downsized)",publix,r/publix,2025-05-23T18:53:46.000Z,comment,,"&lt;div class=""md""&gt;&lt;p&gt;You guys don’t make near 46k with stocks and OT?&lt;/p&gt;

&lt;p&gt;&lt;a href=""https://giphy.com/gifs/XCmFwjt9wPotobw1xn"" target=""_blank""&gt;&lt;img src=""https://external-preview.redd.it/agM4KzSR6ac-ZfmBxa847EGnSDdY0_afDRqcNIczU2A.gif?width=474&amp;height=396&amp;s=c2cf1551bad49408f59396bdf5b11dcce7b69bc9"" width=""474"" height=""396""&gt;&lt;/a&gt;&lt;/p&gt;
&lt;/div&gt;",t1_mtvu1k9,,,,,,,,,,,0.0,,t1_mtuutzr,,mtvu1k9,t3_1ktlv3z,2026-05-05T00:57:08.306Z,,,,3,https://www.reddit.com/r/publix/comments/1ktlv3z/just_finna_leave_this_here/mtvu1k9/,t2_137pa6,Zero4892,
Newbie,"FT grocery, you should be atleast 17-19/20$ an hr. How are you making 35k a year?",publix,r/publix,2025-05-23T17:27:20.000Z,comment,,"&lt;div class=""md""&gt;&lt;p&gt;FT grocery, you should be atleast 17-19/20$ an hr. How are you making 35k a year?&lt;/p&gt;
&lt;/div&gt;",t1_mtvc6p3,,,,,,,,,,,2.0,,t1_mtuutzr,,mtvc6p3,t3_1ktlv3z,2026-05-05T00:57:08.306Z,,,,2,https://www.reddit.com/r/publix/comments/1ktlv3z/just_finna_leave_this_here/mtvc6p3/,t2_8d2bwq12,Education_Late,
,Felt great to run in and out so quickly without fighting a crowd! ,,r/Costco,2025-07-22T20:28:49.000Z,post,[Meme / Shitpost],"&lt;!-- SC_OFF --&gt;&lt;div class=""md""&gt;&lt;p&gt;Felt great to run in and out so quickly without fighting a crowd! &lt;/p&gt;
&lt;/div&gt;&lt;!-- SC_ON --&gt;",t3_1m6p7m0,https://i.redd.it/9ejjpr7ojhef1.gif,,,,,,False,False,https://i.redd.it/9ejjpr7ojhef1.gif,372.0,,False,,Costco,1m6p7m0,,2026-05-05T00:57:11.791Z,https://b.thumbs.redditmedia.com/PFwQD0LtYrkO_ps7601XJOxZc7AUu-cgWiC6zFv79GE.jpg,Executive Members entering Costco at 9am be like….,0.97,14759,https://www.reddit.com/r/Costco/comments/1m6p7m0/executive_members_entering_costco_at_9am_be_like/,t2_p2jjfb5t,TheDarlizzle,
,"Posts that do not follow r/Costco subreddit rules **MAY** be subject to removal. 

**Reminder: No vague non-descriptive post titles or availability questions.**

When applicable, please make sure that you're using a descriptive post title with product name(s) and/or exact question mentioned as it yields better subreddit search results. 

**Including item number, price, and approximate location or region where found is also helpful since product availability can vary.**


*I am a bot, and this action was performed automatically. Please [contact the moderators of this subreddit](/message/compose/?to=/r/Costco) if you have any questions or concerns.*",Costco,r/Costco,2025-07-22T20:28:52.000Z,comment,,"&lt;div class=""md""&gt;&lt;p&gt;Posts that do not follow &lt;a href=""/r/Costco""&gt;r/Costco&lt;/a&gt; subreddit rules &lt;strong&gt;MAY&lt;/strong&gt; be subject to removal. &lt;/p&gt;

&lt;p&gt;&lt;strong&gt;Reminder: No vague non-descriptive post titles or availability questions.&lt;/strong&gt;&lt;/p&gt;

&lt;p&gt;When applicable, please make sure that you&amp;#39;re using a descriptive post title with product name(s) and/or exact question mentioned as it yields better subreddit search results. &lt;/p&gt;

&lt;p&gt;&lt;strong&gt;Including item number, price, and approximate location or region where found is also helpful since product availability can vary.&lt;/strong&gt;&lt;/p&gt;

&lt;p&gt;&lt;em&gt;I am a bot, and this action was performed automatically. Please &lt;a href=""/message/compose/?to=/r/Costco""&gt;contact the moderators of this subreddit&lt;/a&gt; if you have any questions or concerns.&lt;/em&gt;&lt;/p&gt;
&lt;/div&gt;",t1_n4lal32,,,,,,,,,,,0.0,,t3_1m6p7m0,,n4lal32,t3_1m6p7m0,2026-05-05T00:57:11.829Z,,,,1,https://www.reddit.com/r/Costco/comments/1m6p7m0/executive_members_entering_costco_at_9am_be_like/n4lal32/,t2_6l4z3,AutoModerator,
,"Hahaha!! I feel seen. 

Seriously, I was shocked at how many of my friends with families  that don't have executive memberships. With the executive memberships 2% back, wrapped in with the Costco Visa's generous percent back, we easily pay for our executive membership and get a fat check every year. Frickin love Costco. The early entry is just a cherry on top!",Costco,r/Costco,2025-07-22T20:44:44.000Z,comment,,"&lt;div class=""md""&gt;&lt;p&gt;Hahaha!! I feel seen. &lt;/p&gt;

&lt;p&gt;Seriously, I was shocked at how many of my friends with families  that don&amp;#39;t have executive memberships. With the executive memberships 2% back, wrapped in with the Costco Visa&amp;#39;s generous percent back, we easily pay for our executive membership and get a fat check every year. Frickin love Costco. The early entry is just a cherry on top!&lt;/p&gt;
&lt;/div&gt;",t1_n4le2ag,,,,,,,,,,,12.0,,t3_1m6p7m0,,n4le2ag,t3_1m6p7m0,2026-05-05T00:57:11.829Z,,,,1093,https://www.reddit.com/r/Costco/comments/1m6p7m0/executive_members_entering_costco_at_9am_be_like/n4le2ag/,t2_3eualb00,vespahulb,
,"We've already pretty much decided we're only shopping during early hours. In the LA area, there's NEVER a time where Costco's aren't crazy busy, but now between 9 - 10AM.. they're actually bearable!",Costco,r/Costco,2025-07-22T20:54:40.000Z,comment,,"&lt;div class=""md""&gt;&lt;p&gt;We&amp;#39;ve already pretty much decided we&amp;#39;re only shopping during early hours. In the LA area, there&amp;#39;s NEVER a time where Costco&amp;#39;s aren&amp;#39;t crazy busy, but now between 9 - 10AM.. they&amp;#39;re actually bearable!&lt;/p&gt;
&lt;/div&gt;",t1_n4lg8i8,,,,,,,,,,,4.0,,t1_n4le2ag,,n4lg8i8,t3_1m6p7m0,2026-05-05T00:57:11.829Z,,,,300,https://www.reddit.com/r/Costco/comments/1m6p7m0/executive_members_entering_costco_at_9am_be_like/n4lg8i8/,t2_bjyl5,tieris,
,"I’m on the other side of the country, but my Costco is empty at 9.  I couldn’t believe it at first.  By 10am, this isle would be packed.  This is a Saturday, BTW.

https://preview.redd.it/3y59dccw2qef1.jpeg?width=1536&amp;format=pjpg&amp;auto=webp&amp;s=5c5612f913023f3f686f2714314a323311df8288",Costco,r/Costco,2025-07-24T01:10:58.000Z,comment,,"&lt;div class=""md""&gt;&lt;p&gt;I’m on the other side of the country, but my Costco is empty at 9.  I couldn’t believe it at first.  By 10am, this isle would be packed.  This is a Saturday, BTW.&lt;/p&gt;

&lt;p&gt;&lt;a href=""https://preview.redd.it/3y59dccw2qef1.jpeg?width=1536&amp;amp;format=pjpg&amp;amp;auto=webp&amp;amp;s=5c5612f913023f3f686f2714314a323311df8288""&gt;https://preview.redd.it/3y59dccw2qef1.jpeg?width=1536&amp;amp;format=pjpg&amp;amp;auto=webp&amp;amp;s=5c5612f913023f3f686f2714314a323311df8288&lt;/a&gt;&lt;/p&gt;
&lt;/div&gt;",t1_n4tjb5j,,,,,,,,,,,1.0,,t1_n4lg8i8,,n4tjb5j,t3_1m6p7m0,2026-05-05T00:57:11.829Z,,,,44,https://www.reddit.com/r/Costco/comments/1m6p7m0/executive_members_entering_costco_at_9am_be_like/n4tjb5j/,t2_10v91w,ShittingOutPosts,
,"Yup. If we know we just need a few goods, we make the drive to the Business Center in Commerce. We’re between Los Feliz, Alhambra, and Burbank, which are never not insanely packed.",Costco,r/Costco,2025-07-23T04:27:24.000Z,comment,,"&lt;div class=""md""&gt;&lt;p&gt;Yup. If we know we just need a few goods, we make the drive to the Business Center in Commerce. We’re between Los Feliz, Alhambra, and Burbank, which are never not insanely packed.&lt;/p&gt;
&lt;/div&gt;",t1_n4nnpak,,,,,,,,,,,2.0,,t1_n4lg8i8,,n4nnpak,t3_1m6p7m0,2026-05-05T00:57:11.829Z,,,,24,https://www.reddit.com/r/Costco/comments/1m6p7m0/executive_members_entering_costco_at_9am_be_like/n4nnpak/,,[deleted],
"US Texas Region (Texas, Oklahoma, Arkansas, &amp; Louisiana)","Antelope Valley needs a business center because Lancaster is always a shit show. I don't know when to go when it's NOT busy. I've been literally at 10 a.m. in the middle of the week and nope, still busy AF.",Costco,r/Costco,2025-07-24T23:13:57.000Z,comment,,"&lt;div class=""md""&gt;&lt;p&gt;Antelope Valley needs a business center because Lancaster is always a shit show. I don&amp;#39;t know when to go when it&amp;#39;s NOT busy. I&amp;#39;ve been literally at 10 a.m. in the middle of the week and nope, still busy AF.&lt;/p&gt;
&lt;/div&gt;",t1_n4zp44v,,,,,,,,,,,0.0,,t1_n4nnpak,,n4zp44v,t3_1m6p7m0,2026-05-05T00:57:11.829Z,,,,3,https://www.reddit.com/r/Costco/comments/1m6p7m0/executive_members_entering_costco_at_9am_be_like/n4zp44v/,t2_5c2csxnz,rvp0209,
Newbie,"Images:
	https://preview.redd.it/ng84trnt5tqg1.jpeg?auto=webp&amp;s=f0c4136b65c507877f5a8ba014a8adb9d885eadd
",,r/publix,2026-03-23T14:50:59.000Z,post,MEME,"Images:
	https://preview.redd.it/ng84trnt5tqg1.jpeg?auto=webp&amp;s=f0c4136b65c507877f5a8ba014a8adb9d885eadd
",t3_1s1j08c,https://i.redd.it/ng84trnt5tqg1.jpeg,,,,,,False,False,https://i.redd.it/ng84trnt5tqg1.jpeg,204.0,,False,,publix,1s1j08c,,2026-05-05T00:57:13.177Z,"https://preview.redd.it/ng84trnt5tqg1.jpeg?width=140&amp;height=140&amp;crop=1:1,smart&amp;auto=webp&amp;s=aa50facd96a17b0951055a0fa58498b4b4fca59f",Luck was on my side this weekend,0.99,2956,https://www.reddit.com/r/publix/comments/1s1j08c/luck_was_on_my_side_this_weekend/,t2_57n5jklv,ColonelStoic,
Resigned,Someone wasn't paying attention to the scale lol,publix,r/publix,2026-03-23T15:28:16.000Z,comment,,"&lt;div class=""md""&gt;&lt;p&gt;Someone wasn&amp;#39;t paying attention to the scale lol&lt;/p&gt;
&lt;/div&gt;",t1_oc16y4w,,,,,,,,,,,3.0,,t3_1s1j08c,,oc16y4w,t3_1s1j08c,2026-05-05T00:57:13.371Z,,,,365,https://www.reddit.com/r/publix/comments/1s1j08c/luck_was_on_my_side_this_weekend/oc16y4w/,t2_13u7hy,Blutrumpeter,
,"Same! And it’s easy to get the things that people usually hoard, like rotisserie chicken!",Costco,r/Costco,2025-07-23T04:27:48.000Z,comment,,"&lt;div class=""md""&gt;&lt;p&gt;Same! And it’s easy to get the things that people usually hoard, like rotisserie chicken!&lt;/p&gt;
&lt;/div&gt;",t1_n4nnrbg,,,,,,,,,,,0.0,,t1_n4lg8i8,,n4nnrbg,t3_1m6p7m0,2026-05-05T00:57:11.829Z,,,,7,https://www.reddit.com/r/Costco/comments/1m6p7m0/executive_members_entering_costco_at_9am_be_like/n4nnrbg/,t2_3pdxh,Ijustride,
Newbie,"Might have been the sticker that was used to test the printer. 

I did have someone charge me for a single wing once. I even told the cashier but she shrugged and didn't ring it up as 6. I took the win and enjoyed my wings.",publix,r/publix,2026-03-26T06:43:51.000Z,comment,,"&lt;div class=""md""&gt;&lt;p&gt;Might have been the sticker that was used to test the printer. &lt;/p&gt;

&lt;p&gt;I did have someone charge me for a single wing once. I even told the cashier but she shrugged and didn&amp;#39;t ring it up as 6. I took the win and enjoyed my wings.&lt;/p&gt;
&lt;/div&gt;",t1_ocjcawh,,,,,,,,,,,0.0,,t1_oc16y4w,,ocjcawh,t3_1s1j08c,2026-05-05T00:57:13.371Z,,,,9,https://www.reddit.com/r/publix/comments/1s1j08c/luck_was_on_my_side_this_weekend/ocjcawh/,t2_bm0vs,jasonreid1976,
,now if they only refunded the difference in coupon items back to the visa within 30 days automagically? bonus.,Costco,r/Costco,2025-07-22T20:54:56.000Z,comment,,"&lt;div class=""md""&gt;&lt;p&gt;now if they only refunded the difference in coupon items back to the visa within 30 days automagically? bonus.&lt;/p&gt;
&lt;/div&gt;",t1_n4lganu,,,,,,,,,,,2.0,,t1_n4le2ag,,n4lganu,t3_1m6p7m0,2026-05-05T00:57:11.829Z,,,,73,https://www.reddit.com/r/Costco/comments/1m6p7m0/executive_members_entering_costco_at_9am_be_like/n4lganu/,t2_1qloja081x,Short_Psychology_164,
,It's not OK,,r/Costco,2025-10-11T14:25:03.000Z,post,[Meme / Shitpost],"&lt;!-- SC_OFF --&gt;&lt;div class=""md""&gt;&lt;p&gt;It&amp;#39;s not OK&lt;/p&gt;
&lt;/div&gt;&lt;!-- SC_ON --&gt;",t3_1o3wy5j,https://i.redd.it/nh8gbt8mshuf1.jpeg,,,,,,False,False,https://i.redd.it/nh8gbt8mshuf1.jpeg,391.0,,False,,Costco,1o3wy5j,,2026-05-05T00:57:13.679Z,https://b.thumbs.redditmedia.com/9phm17sYLLFUOQGYOR2RkDuTqoCjvYjm6ZGvuOuUdPs.jpg,Never Forget. The Supreme.,0.97,14496,https://www.reddit.com/r/Costco/comments/1o3wy5j/never_forget_the_supreme/,t2_4c81l,BirdsTheWurd,
,"I’d imagine Costco is losing money (aka lower profit) when they do complimentary refunds, so I don’t see why they would make it automatic.

For example, if Costco has an agreement with the vendor to have a lower price in July, but you bought it in June, Costco will sacrifice their margins giving you the difference.

Now there’s the whole “return and rebuy” aspect but most people won’t bother to go through the effort.",Costco,r/Costco,2025-07-22T20:58:49.000Z,comment,,"&lt;div class=""md""&gt;&lt;p&gt;I’d imagine Costco is losing money (aka lower profit) when they do complimentary refunds, so I don’t see why they would make it automatic.&lt;/p&gt;

&lt;p&gt;For example, if Costco has an agreement with the vendor to have a lower price in July, but you bought it in June, Costco will sacrifice their margins giving you the difference.&lt;/p&gt;

&lt;p&gt;Now there’s the whole “return and rebuy” aspect but most people won’t bother to go through the effort.&lt;/p&gt;
&lt;/div&gt;",t1_n4lh4sf,,,,,,,,,,,1.0,,t1_n4lganu,,n4lh4sf,t3_1m6p7m0,2026-05-05T00:57:11.829Z,,,,45,https://www.reddit.com/r/Costco/comments/1m6p7m0/executive_members_entering_costco_at_9am_be_like/n4lh4sf/,t2_96xwf,Deceptiveideas,
Newbie,"If you do this….. just know, I have beef with you

Also, if you work at Publix or any grocery store and have gotten carts before, do you also hate when customers do this?",,r/publix,2026-01-31T12:40:11.000Z,post,CUSTOMERS,"&lt;!-- SC_OFF --&gt;&lt;div class=""md""&gt;&lt;p&gt;If you do this….. just know, I have beef with you&lt;/p&gt;

&lt;p&gt;Also, if you work at Publix or any grocery store and have gotten carts before, do you also hate when customers do this?&lt;/p&gt;
&lt;/div&gt;&lt;!-- SC_ON --&gt;",t3_1qs1c13,https://i.redd.it/zbmq25vzjogg1.jpg,https://i.redd.it/t31s64vzjogg1.jpg,,,,,False,False,https://www.reddit.com/gallery/1qs1c13,2621.0,,False,,publix,1qs1c13,,2026-05-05T00:57:13.773Z,https://b.thumbs.redditmedia.com/00UgWhXqpfEYGWs7VT13Q57OaY8rlke2nLq1n-CHRzo.jpg,Why do people do this,0.97,2964,https://www.reddit.com/r/publix/comments/1qs1c13/why_do_people_do_this/,t2_1heu7nhq12,Slow_Pomegranate_990,
,[removed],publix,r/publix,2026-03-24T12:37:40.000Z,comment,,"&lt;div class=""md""&gt;&lt;p&gt;[removed]&lt;/p&gt;
&lt;/div&gt;",t1_oc6z5ql,,,,,,,,,,,1.0,,t1_oc16y4w,,oc6z5ql,t3_1s1j08c,2026-05-05T00:57:13.371Z,,,,1,https://www.reddit.com/r/publix/comments/1s1j08c/luck_was_on_my_side_this_weekend/oc6z5ql/,,[deleted],
,"Am I the only one that feel like they get enough value out of Costco that these tactics are unnecessary? Like maybe on a big ticket item, but saving $4 on a jar of pickles because they went on sale a month after purchase feels dirty.",Costco,r/Costco,2025-07-22T23:43:59.000Z,comment,,"&lt;div class=""md""&gt;&lt;p&gt;Am I the only one that feel like they get enough value out of Costco that these tactics are unnecessary? Like maybe on a big ticket item, but saving $4 on a jar of pickles because they went on sale a month after purchase feels dirty.&lt;/p&gt;
&lt;/div&gt;",t1_n4md0kr,,,,,,,,,,,3.0,,t1_n4lh4sf,,n4md0kr,t3_1m6p7m0,2026-05-05T00:57:11.829Z,,,,54,https://www.reddit.com/r/Costco/comments/1m6p7m0/executive_members_entering_costco_at_9am_be_like/n4md0kr/,t2_y42koiq19,No_Internal9345,
Newbie,"I would argue that this is a sign. Another cart corral needs to be added somewhere near there. I had this same problem at a Lowe’s and the SM refused to have another added because the lot was already too small a tight… they added one about 3 months after I left and expanded the garden section to take up a whole row of the parking lot

Edit: thanks for the award! 

Edit 2: GUYS. I KNOW PEOPLE ARE LAZY. That’s why I suggest to better design around said laziness. I also understand it’s not full proof, I’ve been to grocery stores myself. But 1 or 2 not correctly placed is better than 7 or 8. It’s the shear number that shows the issue being design, not that cart being out itself.

Edit 3: I do not care about the typos. I’m gonna leave them. I’m human, I make mistakes.",publix,r/publix,2026-01-31T12:47:18.000Z,comment,,"&lt;div class=""md""&gt;&lt;p&gt;I would argue that this is a sign. Another cart corral needs to be added somewhere near there. I had this same problem at a Lowe’s and the SM refused to have another added because the lot was already too small a tight… they added one about 3 months after I left and expanded the garden section to take up a whole row of the parking lot&lt;/p&gt;

&lt;p&gt;Edit: thanks for the award! &lt;/p&gt;

&lt;p&gt;Edit 2: GUYS. I KNOW PEOPLE ARE LAZY. That’s why I suggest to better design around said laziness. I also understand it’s not full proof, I’ve been to grocery stores myself. But 1 or 2 not correctly placed is better than 7 or 8. It’s the shear number that shows the issue being design, not that cart being out itself.&lt;/p&gt;

&lt;p&gt;Edit 3: I do not care about the typos. I’m gonna leave them. I’m human, I make mistakes.&lt;/p&gt;
&lt;/div&gt;",t1_o2s4mrj,,,,,,,,,,,28.0,,t3_1qs1c13,,o2s4mrj,t3_1qs1c13,2026-05-05T00:57:13.872Z,,,,503,https://www.reddit.com/r/publix/comments/1qs1c13/why_do_people_do_this/o2s4mrj/,t2_ewo02,JMeadowsATL,
,"Posts that do not follow r/Costco subreddit rules **MAY** be subject to removal. 

**Reminder: No vague non-descriptive post titles or availability questions.**

When applicable, please make sure that you're using a descriptive post title with product name(s) and/or exact question mentioned as it yields better subreddit search results. 

**Including item number, price, and approximate location or region where found is also helpful since product availability can vary.**


*I am a bot, and this action was performed automatically. Please [contact the moderators of this subreddit](/message/compose/?to=/r/Costco) if you have any questions or concerns.*",Costco,r/Costco,2025-10-11T14:25:05.000Z,comment,,"&lt;div class=""md""&gt;&lt;p&gt;Posts that do not follow &lt;a href=""/r/Costco""&gt;r/Costco&lt;/a&gt; subreddit rules &lt;strong&gt;MAY&lt;/strong&gt; be subject to removal. &lt;/p&gt;

&lt;p&gt;&lt;strong&gt;Reminder: No vague non-descriptive post titles or availability questions.&lt;/strong&gt;&lt;/p&gt;

&lt;p&gt;When applicable, please make sure that you&amp;#39;re using a descriptive post title with product name(s) and/or exact question mentioned as it yields better subreddit search results. &lt;/p&gt;

&lt;p&gt;&lt;strong&gt;Including item number, price, and approximate location or region where found is also helpful since product availability can vary.&lt;/strong&gt;&lt;/p&gt;

&lt;p&gt;&lt;em&gt;I am a bot, and this action was performed automatically. Please &lt;a href=""/message/compose/?to=/r/Costco""&gt;contact the moderators of this subreddit&lt;/a&gt; if you have any questions or concerns.&lt;/em&gt;&lt;/p&gt;
&lt;/div&gt;",t1_niy01y8,,,,,,,,,,,0.0,,t3_1o3wy5j,,niy01y8,t3_1o3wy5j,2026-05-05T00:57:13.808Z,,,,1,https://www.reddit.com/r/Costco/comments/1o3wy5j/never_forget_the_supreme/niy01y8/,t2_6l4z3,AutoModerator,
,"Hi External_Shoulder_14, I am the bot of r/publix.  My job is to help weed out spam accounts, but sometimes nab real users in the process. Your account is either less than a week old or is an account with negative/low karma, so the AutoModerator has removed your submission. Please message the Mod team for approval. Confused about karma? [A Guide to Reddit Karma](https://www.reddit.com/r/NewToReddit/comments/cncbt1/a_guide_to_reddit_karma/) for more information

*I am a bot, and this action was performed automatically. Please [contact the moderators of this subreddit](/message/compose/?to=/r/publix) if you have any questions or concerns.*",publix,r/publix,2026-03-24T12:37:41.000Z,comment,,"&lt;div class=""md""&gt;&lt;p&gt;Hi External_Shoulder_14, I am the bot of &lt;a href=""/r/publix""&gt;r/publix&lt;/a&gt;.  My job is to help weed out spam accounts, but sometimes nab real users in the process. Your account is either less than a week old or is an account with negative/low karma, so the AutoModerator has removed your submission. Please message the Mod team for approval. Confused about karma? &lt;a href=""https://www.reddit.com/r/NewToReddit/comments/cncbt1/a_guide_to_reddit_karma/""&gt;A Guide to Reddit Karma&lt;/a&gt; for more information&lt;/p&gt;

&lt;p&gt;&lt;em&gt;I am a bot, and this action was performed automatically. Please &lt;a href=""/message/compose/?to=/r/publix""&gt;contact the moderators of this subreddit&lt;/a&gt; if you have any questions or concerns.&lt;/em&gt;&lt;/p&gt;
&lt;/div&gt;",t1_oc6z5t4,,,,,,,,,,,0.0,,t1_oc6z5ql,,oc6z5t4,t3_1s1j08c,2026-05-05T00:57:13.371Z,,,,2,https://www.reddit.com/r/publix/comments/1s1j08c/luck_was_on_my_side_this_weekend/oc6z5t4/,t2_6l4z3,AutoModerator,
,I think that’s why a lot of people don’t bother.,Costco,r/Costco,2025-07-22T23:50:28.000Z,comment,,"&lt;div class=""md""&gt;&lt;p&gt;I think that’s why a lot of people don’t bother.&lt;/p&gt;
&lt;/div&gt;",t1_n4me850,,,,,,,,,,,0.0,,t1_n4md0kr,,n4me850,t3_1m6p7m0,2026-05-05T00:57:11.829Z,,,,17,https://www.reddit.com/r/Costco/comments/1m6p7m0/executive_members_entering_costco_at_9am_be_like/n4me850/,t2_96xwf,Deceptiveideas,
,We didn’t know what we had until it was gone 😩,Costco,r/Costco,2025-10-11T14:32:45.000Z,comment,,"&lt;div class=""md""&gt;&lt;p&gt;We didn’t know what we had until it was gone 😩&lt;/p&gt;
&lt;/div&gt;",t1_niy1ezp,,,,,,,,,,,2.0,,t3_1o3wy5j,,niy1ezp,t3_1o3wy5j,2026-05-05T00:57:13.808Z,,,,492,https://www.reddit.com/r/Costco/comments/1o3wy5j/never_forget_the_supreme/niy1ezp/,t2_qjzx2f1,humancondition88,
Newbie,"Yeah, I always take my carts back. Even if it's a ridiculous chore. But damn there are some cart corral deserts in this world.

The only exception was when I had small children that I couldn't leave for a 200 yard trip haha.",publix,r/publix,2026-01-31T13:22:53.000Z,comment,,"&lt;div class=""md""&gt;&lt;p&gt;Yeah, I always take my carts back. Even if it&amp;#39;s a ridiculous chore. But damn there are some cart corral deserts in this world.&lt;/p&gt;

&lt;p&gt;The only exception was when I had small children that I couldn&amp;#39;t leave for a 200 yard trip haha.&lt;/p&gt;
&lt;/div&gt;",t1_o2s9vls,,,,,,,,,,,5.0,,t1_o2s4mrj,,o2s9vls,t3_1qs1c13,2026-05-05T00:57:13.872Z,,,,120,https://www.reddit.com/r/publix/comments/1qs1c13/why_do_people_do_this/o2s9vls/,t2_abkv5ls,GulfCoastLaw,
,[deleted],publix,r/publix,2026-03-23T17:06:37.000Z,comment,,"&lt;div class=""md""&gt;&lt;p&gt;[deleted]&lt;/p&gt;
&lt;/div&gt;",t1_oc1sbdl,,,,,,,,,,,1.0,,t1_oc16y4w,,oc1sbdl,t3_1s1j08c,2026-05-05T00:57:13.371Z,,,,-6,https://www.reddit.com/r/publix/comments/1s1j08c/luck_was_on_my_side_this_weekend/oc1sbdl/,,[deleted],
,We see what they're done for others with the bulgogi pizza,Costco,r/Costco,2025-10-11T15:40:24.000Z,comment,,"&lt;div class=""md""&gt;&lt;p&gt;We see what they&amp;#39;re done for others with the bulgogi pizza&lt;/p&gt;
&lt;/div&gt;",t1_niydy2c,,,,,,,,,,,2.0,,t1_niy1ezp,,niydy2c,t3_1o3wy5j,2026-05-05T00:57:13.808Z,,,,94,https://www.reddit.com/r/Costco/comments/1o3wy5j/never_forget_the_supreme/niydy2c/,t2_wy7py,redditproha,
,"If you see the return line as a disincentive then you're probably the average customer in this regard.

Discount programs that require labor on your part are designed to give the discount only to the most price sensitive of us, such that it gives them a feeling of pride an accomplishment for ""earning"" a deal.  Most smaller stores set it such that the discount's value proposition is actually negative for most people.",Costco,r/Costco,2025-07-23T00:05:25.000Z,comment,,"&lt;div class=""md""&gt;&lt;p&gt;If you see the return line as a disincentive then you&amp;#39;re probably the average customer in this regard.&lt;/p&gt;

&lt;p&gt;Discount programs that require labor on your part are designed to give the discount only to the most price sensitive of us, such that it gives them a feeling of pride an accomplishment for &amp;quot;earning&amp;quot; a deal.  Most smaller stores set it such that the discount&amp;#39;s value proposition is actually negative for most people.&lt;/p&gt;
&lt;/div&gt;",t1_n4mgx3e,,,,,,,,,,,0.0,,t1_n4md0kr,,n4mgx3e,t3_1m6p7m0,2026-05-05T00:57:11.829Z,,,,15,https://www.reddit.com/r/Costco/comments/1m6p7m0/executive_members_entering_costco_at_9am_be_like/n4mgx3e/,t2_mep55,Dyanpanda,
Newbie,"I’m one of those people who is obsessive about getting in 10k steps per day, so I have no problem walking the cart back to the store, it triples my steps!",publix,r/publix,2026-01-31T17:08:18.000Z,comment,,"&lt;div class=""md""&gt;&lt;p&gt;I’m one of those people who is obsessive about getting in 10k steps per day, so I have no problem walking the cart back to the store, it triples my steps!&lt;/p&gt;
&lt;/div&gt;",t1_o2tgxhd,,,,,,,,,,,1.0,,t1_o2s9vls,,o2tgxhd,t3_1qs1c13,2026-05-05T00:57:13.872Z,,,,38,https://www.reddit.com/r/publix/comments/1qs1c13/why_do_people_do_this/o2tgxhd/,t2_3u5xfz1s,rraattbbooyy,
,the WHAT,Costco,r/Costco,2025-10-11T16:37:09.000Z,comment,,"&lt;div class=""md""&gt;&lt;p&gt;the WHAT&lt;/p&gt;
&lt;/div&gt;",t1_niyokme,,,,,,,,,,,2.0,,t1_niydy2c,,niyokme,t3_1o3wy5j,2026-05-05T00:57:13.808Z,,,,19,https://www.reddit.com/r/Costco/comments/1o3wy5j/never_forget_the_supreme/niyokme/,,[deleted],
Newbie,That’s not 0.01 lbs. of meat ,publix,r/publix,2026-03-23T17:19:54.000Z,comment,,"&lt;div class=""md""&gt;&lt;p&gt;That’s not 0.01 lbs. of meat &lt;/p&gt;
&lt;/div&gt;",t1_oc1v8gx,,,,,,,,,,,1.0,,t1_oc1sbdl,,oc1v8gx,t3_1s1j08c,2026-05-05T00:57:13.371Z,,,,18,https://www.reddit.com/r/publix/comments/1s1j08c/luck_was_on_my_side_this_weekend/oc1v8gx/,t2_jkcibe3ho,Holykorn,
,"Within 30 days of purchase, you can get a price adjustment if things go on sale. There’s no need to return and rebuy. Just bring the receipt to the special adjustment register that’s off the side of the normal check out lines and wait/ask for an employee to do it. I do consider returning items, especially used, after the 30 day limit with the intention to repurchase to be an unscrupulous hack.",Costco,r/Costco,2025-07-23T04:55:13.000Z,comment,,"&lt;div class=""md""&gt;&lt;p&gt;Within 30 days of purchase, you can get a price adjustment if things go on sale. There’s no need to return and rebuy. Just bring the receipt to the special adjustment register that’s off the side of the normal check out lines and wait/ask for an employee to do it. I do consider returning items, especially used, after the 30 day limit with the intention to repurchase to be an unscrupulous hack.&lt;/p&gt;
&lt;/div&gt;",t1_n4nreg3,,,,,,,,,,,1.0,,t1_n4md0kr,,n4nreg3,t3_1m6p7m0,2026-05-05T00:57:11.829Z,,,,6,https://www.reddit.com/r/Costco/comments/1m6p7m0/executive_members_entering_costco_at_9am_be_like/n4nreg3/,t2_3lew7,BaconExplosion,
Newbie,"Just wanted to up vote you bc you're absolutely right. I always take my cart back with the exception of when my children were small and I couldn't leave them in the car unattended that long bc they would freak out. It's not simply about convenience, it's sometimes necessary. I used to get annoyed when people left their carts, but I've become a lot softer about it after being forced to myself bc there ain't a cart corral within 150 feet of the available parking spots.",publix,r/publix,2026-01-31T17:32:31.000Z,comment,,"&lt;div class=""md""&gt;&lt;p&gt;Just wanted to up vote you bc you&amp;#39;re absolutely right. I always take my cart back with the exception of when my children were small and I couldn&amp;#39;t leave them in the car unattended that long bc they would freak out. It&amp;#39;s not simply about convenience, it&amp;#39;s sometimes necessary. I used to get annoyed when people left their carts, but I&amp;#39;ve become a lot softer about it after being forced to myself bc there ain&amp;#39;t a cart corral within 150 feet of the available parking spots.&lt;/p&gt;
&lt;/div&gt;",t1_o2tlw9k,,,,,,,,,,,3.0,,t1_o2s9vls,,o2tlw9k,t3_1qs1c13,2026-05-05T00:57:13.872Z,,,,23,https://www.reddit.com/r/publix/comments/1qs1c13/why_do_people_do_this/o2tlw9k/,t2_3hbpt,jfrii,
,[bulgogi pizza.  ](https://www.reddit.com/r/Costco/comments/1o1k29i/yangae_seoul_korea_costco_food_court_bulgogi/)I need this.,Costco,r/Costco,2025-10-11T19:25:55.000Z,comment,,"&lt;div class=""md""&gt;&lt;p&gt;&lt;a href=""https://www.reddit.com/r/Costco/comments/1o1k29i/yangae_seoul_korea_costco_food_court_bulgogi/""&gt;bulgogi pizza.  &lt;/a&gt;I need this.&lt;/p&gt;
&lt;/div&gt;",t1_nizkkod,,,,,,,,,,,2.0,,t1_niyokme,,nizkkod,t3_1o3wy5j,2026-05-05T00:57:13.808Z,,,,25,https://www.reddit.com/r/Costco/comments/1o3wy5j/never_forget_the_supreme/nizkkod/,t2_sqadcm5w,Weary_Panda80,
Newbie,I hope you bought them all and went through self check out. ,publix,r/publix,2026-03-23T15:30:04.000Z,comment,,"&lt;div class=""md""&gt;&lt;p&gt;I hope you bought them all and went through self check out. &lt;/p&gt;
&lt;/div&gt;",t1_oc17bu0,,,,,,,,,,,4.0,,t3_1s1j08c,,oc17bu0,t3_1s1j08c,2026-05-05T00:57:13.371Z,,,,231,https://www.reddit.com/r/publix/comments/1s1j08c/luck_was_on_my_side_this_weekend/oc17bu0/,t2_tpv0txw4,Only_Pea_9936,
Newbie,It's things like this that make you think twice about judging ñothers.,publix,r/publix,2026-02-01T05:22:11.000Z,comment,,"&lt;div class=""md""&gt;&lt;p&gt;It&amp;#39;s things like this that make you think twice about judging ñothers.&lt;/p&gt;
&lt;/div&gt;",t1_o2x7t99,,,,,,,,,,,1.0,,t1_o2tlw9k,,o2x7t99,t3_1qs1c13,2026-05-05T00:57:13.872Z,,,,6,https://www.reddit.com/r/publix/comments/1qs1c13/why_do_people_do_this/o2x7t99/,t2_994enxfm6,SpicierWinner,
,"Holy crap didnt know about the 2% and I've bought sheds, sofas, all sorts defo would have paid for itself. 

Balls.",Costco,r/Costco,2025-07-22T21:14:37.000Z,comment,,"&lt;div class=""md""&gt;&lt;p&gt;Holy crap didnt know about the 2% and I&amp;#39;ve bought sheds, sofas, all sorts defo would have paid for itself. &lt;/p&gt;

&lt;p&gt;Balls.&lt;/p&gt;
&lt;/div&gt;",t1_n4lkf7i,,,,,,,,,,,1.0,,t1_n4le2ag,,n4lkf7i,t3_1m6p7m0,2026-05-05T00:57:11.829Z,,,,20,https://www.reddit.com/r/Costco/comments/1m6p7m0/executive_members_entering_costco_at_9am_be_like/n4lkf7i/,t2_nkd8p,matthaus79,
Newbie,Why would it matter? Publix promise states that if it rings up for the wrong price you get it free,publix,r/publix,2026-03-23T15:39:05.000Z,comment,,"&lt;div class=""md""&gt;&lt;p&gt;Why would it matter? Publix promise states that if it rings up for the wrong price you get it free&lt;/p&gt;
&lt;/div&gt;",t1_oc1998i,,,,,,,,,,,6.0,,t1_oc17bu0,,oc1998i,t3_1s1j08c,2026-05-05T00:57:13.371Z,,,,195,https://www.reddit.com/r/publix/comments/1s1j08c/luck_was_on_my_side_this_weekend/oc1998i/,t2_1ay5p2j2a5,ChadGuadalupe,
,They need to start opening a world-wide costco in every major city that cycles through the products from costcos all around the world.,Costco,r/Costco,2025-10-26T01:15:00.000Z,comment,,"&lt;div class=""md""&gt;&lt;p&gt;They need to start opening a world-wide costco in every major city that cycles through the products from costcos all around the world.&lt;/p&gt;
&lt;/div&gt;",t1_nlemf6u,,,,,,,,,,,1.0,,t1_nizkkod,,nlemf6u,t3_1o3wy5j,2026-05-05T00:57:13.808Z,,,,3,https://www.reddit.com/r/Costco/comments/1o3wy5j/never_forget_the_supreme/nlemf6u/,t2_d74qeetl,Bagel_lust,
Newbie,"I parked next to the cart corral when I had small ones with me. Cart usually available right away, quick and easy cart disposal when you're done.",publix,r/publix,2026-02-01T20:34:33.000Z,comment,,"&lt;div class=""md""&gt;&lt;p&gt;I parked next to the cart corral when I had small ones with me. Cart usually available right away, quick and easy cart disposal when you&amp;#39;re done.&lt;/p&gt;
&lt;/div&gt;",t1_o3194g8,,,,,,,,,,,1.0,,t1_o2tlw9k,,o3194g8,t3_1qs1c13,2026-05-05T00:57:13.872Z,,,,5,https://www.reddit.com/r/publix/comments/1qs1c13/why_do_people_do_this/o3194g8/,t2_9ec9d,BeerBrat,
,You Costco doesn't automatically enroll you in it when you buy big ticket items? Mine did luckily,Costco,r/Costco,2025-07-23T05:08:49.000Z,comment,,"&lt;div class=""md""&gt;&lt;p&gt;You Costco doesn&amp;#39;t automatically enroll you in it when you buy big ticket items? Mine did luckily&lt;/p&gt;
&lt;/div&gt;",t1_n4nt4r5,,,,,,,,,,,1.0,,t1_n4lkf7i,,n4nt4r5,t3_1m6p7m0,2026-05-05T00:57:11.829Z,,,,6,https://www.reddit.com/r/Costco/comments/1m6p7m0/executive_members_entering_costco_at_9am_be_like/n4nt4r5/,t2_13l9wjm75c,DependentOnIt,
,I miss bulgogi pizza,Costco,r/Costco,2025-10-12T02:34:15.000Z,comment,,"&lt;div class=""md""&gt;&lt;p&gt;I miss bulgogi pizza&lt;/p&gt;
&lt;/div&gt;",t1_nj1iyxa,,,,,,,,,,,0.0,,t1_nizkkod,,nj1iyxa,t3_1o3wy5j,2026-05-05T00:57:13.808Z,,,,3,https://www.reddit.com/r/Costco/comments/1o3wy5j/never_forget_the_supreme/nj1iyxa/,t2_7y86adqw,GammaDealer,
Newbie,Self checkout keeps the butcher person from getting canned 🤫 ,publix,r/publix,2026-03-23T15:49:38.000Z,comment,,"&lt;div class=""md""&gt;&lt;p&gt;Self checkout keeps the butcher person from getting canned 🤫 &lt;/p&gt;
&lt;/div&gt;",t1_oc1bjmc,,,,,,,,,,,3.0,,t1_oc1998i,,oc1bjmc,t3_1s1j08c,2026-05-05T00:57:13.371Z,,,,247,https://www.reddit.com/r/publix/comments/1s1j08c/luck_was_on_my_side_this_weekend/oc1bjmc/,t2_14zzlg,soscribbly,
,Bulgogi pizza sounds amazing wheres that at,Costco,r/Costco,2025-10-11T17:41:30.000Z,comment,,"&lt;div class=""md""&gt;&lt;p&gt;Bulgogi pizza sounds amazing wheres that at&lt;/p&gt;
&lt;/div&gt;",t1_niz165i,,,,,,,,,,,1.0,,t1_niydy2c,,niz165i,t3_1o3wy5j,2026-05-05T00:57:13.808Z,,,,3,https://www.reddit.com/r/Costco/comments/1o3wy5j/never_forget_the_supreme/niz165i/,t2_1mszyy6j,Brandinisnor3s,
Newbie,I work for people who are paralyzed and don't always want to walk all the way back and leave them in a running vehicle for too long. I could just see someone jumping in the can and taking off with them,publix,r/publix,2026-01-31T15:57:25.000Z,comment,,"&lt;div class=""md""&gt;&lt;p&gt;I work for people who are paralyzed and don&amp;#39;t always want to walk all the way back and leave them in a running vehicle for too long. I could just see someone jumping in the can and taking off with them&lt;/p&gt;
&lt;/div&gt;",t1_o2t24et,,,,,,,,,,,2.0,,t1_o2s9vls,,o2t24et,t3_1qs1c13,2026-05-05T00:57:13.872Z,,,,18,https://www.reddit.com/r/publix/comments/1qs1c13/why_do_people_do_this/o2t24et/,t2_8saggbha,Few-Raise-1825,
Newbie,Lol fair,publix,r/publix,2026-03-23T15:51:33.000Z,comment,,"&lt;div class=""md""&gt;&lt;p&gt;Lol fair&lt;/p&gt;
&lt;/div&gt;",t1_oc1byme,,,,,,,,,,,0.0,,t1_oc1bjmc,,oc1byme,t3_1s1j08c,2026-05-05T00:57:13.371Z,,,,30,https://www.reddit.com/r/publix/comments/1s1j08c/luck_was_on_my_side_this_weekend/oc1byme/,t2_1ay5p2j2a5,ChadGuadalupe,
Newbie,They would fire him/her over making a mistake on the price of two burgers? jeez.....,publix,r/publix,2026-03-23T16:22:12.000Z,comment,,"&lt;div class=""md""&gt;&lt;p&gt;They would fire him/her over making a mistake on the price of two burgers? jeez.....&lt;/p&gt;
&lt;/div&gt;",t1_oc1ilt2,,,,,,,,,,,4.0,,t1_oc1bjmc,,oc1ilt2,t3_1s1j08c,2026-05-05T00:57:13.371Z,,,,25,https://www.reddit.com/r/publix/comments/1s1j08c/luck_was_on_my_side_this_weekend/oc1ilt2/,t2_neuf39dm3,bigdongstpete,
Produce,Jumping in the can? Where are you leaving them?,publix,r/publix,2026-02-01T00:03:43.000Z,comment,,"&lt;div class=""md""&gt;&lt;p&gt;Jumping in the can? Where are you leaving them?&lt;/p&gt;
&lt;/div&gt;",t1_o2vsf6f,,,,,,,,,,,2.0,,t1_o2t24et,,o2vsf6f,t3_1qs1c13,2026-05-05T00:57:13.872Z,,,,9,https://www.reddit.com/r/publix/comments/1qs1c13/why_do_people_do_this/o2vsf6f/,t2_2u3aryha,BringTheLightnin,
,"Korea, probably?",Costco,r/Costco,2025-10-11T18:05:04.000Z,comment,,"&lt;div class=""md""&gt;&lt;p&gt;Korea, probably?&lt;/p&gt;
&lt;/div&gt;",t1_niz5prg,,,,,,,,,,,0.0,,t1_niz165i,,niz5prg,t3_1o3wy5j,2026-05-05T00:57:13.808Z,,,,7,https://www.reddit.com/r/Costco/comments/1o3wy5j/never_forget_the_supreme/niz5prg/,t2_18bqgka,neBular_cipHer,
Newbie,The nearest porta-potty,publix,r/publix,2026-02-01T05:46:53.000Z,comment,,"&lt;div class=""md""&gt;&lt;p&gt;The nearest porta-potty&lt;/p&gt;
&lt;/div&gt;",t1_o2xb328,,,,,,,,,,,0.0,,t1_o2vsf6f,,o2xb328,t3_1qs1c13,2026-05-05T00:57:13.872Z,,,,3,https://www.reddit.com/r/publix/comments/1qs1c13/why_do_people_do_this/o2xb328/,t2_61h7ddn9,ericloz,
,Polish dog :'(,Costco,r/Costco,2025-10-11T20:52:56.000Z,comment,,"&lt;div class=""md""&gt;&lt;p&gt;Polish dog :&amp;#39;(&lt;/p&gt;
&lt;/div&gt;",t1_nj0081t,,,,,,,,,,,1.0,,t1_niy1ezp,,nj0081t,t3_1o3wy5j,2026-05-05T00:57:13.808Z,,,,11,https://www.reddit.com/r/Costco/comments/1o3wy5j/never_forget_the_supreme/nj0081t/,t2_e6pv6,Montigue,
Newbie,"I can help it of they is so poor all they can afford is a can on wheels. And yes, I do have to run to catch up with them after I leave them in it with it running",publix,r/publix,2026-02-01T02:19:12.000Z,comment,,"&lt;div class=""md""&gt;&lt;p&gt;I can help it of they is so poor all they can afford is a can on wheels. And yes, I do have to run to catch up with them after I leave them in it with it running&lt;/p&gt;
&lt;/div&gt;",t1_o2wfo50,,,,,,,,,,,0.0,,t1_o2vsf6f,,o2wfo50,t3_1qs1c13,2026-05-05T00:57:13.872Z,,,,3,https://www.reddit.com/r/publix/comments/1qs1c13/why_do_people_do_this/o2wfo50/,t2_8saggbha,Few-Raise-1825,
Newbie,They certainly wouldn’t be getting promoted over it,publix,r/publix,2026-03-23T16:24:50.000Z,comment,,"&lt;div class=""md""&gt;&lt;p&gt;They certainly wouldn’t be getting promoted over it&lt;/p&gt;
&lt;/div&gt;",t1_oc1j6dh,,,,,,,,,,,2.0,,t1_oc1ilt2,,oc1j6dh,t3_1s1j08c,2026-05-05T00:57:13.371Z,,,,72,https://www.reddit.com/r/publix/comments/1s1j08c/luck_was_on_my_side_this_weekend/oc1j6dh/,t2_14zzlg,soscribbly,
,Chopped onions and the deli mustard 😭,Costco,r/Costco,2025-10-12T04:20:50.000Z,comment,,"&lt;div class=""md""&gt;&lt;p&gt;Chopped onions and the deli mustard 😭&lt;/p&gt;
&lt;/div&gt;",t1_nj1xkh8,,,,,,,,,,,1.0,,t1_nj0081t,,nj1xkh8,t3_1o3wy5j,2026-05-05T00:57:13.808Z,,,,3,https://www.reddit.com/r/Costco/comments/1o3wy5j/never_forget_the_supreme/nj1xkh8/,t2_6c18o,normous,
Newbie,"Also, I’ve seen several reasons why. A mom with a baby in her arms, an elderly man that has trouble walking, someone with a baby they have placed in the car and don’t want to walk away from. It’s not always that people are lazy. These are just examples of things I’ve seen over the years. Just another perspective🙂",publix,r/publix,2026-01-31T18:55:26.000Z,comment,,"&lt;div class=""md""&gt;&lt;p&gt;Also, I’ve seen several reasons why. A mom with a baby in her arms, an elderly man that has trouble walking, someone with a baby they have placed in the car and don’t want to walk away from. It’s not always that people are lazy. These are just examples of things I’ve seen over the years. Just another perspective🙂&lt;/p&gt;
&lt;/div&gt;",t1_o2u3i4c,,,,,,,,,,,1.0,,t1_o2s9vls,,o2u3i4c,t3_1qs1c13,2026-05-05T00:57:13.872Z,,,,3,https://www.reddit.com/r/publix/comments/1qs1c13/why_do_people_do_this/o2u3i4c/,t2_a269br77,er1026,
Newbie,Funny the down votes. People approving of someone getting fired over a simple mistake. I own 3 vape shops and if a good employee misrings something and it's not habitual I would never think of firing them. This from the company that charges double what most places charge on a lot of items lol. Great company.,publix,r/publix,2026-03-23T16:55:04.000Z,comment,,"&lt;div class=""md""&gt;&lt;p&gt;Funny the down votes. People approving of someone getting fired over a simple mistake. I own 3 vape shops and if a good employee misrings something and it&amp;#39;s not habitual I would never think of firing them. This from the company that charges double what most places charge on a lot of items lol. Great company.&lt;/p&gt;
&lt;/div&gt;",t1_oc1prxx,,,,,,,,,,,3.0,,t1_oc1j6dh,,oc1prxx,t3_1s1j08c,2026-05-05T00:57:13.371Z,,,,48,https://www.reddit.com/r/publix/comments/1s1j08c/luck_was_on_my_side_this_weekend/oc1prxx/,t2_neuf39dm3,bigdongstpete,
Newbie,"Awhile back, a Publix person on here said they can't always have cart corrals in certain spots due to leasing agreements (something like that).  Ours doesn't have corrals anywhere on one side and it's a pain. ",publix,r/publix,2026-01-31T13:00:24.000Z,comment,,"&lt;div class=""md""&gt;&lt;p&gt;Awhile back, a Publix person on here said they can&amp;#39;t always have cart corrals in certain spots due to leasing agreements (something like that).  Ours doesn&amp;#39;t have corrals anywhere on one side and it&amp;#39;s a pain. &lt;/p&gt;
&lt;/div&gt;",t1_o2s6h0s,,,,,,,,,,,3.0,,t1_o2s4mrj,,o2s6h0s,t3_1qs1c13,2026-05-05T00:57:13.872Z,,,,28,https://www.reddit.com/r/publix/comments/1qs1c13/why_do_people_do_this/o2s6h0s/,t2_3ne5fle1,Paisleylk,
,The Combo!,Costco,r/Costco,2025-10-11T14:27:20.000Z,comment,,"&lt;div class=""md""&gt;&lt;p&gt;The Combo!&lt;/p&gt;
&lt;/div&gt;",t1_niy0g8o,,,,,,,,,,,3.0,,t3_1o3wy5j,,niy0g8o,t3_1o3wy5j,2026-05-05T00:57:13.808Z,,,,1026,https://www.reddit.com/r/Costco/comments/1o3wy5j/never_forget_the_supreme/niy0g8o/,t2_198e70db,tedshreddon,
Customer,Why are you overexplaining yourself in response to *downvotes*,publix,r/publix,2026-03-24T17:32:54.000Z,comment,,"&lt;div class=""md""&gt;&lt;p&gt;Why are you overexplaining yourself in response to &lt;em&gt;downvotes&lt;/em&gt;&lt;/p&gt;
&lt;/div&gt;",t1_oc8od3c,,,,,,,,,,,1.0,,t1_oc1prxx,,oc8od3c,t3_1s1j08c,2026-05-05T00:57:13.371Z,,,,5,https://www.reddit.com/r/publix/comments/1s1j08c/luck_was_on_my_side_this_weekend/oc8od3c/,t2_10e941,eanhaub,
Newbie,"When I worked at Publix, none of them had cart corrals because the policy was to take every customer out so there was no need for them.",publix,r/publix,2026-01-31T15:56:47.000Z,comment,,"&lt;div class=""md""&gt;&lt;p&gt;When I worked at Publix, none of them had cart corrals because the policy was to take every customer out so there was no need for them.&lt;/p&gt;
&lt;/div&gt;",t1_o2t1zlb,,,,,,,,,,,3.0,,t1_o2s6h0s,,o2t1zlb,t3_1qs1c13,2026-05-05T00:57:13.872Z,,,,12,https://www.reddit.com/r/publix/comments/1qs1c13/why_do_people_do_this/o2t1zlb/,t2_4n68m3ky,JayPokemon17,
,"What is even more upsetting is that the combo calzone exists. They have the ingredients to make it, they just won't.",Costco,r/Costco,2025-10-11T15:14:35.000Z,comment,,"&lt;div class=""md""&gt;&lt;p&gt;What is even more upsetting is that the combo calzone exists. They have the ingredients to make it, they just won&amp;#39;t.&lt;/p&gt;
&lt;/div&gt;",t1_niy94c4,,,,,,,,,,,6.0,,t1_niy0g8o,,niy94c4,t3_1o3wy5j,2026-05-05T00:57:13.808Z,,,,541,https://www.reddit.com/r/Costco/comments/1o3wy5j/never_forget_the_supreme/niy94c4/,t2_bptkkt,NateNate60,
Newbie,Now they don’t ask.,publix,r/publix,2026-01-31T17:49:20.000Z,comment,,"&lt;div class=""md""&gt;&lt;p&gt;Now they don’t ask.&lt;/p&gt;
&lt;/div&gt;",t1_o2tpdt6,,,,,,,,,,,1.0,,t1_o2t1zlb,,o2tpdt6,t3_1qs1c13,2026-05-05T00:57:13.872Z,,,,13,https://www.reddit.com/r/publix/comments/1qs1c13/why_do_people_do_this/o2tpdt6/,t2_1upjpy1svm,Efficient_Beach2458,
,I believe the combo calzones are pre made,Costco,r/Costco,2025-10-11T15:18:47.000Z,comment,,"&lt;div class=""md""&gt;&lt;p&gt;I believe the combo calzones are pre made&lt;/p&gt;
&lt;/div&gt;",t1_niy9whc,,,,,,,,,,,3.0,,t1_niy94c4,,niy9whc,t3_1o3wy5j,2026-05-05T00:57:13.808Z,,,,178,https://www.reddit.com/r/Costco/comments/1o3wy5j/never_forget_the_supreme/niy9whc/,t2_d91h5sr,TAckhouse1,
Newbie,Those were the days…,publix,r/publix,2026-02-01T01:51:10.000Z,comment,,"&lt;div class=""md""&gt;&lt;p&gt;Those were the days…&lt;/p&gt;
&lt;/div&gt;",t1_o2wb0n3,,,,,,,,,,,1.0,,t1_o2t1zlb,,o2wb0n3,t3_1qs1c13,2026-05-05T00:57:13.872Z,,,,6,https://www.reddit.com/r/publix/comments/1qs1c13/why_do_people_do_this/o2wb0n3/,t2_8na0xagk,Zealousideal_Angle79,
,I mean I get it but at the same time if they used frozen veggies on a combo pizza I wouldn't be mad.,Costco,r/Costco,2025-10-11T15:57:55.000Z,comment,,"&lt;div class=""md""&gt;&lt;p&gt;I mean I get it but at the same time if they used frozen veggies on a combo pizza I wouldn&amp;#39;t be mad.&lt;/p&gt;
&lt;/div&gt;",t1_niyh8kn,,,,,,,,,,,1.0,,t1_niy9whc,,niyh8kn,t3_1o3wy5j,2026-05-05T00:57:13.808Z,,,,111,https://www.reddit.com/r/Costco/comments/1o3wy5j/never_forget_the_supreme/niyh8kn/,t2_wg0tw,PM_me_ur_launch_code,
Newbie,Not over explaining myself because of down votes. Probably explaining my stance instead of one sentence. ,publix,r/publix,2026-03-24T17:59:32.000Z,comment,,"&lt;div class=""md""&gt;&lt;p&gt;Not over explaining myself because of down votes. Probably explaining my stance instead of one sentence. &lt;/p&gt;
&lt;/div&gt;",t1_oc8uagt,,,,,,,,,,,1.0,,t1_oc8od3c,,oc8uagt,t3_1s1j08c,2026-05-05T00:57:13.371Z,,,,4,https://www.reddit.com/r/publix/comments/1s1j08c/luck_was_on_my_side_this_weekend/oc8uagt/,t2_neuf39dm3,bigdongstpete,
,"Saw this on another sub, figured it belongs here",,r/Costco,2025-12-18T21:34:29.000Z,post,[Meme / Shitpost],"&lt;!-- SC_OFF --&gt;&lt;div class=""md""&gt;&lt;p&gt;Saw this on another sub, figured it belongs here&lt;/p&gt;
&lt;/div&gt;&lt;!-- SC_ON --&gt;",t3_1pq2xkk,https://i.redd.it/zgeyusu7718g1.png,,,,,,False,False,https://i.redd.it/zgeyusu7718g1.png,366.0,,False,,Costco,1pq2xkk,,2026-05-05T00:57:17.684Z,https://b.thumbs.redditmedia.com/Z9tTRGFx_7b6MHf_0gRWYeQD2GujFNGE99v-zwGIVzE.jpg,Enlightenment sold in bulk,0.98,13687,https://www.reddit.com/r/Costco/comments/1pq2xkk/enlightenment_sold_in_bulk/,t2_f5cwffi2y,-Hoosier-Daddy,
,"Posts that do not follow r/Costco subreddit rules **MAY** be subject to removal. 

**Reminder: No vague non-descriptive post titles or availability questions.**

When applicable, please make sure that you're using a descriptive post title with product name(s) and/or exact question mentioned as it yields better subreddit search results. 

**Including item number, price, and approximate location or region where found is also helpful since product availability can vary.**


*I am a bot, and this action was performed automatically. Please [contact the moderators of this subreddit](/message/compose/?to=/r/Costco) if you have any questions or concerns.*",Costco,r/Costco,2025-12-18T21:34:31.000Z,comment,,"&lt;div class=""md""&gt;&lt;p&gt;Posts that do not follow &lt;a href=""/r/Costco""&gt;r/Costco&lt;/a&gt; subreddit rules &lt;strong&gt;MAY&lt;/strong&gt; be subject to removal. &lt;/p&gt;

&lt;p&gt;&lt;strong&gt;Reminder: No vague non-descriptive post titles or availability questions.&lt;/strong&gt;&lt;/p&gt;

&lt;p&gt;When applicable, please make sure that you&amp;#39;re using a descriptive post title with product name(s) and/or exact question mentioned as it yields better subreddit search results. &lt;/p&gt;

&lt;p&gt;&lt;strong&gt;Including item number, price, and approximate location or region where found is also helpful since product availability can vary.&lt;/strong&gt;&lt;/p&gt;

&lt;p&gt;&lt;em&gt;I am a bot, and this action was performed automatically. Please &lt;a href=""/message/compose/?to=/r/Costco""&gt;contact the moderators of this subreddit&lt;/a&gt; if you have any questions or concerns.&lt;/em&gt;&lt;/p&gt;
&lt;/div&gt;",t1_nur5lih,,,,,,,,,,,0.0,,t3_1pq2xkk,,nur5lih,t3_1pq2xkk,2026-05-05T00:57:17.734Z,,,,1,https://www.reddit.com/r/Costco/comments/1pq2xkk/enlightenment_sold_in_bulk/nur5lih/,t2_6l4z3,AutoModerator,
,I’m enlightened and proud of it. I wear my full-on Costco outfit right in and stand in front of the pile proudly telling everyone who stops how I rate the fit.,Costco,r/Costco,2025-12-18T21:40:20.000Z,comment,,"&lt;div class=""md""&gt;&lt;p&gt;I’m enlightened and proud of it. I wear my full-on Costco outfit right in and stand in front of the pile proudly telling everyone who stops how I rate the fit.&lt;/p&gt;
&lt;/div&gt;",t1_nur6r5o,,,,,,,,,,,5.0,,t3_1pq2xkk,,nur6r5o,t3_1pq2xkk,2026-05-05T00:57:17.734Z,,,,1086,https://www.reddit.com/r/Costco/comments/1pq2xkk/enlightenment_sold_in_bulk/nur6r5o/,t2_1fppzbe19m,Gold-Kaleidoscope537,
,Buying clothes and socks at Costco is one level of enlightenment. Buying shoes there is the next level. I wonder how many people buy shoes there like me,Costco,r/Costco,2025-12-18T22:06:31.000Z,comment,,"&lt;div class=""md""&gt;&lt;p&gt;Buying clothes and socks at Costco is one level of enlightenment. Buying shoes there is the next level. I wonder how many people buy shoes there like me&lt;/p&gt;
&lt;/div&gt;",t1_nurbx6x,,,,,,,,,,,11.0,,t1_nur6r5o,,nurbx6x,t3_1pq2xkk,2026-05-05T00:57:17.734Z,,,,301,https://www.reddit.com/r/Costco/comments/1pq2xkk/enlightenment_sold_in_bulk/nurbx6x/,t2_s2gdm611,shinobi-dragonninja,
,I just took off my pair of Pumas I got at Costco.,Costco,r/Costco,2025-12-18T22:20:35.000Z,comment,,"&lt;div class=""md""&gt;&lt;p&gt;I just took off my pair of Pumas I got at Costco.&lt;/p&gt;
&lt;/div&gt;",t1_nurekn1,,,,,,,,,,,2.0,,t1_nurbx6x,,nurekn1,t3_1pq2xkk,2026-05-05T00:57:17.734Z,,,,108,https://www.reddit.com/r/Costco/comments/1pq2xkk/enlightenment_sold_in_bulk/nurekn1/,t2_n9g8rrq6l,Yankee6Actual,
,I wish Costco stocked New Balance instead.,Costco,r/Costco,2025-12-19T01:48:37.000Z,comment,,"&lt;div class=""md""&gt;&lt;p&gt;I wish Costco stocked New Balance instead.&lt;/p&gt;
&lt;/div&gt;",t1_nusedgf,,,,,,,,,,,3.0,,t1_nurekn1,,nusedgf,t3_1pq2xkk,2026-05-05T00:57:17.734Z,,,,57,https://www.reddit.com/r/Costco/comments/1pq2xkk/enlightenment_sold_in_bulk/nusedgf/,t2_6rkhr,CaiserZero,
,I wear my Hoka’s from Costco 24/7,Costco,r/Costco,2025-12-19T02:51:01.000Z,comment,,"&lt;div class=""md""&gt;&lt;p&gt;I wear my Hoka’s from Costco 24/7&lt;/p&gt;
&lt;/div&gt;",t1_nusp21c,,,,,,,,,,,6.0,,t1_nusedgf,,nusp21c,t3_1pq2xkk,2026-05-05T00:57:17.734Z,,,,39,https://www.reddit.com/r/Costco/comments/1pq2xkk/enlightenment_sold_in_bulk/nusp21c/,t2_naoj60pqj,TooManyNosyFriends,
,Hoka’s?! I need to upgrade my Adidas from Costco stat.,Costco,r/Costco,2025-12-19T02:59:20.000Z,comment,,"&lt;div class=""md""&gt;&lt;p&gt;Hoka’s?! I need to upgrade my Adidas from Costco stat.&lt;/p&gt;
&lt;/div&gt;",t1_nusqgpr,,,,,,,,,,,1.0,,t1_nusp21c,,nusqgpr,t3_1pq2xkk,2026-05-05T00:57:17.734Z,,,,38,https://www.reddit.com/r/Costco/comments/1pq2xkk/enlightenment_sold_in_bulk/nusqgpr/,t2_1rdb8e4k,ashleyslo,
,They used to carry the Clifton. It was sold out instantly.,Costco,r/Costco,2025-12-19T07:16:45.000Z,comment,,"&lt;div class=""md""&gt;&lt;p&gt;They used to carry the Clifton. It was sold out instantly.&lt;/p&gt;
&lt;/div&gt;",t1_nutqun4,,,,,,,,,,,1.0,,t1_nusqgpr,,nutqun4,t3_1pq2xkk,2026-05-05T00:57:17.734Z,,,,13,https://www.reddit.com/r/Costco/comments/1pq2xkk/enlightenment_sold_in_bulk/nutqun4/,t2_gw6de,Microtitan,
,Hoka at Costco? Which model? Lead the way sifu,Costco,r/Costco,2025-12-19T05:47:22.000Z,comment,,"&lt;div class=""md""&gt;&lt;p&gt;Hoka at Costco? Which model? Lead the way sifu&lt;/p&gt;
&lt;/div&gt;",t1_nutg7w6,,,,,,,,,,,1.0,,t1_nusp21c,,nutg7w6,t3_1pq2xkk,2026-05-05T00:57:17.734Z,,,,18,https://www.reddit.com/r/Costco/comments/1pq2xkk/enlightenment_sold_in_bulk/nutg7w6/,t2_4wbqg,failmatic,
,"...they have some listed on their website.

[Men's shoes](https://www.costco.com/mens-footwear.html)

[Women's shoes](https://www.costco.com/womens-footwear.html)",Costco,r/Costco,2025-12-19T07:20:01.000Z,comment,,"&lt;div class=""md""&gt;&lt;p&gt;...they have some listed on their website.&lt;/p&gt;

&lt;p&gt;&lt;a href=""https://www.costco.com/mens-footwear.html""&gt;Men&amp;#39;s shoes&lt;/a&gt;&lt;/p&gt;

&lt;p&gt;&lt;a href=""https://www.costco.com/womens-footwear.html""&gt;Women&amp;#39;s shoes&lt;/a&gt;&lt;/p&gt;
&lt;/div&gt;",t1_nutr7mj,,,,,,,,,,,0.0,,t1_nutg7w6,,nutr7mj,t3_1pq2xkk,2026-05-05T00:57:17.734Z,,,,13,https://www.reddit.com/r/Costco/comments/1pq2xkk/enlightenment_sold_in_bulk/nutr7mj/,t2_ckpct,Dus-Sn,
,Your Costco has Hoka’s??!! LUCKY 😤,Costco,r/Costco,2025-12-19T04:51:11.000Z,comment,,"&lt;div class=""md""&gt;&lt;p&gt;Your Costco has Hoka’s??!! LUCKY 😤&lt;/p&gt;
&lt;/div&gt;",t1_nut8cfe,,,,,,,,,,,0.0,,t1_nusp21c,,nut8cfe,t3_1pq2xkk,2026-05-05T00:57:17.734Z,,,,8,https://www.reddit.com/r/Costco/comments/1pq2xkk/enlightenment_sold_in_bulk/nut8cfe/,t2_mgzkod4z,PlausibleAuspice,
,"I've never seen Hoka at Costco. I do see a lot of $30 sneakers that make me feel a bit sus about the quality. Maybe they're good, idk. I've bought some shirts and shorts though, fwiw.",Costco,r/Costco,2025-12-19T11:00:48.000Z,comment,,"&lt;div class=""md""&gt;&lt;p&gt;I&amp;#39;ve never seen Hoka at Costco. I do see a lot of $30 sneakers that make me feel a bit sus about the quality. Maybe they&amp;#39;re good, idk. I&amp;#39;ve bought some shirts and shorts though, fwiw.&lt;/p&gt;
&lt;/div&gt;",t1_nuue2af,,,,,,,,,,,2.0,,t1_nusp21c,,nuue2af,t3_1pq2xkk,2026-05-05T00:57:17.734Z,,,,3,https://www.reddit.com/r/Costco/comments/1pq2xkk/enlightenment_sold_in_bulk/nuue2af/,t2_fltxe,covah901,
,"You can order them online! 😀They have a variety of options. Here is one of the options.

https://preview.redd.it/7xiganq2i58g1.jpeg?width=960&amp;format=pjpg&amp;auto=webp&amp;s=e7da5623fcf9ee518c287e8b810f4b375e6e5688",Costco,r/Costco,2025-12-19T12:02:30.000Z,comment,,"&lt;div class=""md""&gt;&lt;p&gt;You can order them online! 😀They have a variety of options. Here is one of the options.&lt;/p&gt;

&lt;p&gt;&lt;a href=""https://preview.redd.it/7xiganq2i58g1.jpeg?width=960&amp;amp;format=pjpg&amp;amp;auto=webp&amp;amp;s=e7da5623fcf9ee518c287e8b810f4b375e6e5688""&gt;https://preview.redd.it/7xiganq2i58g1.jpeg?width=960&amp;amp;format=pjpg&amp;amp;auto=webp&amp;amp;s=e7da5623fcf9ee518c287e8b810f4b375e6e5688&lt;/a&gt;&lt;/p&gt;
&lt;/div&gt;",t1_nuule2l,,,,,,,,,,,0.0,,t1_nuue2af,,nuule2l,t3_1pq2xkk,2026-05-05T00:57:17.734Z,,,,3,https://www.reddit.com/r/Costco/comments/1pq2xkk/enlightenment_sold_in_bulk/nuule2l/,t2_naoj60pqj,TooManyNosyFriends,
,I bought the pumas and they the worst shoes I’ve ever owned.,Costco,r/Costco,2025-12-19T14:00:38.000Z,comment,,"&lt;div class=""md""&gt;&lt;p&gt;I bought the pumas and they the worst shoes I’ve ever owned.&lt;/p&gt;
&lt;/div&gt;",t1_nuv3eee,,,,,,,,,,,0.0,,t1_nuue2af,,nuv3eee,t3_1pq2xkk,2026-05-05T00:57:17.734Z,,,,3,https://www.reddit.com/r/Costco/comments/1pq2xkk/enlightenment_sold_in_bulk/nuv3eee/,t2_9k7k86zy,Solid-Dog-1988,
,"https://preview.redd.it/1iep6ikvud8g1.jpeg?width=554&amp;format=pjpg&amp;auto=webp&amp;s=d08d7e20ffd53a689baef5f0ec2ae6f58efaabac

Predator shoes",Costco,r/Costco,2025-12-20T16:08:29.000Z,comment,,"&lt;div class=""md""&gt;&lt;p&gt;&lt;a href=""https://preview.redd.it/1iep6ikvud8g1.jpeg?width=554&amp;amp;format=pjpg&amp;amp;auto=webp&amp;amp;s=d08d7e20ffd53a689baef5f0ec2ae6f58efaabac""&gt;https://preview.redd.it/1iep6ikvud8g1.jpeg?width=554&amp;amp;format=pjpg&amp;amp;auto=webp&amp;amp;s=d08d7e20ffd53a689baef5f0ec2ae6f58efaabac&lt;/a&gt;&lt;/p&gt;

&lt;p&gt;Predator shoes&lt;/p&gt;
&lt;/div&gt;",t1_nv1sfnr,,,,,,,,,,,0.0,,t1_nusp21c,,nv1sfnr,t3_1pq2xkk,2026-05-05T00:57:17.734Z,,,,2,https://www.reddit.com/r/Costco/comments/1pq2xkk/enlightenment_sold_in_bulk/nv1sfnr/,t2_1wo3volakb,tracker5173,
Customer,"Images:
	https://preview.redd.it/yvenc1majzyf1.jpeg?auto=webp&amp;s=03579dedff777563a93167d95b20354582bd7282
",,r/publix,2025-11-03T06:21:24.000Z,post,DISCUSSION,"Images:
	https://preview.redd.it/yvenc1majzyf1.jpeg?auto=webp&amp;s=03579dedff777563a93167d95b20354582bd7282
",t3_1on4hc6,https://i.redd.it/yvenc1majzyf1.jpeg,,,,,,False,False,https://i.redd.it/yvenc1majzyf1.jpeg,105.0,,False,,publix,1on4hc6,,2026-05-05T00:57:21.271Z,https://b.thumbs.redditmedia.com/YIzNaLFRLMFhEegccbWDDT7_EQOICaKZ-TnZJTBSp0s.jpg,Your typical Publix Manager,0.98,2939,https://www.reddit.com/r/publix/comments/1on4hc6/your_typical_publix_manager/,t2_8z0eh20h,Djxgam1ng,
,"My old CSM reminded me exactly of this mf too

https://preview.redd.it/q7y6olpcn1zf1.jpeg?width=606&amp;format=pjpg&amp;auto=webp&amp;s=24382b62c77113928c7cc6be19d1a9aff211cd52",publix,r/publix,2025-11-03T13:27:42.000Z,comment,,"&lt;div class=""md""&gt;&lt;p&gt;My old CSM reminded me exactly of this mf too&lt;/p&gt;

&lt;p&gt;&lt;a href=""https://preview.redd.it/q7y6olpcn1zf1.jpeg?width=606&amp;amp;format=pjpg&amp;amp;auto=webp&amp;amp;s=24382b62c77113928c7cc6be19d1a9aff211cd52""&gt;https://preview.redd.it/q7y6olpcn1zf1.jpeg?width=606&amp;amp;format=pjpg&amp;amp;auto=webp&amp;amp;s=24382b62c77113928c7cc6be19d1a9aff211cd52&lt;/a&gt;&lt;/p&gt;
&lt;/div&gt;",t1_nmvj90i,,,,,,,,,,,2.0,,t3_1on4hc6,,nmvj90i,t3_1on4hc6,2026-05-05T00:57:21.419Z,,,,136,https://www.reddit.com/r/publix/comments/1on4hc6/your_typical_publix_manager/nmvj90i/,,[deleted],
Newbie,😭,publix,r/publix,2025-11-04T04:39:58.000Z,comment,,"&lt;div class=""md""&gt;&lt;p&gt;😭&lt;/p&gt;
&lt;/div&gt;",t1_nn0axro,,,,,,,,,,,0.0,,t1_nmvj90i,,nn0axro,t3_1on4hc6,2026-05-05T00:57:21.419Z,,,,3,https://www.reddit.com/r/publix/comments/1on4hc6/your_typical_publix_manager/nn0axro/,t2_1omtyewi9f,Money-Figuress1738,
Customer,"Images:
	https://preview.redd.it/xnfvkrxm1h4g1.jpeg?auto=webp&amp;s=31e40f0d7fd0b3ad0696bf00896cd2701462753b
",,r/publix,2025-11-30T22:35:10.000Z,post,MEME,"Images:
	https://preview.redd.it/xnfvkrxm1h4g1.jpeg?auto=webp&amp;s=31e40f0d7fd0b3ad0696bf00896cd2701462753b
",t3_1pavn89,https://i.redd.it/xnfvkrxm1h4g1.jpeg,,,,,,False,False,https://i.redd.it/xnfvkrxm1h4g1.jpeg,198.0,,False,,publix,1pavn89,,2026-05-05T00:57:21.677Z,https://b.thumbs.redditmedia.com/xKaE1kxl6p6G7WN1mVP05wcAzSEUydXBgcsDn_QHl5k.jpg,This is making the rounds. Legit?,0.99,2957,https://www.reddit.com/r/publix/comments/1pavn89/this_is_making_the_rounds_legit/,t2_8u7vs5p,JayGatsby52,
GRS,This is how I picture every CSTL in my head.,publix,r/publix,2025-11-06T01:54:42.000Z,comment,,"&lt;div class=""md""&gt;&lt;p&gt;This is how I picture every CSTL in my head.&lt;/p&gt;
&lt;/div&gt;",t1_nncis04,,,,,,,,,,,0.0,,t1_nmvj90i,,nncis04,t3_1on4hc6,2026-05-05T00:57:21.419Z,,,,0,https://www.reddit.com/r/publix/comments/1on4hc6/your_typical_publix_manager/nncis04/,t2_xdnyw,iisus-khristos,
Resigned,https://preview.redd.it/ekc2cfbq2h4g1.jpeg?width=719&amp;format=pjpg&amp;auto=webp&amp;s=26cd50a933d336b8fcd675f175ad1bd8be69bcca,publix,r/publix,2025-11-30T22:41:19.000Z,comment,,"&lt;div class=""md""&gt;&lt;p&gt;&lt;a href=""https://preview.redd.it/ekc2cfbq2h4g1.jpeg?width=719&amp;amp;format=pjpg&amp;amp;auto=webp&amp;amp;s=26cd50a933d336b8fcd675f175ad1bd8be69bcca""&gt;https://preview.redd.it/ekc2cfbq2h4g1.jpeg?width=719&amp;amp;format=pjpg&amp;amp;auto=webp&amp;amp;s=26cd50a933d336b8fcd675f175ad1bd8be69bcca&lt;/a&gt;&lt;/p&gt;
&lt;/div&gt;",t1_nrm4qnz,,,,,,,,,,,11.0,,t3_1pavn89,,nrm4qnz,t3_1pavn89,2026-05-05T00:57:21.872Z,,,,368,https://www.reddit.com/r/publix/comments/1pavn89/this_is_making_the_rounds_legit/nrm4qnz/,t2_233ggcka,AJK02,
Grocery,"They either have that or buzz cut, or bald",publix,r/publix,2025-11-03T06:54:12.000Z,comment,,"&lt;div class=""md""&gt;&lt;p&gt;They either have that or buzz cut, or bald&lt;/p&gt;
&lt;/div&gt;",t1_nmuavai,,,,,,,,,,,2.0,,t3_1on4hc6,,nmuavai,t3_1on4hc6,2026-05-05T00:57:21.419Z,,,,159,https://www.reddit.com/r/publix/comments/1on4hc6/your_typical_publix_manager/nmuavai/,t2_1j05k44bcl,Willstdusheide23,
,"Images:
	https://preview.redd.it/gbnvlcwtbfjf1.jpeg?auto=webp&amp;s=8a10f8f88a46e172b2504c709f7afc0afceeac5a
",,r/Costco,2025-08-16T18:22:10.000Z,post,,"Images:
	https://preview.redd.it/gbnvlcwtbfjf1.jpeg?auto=webp&amp;s=8a10f8f88a46e172b2504c709f7afc0afceeac5a
",t3_1ms3aux,https://i.redd.it/gbnvlcwtbfjf1.jpeg,,,,,,False,False,https://i.redd.it/gbnvlcwtbfjf1.jpeg,408.0,,False,,Costco,1ms3aux,,2026-05-05T00:57:21.892Z,https://b.thumbs.redditmedia.com/IAPMCkFSw0T1pplif5tjEiILtq6o0YgvKK_heZCA41Y.jpg,If only I had the disposable income I would,0.97,13477,https://www.reddit.com/r/Costco/comments/1ms3aux/if_only_i_had_the_disposable_income_i_would/,t2_zhr8qld7k,BrewsWithTre,
Produce Manager,He should have turned around and proposed to the girl who is celebrating.,publix,r/publix,2025-11-30T22:50:47.000Z,comment,,"&lt;div class=""md""&gt;&lt;p&gt;He should have turned around and proposed to the girl who is celebrating.&lt;/p&gt;
&lt;/div&gt;",t1_nrm6hn5,,,,,,,,,,,1.0,,t1_nrm4qnz,,nrm6hn5,t3_1pavn89,2026-05-05T00:57:21.872Z,,,,97,https://www.reddit.com/r/publix/comments/1pavn89/this_is_making_the_rounds_legit/nrm6hn5/,t2_2zzjrxrj,mel34760,
Newbie,Sooo like 90% of guys?,publix,r/publix,2025-11-03T23:32:49.000Z,comment,,"&lt;div class=""md""&gt;&lt;p&gt;Sooo like 90% of guys?&lt;/p&gt;
&lt;/div&gt;",t1_nmyvzp3,,,,,,,,,,,1.0,,t1_nmuavai,,nmyvzp3,t3_1on4hc6,2026-05-05T00:57:21.419Z,,,,31,https://www.reddit.com/r/publix/comments/1on4hc6/your_typical_publix_manager/nmyvzp3/,t2_z08h6bbd7,TeaByUncleIroh,
,"Posts that do not follow r/Costco subreddit rules **MAY** be subject to removal. 

**Reminder: No vague non-descriptive post titles or availability questions.**

When applicable, please make sure that you're using a descriptive post title with product name(s) and/or exact question mentioned as it yields better subreddit search results. 

**Including item number, price, and approximate location or region where found is also helpful since product availability can vary.**


*I am a bot, and this action was performed automatically. Please [contact the moderators of this subreddit](/message/compose/?to=/r/Costco) if you have any questions or concerns.*",Costco,r/Costco,2025-08-16T18:22:14.000Z,comment,,"&lt;div class=""md""&gt;&lt;p&gt;Posts that do not follow &lt;a href=""/r/Costco""&gt;r/Costco&lt;/a&gt; subreddit rules &lt;strong&gt;MAY&lt;/strong&gt; be subject to removal. &lt;/p&gt;

&lt;p&gt;&lt;strong&gt;Reminder: No vague non-descriptive post titles or availability questions.&lt;/strong&gt;&lt;/p&gt;

&lt;p&gt;When applicable, please make sure that you&amp;#39;re using a descriptive post title with product name(s) and/or exact question mentioned as it yields better subreddit search results. &lt;/p&gt;

&lt;p&gt;&lt;strong&gt;Including item number, price, and approximate location or region where found is also helpful since product availability can vary.&lt;/strong&gt;&lt;/p&gt;

&lt;p&gt;&lt;em&gt;I am a bot, and this action was performed automatically. Please &lt;a href=""/message/compose/?to=/r/Costco""&gt;contact the moderators of this subreddit&lt;/a&gt; if you have any questions or concerns.&lt;/em&gt;&lt;/p&gt;
&lt;/div&gt;",t1_n91rgx0,,,,,,,,,,,0.0,,t3_1ms3aux,,n91rgx0,t3_1ms3aux,2026-05-05T00:57:21.993Z,,,,1,https://www.reddit.com/r/Costco/comments/1ms3aux/if_only_i_had_the_disposable_income_i_would/n91rgx0/,t2_6l4z3,AutoModerator,
Grocery,i’m saying. “all the male publix managers look like dudes”,publix,r/publix,2025-11-05T04:01:56.000Z,comment,,"&lt;div class=""md""&gt;&lt;p&gt;i’m saying. “all the male publix managers look like dudes”&lt;/p&gt;
&lt;/div&gt;",t1_nn6jnnm,,,,,,,,,,,0.0,,t1_nmyvzp3,,nn6jnnm,t3_1on4hc6,2026-05-05T00:57:21.419Z,,,,5,https://www.reddit.com/r/publix/comments/1on4hc6/your_typical_publix_manager/nn6jnnm/,t2_ijj9ulzcc,Cg_15_,
Newbie,That could have been the coolest moment in history. It may have ended entropy as we know it.,publix,r/publix,2025-12-01T00:27:00.000Z,comment,,"&lt;div class=""md""&gt;&lt;p&gt;That could have been the coolest moment in history. It may have ended entropy as we know it.&lt;/p&gt;
&lt;/div&gt;",t1_nrmnjoh,,,,,,,,,,,1.0,,t1_nrm6hn5,,nrmnjoh,t3_1pavn89,2026-05-05T00:57:21.872Z,,,,19,https://www.reddit.com/r/publix/comments/1pavn89/this_is_making_the_rounds_legit/nrmnjoh/,t2_5myehx2g,barbwireandhaybells,
,Opening bid $1.50.,Costco,r/Costco,2025-08-16T18:24:49.000Z,comment,,"&lt;div class=""md""&gt;&lt;p&gt;Opening bid $1.50.&lt;/p&gt;
&lt;/div&gt;",t1_n91ryyr,,,,,,,,,,,5.0,,t3_1ms3aux,,n91ryyr,t3_1ms3aux,2026-05-05T00:57:21.993Z,,,,3955,https://www.reddit.com/r/Costco/comments/1ms3aux/if_only_i_had_the_disposable_income_i_would/n91ryyr/,t2_5oe6ynl0r,HopefulCat3558,
Management,"Bald, as I pulled mine out along the way up",publix,r/publix,2026-02-17T02:53:41.000Z,comment,,"&lt;div class=""md""&gt;&lt;p&gt;Bald, as I pulled mine out along the way up&lt;/p&gt;
&lt;/div&gt;",t1_o5sts73,,,,,,,,,,,0.0,,t1_nmuavai,,o5sts73,t3_1on4hc6,2026-05-05T00:57:21.419Z,,,,1,https://www.reddit.com/r/publix/comments/1on4hc6/your_typical_publix_manager/o5sts73/,t2_cb52bwt9,RJpartyof4,
,You just taught me a new word 🤯🤣,publix,r/publix,2025-12-01T02:13:58.000Z,comment,,"&lt;div class=""md""&gt;&lt;p&gt;You just taught me a new word 🤯🤣&lt;/p&gt;
&lt;/div&gt;",t1_nrn57x8,,,,,,,,,,,0.0,,t1_nrmnjoh,,nrn57x8,t3_1pavn89,2026-05-05T00:57:21.872Z,,,,3,https://www.reddit.com/r/publix/comments/1pavn89/this_is_making_the_rounds_legit/nrn57x8/,t2_21u8e8akoo,hurricane_1983,
,$1.51,Costco,r/Costco,2025-08-16T18:27:51.000Z,comment,,"&lt;div class=""md""&gt;&lt;p&gt;$1.51&lt;/p&gt;
&lt;/div&gt;",t1_n91sk43,,,,,,,,,,,4.0,,t1_n91ryyr,,n91sk43,t3_1ms3aux,2026-05-05T00:57:21.993Z,,,,529,https://www.reddit.com/r/Costco/comments/1ms3aux/if_only_i_had_the_disposable_income_i_would/n91sk43/,t2_88vuyfcq,heyitsmemaya,
Newbie,"I was at Publix and there was no paper towels by the sink but someone was in the stall. So, I waited and waited and waited and then I noticed the guy in the stall was very tall and he was peeking at me. Well, fuck him I need to blow my nose! So I continued to wait. Oh he had flushed and run the sink btw. So I continue to wait. Long fucking time people. It's awkward cuz I'm just standing there with my nose running. Anyway he finally comes out and it's the Publix store manager. He finally leaves and I blow my nose and split but when I exit the bathroom he's at the end of the hall like waiting for me and as soon as he sees me exit the bathroom he vroom vrooms it on back to whatever he wasn't doing! I don't think I look homeless or like a drug addict but who knows? I think I was wearing a backpack but I can't remember for sure. Anyway, moral of the story is Publix managers are fkn weirdos for sure!",publix,r/publix,2025-11-03T10:40:54.000Z,comment,,"&lt;div class=""md""&gt;&lt;p&gt;I was at Publix and there was no paper towels by the sink but someone was in the stall. So, I waited and waited and waited and then I noticed the guy in the stall was very tall and he was peeking at me. Well, fuck him I need to blow my nose! So I continued to wait. Oh he had flushed and run the sink btw. So I continue to wait. Long fucking time people. It&amp;#39;s awkward cuz I&amp;#39;m just standing there with my nose running. Anyway he finally comes out and it&amp;#39;s the Publix store manager. He finally leaves and I blow my nose and split but when I exit the bathroom he&amp;#39;s at the end of the hall like waiting for me and as soon as he sees me exit the bathroom he vroom vrooms it on back to whatever he wasn&amp;#39;t doing! I don&amp;#39;t think I look homeless or like a drug addict but who knows? I think I was wearing a backpack but I can&amp;#39;t remember for sure. Anyway, moral of the story is Publix managers are fkn weirdos for sure!&lt;/p&gt;
&lt;/div&gt;",t1_nmuwvel,,,,,,,,,,,2.0,,t3_1on4hc6,,nmuwvel,t3_1on4hc6,2026-05-05T00:57:21.419Z,,,,49,https://www.reddit.com/r/publix/comments/1on4hc6/your_typical_publix_manager/nmuwvel/,t2_1sqhoi9wio,BalzactheEunuch,
Produce Manager,Bro looks like Sal Vulcano from impractical jokers,publix,r/publix,2025-11-30T23:56:34.000Z,comment,,"&lt;div class=""md""&gt;&lt;p&gt;Bro looks like Sal Vulcano from impractical jokers&lt;/p&gt;
&lt;/div&gt;",t1_nrmi7oc,,,,,,,,,,,2.0,,t1_nrm4qnz,,nrmi7oc,t3_1pavn89,2026-05-05T00:57:21.873Z,,,,12,https://www.reddit.com/r/publix/comments/1pavn89/this_is_making_the_rounds_legit/nrmi7oc/,t2_17k8bi5269,ApplesToOranges76,
,"Sorry, increments of $1.50 only.",Costco,r/Costco,2025-08-16T18:28:30.000Z,comment,,"&lt;div class=""md""&gt;&lt;p&gt;Sorry, increments of $1.50 only.&lt;/p&gt;
&lt;/div&gt;",t1_n91sokq,,,,,,,,,,,3.0,,t1_n91sk43,,n91sokq,t3_1ms3aux,2026-05-05T00:57:21.993Z,,,,407,https://www.reddit.com/r/Costco/comments/1ms3aux/if_only_i_had_the_disposable_income_i_would/n91sokq/,t2_664hpbni,BBO1007,
Pharmacy,"He prob didn’t want you to know that the store manager was taking a shit. So he waited, and waited, and waited… but you won the awkward war.",publix,r/publix,2025-11-03T12:08:41.000Z,comment,,"&lt;div class=""md""&gt;&lt;p&gt;He prob didn’t want you to know that the store manager was taking a shit. So he waited, and waited, and waited… but you won the awkward war.&lt;/p&gt;
&lt;/div&gt;",t1_nmv76l4,,,,,,,,,,,4.0,,t1_nmuwvel,,nmv76l4,t3_1on4hc6,2026-05-05T00:57:21.419Z,,,,61,https://www.reddit.com/r/publix/comments/1on4hc6/your_typical_publix_manager/nmv76l4/,t2_u4krv71q,tomismybuddy,
CSS,"""Sal, for your punishment, all you have to do is find the woman with the pink backpack and ask her to marry you.""",publix,r/publix,2025-12-01T00:00:05.000Z,comment,,"&lt;div class=""md""&gt;&lt;p&gt;&amp;quot;Sal, for your punishment, all you have to do is find the woman with the pink backpack and ask her to marry you.&amp;quot;&lt;/p&gt;
&lt;/div&gt;",t1_nrmiudp,,,,,,,,,,,0.0,,t1_nrmi7oc,,nrmiudp,t3_1pavn89,2026-05-05T00:57:21.873Z,,,,11,https://www.reddit.com/r/publix/comments/1pavn89/this_is_making_the_rounds_legit/nrmiudp/,t2_5ridn42s,JustAGuyNamedSteven,
